{"type":"FeatureCollection","name":"wiltshire-osm-places","crs":{"type":"name","properties":{"name":"urn:ogc:def:crs:OGC:1.3:CRS84"}},"features":[{"type":"Feature","properties":{"place_id":"osm-node-134366","name":"Netheravon","kind":"community","osm_place_type":"village","source_id":"osm-node-134366","source_family":"OpenStreetMap","dataset":"GEO2day Wiltshire OSM extract","publisher":"OpenStreetMap contributors","effective_date":"2026-07-24","licence":"Open Data Commons Open Database License (ODbL)"},"geometry":{"type":"Point","coordinates":[-1.792083,51.2394252]}},{"type":"Feature","properties":{"place_id":"osm-node-271102","name":"South Newton","kind":"community","osm_place_type":"village","source_id":"osm-node-271102","source_family":"OpenStreetMap","dataset":"GEO2day Wiltshire OSM extract","publisher":"OpenStreetMap contributors","effective_date":"2026-07-24","licence":"Open Data Commons Open Database License (ODbL)"},"geometry":{"type":"Point","coordinates":[-1.8772135,51.1096697]}},{"type":"Feature","properties":{"place_id":"osm-node-271103","name":"Plaitford","kind":"community","osm_place_type":"village","source_id":"osm-node-271103","source_family":"OpenStreetMap","dataset":"GEO2day Wiltshire OSM extract","publisher":"OpenStreetMap contributors","effective_date":"2026-07-24","licence":"Open Data Commons Open Database License (ODbL)"},"geometry":{"type":"Point","coordinates":[-1.6086832,50.9732164]}},{"type":"Feature","properties":{"place_id":"osm-node-271107","name":"Mere","kind":"community","osm_place_type":"town","source_id":"osm-node-271107","source_family":"OpenStreetMap","dataset":"GEO2day Wiltshire OSM extract","publisher":"OpenStreetMap contributors","effective_date":"2026-07-24","licence":"Open Data Commons Open Database License (ODbL)"},"geometry":{"type":"Point","coordinates":[-2.2684427,51.0894379]}},{"type":"Feature","properties":{"place_id":"osm-node-271141","name":"Dinton","kind":"community","osm_place_type":"village","source_id":"osm-node-271141","source_family":"OpenStreetMap","dataset":"GEO2day Wiltshire OSM extract","publisher":"OpenStreetMap contributors","effective_date":"2026-07-24","licence":"Open Data Commons Open Database License (ODbL)"},"geometry":{"type":"Point","coordinates":[-1.9806075,51.08264]}},{"type":"Feature","properties":{"place_id":"osm-node-271147","name":"Teffont Magna","kind":"community","osm_place_type":"village","source_id":"osm-node-271147","source_family":"OpenStreetMap","dataset":"GEO2day Wiltshire OSM extract","publisher":"OpenStreetMap contributors","effective_date":"2026-07-24","licence":"Open Data Commons Open Database License (ODbL)"},"geometry":{"type":"Point","coordinates":[-2.0160988,51.0912591]}},{"type":"Feature","properties":{"place_id":"osm-node-271344","name":"Ludgershall","kind":"community","osm_place_type":"town","source_id":"osm-node-271344","source_family":"OpenStreetMap","dataset":"GEO2day Wiltshire OSM extract","publisher":"OpenStreetMap contributors","effective_date":"2026-07-24","licence":"Open Data Commons Open Database License (ODbL)"},"geometry":{"type":"Point","coordinates":[-1.6221788,51.2555899]}},{"type":"Feature","properties":{"place_id":"osm-node-271347","name":"Upavon","kind":"community","osm_place_type":"village","source_id":"osm-node-271347","source_family":"OpenStreetMap","dataset":"GEO2day Wiltshire OSM extract","publisher":"OpenStreetMap contributors","effective_date":"2026-07-24","licence":"Open Data Commons Open Database License (ODbL)"},"geometry":{"type":"Point","coordinates":[-1.8097451,51.2937232]}},{"type":"Feature","properties":{"place_id":"osm-node-271354","name":"Marlborough","kind":"community","osm_place_type":"town","source_id":"osm-node-271354","source_family":"OpenStreetMap","dataset":"GEO2day Wiltshire OSM extract","publisher":"OpenStreetMap contributors","effective_date":"2026-07-24","licence":"Open Data Commons Open Database License (ODbL)","population":8395},"geometry":{"type":"Point","coordinates":[-1.7317558,51.4202085]}},{"type":"Feature","properties":{"place_id":"osm-node-271361","name":"Broad Chalke","kind":"community","osm_place_type":"village","source_id":"osm-node-271361","source_family":"OpenStreetMap","dataset":"GEO2day Wiltshire OSM extract","publisher":"OpenStreetMap contributors","effective_date":"2026-07-24","licence":"Open Data Commons Open Database License (ODbL)"},"geometry":{"type":"Point","coordinates":[-1.9487857,51.0280012]}},{"type":"Feature","properties":{"place_id":"osm-node-271363","name":"Bowerchalke","kind":"community","osm_place_type":"village","source_id":"osm-node-271363","source_family":"OpenStreetMap","dataset":"GEO2day Wiltshire OSM extract","publisher":"OpenStreetMap contributors","effective_date":"2026-07-24","licence":"Open Data Commons Open Database License (ODbL)"},"geometry":{"type":"Point","coordinates":[-1.9768094,51.0073621]}},{"type":"Feature","properties":{"place_id":"osm-node-271376","name":"Wylye","kind":"community","osm_place_type":"village","source_id":"osm-node-271376","source_family":"OpenStreetMap","dataset":"GEO2day Wiltshire OSM extract","publisher":"OpenStreetMap contributors","effective_date":"2026-07-24","licence":"Open Data Commons Open Database License (ODbL)"},"geometry":{"type":"Point","coordinates":[-1.9903138,51.1376379]}},{"type":"Feature","properties":{"place_id":"osm-node-271387","name":"Downton","kind":"community","osm_place_type":"village","source_id":"osm-node-271387","source_family":"OpenStreetMap","dataset":"GEO2day Wiltshire OSM extract","publisher":"OpenStreetMap contributors","effective_date":"2026-07-24","licence":"Open Data Commons Open Database License (ODbL)"},"geometry":{"type":"Point","coordinates":[-1.7517519,50.9927562]}},{"type":"Feature","properties":{"place_id":"osm-node-271430","name":"Barford St Martin","kind":"community","osm_place_type":"village","source_id":"osm-node-271430","source_family":"OpenStreetMap","dataset":"GEO2day Wiltshire OSM extract","publisher":"OpenStreetMap contributors","effective_date":"2026-07-24","licence":"Open Data Commons Open Database License (ODbL)"},"geometry":{"type":"Point","coordinates":[-1.9217327,51.0831355]}},{"type":"Feature","properties":{"place_id":"osm-node-271443","name":"Great Wishford","kind":"community","osm_place_type":"village","source_id":"osm-node-271443","source_family":"OpenStreetMap","dataset":"GEO2day Wiltshire OSM extract","publisher":"OpenStreetMap contributors","effective_date":"2026-07-24","licence":"Open Data Commons Open Database License (ODbL)"},"geometry":{"type":"Point","coordinates":[-1.8879639,51.118572]}},{"type":"Feature","properties":{"place_id":"osm-node-271446","name":"Wilton","kind":"community","osm_place_type":"town","source_id":"osm-node-271446","source_family":"OpenStreetMap","dataset":"GEO2day Wiltshire OSM extract","publisher":"OpenStreetMap contributors","effective_date":"2026-07-24","licence":"Open Data Commons Open Database License (ODbL)"},"geometry":{"type":"Point","coordinates":[-1.8607051,51.0805315]}},{"type":"Feature","properties":{"place_id":"osm-node-8089622","name":"West Dean","kind":"community","osm_place_type":"village","source_id":"osm-node-8089622","source_family":"OpenStreetMap","dataset":"GEO2day Wiltshire OSM extract","publisher":"OpenStreetMap contributors","effective_date":"2026-07-24","licence":"Open Data Commons Open Database License (ODbL)"},"geometry":{"type":"Point","coordinates":[-1.6352745,51.0416591]}},{"type":"Feature","properties":{"place_id":"osm-node-9383436","name":"Nomansland","kind":"community","osm_place_type":"village","source_id":"osm-node-9383436","source_family":"OpenStreetMap","dataset":"GEO2day Wiltshire OSM extract","publisher":"OpenStreetMap contributors","effective_date":"2026-07-24","licence":"Open Data Commons Open Database License (ODbL)"},"geometry":{"type":"Point","coordinates":[-1.6413037,50.9556577]}},{"type":"Feature","properties":{"place_id":"osm-node-12612477","name":"Tollard Royal","kind":"community","osm_place_type":"village","source_id":"osm-node-12612477","source_family":"OpenStreetMap","dataset":"GEO2day Wiltshire OSM extract","publisher":"OpenStreetMap contributors","effective_date":"2026-07-24","licence":"Open Data Commons Open Database License (ODbL)"},"geometry":{"type":"Point","coordinates":[-2.07987,50.9594291]}},{"type":"Feature","properties":{"place_id":"osm-node-20926196","name":"Landford","kind":"community","osm_place_type":"village","source_id":"osm-node-20926196","source_family":"OpenStreetMap","dataset":"GEO2day Wiltshire OSM extract","publisher":"OpenStreetMap contributors","effective_date":"2026-07-24","licence":"Open Data Commons Open Database License (ODbL)"},"geometry":{"type":"Point","coordinates":[-1.6363792,50.9700788]}},{"type":"Feature","properties":{"place_id":"osm-node-20926199","name":"Manningford Bohune","kind":"community","osm_place_type":"village","source_id":"osm-node-20926199","source_family":"OpenStreetMap","dataset":"GEO2day Wiltshire OSM extract","publisher":"OpenStreetMap contributors","effective_date":"2026-07-24","licence":"Open Data Commons Open Database License (ODbL)"},"geometry":{"type":"Point","coordinates":[-1.8041119,51.3182642]}},{"type":"Feature","properties":{"place_id":"osm-node-20926223","name":"Enford","kind":"community","osm_place_type":"village","source_id":"osm-node-20926223","source_family":"OpenStreetMap","dataset":"GEO2day Wiltshire OSM extract","publisher":"OpenStreetMap contributors","effective_date":"2026-07-24","licence":"Open Data Commons Open Database License (ODbL)"},"geometry":{"type":"Point","coordinates":[-1.8022616,51.2612749]}},{"type":"Feature","properties":{"place_id":"osm-node-21009415","name":"Lover","kind":"community","osm_place_type":"village","source_id":"osm-node-21009415","source_family":"OpenStreetMap","dataset":"GEO2day Wiltshire OSM extract","publisher":"OpenStreetMap contributors","effective_date":"2026-07-24","licence":"Open Data Commons Open Database License (ODbL)"},"geometry":{"type":"Point","coordinates":[-1.7027192,50.9798468]}},{"type":"Feature","properties":{"place_id":"osm-node-21272012","name":"Trowbridge","kind":"community","osm_place_type":"town","source_id":"osm-node-21272012","source_family":"OpenStreetMap","dataset":"GEO2day Wiltshire OSM extract","publisher":"OpenStreetMap contributors","effective_date":"2026-07-24","licence":"Open Data Commons Open Database License (ODbL)"},"geometry":{"type":"Point","coordinates":[-2.2080071,51.3200304]}},{"type":"Feature","properties":{"place_id":"osm-node-21314123","name":"Everleigh","kind":"community","osm_place_type":"village","source_id":"osm-node-21314123","source_family":"OpenStreetMap","dataset":"GEO2day Wiltshire OSM extract","publisher":"OpenStreetMap contributors","effective_date":"2026-07-24","licence":"Open Data Commons Open Database License (ODbL)"},"geometry":{"type":"Point","coordinates":[-1.710541,51.2814473]}},{"type":"Feature","properties":{"place_id":"osm-node-21388612","name":"Malmesbury","kind":"community","osm_place_type":"town","source_id":"osm-node-21388612","source_family":"OpenStreetMap","dataset":"GEO2day Wiltshire OSM extract","publisher":"OpenStreetMap contributors","effective_date":"2026-07-24","licence":"Open Data Commons Open Database License (ODbL)"},"geometry":{"type":"Point","coordinates":[-2.0982042,51.58447]}},{"type":"Feature","properties":{"place_id":"osm-node-21388984","name":"Luckington","kind":"community","osm_place_type":"village","source_id":"osm-node-21388984","source_family":"OpenStreetMap","dataset":"GEO2day Wiltshire OSM extract","publisher":"OpenStreetMap contributors","effective_date":"2026-07-24","licence":"Open Data Commons Open Database License (ODbL)"},"geometry":{"type":"Point","coordinates":[-2.2401782,51.5534131]}},{"type":"Feature","properties":{"place_id":"osm-node-21388985","name":"Sherston","kind":"community","osm_place_type":"village","source_id":"osm-node-21388985","source_family":"OpenStreetMap","dataset":"GEO2day Wiltshire OSM extract","publisher":"OpenStreetMap contributors","effective_date":"2026-07-24","licence":"Open Data Commons Open Database License (ODbL)"},"geometry":{"type":"Point","coordinates":[-2.2123454,51.5715497]}},{"type":"Feature","properties":{"place_id":"osm-node-21420664","name":"Sutton Benger","kind":"community","osm_place_type":"village","source_id":"osm-node-21420664","source_family":"OpenStreetMap","dataset":"GEO2day Wiltshire OSM extract","publisher":"OpenStreetMap contributors","effective_date":"2026-07-24","licence":"Open Data Commons Open Database License (ODbL)"},"geometry":{"type":"Point","coordinates":[-2.0799724,51.5063642]}},{"type":"Feature","properties":{"place_id":"osm-node-21420703","name":"Chippenham","kind":"community","osm_place_type":"town","source_id":"osm-node-21420703","source_family":"OpenStreetMap","dataset":"GEO2day Wiltshire OSM extract","publisher":"OpenStreetMap contributors","effective_date":"2026-07-24","licence":"Open Data Commons Open Database License (ODbL)","population":45337},"geometry":{"type":"Point","coordinates":[-2.1159032,51.4587621]}},{"type":"Feature","properties":{"place_id":"osm-node-21496954","name":"Amesbury","kind":"community","osm_place_type":"town","source_id":"osm-node-21496954","source_family":"OpenStreetMap","dataset":"GEO2day Wiltshire OSM extract","publisher":"OpenStreetMap contributors","effective_date":"2026-07-24","licence":"Open Data Commons Open Database License (ODbL)"},"geometry":{"type":"Point","coordinates":[-1.7817518,51.1723002]}},{"type":"Feature","properties":{"place_id":"osm-node-21517367","name":"Pewsey","kind":"community","osm_place_type":"village","source_id":"osm-node-21517367","source_family":"OpenStreetMap","dataset":"GEO2day Wiltshire OSM extract","publisher":"OpenStreetMap contributors","effective_date":"2026-07-24","licence":"Open Data Commons Open Database License (ODbL)"},"geometry":{"type":"Point","coordinates":[-1.7648308,51.3393362]}},{"type":"Feature","properties":{"place_id":"osm-node-21749193","name":"Kington St Michael","kind":"community","osm_place_type":"village","source_id":"osm-node-21749193","source_family":"OpenStreetMap","dataset":"GEO2day Wiltshire OSM extract","publisher":"OpenStreetMap contributors","effective_date":"2026-07-24","licence":"Open Data Commons Open Database License (ODbL)"},"geometry":{"type":"Point","coordinates":[-2.142062,51.4965792]}},{"type":"Feature","properties":{"place_id":"osm-node-21749194","name":"Grittleton","kind":"community","osm_place_type":"village","source_id":"osm-node-21749194","source_family":"OpenStreetMap","dataset":"GEO2day Wiltshire OSM extract","publisher":"OpenStreetMap contributors","effective_date":"2026-07-24","licence":"Open Data Commons Open Database License (ODbL)"},"geometry":{"type":"Point","coordinates":[-2.2035013,51.5194144]}},{"type":"Feature","properties":{"place_id":"osm-node-21760175","name":"Shrewton","kind":"community","osm_place_type":"village","source_id":"osm-node-21760175","source_family":"OpenStreetMap","dataset":"GEO2day Wiltshire OSM extract","publisher":"OpenStreetMap contributors","effective_date":"2026-07-24","licence":"Open Data Commons Open Database License (ODbL)"},"geometry":{"type":"Point","coordinates":[-1.9037529,51.1941786]}},{"type":"Feature","properties":{"place_id":"osm-node-21760349","name":"Codford","kind":"community","osm_place_type":"village","source_id":"osm-node-21760349","source_family":"OpenStreetMap","dataset":"GEO2day Wiltshire OSM extract","publisher":"OpenStreetMap contributors","effective_date":"2026-07-24","licence":"Open Data Commons Open Database License (ODbL)"},"geometry":{"type":"Point","coordinates":[-2.0447118,51.1580789]}},{"type":"Feature","properties":{"place_id":"osm-node-23212522","name":"Potterne","kind":"community","osm_place_type":"village","source_id":"osm-node-23212522","source_family":"OpenStreetMap","dataset":"GEO2day Wiltshire OSM extract","publisher":"OpenStreetMap contributors","effective_date":"2026-07-24","licence":"Open Data Commons Open Database License (ODbL)"},"geometry":{"type":"Point","coordinates":[-2.006549,51.3255495]}},{"type":"Feature","properties":{"place_id":"osm-node-23212681","name":"Avebury","kind":"community","osm_place_type":"village","source_id":"osm-node-23212681","source_family":"OpenStreetMap","dataset":"GEO2day Wiltshire OSM extract","publisher":"OpenStreetMap contributors","effective_date":"2026-07-24","licence":"Open Data Commons Open Database License (ODbL)"},"geometry":{"type":"Point","coordinates":[-1.8597896,51.4277697]}},{"type":"Feature","properties":{"place_id":"osm-node-26008739","name":"Yatton Keynell","kind":"community","osm_place_type":"village","source_id":"osm-node-26008739","source_family":"OpenStreetMap","dataset":"GEO2day Wiltshire OSM extract","publisher":"OpenStreetMap contributors","effective_date":"2026-07-24","licence":"Open Data Commons Open Database License (ODbL)"},"geometry":{"type":"Point","coordinates":[-2.1935071,51.4863435]}},{"type":"Feature","properties":{"place_id":"osm-node-26008740","name":"Upper Castle Combe","kind":"community","osm_place_type":"village","source_id":"osm-node-26008740","source_family":"OpenStreetMap","dataset":"GEO2day Wiltshire OSM extract","publisher":"OpenStreetMap contributors","effective_date":"2026-07-24","licence":"Open Data Commons Open Database License (ODbL)"},"geometry":{"type":"Point","coordinates":[-2.219715,51.4947414]}},{"type":"Feature","properties":{"place_id":"osm-node-26008741","name":"Castle Combe","kind":"community","osm_place_type":"village","source_id":"osm-node-26008741","source_family":"OpenStreetMap","dataset":"GEO2day Wiltshire OSM extract","publisher":"OpenStreetMap contributors","effective_date":"2026-07-24","licence":"Open Data Commons Open Database License (ODbL)"},"geometry":{"type":"Point","coordinates":[-2.2289671,51.4933703]}},{"type":"Feature","properties":{"place_id":"osm-node-26015407","name":"Devizes","kind":"community","osm_place_type":"town","source_id":"osm-node-26015407","source_family":"OpenStreetMap","dataset":"GEO2day Wiltshire OSM extract","publisher":"OpenStreetMap contributors","effective_date":"2026-07-24","licence":"Open Data Commons Open Database License (ODbL)"},"geometry":{"type":"Point","coordinates":[-1.9958302,51.3525027]}},{"type":"Feature","properties":{"place_id":"osm-node-26243281","name":"Melksham","kind":"community","osm_place_type":"town","source_id":"osm-node-26243281","source_family":"OpenStreetMap","dataset":"GEO2day Wiltshire OSM extract","publisher":"OpenStreetMap contributors","effective_date":"2026-07-24","licence":"Open Data Commons Open Database License (ODbL)"},"geometry":{"type":"Point","coordinates":[-2.13743,51.3725919]}},{"type":"Feature","properties":{"place_id":"osm-node-26352922","name":"Winsley","kind":"community","osm_place_type":"village","source_id":"osm-node-26352922","source_family":"OpenStreetMap","dataset":"GEO2day Wiltshire OSM extract","publisher":"OpenStreetMap contributors","effective_date":"2026-07-24","licence":"Open Data Commons Open Database License (ODbL)"},"geometry":{"type":"Point","coordinates":[-2.2842552,51.3489644]}},{"type":"Feature","properties":{"place_id":"osm-node-26782801","name":"Upper Seagry","kind":"community","osm_place_type":"village","source_id":"osm-node-26782801","source_family":"OpenStreetMap","dataset":"GEO2day Wiltshire OSM extract","publisher":"OpenStreetMap contributors","effective_date":"2026-07-24","licence":"Open Data Commons Open Database License (ODbL)"},"geometry":{"type":"Point","coordinates":[-2.0779214,51.5253582]}},{"type":"Feature","properties":{"place_id":"osm-node-26782802","name":"Startley","kind":"community","osm_place_type":"village","source_id":"osm-node-26782802","source_family":"OpenStreetMap","dataset":"GEO2day Wiltshire OSM extract","publisher":"OpenStreetMap contributors","effective_date":"2026-07-24","licence":"Open Data Commons Open Database License (ODbL)"},"geometry":{"type":"Point","coordinates":[-2.0803071,51.538939]}},{"type":"Feature","properties":{"place_id":"osm-node-26782878","name":"Foxley","kind":"community","osm_place_type":"village","source_id":"osm-node-26782878","source_family":"OpenStreetMap","dataset":"GEO2day Wiltshire OSM extract","publisher":"OpenStreetMap contributors","effective_date":"2026-07-24","licence":"Open Data Commons Open Database License (ODbL)"},"geometry":{"type":"Point","coordinates":[-2.1520703,51.572602]}},{"type":"Feature","properties":{"place_id":"osm-node-27074556","name":"Lyneham","kind":"community","osm_place_type":"village","source_id":"osm-node-27074556","source_family":"OpenStreetMap","dataset":"GEO2day Wiltshire OSM extract","publisher":"OpenStreetMap contributors","effective_date":"2026-07-24","licence":"Open Data Commons Open Database License (ODbL)"},"geometry":{"type":"Point","coordinates":[-1.9661863,51.5070844]}},{"type":"Feature","properties":{"place_id":"osm-node-27460717","name":"Minety","kind":"community","osm_place_type":"village","source_id":"osm-node-27460717","source_family":"OpenStreetMap","dataset":"GEO2day Wiltshire OSM extract","publisher":"OpenStreetMap contributors","effective_date":"2026-07-24","licence":"Open Data Commons Open Database License (ODbL)"},"geometry":{"type":"Point","coordinates":[-1.9652454,51.6150042]}},{"type":"Feature","properties":{"place_id":"osm-node-27460718","name":"Easton Grey","kind":"community","osm_place_type":"village","source_id":"osm-node-27460718","source_family":"OpenStreetMap","dataset":"GEO2day Wiltshire OSM extract","publisher":"OpenStreetMap contributors","effective_date":"2026-07-24","licence":"Open Data Commons Open Database License (ODbL)"},"geometry":{"type":"Point","coordinates":[-2.176583,51.5871461]}},{"type":"Feature","properties":{"place_id":"osm-node-29161509","name":"Westwood","kind":"community","osm_place_type":"village","source_id":"osm-node-29161509","source_family":"OpenStreetMap","dataset":"GEO2day Wiltshire OSM extract","publisher":"OpenStreetMap contributors","effective_date":"2026-07-24","licence":"Open Data Commons Open Database License (ODbL)"},"geometry":{"type":"Point","coordinates":[-2.2787737,51.3330021]}},{"type":"Feature","properties":{"place_id":"osm-node-29161511","name":"Bradford on Avon","kind":"community","osm_place_type":"town","source_id":"osm-node-29161511","source_family":"OpenStreetMap","dataset":"GEO2day Wiltshire OSM extract","publisher":"OpenStreetMap contributors","effective_date":"2026-07-24","licence":"Open Data Commons Open Database License (ODbL)"},"geometry":{"type":"Point","coordinates":[-2.2504329,51.346715]}},{"type":"Feature","properties":{"place_id":"osm-node-29266876","name":"Maiden Bradley","kind":"community","osm_place_type":"village","source_id":"osm-node-29266876","source_family":"OpenStreetMap","dataset":"GEO2day Wiltshire OSM extract","publisher":"OpenStreetMap contributors","effective_date":"2026-07-24","licence":"Open Data Commons Open Database License (ODbL)"},"geometry":{"type":"Point","coordinates":[-2.2825595,51.1475105]}},{"type":"Feature","properties":{"place_id":"osm-node-29692477","name":"Laverstock","kind":"community","osm_place_type":"village","source_id":"osm-node-29692477","source_family":"OpenStreetMap","dataset":"GEO2day Wiltshire OSM extract","publisher":"OpenStreetMap contributors","effective_date":"2026-07-24","licence":"Open Data Commons Open Database License (ODbL)"},"geometry":{"type":"Point","coordinates":[-1.7756129,51.0706405]}},{"type":"Feature","properties":{"place_id":"osm-node-29813535","name":"Redlynch","kind":"community","osm_place_type":"village","source_id":"osm-node-29813535","source_family":"OpenStreetMap","dataset":"GEO2day Wiltshire OSM extract","publisher":"OpenStreetMap contributors","effective_date":"2026-07-24","licence":"Open Data Commons Open Database License (ODbL)"},"geometry":{"type":"Point","coordinates":[-1.7128472,50.9883787]}},{"type":"Feature","properties":{"place_id":"osm-node-29950701","name":"Longbridge Deverill","kind":"community","osm_place_type":"village","source_id":"osm-node-29950701","source_family":"OpenStreetMap","dataset":"GEO2day Wiltshire OSM extract","publisher":"OpenStreetMap contributors","effective_date":"2026-07-24","licence":"Open Data Commons Open Database License (ODbL)"},"geometry":{"type":"Point","coordinates":[-2.1889513,51.1668315]}},{"type":"Feature","properties":{"place_id":"osm-node-29950738","name":"Warminster","kind":"community","osm_place_type":"town","source_id":"osm-node-29950738","source_family":"OpenStreetMap","dataset":"GEO2day Wiltshire OSM extract","publisher":"OpenStreetMap contributors","effective_date":"2026-07-24","licence":"Open Data Commons Open Database License (ODbL)"},"geometry":{"type":"Point","coordinates":[-2.1831682,51.205366]}},{"type":"Feature","properties":{"place_id":"osm-node-29952101","name":"Hilperton","kind":"community","osm_place_type":"village","source_id":"osm-node-29952101","source_family":"OpenStreetMap","dataset":"GEO2day Wiltshire OSM extract","publisher":"OpenStreetMap contributors","effective_date":"2026-07-24","licence":"Open Data Commons Open Database License (ODbL)"},"geometry":{"type":"Point","coordinates":[-2.1846308,51.3335659]}},{"type":"Feature","properties":{"place_id":"osm-node-29953559","name":"Westbury","kind":"community","osm_place_type":"town","source_id":"osm-node-29953559","source_family":"OpenStreetMap","dataset":"GEO2day Wiltshire OSM extract","publisher":"OpenStreetMap contributors","effective_date":"2026-07-24","licence":"Open Data Commons Open Database License (ODbL)"},"geometry":{"type":"Point","coordinates":[-2.1836535,51.261079]}},{"type":"Feature","properties":{"place_id":"osm-node-29997179","name":"Upton Lovell","kind":"community","osm_place_type":"village","source_id":"osm-node-29997179","source_family":"OpenStreetMap","dataset":"GEO2day Wiltshire OSM extract","publisher":"OpenStreetMap contributors","effective_date":"2026-07-24","licence":"Open Data Commons Open Database License (ODbL)"},"geometry":{"type":"Point","coordinates":[-2.0775324,51.1672078]}},{"type":"Feature","properties":{"place_id":"osm-node-29997180","name":"Corton","kind":"community","osm_place_type":"village","source_id":"osm-node-29997180","source_family":"OpenStreetMap","dataset":"GEO2day Wiltshire OSM extract","publisher":"OpenStreetMap contributors","effective_date":"2026-07-24","licence":"Open Data Commons Open Database License (ODbL)"},"geometry":{"type":"Point","coordinates":[-2.0904172,51.1630638]}},{"type":"Feature","properties":{"place_id":"osm-node-29997667","name":"Upton Scudamore","kind":"community","osm_place_type":"village","source_id":"osm-node-29997667","source_family":"OpenStreetMap","dataset":"GEO2day Wiltshire OSM extract","publisher":"OpenStreetMap contributors","effective_date":"2026-07-24","licence":"Open Data Commons Open Database License (ODbL)"},"geometry":{"type":"Point","coordinates":[-2.1945674,51.2290822]}},{"type":"Feature","properties":{"place_id":"osm-node-30765478","name":"Cricklade","kind":"community","osm_place_type":"town","source_id":"osm-node-30765478","source_family":"OpenStreetMap","dataset":"GEO2day Wiltshire OSM extract","publisher":"OpenStreetMap contributors","effective_date":"2026-07-24","licence":"Open Data Commons Open Database License (ODbL)"},"geometry":{"type":"Point","coordinates":[-1.8579414,51.6414188]}},{"type":"Feature","properties":{"place_id":"osm-node-30766558","name":"Ashton Keynes","kind":"community","osm_place_type":"village","source_id":"osm-node-30766558","source_family":"OpenStreetMap","dataset":"GEO2day Wiltshire OSM extract","publisher":"OpenStreetMap contributors","effective_date":"2026-07-24","licence":"Open Data Commons Open Database License (ODbL)"},"geometry":{"type":"Point","coordinates":[-1.9311453,51.6453991]}},{"type":"Feature","properties":{"place_id":"osm-node-33125815","name":"Calne","kind":"community","osm_place_type":"town","source_id":"osm-node-33125815","source_family":"OpenStreetMap","dataset":"GEO2day Wiltshire OSM extract","publisher":"OpenStreetMap contributors","effective_date":"2026-07-24","licence":"Open Data Commons Open Database License (ODbL)"},"geometry":{"type":"Point","coordinates":[-2.0050911,51.437977]}},{"type":"Feature","properties":{"place_id":"osm-node-33125959","name":"Royal Wootton Bassett","kind":"community","osm_place_type":"town","source_id":"osm-node-33125959","source_family":"OpenStreetMap","dataset":"GEO2day Wiltshire OSM extract","publisher":"OpenStreetMap contributors","effective_date":"2026-07-24","licence":"Open Data Commons Open Database License (ODbL)"},"geometry":{"type":"Point","coordinates":[-1.9047369,51.5417946]}},{"type":"Feature","properties":{"place_id":"osm-node-33257692","name":"Ogbourne St Andrew","kind":"community","osm_place_type":"village","source_id":"osm-node-33257692","source_family":"OpenStreetMap","dataset":"GEO2day Wiltshire OSM extract","publisher":"OpenStreetMap contributors","effective_date":"2026-07-24","licence":"Open Data Commons Open Database License (ODbL)"},"geometry":{"type":"Point","coordinates":[-1.7285333,51.4497377]}},{"type":"Feature","properties":{"place_id":"osm-node-33258253","name":"Collingbourne Kingston","kind":"community","osm_place_type":"village","source_id":"osm-node-33258253","source_family":"OpenStreetMap","dataset":"GEO2day Wiltshire OSM extract","publisher":"OpenStreetMap contributors","effective_date":"2026-07-24","licence":"Open Data Commons Open Database License (ODbL)"},"geometry":{"type":"Point","coordinates":[-1.6577196,51.3017763]}},{"type":"Feature","properties":{"place_id":"osm-node-33258261","name":"Collingbourne Ducis","kind":"community","osm_place_type":"village","source_id":"osm-node-33258261","source_family":"OpenStreetMap","dataset":"GEO2day Wiltshire OSM extract","publisher":"OpenStreetMap contributors","effective_date":"2026-07-24","licence":"Open Data Commons Open Database License (ODbL)"},"geometry":{"type":"Point","coordinates":[-1.6517669,51.2849678]}},{"type":"Feature","properties":{"place_id":"osm-node-33427737","name":"East Grafton","kind":"community","osm_place_type":"village","source_id":"osm-node-33427737","source_family":"OpenStreetMap","dataset":"GEO2day Wiltshire OSM extract","publisher":"OpenStreetMap contributors","effective_date":"2026-07-24","licence":"Open Data Commons Open Database License (ODbL)"},"geometry":{"type":"Point","coordinates":[-1.6275355,51.3442176]}},{"type":"Feature","properties":{"place_id":"osm-node-33433041","name":"Easton Royal","kind":"community","osm_place_type":"village","source_id":"osm-node-33433041","source_family":"OpenStreetMap","dataset":"GEO2day Wiltshire OSM extract","publisher":"OpenStreetMap contributors","effective_date":"2026-07-24","licence":"Open Data Commons Open Database License (ODbL)"},"geometry":{"type":"Point","coordinates":[-1.7022518,51.3479131]}},{"type":"Feature","properties":{"place_id":"osm-node-33433043","name":"Milton Lilbourne","kind":"community","osm_place_type":"village","source_id":"osm-node-33433043","source_family":"OpenStreetMap","dataset":"GEO2day Wiltshire OSM extract","publisher":"OpenStreetMap contributors","effective_date":"2026-07-24","licence":"Open Data Commons Open Database License (ODbL)"},"geometry":{"type":"Point","coordinates":[-1.7302271,51.3432724]}},{"type":"Feature","properties":{"place_id":"osm-node-33433072","name":"Oare","kind":"community","osm_place_type":"village","source_id":"osm-node-33433072","source_family":"OpenStreetMap","dataset":"GEO2day Wiltshire OSM extract","publisher":"OpenStreetMap contributors","effective_date":"2026-07-24","licence":"Open Data Commons Open Database License (ODbL)"},"geometry":{"type":"Point","coordinates":[-1.7752408,51.3662537]}},{"type":"Feature","properties":{"place_id":"osm-node-33433099","name":"Fyfield","kind":"community","osm_place_type":"village","source_id":"osm-node-33433099","source_family":"OpenStreetMap","dataset":"GEO2day Wiltshire OSM extract","publisher":"OpenStreetMap contributors","effective_date":"2026-07-24","licence":"Open Data Commons Open Database License (ODbL)"},"geometry":{"type":"Point","coordinates":[-1.788597,51.4172004]}},{"type":"Feature","properties":{"place_id":"osm-node-33433112","name":"Cherhill","kind":"community","osm_place_type":"village","source_id":"osm-node-33433112","source_family":"OpenStreetMap","dataset":"GEO2day Wiltshire OSM extract","publisher":"OpenStreetMap contributors","effective_date":"2026-07-24","licence":"Open Data Commons Open Database License (ODbL)"},"geometry":{"type":"Point","coordinates":[-1.9496878,51.4300322]}},{"type":"Feature","properties":{"place_id":"osm-node-34593874","name":"Derry Hill","kind":"community","osm_place_type":"village","source_id":"osm-node-34593874","source_family":"OpenStreetMap","dataset":"GEO2day Wiltshire OSM extract","publisher":"OpenStreetMap contributors","effective_date":"2026-07-24","licence":"Open Data Commons Open Database License (ODbL)"},"geometry":{"type":"Point","coordinates":[-2.06044,51.4367339]}},{"type":"Feature","properties":{"place_id":"osm-node-34594476","name":"Studley","kind":"community","osm_place_type":"village","source_id":"osm-node-34594476","source_family":"OpenStreetMap","dataset":"GEO2day Wiltshire OSM extract","publisher":"OpenStreetMap contributors","effective_date":"2026-07-24","licence":"Open Data Commons Open Database License (ODbL)"},"geometry":{"type":"Point","coordinates":[-2.0502739,51.4428011]}},{"type":"Feature","properties":{"place_id":"osm-node-34687445","name":"Stapleford","kind":"community","osm_place_type":"village","source_id":"osm-node-34687445","source_family":"OpenStreetMap","dataset":"GEO2day Wiltshire OSM extract","publisher":"OpenStreetMap contributors","effective_date":"2026-07-24","licence":"Open Data Commons Open Database License (ODbL)"},"geometry":{"type":"Point","coordinates":[-1.9008043,51.1367975]}},{"type":"Feature","properties":{"place_id":"osm-node-34687961","name":"Berwick St James","kind":"community","osm_place_type":"village","source_id":"osm-node-34687961","source_family":"OpenStreetMap","dataset":"GEO2day Wiltshire OSM extract","publisher":"OpenStreetMap contributors","effective_date":"2026-07-24","licence":"Open Data Commons Open Database License (ODbL)"},"geometry":{"type":"Point","coordinates":[-1.8986611,51.152105]}},{"type":"Feature","properties":{"place_id":"osm-node-34706881","name":"Southwick","kind":"community","osm_place_type":"village","source_id":"osm-node-34706881","source_family":"OpenStreetMap","dataset":"GEO2day Wiltshire OSM extract","publisher":"OpenStreetMap contributors","effective_date":"2026-07-24","licence":"Open Data Commons Open Database License (ODbL)"},"geometry":{"type":"Point","coordinates":[-2.2343713,51.2964402]}},{"type":"Feature","properties":{"place_id":"osm-node-34707318","name":"West Lavington","kind":"community","osm_place_type":"village","source_id":"osm-node-34707318","source_family":"OpenStreetMap","dataset":"GEO2day Wiltshire OSM extract","publisher":"OpenStreetMap contributors","effective_date":"2026-07-24","licence":"Open Data Commons Open Database License (ODbL)"},"geometry":{"type":"Point","coordinates":[-1.9959235,51.2788406]}},{"type":"Feature","properties":{"place_id":"osm-node-34707669","name":"Rowde","kind":"community","osm_place_type":"village","source_id":"osm-node-34707669","source_family":"OpenStreetMap","dataset":"GEO2day Wiltshire OSM extract","publisher":"OpenStreetMap contributors","effective_date":"2026-07-24","licence":"Open Data Commons Open Database License (ODbL)"},"geometry":{"type":"Point","coordinates":[-2.0308173,51.363318]}},{"type":"Feature","properties":{"place_id":"osm-node-39497474","name":"Norton","kind":"community","osm_place_type":"village","source_id":"osm-node-39497474","source_family":"OpenStreetMap","dataset":"GEO2day Wiltshire OSM extract","publisher":"OpenStreetMap contributors","effective_date":"2026-07-24","licence":"Open Data Commons Open Database License (ODbL)"},"geometry":{"type":"Point","coordinates":[-2.1659803,51.5579344]}},{"type":"Feature","properties":{"place_id":"osm-node-53274227","name":"Great Bedwyn","kind":"community","osm_place_type":"village","source_id":"osm-node-53274227","source_family":"OpenStreetMap","dataset":"GEO2day Wiltshire OSM extract","publisher":"OpenStreetMap contributors","effective_date":"2026-07-24","licence":"Open Data Commons Open Database License (ODbL)"},"geometry":{"type":"Point","coordinates":[-1.601919,51.379406]}},{"type":"Feature","properties":{"place_id":"osm-node-55136503","name":"East Knoyle","kind":"community","osm_place_type":"village","source_id":"osm-node-55136503","source_family":"OpenStreetMap","dataset":"GEO2day Wiltshire OSM extract","publisher":"OpenStreetMap contributors","effective_date":"2026-07-24","licence":"Open Data Commons Open Database License (ODbL)"},"geometry":{"type":"Point","coordinates":[-2.1704188,51.0743302]}},{"type":"Feature","properties":{"place_id":"osm-node-55136931","name":"Sedgehill","kind":"community","osm_place_type":"village","source_id":"osm-node-55136931","source_family":"OpenStreetMap","dataset":"GEO2day Wiltshire OSM extract","publisher":"OpenStreetMap contributors","effective_date":"2026-07-24","licence":"Open Data Commons Open Database License (ODbL)"},"geometry":{"type":"Point","coordinates":[-2.1906768,51.051086]}},{"type":"Feature","properties":{"place_id":"osm-node-91332377","name":"Hook","kind":"community","osm_place_type":"village","source_id":"osm-node-91332377","source_family":"OpenStreetMap","dataset":"GEO2day Wiltshire OSM extract","publisher":"OpenStreetMap contributors","effective_date":"2026-07-24","licence":"Open Data Commons Open Database License (ODbL)"},"geometry":{"type":"Point","coordinates":[-1.8889064,51.5607233]}},{"type":"Feature","properties":{"place_id":"osm-node-91333603","name":"Lydiard Millicent","kind":"community","osm_place_type":"village","source_id":"osm-node-91333603","source_family":"OpenStreetMap","dataset":"GEO2day Wiltshire OSM extract","publisher":"OpenStreetMap contributors","effective_date":"2026-07-24","licence":"Open Data Commons Open Database License (ODbL)"},"geometry":{"type":"Point","coordinates":[-1.8619808,51.5715051]}},{"type":"Feature","properties":{"place_id":"osm-node-91477946","name":"Purton","kind":"community","osm_place_type":"village","source_id":"osm-node-91477946","source_family":"OpenStreetMap","dataset":"GEO2day Wiltshire OSM extract","publisher":"OpenStreetMap contributors","effective_date":"2026-07-24","licence":"Open Data Commons Open Database License (ODbL)"},"geometry":{"type":"Point","coordinates":[-1.8674841,51.5880292]}},{"type":"Feature","properties":{"place_id":"osm-node-150419872","name":"Winterbourne Monkton","kind":"community","osm_place_type":"village","source_id":"osm-node-150419872","source_family":"OpenStreetMap","dataset":"GEO2day Wiltshire OSM extract","publisher":"OpenStreetMap contributors","effective_date":"2026-07-24","licence":"Open Data Commons Open Database License (ODbL)"},"geometry":{"type":"Point","coordinates":[-1.8570622,51.4472806]}},{"type":"Feature","properties":{"place_id":"osm-node-152970059","name":"Stanton St Quintin","kind":"community","osm_place_type":"village","source_id":"osm-node-152970059","source_family":"OpenStreetMap","dataset":"GEO2day Wiltshire OSM extract","publisher":"OpenStreetMap contributors","effective_date":"2026-07-24","licence":"Open Data Commons Open Database License (ODbL)"},"geometry":{"type":"Point","coordinates":[-2.1358252,51.5182935]}},{"type":"Feature","properties":{"place_id":"osm-node-152970065","name":"Hullavington","kind":"community","osm_place_type":"village","source_id":"osm-node-152970065","source_family":"OpenStreetMap","dataset":"GEO2day Wiltshire OSM extract","publisher":"OpenStreetMap contributors","effective_date":"2026-07-24","licence":"Open Data Commons Open Database License (ODbL)"},"geometry":{"type":"Point","coordinates":[-2.1528703,51.5372741]}},{"type":"Feature","properties":{"place_id":"osm-node-152999028","name":"Littleton Drew","kind":"community","osm_place_type":"village","source_id":"osm-node-152999028","source_family":"OpenStreetMap","dataset":"GEO2day Wiltshire OSM extract","publisher":"OpenStreetMap contributors","effective_date":"2026-07-24","licence":"Open Data Commons Open Database License (ODbL)"},"geometry":{"type":"Point","coordinates":[-2.2432546,51.5214715]}},{"type":"Feature","properties":{"place_id":"osm-node-207392994","name":"Wootton Rivers","kind":"community","osm_place_type":"village","source_id":"osm-node-207392994","source_family":"OpenStreetMap","dataset":"GEO2day Wiltshire OSM extract","publisher":"OpenStreetMap contributors","effective_date":"2026-07-24","licence":"Open Data Commons Open Database License (ODbL)"},"geometry":{"type":"Point","coordinates":[-1.7186847,51.3666229]}},{"type":"Feature","properties":{"place_id":"osm-node-248072268","name":"Biddestone","kind":"community","osm_place_type":"village","source_id":"osm-node-248072268","source_family":"OpenStreetMap","dataset":"GEO2day Wiltshire OSM extract","publisher":"OpenStreetMap contributors","effective_date":"2026-07-24","licence":"Open Data Commons Open Database License (ODbL)"},"geometry":{"type":"Point","coordinates":[-2.1960637,51.461321]}},{"type":"Feature","properties":{"place_id":"osm-node-251861869","name":"Fovant","kind":"community","osm_place_type":"village","source_id":"osm-node-251861869","source_family":"OpenStreetMap","dataset":"GEO2day Wiltshire OSM extract","publisher":"OpenStreetMap contributors","effective_date":"2026-07-24","licence":"Open Data Commons Open Database License (ODbL)"},"geometry":{"type":"Point","coordinates":[-1.9960724,51.0593112]}},{"type":"Feature","properties":{"place_id":"osm-node-253458824","name":"Great Cheverell","kind":"community","osm_place_type":"village","source_id":"osm-node-253458824","source_family":"OpenStreetMap","dataset":"GEO2day Wiltshire OSM extract","publisher":"OpenStreetMap contributors","effective_date":"2026-07-24","licence":"Open Data Commons Open Database License (ODbL)"},"geometry":{"type":"Point","coordinates":[-2.0259737,51.2888367]}},{"type":"Feature","properties":{"place_id":"osm-node-253460406","name":"Worton","kind":"community","osm_place_type":"village","source_id":"osm-node-253460406","source_family":"OpenStreetMap","dataset":"GEO2day Wiltshire OSM extract","publisher":"OpenStreetMap contributors","effective_date":"2026-07-24","licence":"Open Data Commons Open Database License (ODbL)"},"geometry":{"type":"Point","coordinates":[-2.0358401,51.3174433]}},{"type":"Feature","properties":{"place_id":"osm-node-253705278","name":"Corston","kind":"community","osm_place_type":"village","source_id":"osm-node-253705278","source_family":"OpenStreetMap","dataset":"GEO2day Wiltshire OSM extract","publisher":"OpenStreetMap contributors","effective_date":"2026-07-24","licence":"Open Data Commons Open Database License (ODbL)"},"geometry":{"type":"Point","coordinates":[-2.1094918,51.5555875]}},{"type":"Feature","properties":{"place_id":"osm-node-253705300","name":"Alderton","kind":"community","osm_place_type":"village","source_id":"osm-node-253705300","source_family":"OpenStreetMap","dataset":"GEO2day Wiltshire OSM extract","publisher":"OpenStreetMap contributors","effective_date":"2026-07-24","licence":"Open Data Commons Open Database License (ODbL)"},"geometry":{"type":"Point","coordinates":[-2.2328196,51.5439288]}},{"type":"Feature","properties":{"place_id":"osm-node-253817580","name":"Steeple Ashton","kind":"community","osm_place_type":"village","source_id":"osm-node-253817580","source_family":"OpenStreetMap","dataset":"GEO2day Wiltshire OSM extract","publisher":"OpenStreetMap contributors","effective_date":"2026-07-24","licence":"Open Data Commons Open Database License (ODbL)"},"geometry":{"type":"Point","coordinates":[-2.1362989,51.3108618]}},{"type":"Feature","properties":{"place_id":"osm-node-253823489","name":"Imber","kind":"community","osm_place_type":"village","source_id":"osm-node-253823489","source_family":"OpenStreetMap","dataset":"GEO2day Wiltshire OSM extract","publisher":"OpenStreetMap contributors","effective_date":"2026-07-24","licence":"Open Data Commons Open Database License (ODbL)","population":0},"geometry":{"type":"Point","coordinates":[-2.0508225,51.2358477]}},{"type":"Feature","properties":{"place_id":"osm-node-253860050","name":"Bushton","kind":"community","osm_place_type":"village","source_id":"osm-node-253860050","source_family":"OpenStreetMap","dataset":"GEO2day Wiltshire OSM extract","publisher":"OpenStreetMap contributors","effective_date":"2026-07-24","licence":"Open Data Commons Open Database License (ODbL)"},"geometry":{"type":"Point","coordinates":[-1.9091727,51.4984422]}},{"type":"Feature","properties":{"place_id":"osm-node-253860053","name":"Tockenham","kind":"community","osm_place_type":"village","source_id":"osm-node-253860053","source_family":"OpenStreetMap","dataset":"GEO2day Wiltshire OSM extract","publisher":"OpenStreetMap contributors","effective_date":"2026-07-24","licence":"Open Data Commons Open Database License (ODbL)"},"geometry":{"type":"Point","coordinates":[-1.9452136,51.5126036]}},{"type":"Feature","properties":{"place_id":"osm-node-255739151","name":"Great Somerford","kind":"community","osm_place_type":"village","source_id":"osm-node-255739151","source_family":"OpenStreetMap","dataset":"GEO2day Wiltshire OSM extract","publisher":"OpenStreetMap contributors","effective_date":"2026-07-24","licence":"Open Data Commons Open Database License (ODbL)"},"geometry":{"type":"Point","coordinates":[-2.0526678,51.5449821]}},{"type":"Feature","properties":{"place_id":"osm-node-261651113","name":"Kington Langley","kind":"community","osm_place_type":"village","source_id":"osm-node-261651113","source_family":"OpenStreetMap","dataset":"GEO2day Wiltshire OSM extract","publisher":"OpenStreetMap contributors","effective_date":"2026-07-24","licence":"Open Data Commons Open Database License (ODbL)"},"geometry":{"type":"Point","coordinates":[-2.112093,51.4928362]}},{"type":"Feature","properties":{"place_id":"osm-node-261651249","name":"Nettleton","kind":"community","osm_place_type":"village","source_id":"osm-node-261651249","source_family":"OpenStreetMap","dataset":"GEO2day Wiltshire OSM extract","publisher":"OpenStreetMap contributors","effective_date":"2026-07-24","licence":"Open Data Commons Open Database License (ODbL)"},"geometry":{"type":"Point","coordinates":[-2.2606639,51.4997693]}},{"type":"Feature","properties":{"place_id":"osm-node-266755864","name":"Froxfield","kind":"community","osm_place_type":"village","source_id":"osm-node-266755864","source_family":"OpenStreetMap","dataset":"GEO2day Wiltshire OSM extract","publisher":"OpenStreetMap contributors","effective_date":"2026-07-24","licence":"Open Data Commons Open Database License (ODbL)"},"geometry":{"type":"Point","coordinates":[-1.5727552,51.4108371]}},{"type":"Feature","properties":{"place_id":"osm-node-268399073","name":"Lacock","kind":"community","osm_place_type":"village","source_id":"osm-node-268399073","source_family":"OpenStreetMap","dataset":"GEO2day Wiltshire OSM extract","publisher":"OpenStreetMap contributors","effective_date":"2026-07-24","licence":"Open Data Commons Open Database License (ODbL)"},"geometry":{"type":"Point","coordinates":[-2.1208721,51.413844]}},{"type":"Feature","properties":{"place_id":"osm-node-268400027","name":"Heddington","kind":"community","osm_place_type":"village","source_id":"osm-node-268400027","source_family":"OpenStreetMap","dataset":"GEO2day Wiltshire OSM extract","publisher":"OpenStreetMap contributors","effective_date":"2026-07-24","licence":"Open Data Commons Open Database License (ODbL)"},"geometry":{"type":"Point","coordinates":[-2.0036784,51.3962575]}},{"type":"Feature","properties":{"place_id":"osm-node-272642178","name":"Corsham","kind":"community","osm_place_type":"town","source_id":"osm-node-272642178","source_family":"OpenStreetMap","dataset":"GEO2day Wiltshire OSM extract","publisher":"OpenStreetMap contributors","effective_date":"2026-07-24","licence":"Open Data Commons Open Database License (ODbL)"},"geometry":{"type":"Point","coordinates":[-2.1854434,51.4321435]}},{"type":"Feature","properties":{"place_id":"osm-node-275636324","name":"Firsdown","kind":"community","osm_place_type":"village","source_id":"osm-node-275636324","source_family":"OpenStreetMap","dataset":"GEO2day Wiltshire OSM extract","publisher":"OpenStreetMap contributors","effective_date":"2026-07-24","licence":"Open Data Commons Open Database License (ODbL)"},"geometry":{"type":"Point","coordinates":[-1.6999861,51.0986801]}},{"type":"Feature","properties":{"place_id":"osm-node-275636410","name":"West Winterslow","kind":"community","osm_place_type":"village","source_id":"osm-node-275636410","source_family":"OpenStreetMap","dataset":"GEO2day Wiltshire OSM extract","publisher":"OpenStreetMap contributors","effective_date":"2026-07-24","licence":"Open Data Commons Open Database License (ODbL)"},"geometry":{"type":"Point","coordinates":[-1.6699666,51.0892853]}},{"type":"Feature","properties":{"place_id":"osm-node-276253646","name":"Alton Barnes","kind":"community","osm_place_type":"village","source_id":"osm-node-276253646","source_family":"OpenStreetMap","dataset":"GEO2day Wiltshire OSM extract","publisher":"OpenStreetMap contributors","effective_date":"2026-07-24","licence":"Open Data Commons Open Database License (ODbL)"},"geometry":{"type":"Point","coordinates":[-1.8501972,51.3569678]}},{"type":"Feature","properties":{"place_id":"osm-node-278821392","name":"Clyffe Pypard","kind":"community","osm_place_type":"village","source_id":"osm-node-278821392","source_family":"OpenStreetMap","dataset":"GEO2day Wiltshire OSM extract","publisher":"OpenStreetMap contributors","effective_date":"2026-07-24","licence":"Open Data Commons Open Database License (ODbL)"},"geometry":{"type":"Point","coordinates":[-1.8949994,51.4910249]}},{"type":"Feature","properties":{"place_id":"osm-node-278821454","name":"Winterbourne Bassett","kind":"community","osm_place_type":"village","source_id":"osm-node-278821454","source_family":"OpenStreetMap","dataset":"GEO2day Wiltshire OSM extract","publisher":"OpenStreetMap contributors","effective_date":"2026-07-24","licence":"Open Data Commons Open Database License (ODbL)","population":159},"geometry":{"type":"Point","coordinates":[-1.8548673,51.4740423]}},{"type":"Feature","properties":{"place_id":"osm-node-281893049","name":"Marden","kind":"community","osm_place_type":"village","source_id":"osm-node-281893049","source_family":"OpenStreetMap","dataset":"GEO2day Wiltshire OSM extract","publisher":"OpenStreetMap contributors","effective_date":"2026-07-24","licence":"Open Data Commons Open Database License (ODbL)"},"geometry":{"type":"Point","coordinates":[-1.8792453,51.3194354]}},{"type":"Feature","properties":{"place_id":"osm-node-281895780","name":"All Cannings","kind":"community","osm_place_type":"village","source_id":"osm-node-281895780","source_family":"OpenStreetMap","dataset":"GEO2day Wiltshire OSM extract","publisher":"OpenStreetMap contributors","effective_date":"2026-07-24","licence":"Open Data Commons Open Database License (ODbL)"},"geometry":{"type":"Point","coordinates":[-1.8982618,51.3550475]}},{"type":"Feature","properties":{"place_id":"osm-node-281952168","name":"Etchilhampton","kind":"community","osm_place_type":"village","source_id":"osm-node-281952168","source_family":"OpenStreetMap","dataset":"GEO2day Wiltshire OSM extract","publisher":"OpenStreetMap contributors","effective_date":"2026-07-24","licence":"Open Data Commons Open Database License (ODbL)"},"geometry":{"type":"Point","coordinates":[-1.9364239,51.3421228]}},{"type":"Feature","properties":{"place_id":"osm-node-291930013","name":"Chirton","kind":"community","osm_place_type":"village","source_id":"osm-node-291930013","source_family":"OpenStreetMap","dataset":"GEO2day Wiltshire OSM extract","publisher":"OpenStreetMap contributors","effective_date":"2026-07-24","licence":"Open Data Commons Open Database License (ODbL)"},"geometry":{"type":"Point","coordinates":[-1.895333,51.3181522]}},{"type":"Feature","properties":{"place_id":"osm-node-291930175","name":"Patney","kind":"community","osm_place_type":"village","source_id":"osm-node-291930175","source_family":"OpenStreetMap","dataset":"GEO2day Wiltshire OSM extract","publisher":"OpenStreetMap contributors","effective_date":"2026-07-24","licence":"Open Data Commons Open Database License (ODbL)"},"geometry":{"type":"Point","coordinates":[-1.8969638,51.3257154]}},{"type":"Feature","properties":{"place_id":"osm-node-291933964","name":"Bishops Cannings","kind":"community","osm_place_type":"village","source_id":"osm-node-291933964","source_family":"OpenStreetMap","dataset":"GEO2day Wiltshire OSM extract","publisher":"OpenStreetMap contributors","effective_date":"2026-07-24","licence":"Open Data Commons Open Database License (ODbL)"},"geometry":{"type":"Point","coordinates":[-1.9473911,51.3777206]}},{"type":"Feature","properties":{"place_id":"osm-node-291935442","name":"Stanton St Bernard","kind":"community","osm_place_type":"village","source_id":"osm-node-291935442","source_family":"OpenStreetMap","dataset":"GEO2day Wiltshire OSM extract","publisher":"OpenStreetMap contributors","effective_date":"2026-07-24","licence":"Open Data Commons Open Database License (ODbL)"},"geometry":{"type":"Point","coordinates":[-1.8671028,51.3577409]}},{"type":"Feature","properties":{"place_id":"osm-node-292162632","name":"Dilton Marsh","kind":"community","osm_place_type":"village","source_id":"osm-node-292162632","source_family":"OpenStreetMap","dataset":"GEO2day Wiltshire OSM extract","publisher":"OpenStreetMap contributors","effective_date":"2026-07-24","licence":"Open Data Commons Open Database License (ODbL)"},"geometry":{"type":"Point","coordinates":[-2.2188789,51.248133]}},{"type":"Feature","properties":{"place_id":"osm-node-293651542","name":"Whiteparish","kind":"community","osm_place_type":"village","source_id":"osm-node-293651542","source_family":"OpenStreetMap","dataset":"GEO2day Wiltshire OSM extract","publisher":"OpenStreetMap contributors","effective_date":"2026-07-24","licence":"Open Data Commons Open Database License (ODbL)"},"geometry":{"type":"Point","coordinates":[-1.6510258,51.0114056]}},{"type":"Feature","properties":{"place_id":"osm-node-299516692","name":"Nunton","kind":"community","osm_place_type":"village","source_id":"osm-node-299516692","source_family":"OpenStreetMap","dataset":"GEO2day Wiltshire OSM extract","publisher":"OpenStreetMap contributors","effective_date":"2026-07-24","licence":"Open Data Commons Open Database License (ODbL)"},"geometry":{"type":"Point","coordinates":[-1.7738781,51.0334649]}},{"type":"Feature","properties":{"place_id":"osm-node-299516767","name":"Odstock","kind":"community","osm_place_type":"village","source_id":"osm-node-299516767","source_family":"OpenStreetMap","dataset":"GEO2day Wiltshire OSM extract","publisher":"OpenStreetMap contributors","effective_date":"2026-07-24","licence":"Open Data Commons Open Database License (ODbL)"},"geometry":{"type":"Point","coordinates":[-1.7910142,51.0336756]}},{"type":"Feature","properties":{"place_id":"osm-node-299519728","name":"Allington","kind":"community","osm_place_type":"village","source_id":"osm-node-299519728","source_family":"OpenStreetMap","dataset":"GEO2day Wiltshire OSM extract","publisher":"OpenStreetMap contributors","effective_date":"2026-07-24","licence":"Open Data Commons Open Database License (ODbL)"},"geometry":{"type":"Point","coordinates":[-1.9035335,51.3657862]}},{"type":"Feature","properties":{"place_id":"osm-node-304359719","name":"Hilmarton","kind":"community","osm_place_type":"village","source_id":"osm-node-304359719","source_family":"OpenStreetMap","dataset":"GEO2day Wiltshire OSM extract","publisher":"OpenStreetMap contributors","effective_date":"2026-07-24","licence":"Open Data Commons Open Database License (ODbL)"},"geometry":{"type":"Point","coordinates":[-1.9706583,51.4758316]}},{"type":"Feature","properties":{"place_id":"osm-node-305444322","name":"Pitton","kind":"community","osm_place_type":"village","source_id":"osm-node-305444322","source_family":"OpenStreetMap","dataset":"GEO2day Wiltshire OSM extract","publisher":"OpenStreetMap contributors","effective_date":"2026-07-24","licence":"Open Data Commons Open Database License (ODbL)"},"geometry":{"type":"Point","coordinates":[-1.6997869,51.0810163]}},{"type":"Feature","properties":{"place_id":"osm-node-305768085","name":"Yatesbury","kind":"community","osm_place_type":"village","source_id":"osm-node-305768085","source_family":"OpenStreetMap","dataset":"GEO2day Wiltshire OSM extract","publisher":"OpenStreetMap contributors","effective_date":"2026-07-24","licence":"Open Data Commons Open Database License (ODbL)"},"geometry":{"type":"Point","coordinates":[-1.9062342,51.4440728]}},{"type":"Feature","properties":{"place_id":"osm-node-318463899","name":"Zeals","kind":"community","osm_place_type":"village","source_id":"osm-node-318463899","source_family":"OpenStreetMap","dataset":"GEO2day Wiltshire OSM extract","publisher":"OpenStreetMap contributors","effective_date":"2026-07-24","licence":"Open Data Commons Open Database License (ODbL)"},"geometry":{"type":"Point","coordinates":[-2.3128855,51.0850561]}},{"type":"Feature","properties":{"place_id":"osm-node-321464464","name":"Kingston Deverill","kind":"community","osm_place_type":"village","source_id":"osm-node-321464464","source_family":"OpenStreetMap","dataset":"GEO2day Wiltshire OSM extract","publisher":"OpenStreetMap contributors","effective_date":"2026-07-24","licence":"Open Data Commons Open Database License (ODbL)"},"geometry":{"type":"Point","coordinates":[-2.2169989,51.1321533]}},{"type":"Feature","properties":{"place_id":"osm-node-321464504","name":"Monkton Deverill","kind":"community","osm_place_type":"village","source_id":"osm-node-321464504","source_family":"OpenStreetMap","dataset":"GEO2day Wiltshire OSM extract","publisher":"OpenStreetMap contributors","effective_date":"2026-07-24","licence":"Open Data Commons Open Database License (ODbL)"},"geometry":{"type":"Point","coordinates":[-2.2069568,51.1367312]}},{"type":"Feature","properties":{"place_id":"osm-node-321465717","name":"Brixton Deverill","kind":"community","osm_place_type":"village","source_id":"osm-node-321465717","source_family":"OpenStreetMap","dataset":"GEO2day Wiltshire OSM extract","publisher":"OpenStreetMap contributors","effective_date":"2026-07-24","licence":"Open Data Commons Open Database License (ODbL)"},"geometry":{"type":"Point","coordinates":[-2.1971721,51.1472857]}},{"type":"Feature","properties":{"place_id":"osm-node-322016766","name":"Winterbourne Stoke","kind":"community","osm_place_type":"village","source_id":"osm-node-322016766","source_family":"OpenStreetMap","dataset":"GEO2day Wiltshire OSM extract","publisher":"OpenStreetMap contributors","effective_date":"2026-07-24","licence":"Open Data Commons Open Database License (ODbL)"},"geometry":{"type":"Point","coordinates":[-1.8920728,51.1685075]}},{"type":"Feature","properties":{"place_id":"osm-node-322018720","name":"Marston","kind":"community","osm_place_type":"village","source_id":"osm-node-322018720","source_family":"OpenStreetMap","dataset":"GEO2day Wiltshire OSM extract","publisher":"OpenStreetMap contributors","effective_date":"2026-07-24","licence":"Open Data Commons Open Database License (ODbL)"},"geometry":{"type":"Point","coordinates":[-2.0521683,51.3109928]}},{"type":"Feature","properties":{"place_id":"osm-node-322018874","name":"Poulshot","kind":"community","osm_place_type":"village","source_id":"osm-node-322018874","source_family":"OpenStreetMap","dataset":"GEO2day Wiltshire OSM extract","publisher":"OpenStreetMap contributors","effective_date":"2026-07-24","licence":"Open Data Commons Open Database License (ODbL)"},"geometry":{"type":"Point","coordinates":[-2.0463752,51.3348279]}},{"type":"Feature","properties":{"place_id":"osm-node-322019244","name":"Bromham","kind":"community","osm_place_type":"village","source_id":"osm-node-322019244","source_family":"OpenStreetMap","dataset":"GEO2day Wiltshire OSM extract","publisher":"OpenStreetMap contributors","effective_date":"2026-07-24","licence":"Open Data Commons Open Database License (ODbL)"},"geometry":{"type":"Point","coordinates":[-2.0489689,51.3875662]}},{"type":"Feature","properties":{"place_id":"osm-node-323289333","name":"Durrington","kind":"community","osm_place_type":"village","source_id":"osm-node-323289333","source_family":"OpenStreetMap","dataset":"GEO2day Wiltshire OSM extract","publisher":"OpenStreetMap contributors","effective_date":"2026-07-24","licence":"Open Data Commons Open Database License (ODbL)"},"geometry":{"type":"Point","coordinates":[-1.774751,51.1993965]}},{"type":"Feature","properties":{"place_id":"osm-node-334017860","name":"Little Somerford","kind":"community","osm_place_type":"village","source_id":"osm-node-334017860","source_family":"OpenStreetMap","dataset":"GEO2day Wiltshire OSM extract","publisher":"OpenStreetMap contributors","effective_date":"2026-07-24","licence":"Open Data Commons Open Database License (ODbL)"},"geometry":{"type":"Point","coordinates":[-2.0438178,51.558927]}},{"type":"Feature","properties":{"place_id":"osm-node-334018229","name":"Dauntsey","kind":"community","osm_place_type":"village","source_id":"osm-node-334018229","source_family":"OpenStreetMap","dataset":"GEO2day Wiltshire OSM extract","publisher":"OpenStreetMap contributors","effective_date":"2026-07-24","licence":"Open Data Commons Open Database License (ODbL)"},"geometry":{"type":"Point","coordinates":[-2.0108418,51.5360201]}},{"type":"Feature","properties":{"place_id":"osm-node-334021194","name":"Rodbourne","kind":"community","osm_place_type":"village","source_id":"osm-node-334021194","source_family":"OpenStreetMap","dataset":"GEO2day Wiltshire OSM extract","publisher":"OpenStreetMap contributors","effective_date":"2026-07-24","licence":"Open Data Commons Open Database License (ODbL)"},"geometry":{"type":"Point","coordinates":[-2.0955329,51.5491236]}},{"type":"Feature","properties":{"place_id":"osm-node-334024261","name":"Lea","kind":"community","osm_place_type":"village","source_id":"osm-node-334024261","source_family":"OpenStreetMap","dataset":"GEO2day Wiltshire OSM extract","publisher":"OpenStreetMap contributors","effective_date":"2026-07-24","licence":"Open Data Commons Open Database License (ODbL)"},"geometry":{"type":"Point","coordinates":[-2.0612505,51.5772248]}},{"type":"Feature","properties":{"place_id":"osm-node-338488556","name":"Steeple Langford","kind":"community","osm_place_type":"village","source_id":"osm-node-338488556","source_family":"OpenStreetMap","dataset":"GEO2day Wiltshire OSM extract","publisher":"OpenStreetMap contributors","effective_date":"2026-07-24","licence":"Open Data Commons Open Database License (ODbL)"},"geometry":{"type":"Point","coordinates":[-1.9470599,51.1360998]}},{"type":"Feature","properties":{"place_id":"osm-node-338488647","name":"Hanging Langford","kind":"community","osm_place_type":"village","source_id":"osm-node-338488647","source_family":"OpenStreetMap","dataset":"GEO2day Wiltshire OSM extract","publisher":"OpenStreetMap contributors","effective_date":"2026-07-24","licence":"Open Data Commons Open Database License (ODbL)"},"geometry":{"type":"Point","coordinates":[-1.9578424,51.1325775]}},{"type":"Feature","properties":{"place_id":"osm-node-338488916","name":"Heytesbury","kind":"community","osm_place_type":"village","source_id":"osm-node-338488916","source_family":"OpenStreetMap","dataset":"GEO2day Wiltshire OSM extract","publisher":"OpenStreetMap contributors","effective_date":"2026-07-24","licence":"Open Data Commons Open Database License (ODbL)"},"geometry":{"type":"Point","coordinates":[-2.1066192,51.1829849]}},{"type":"Feature","properties":{"place_id":"osm-node-338878961","name":"Broughton Gifford","kind":"community","osm_place_type":"village","source_id":"osm-node-338878961","source_family":"OpenStreetMap","dataset":"GEO2day Wiltshire OSM extract","publisher":"OpenStreetMap contributors","effective_date":"2026-07-24","licence":"Open Data Commons Open Database License (ODbL)"},"geometry":{"type":"Point","coordinates":[-2.1766055,51.3715862]}},{"type":"Feature","properties":{"place_id":"osm-node-339132799","name":"Corsley","kind":"community","osm_place_type":"village","source_id":"osm-node-339132799","source_family":"OpenStreetMap","dataset":"GEO2day Wiltshire OSM extract","publisher":"OpenStreetMap contributors","effective_date":"2026-07-24","licence":"Open Data Commons Open Database License (ODbL)"},"geometry":{"type":"Point","coordinates":[-2.2456518,51.2190608]}},{"type":"Feature","properties":{"place_id":"osm-node-339136509","name":"Tytherington","kind":"community","osm_place_type":"village","source_id":"osm-node-339136509","source_family":"OpenStreetMap","dataset":"GEO2day Wiltshire OSM extract","publisher":"OpenStreetMap contributors","effective_date":"2026-07-24","licence":"Open Data Commons Open Database License (ODbL)"},"geometry":{"type":"Point","coordinates":[-2.1215711,51.1695544]}},{"type":"Feature","properties":{"place_id":"osm-node-339306890","name":"Quidhampton","kind":"community","osm_place_type":"village","source_id":"osm-node-339306890","source_family":"OpenStreetMap","dataset":"GEO2day Wiltshire OSM extract","publisher":"OpenStreetMap contributors","effective_date":"2026-07-24","licence":"Open Data Commons Open Database License (ODbL)"},"geometry":{"type":"Point","coordinates":[-1.8438477,51.0785164]}},{"type":"Feature","properties":{"place_id":"osm-node-339325208","name":"Burcombe","kind":"community","osm_place_type":"village","source_id":"osm-node-339325208","source_family":"OpenStreetMap","dataset":"GEO2day Wiltshire OSM extract","publisher":"OpenStreetMap contributors","effective_date":"2026-07-24","licence":"Open Data Commons Open Database License (ODbL)"},"geometry":{"type":"Point","coordinates":[-1.9020272,51.0781506]}},{"type":"Feature","properties":{"place_id":"osm-node-339325517","name":"Tisbury","kind":"community","osm_place_type":"village","source_id":"osm-node-339325517","source_family":"OpenStreetMap","dataset":"GEO2day Wiltshire OSM extract","publisher":"OpenStreetMap contributors","effective_date":"2026-07-24","licence":"Open Data Commons Open Database License (ODbL)"},"geometry":{"type":"Point","coordinates":[-2.0813363,51.0641502]}},{"type":"Feature","properties":{"place_id":"osm-node-339862783","name":"Chilton Foliat","kind":"community","osm_place_type":"village","source_id":"osm-node-339862783","source_family":"OpenStreetMap","dataset":"GEO2day Wiltshire OSM extract","publisher":"OpenStreetMap contributors","effective_date":"2026-07-24","licence":"Open Data Commons Open Database License (ODbL)"},"geometry":{"type":"Point","coordinates":[-1.5401788,51.4332784]}},{"type":"Feature","properties":{"place_id":"osm-node-339868746","name":"Aldbourne","kind":"community","osm_place_type":"village","source_id":"osm-node-339868746","source_family":"OpenStreetMap","dataset":"GEO2day Wiltshire OSM extract","publisher":"OpenStreetMap contributors","effective_date":"2026-07-24","licence":"Open Data Commons Open Database License (ODbL)"},"geometry":{"type":"Point","coordinates":[-1.6197755,51.4800064]}},{"type":"Feature","properties":{"place_id":"osm-node-339883719","name":"Baydon","kind":"community","osm_place_type":"village","source_id":"osm-node-339883719","source_family":"OpenStreetMap","dataset":"GEO2day Wiltshire OSM extract","publisher":"OpenStreetMap contributors","effective_date":"2026-07-24","licence":"Open Data Commons Open Database License (ODbL)"},"geometry":{"type":"Point","coordinates":[-1.5969011,51.500258]}},{"type":"Feature","properties":{"place_id":"osm-node-340401350","name":"Shalbourne","kind":"community","osm_place_type":"village","source_id":"osm-node-340401350","source_family":"OpenStreetMap","dataset":"GEO2day Wiltshire OSM extract","publisher":"OpenStreetMap contributors","effective_date":"2026-07-24","licence":"Open Data Commons Open Database License (ODbL)"},"geometry":{"type":"Point","coordinates":[-1.549011,51.3658886]}},{"type":"Feature","properties":{"place_id":"osm-node-340401351","name":"Ham","kind":"community","osm_place_type":"village","source_id":"osm-node-340401351","source_family":"OpenStreetMap","dataset":"GEO2day Wiltshire OSM extract","publisher":"OpenStreetMap contributors","effective_date":"2026-07-24","licence":"Open Data Commons Open Database License (ODbL)"},"geometry":{"type":"Point","coordinates":[-1.5278966,51.3652991]}},{"type":"Feature","properties":{"place_id":"osm-node-340402093","name":"Wilton","kind":"community","osm_place_type":"village","source_id":"osm-node-340402093","source_family":"OpenStreetMap","dataset":"GEO2day Wiltshire OSM extract","publisher":"OpenStreetMap contributors","effective_date":"2026-07-24","licence":"Open Data Commons Open Database License (ODbL)"},"geometry":{"type":"Point","coordinates":[-1.6175039,51.3519]}},{"type":"Feature","properties":{"place_id":"osm-node-340421249","name":"Chitterne","kind":"community","osm_place_type":"village","source_id":"osm-node-340421249","source_family":"OpenStreetMap","dataset":"GEO2day Wiltshire OSM extract","publisher":"OpenStreetMap contributors","effective_date":"2026-07-24","licence":"Open Data Commons Open Database License (ODbL)"},"geometry":{"type":"Point","coordinates":[-2.0118676,51.1963955]}},{"type":"Feature","properties":{"place_id":"osm-node-340474117","name":"Orcheston","kind":"community","osm_place_type":"village","source_id":"osm-node-340474117","source_family":"OpenStreetMap","dataset":"GEO2day Wiltshire OSM extract","publisher":"OpenStreetMap contributors","effective_date":"2026-07-24","licence":"Open Data Commons Open Database License (ODbL)"},"geometry":{"type":"Point","coordinates":[-1.916128,51.2069468]}},{"type":"Feature","properties":{"place_id":"osm-node-343961666","name":"Market Lavington","kind":"community","osm_place_type":"village","source_id":"osm-node-343961666","source_family":"OpenStreetMap","dataset":"GEO2day Wiltshire OSM extract","publisher":"OpenStreetMap contributors","effective_date":"2026-07-24","licence":"Open Data Commons Open Database License (ODbL)"},"geometry":{"type":"Point","coordinates":[-1.9793131,51.2867897]}},{"type":"Feature","properties":{"place_id":"osm-node-345830419","name":"Latton","kind":"community","osm_place_type":"village","source_id":"osm-node-345830419","source_family":"OpenStreetMap","dataset":"GEO2day Wiltshire OSM extract","publisher":"OpenStreetMap contributors","effective_date":"2026-07-24","licence":"Open Data Commons Open Database License (ODbL)"},"geometry":{"type":"Point","coordinates":[-1.8670237,51.6598523]}},{"type":"Feature","properties":{"place_id":"osm-node-348013276","name":"Bulkington","kind":"community","osm_place_type":"village","source_id":"osm-node-348013276","source_family":"OpenStreetMap","dataset":"GEO2day Wiltshire OSM extract","publisher":"OpenStreetMap contributors","effective_date":"2026-07-24","licence":"Open Data Commons Open Database License (ODbL)"},"geometry":{"type":"Point","coordinates":[-2.0840979,51.3251007]}},{"type":"Feature","properties":{"place_id":"osm-node-348014837","name":"Seend","kind":"community","osm_place_type":"village","source_id":"osm-node-348014837","source_family":"OpenStreetMap","dataset":"GEO2day Wiltshire OSM extract","publisher":"OpenStreetMap contributors","effective_date":"2026-07-24","licence":"Open Data Commons Open Database License (ODbL)"},"geometry":{"type":"Point","coordinates":[-2.0805593,51.3491206]}},{"type":"Feature","properties":{"place_id":"osm-node-348014912","name":"Seend Cleeve","kind":"community","osm_place_type":"village","source_id":"osm-node-348014912","source_family":"OpenStreetMap","dataset":"GEO2day Wiltshire OSM extract","publisher":"OpenStreetMap contributors","effective_date":"2026-07-24","licence":"Open Data Commons Open Database License (ODbL)"},"geometry":{"type":"Point","coordinates":[-2.1002736,51.3481873]}},{"type":"Feature","properties":{"place_id":"osm-node-348015054","name":"Great Hinton","kind":"community","osm_place_type":"village","source_id":"osm-node-348015054","source_family":"OpenStreetMap","dataset":"GEO2day Wiltshire OSM extract","publisher":"OpenStreetMap contributors","effective_date":"2026-07-24","licence":"Open Data Commons Open Database License (ODbL)"},"geometry":{"type":"Point","coordinates":[-2.1325577,51.3313901]}},{"type":"Feature","properties":{"place_id":"osm-node-353178637","name":"Stourton","kind":"community","osm_place_type":"village","source_id":"osm-node-353178637","source_family":"OpenStreetMap","dataset":"GEO2day Wiltshire OSM extract","publisher":"OpenStreetMap contributors","effective_date":"2026-07-24","licence":"Open Data Commons Open Database License (ODbL)"},"geometry":{"type":"Point","coordinates":[-2.3213298,51.1043292]}},{"type":"Feature","properties":{"place_id":"osm-node-353730813","name":"Colerne","kind":"community","osm_place_type":"village","source_id":"osm-node-353730813","source_family":"OpenStreetMap","dataset":"GEO2day Wiltshire OSM extract","publisher":"OpenStreetMap contributors","effective_date":"2026-07-24","licence":"Open Data Commons Open Database License (ODbL)","population":4000},"geometry":{"type":"Point","coordinates":[-2.2621002,51.4390954]}},{"type":"Feature","properties":{"place_id":"osm-node-353809791","name":"Upper Woodford","kind":"community","osm_place_type":"village","source_id":"osm-node-353809791","source_family":"OpenStreetMap","dataset":"GEO2day Wiltshire OSM extract","publisher":"OpenStreetMap contributors","effective_date":"2026-07-24","licence":"Open Data Commons Open Database License (ODbL)"},"geometry":{"type":"Point","coordinates":[-1.823484,51.1351189]}},{"type":"Feature","properties":{"place_id":"osm-node-353810549","name":"Middle Woodford","kind":"community","osm_place_type":"village","source_id":"osm-node-353810549","source_family":"OpenStreetMap","dataset":"GEO2day Wiltshire OSM extract","publisher":"OpenStreetMap contributors","effective_date":"2026-07-24","licence":"Open Data Commons Open Database License (ODbL)"},"geometry":{"type":"Point","coordinates":[-1.8303934,51.1239421]}},{"type":"Feature","properties":{"place_id":"osm-node-353810839","name":"Lower Woodford","kind":"community","osm_place_type":"village","source_id":"osm-node-353810839","source_family":"OpenStreetMap","dataset":"GEO2day Wiltshire OSM extract","publisher":"OpenStreetMap contributors","effective_date":"2026-07-24","licence":"Open Data Commons Open Database License (ODbL)"},"geometry":{"type":"Point","coordinates":[-1.8219391,51.116739]}},{"type":"Feature","properties":{"place_id":"osm-node-357923055","name":"Figheldean","kind":"community","osm_place_type":"village","source_id":"osm-node-357923055","source_family":"OpenStreetMap","dataset":"GEO2day Wiltshire OSM extract","publisher":"OpenStreetMap contributors","effective_date":"2026-07-24","licence":"Open Data Commons Open Database License (ODbL)"},"geometry":{"type":"Point","coordinates":[-1.7818847,51.2229562]}},{"type":"Feature","properties":{"place_id":"osm-node-358347069","name":"Sopworth","kind":"community","osm_place_type":"village","source_id":"osm-node-358347069","source_family":"OpenStreetMap","dataset":"GEO2day Wiltshire OSM extract","publisher":"OpenStreetMap contributors","effective_date":"2026-07-24","licence":"Open Data Commons Open Database License (ODbL)"},"geometry":{"type":"Point","coordinates":[-2.2507173,51.5745562]}},{"type":"Feature","properties":{"place_id":"osm-node-358499985","name":"West Amesbury","kind":"community","osm_place_type":"village","source_id":"osm-node-358499985","source_family":"OpenStreetMap","dataset":"GEO2day Wiltshire OSM extract","publisher":"OpenStreetMap contributors","effective_date":"2026-07-24","licence":"Open Data Commons Open Database License (ODbL)"},"geometry":{"type":"Point","coordinates":[-1.8008679,51.1718483]}},{"type":"Feature","properties":{"place_id":"osm-node-362986431","name":"Chilmark","kind":"community","osm_place_type":"village","source_id":"osm-node-362986431","source_family":"OpenStreetMap","dataset":"GEO2day Wiltshire OSM extract","publisher":"OpenStreetMap contributors","effective_date":"2026-07-24","licence":"Open Data Commons Open Database License (ODbL)"},"geometry":{"type":"Point","coordinates":[-2.0469931,51.0934474]}},{"type":"Feature","properties":{"place_id":"osm-node-362988598","name":"Hindon","kind":"community","osm_place_type":"village","source_id":"osm-node-362988598","source_family":"OpenStreetMap","dataset":"GEO2day Wiltshire OSM extract","publisher":"OpenStreetMap contributors","effective_date":"2026-07-24","licence":"Open Data Commons Open Database License (ODbL)"},"geometry":{"type":"Point","coordinates":[-2.126644,51.0950646]}},{"type":"Feature","properties":{"place_id":"osm-node-370821541","name":"Broad Hinton","kind":"community","osm_place_type":"village","source_id":"osm-node-370821541","source_family":"OpenStreetMap","dataset":"GEO2day Wiltshire OSM extract","publisher":"OpenStreetMap contributors","effective_date":"2026-07-24","licence":"Open Data Commons Open Database License (ODbL)"},"geometry":{"type":"Point","coordinates":[-1.8485668,51.4880835]}},{"type":"Feature","properties":{"place_id":"osm-node-380280470","name":"Horningsham","kind":"community","osm_place_type":"village","source_id":"osm-node-380280470","source_family":"OpenStreetMap","dataset":"GEO2day Wiltshire OSM extract","publisher":"OpenStreetMap contributors","effective_date":"2026-07-24","licence":"Open Data Commons Open Database License (ODbL)"},"geometry":{"type":"Point","coordinates":[-2.271254,51.1723714]}},{"type":"Feature","properties":{"place_id":"osm-node-395505908","name":"Gastard","kind":"community","osm_place_type":"village","source_id":"osm-node-395505908","source_family":"OpenStreetMap","dataset":"GEO2day Wiltshire OSM extract","publisher":"OpenStreetMap contributors","effective_date":"2026-07-24","licence":"Open Data Commons Open Database License (ODbL)"},"geometry":{"type":"Point","coordinates":[-2.1661952,51.4158496]}},{"type":"Feature","properties":{"place_id":"osm-node-413600113","name":"Langley Burrell","kind":"community","osm_place_type":"village","source_id":"osm-node-413600113","source_family":"OpenStreetMap","dataset":"GEO2day Wiltshire OSM extract","publisher":"OpenStreetMap contributors","effective_date":"2026-07-24","licence":"Open Data Commons Open Database License (ODbL)"},"geometry":{"type":"Point","coordinates":[-2.097467,51.4760961]}},{"type":"Feature","properties":{"place_id":"osm-node-413601055","name":"Foxham","kind":"community","osm_place_type":"village","source_id":"osm-node-413601055","source_family":"OpenStreetMap","dataset":"GEO2day Wiltshire OSM extract","publisher":"OpenStreetMap contributors","effective_date":"2026-07-24","licence":"Open Data Commons Open Database License (ODbL)"},"geometry":{"type":"Point","coordinates":[-2.0362174,51.4930992]}},{"type":"Feature","properties":{"place_id":"osm-node-413602139","name":"Christian Malford","kind":"community","osm_place_type":"village","source_id":"osm-node-413602139","source_family":"OpenStreetMap","dataset":"GEO2day Wiltshire OSM extract","publisher":"OpenStreetMap contributors","effective_date":"2026-07-24","licence":"Open Data Commons Open Database License (ODbL)"},"geometry":{"type":"Point","coordinates":[-2.0527827,51.5080066]}},{"type":"Feature","properties":{"place_id":"osm-node-429236796","name":"Wilsford","kind":"community","osm_place_type":"village","source_id":"osm-node-429236796","source_family":"OpenStreetMap","dataset":"GEO2day Wiltshire OSM extract","publisher":"OpenStreetMap contributors","effective_date":"2026-07-24","licence":"Open Data Commons Open Database License (ODbL)"},"geometry":{"type":"Point","coordinates":[-1.8594695,51.3141159]}},{"type":"Feature","properties":{"place_id":"osm-node-433479298","name":"Bulford","kind":"community","osm_place_type":"village","source_id":"osm-node-433479298","source_family":"OpenStreetMap","dataset":"GEO2day Wiltshire OSM extract","publisher":"OpenStreetMap contributors","effective_date":"2026-07-24","licence":"Open Data Commons Open Database License (ODbL)"},"geometry":{"type":"Point","coordinates":[-1.7580703,51.1907729]}},{"type":"Feature","properties":{"place_id":"osm-node-436174215","name":"Donhead St Mary","kind":"community","osm_place_type":"village","source_id":"osm-node-436174215","source_family":"OpenStreetMap","dataset":"GEO2day Wiltshire OSM extract","publisher":"OpenStreetMap contributors","effective_date":"2026-07-24","licence":"Open Data Commons Open Database License (ODbL)"},"geometry":{"type":"Point","coordinates":[-2.1336187,51.0186964]}},{"type":"Feature","properties":{"place_id":"osm-node-436174216","name":"Donhead St Andrew","kind":"community","osm_place_type":"village","source_id":"osm-node-436174216","source_family":"OpenStreetMap","dataset":"GEO2day Wiltshire OSM extract","publisher":"OpenStreetMap contributors","effective_date":"2026-07-24","licence":"Open Data Commons Open Database License (ODbL)"},"geometry":{"type":"Point","coordinates":[-2.119943,51.0227951]}},{"type":"Feature","properties":{"place_id":"osm-node-436174218","name":"Semley","kind":"community","osm_place_type":"village","source_id":"osm-node-436174218","source_family":"OpenStreetMap","dataset":"GEO2day Wiltshire OSM extract","publisher":"OpenStreetMap contributors","effective_date":"2026-07-24","licence":"Open Data Commons Open Database License (ODbL)"},"geometry":{"type":"Point","coordinates":[-2.1562572,51.0413707]}},{"type":"Feature","properties":{"place_id":"osm-node-436174219","name":"Ansty","kind":"community","osm_place_type":"village","source_id":"osm-node-436174219","source_family":"OpenStreetMap","dataset":"GEO2day Wiltshire OSM extract","publisher":"OpenStreetMap contributors","effective_date":"2026-07-24","licence":"Open Data Commons Open Database License (ODbL)"},"geometry":{"type":"Point","coordinates":[-2.0629594,51.037159]}},{"type":"Feature","properties":{"place_id":"osm-node-436174220","name":"Fonthill Gifford","kind":"community","osm_place_type":"village","source_id":"osm-node-436174220","source_family":"OpenStreetMap","dataset":"GEO2day Wiltshire OSM extract","publisher":"OpenStreetMap contributors","effective_date":"2026-07-24","licence":"Open Data Commons Open Database License (ODbL)"},"geometry":{"type":"Point","coordinates":[-2.1033393,51.0811477]}},{"type":"Feature","properties":{"place_id":"osm-node-436174221","name":"Fonthill Bishop","kind":"community","osm_place_type":"village","source_id":"osm-node-436174221","source_family":"OpenStreetMap","dataset":"GEO2day Wiltshire OSM extract","publisher":"OpenStreetMap contributors","effective_date":"2026-07-24","licence":"Open Data Commons Open Database License (ODbL)"},"geometry":{"type":"Point","coordinates":[-2.0954327,51.0949803]}},{"type":"Feature","properties":{"place_id":"osm-node-436174222","name":"Chicklade","kind":"community","osm_place_type":"village","source_id":"osm-node-436174222","source_family":"OpenStreetMap","dataset":"GEO2day Wiltshire OSM extract","publisher":"OpenStreetMap contributors","effective_date":"2026-07-24","licence":"Open Data Commons Open Database License (ODbL)"},"geometry":{"type":"Point","coordinates":[-2.1265136,51.1103634]}},{"type":"Feature","properties":{"place_id":"osm-node-436174224","name":"Berwick St Leonard","kind":"community","osm_place_type":"village","source_id":"osm-node-436174224","source_family":"OpenStreetMap","dataset":"GEO2day Wiltshire OSM extract","publisher":"OpenStreetMap contributors","effective_date":"2026-07-24","licence":"Open Data Commons Open Database License (ODbL)"},"geometry":{"type":"Point","coordinates":[-2.1067404,51.0970778]}},{"type":"Feature","properties":{"place_id":"osm-node-436174225","name":"West Knoyle","kind":"community","osm_place_type":"village","source_id":"osm-node-436174225","source_family":"OpenStreetMap","dataset":"GEO2day Wiltshire OSM extract","publisher":"OpenStreetMap contributors","effective_date":"2026-07-24","licence":"Open Data Commons Open Database License (ODbL)"},"geometry":{"type":"Point","coordinates":[-2.2066869,51.0901705]}},{"type":"Feature","properties":{"place_id":"osm-node-437310552","name":"Ludwell","kind":"community","osm_place_type":"village","source_id":"osm-node-437310552","source_family":"OpenStreetMap","dataset":"GEO2day Wiltshire OSM extract","publisher":"OpenStreetMap contributors","effective_date":"2026-07-24","licence":"Open Data Commons Open Database License (ODbL)"},"geometry":{"type":"Point","coordinates":[-2.1290651,51.0038328]}},{"type":"Feature","properties":{"place_id":"osm-node-437310997","name":"Charlton","kind":"community","osm_place_type":"village","source_id":"osm-node-437310997","source_family":"OpenStreetMap","dataset":"GEO2day Wiltshire OSM extract","publisher":"OpenStreetMap contributors","effective_date":"2026-07-24","licence":"Open Data Commons Open Database License (ODbL)"},"geometry":{"type":"Point","coordinates":[-2.1383209,50.9973086]}},{"type":"Feature","properties":{"place_id":"osm-node-441397793","name":"Monkton Farleigh","kind":"community","osm_place_type":"village","source_id":"osm-node-441397793","source_family":"OpenStreetMap","dataset":"GEO2day Wiltshire OSM extract","publisher":"OpenStreetMap contributors","effective_date":"2026-07-24","licence":"Open Data Commons Open Database License (ODbL)"},"geometry":{"type":"Point","coordinates":[-2.2818557,51.3877446]}},{"type":"Feature","properties":{"place_id":"osm-node-443376161","name":"Fisherton de la Mere","kind":"community","osm_place_type":"village","source_id":"osm-node-443376161","source_family":"OpenStreetMap","dataset":"GEO2day Wiltshire OSM extract","publisher":"OpenStreetMap contributors","effective_date":"2026-07-24","licence":"Open Data Commons Open Database License (ODbL)"},"geometry":{"type":"Point","coordinates":[-2.0010783,51.1460175]}},{"type":"Feature","properties":{"place_id":"osm-node-444473831","name":"Atworth","kind":"community","osm_place_type":"village","source_id":"osm-node-444473831","source_family":"OpenStreetMap","dataset":"GEO2day Wiltshire OSM extract","publisher":"OpenStreetMap contributors","effective_date":"2026-07-24","licence":"Open Data Commons Open Database License (ODbL)"},"geometry":{"type":"Point","coordinates":[-2.1927833,51.3913634]}},{"type":"Feature","properties":{"place_id":"osm-node-444473835","name":"Whitley","kind":"community","osm_place_type":"village","source_id":"osm-node-444473835","source_family":"OpenStreetMap","dataset":"GEO2day Wiltshire OSM extract","publisher":"OpenStreetMap contributors","effective_date":"2026-07-24","licence":"Open Data Commons Open Database License (ODbL)"},"geometry":{"type":"Point","coordinates":[-2.1673972,51.3952682]}},{"type":"Feature","properties":{"place_id":"osm-node-444830066","name":"South Wraxall","kind":"community","osm_place_type":"village","source_id":"osm-node-444830066","source_family":"OpenStreetMap","dataset":"GEO2day Wiltshire OSM extract","publisher":"OpenStreetMap contributors","effective_date":"2026-07-24","licence":"Open Data Commons Open Database License (ODbL)","population":501},"geometry":{"type":"Point","coordinates":[-2.2423297,51.3817805]}},{"type":"Feature","properties":{"place_id":"osm-node-444939222","name":"Purton Stoke","kind":"community","osm_place_type":"village","source_id":"osm-node-444939222","source_family":"OpenStreetMap","dataset":"GEO2day Wiltshire OSM extract","publisher":"OpenStreetMap contributors","effective_date":"2026-07-24","licence":"Open Data Commons Open Database License (ODbL)"},"geometry":{"type":"Point","coordinates":[-1.8708114,51.6137322]}},{"type":"Feature","properties":{"place_id":"osm-node-451896677","name":"Oaksey","kind":"community","osm_place_type":"village","source_id":"osm-node-451896677","source_family":"OpenStreetMap","dataset":"GEO2day Wiltshire OSM extract","publisher":"OpenStreetMap contributors","effective_date":"2026-07-24","licence":"Open Data Commons Open Database License (ODbL)"},"geometry":{"type":"Point","coordinates":[-2.0147865,51.6412599]}},{"type":"Feature","properties":{"place_id":"osm-node-459506893","name":"North Bradley","kind":"community","osm_place_type":"village","source_id":"osm-node-459506893","source_family":"OpenStreetMap","dataset":"GEO2day Wiltshire OSM extract","publisher":"OpenStreetMap contributors","effective_date":"2026-07-24","licence":"Open Data Commons Open Database License (ODbL)"},"geometry":{"type":"Point","coordinates":[-2.2077092,51.2952587]}},{"type":"Feature","properties":{"place_id":"osm-node-512023919","name":"Urchfont","kind":"community","osm_place_type":"village","source_id":"osm-node-512023919","source_family":"OpenStreetMap","dataset":"GEO2day Wiltshire OSM extract","publisher":"OpenStreetMap contributors","effective_date":"2026-07-24","licence":"Open Data Commons Open Database License (ODbL)"},"geometry":{"type":"Point","coordinates":[-1.9454225,51.3125729]}},{"type":"Feature","properties":{"place_id":"osm-node-512023922","name":"Wedhampton","kind":"community","osm_place_type":"village","source_id":"osm-node-512023922","source_family":"OpenStreetMap","dataset":"GEO2day Wiltshire OSM extract","publisher":"OpenStreetMap contributors","effective_date":"2026-07-24","licence":"Open Data Commons Open Database License (ODbL)"},"geometry":{"type":"Point","coordinates":[-1.9160784,51.3181815]}},{"type":"Feature","properties":{"place_id":"osm-node-529017128","name":"Sutton Mandeville","kind":"community","osm_place_type":"village","source_id":"osm-node-529017128","source_family":"OpenStreetMap","dataset":"GEO2day Wiltshire OSM extract","publisher":"OpenStreetMap contributors","effective_date":"2026-07-24","licence":"Open Data Commons Open Database License (ODbL)"},"geometry":{"type":"Point","coordinates":[-2.0192528,51.0585319]}},{"type":"Feature","properties":{"place_id":"osm-node-573386176","name":"Holt","kind":"community","osm_place_type":"village","source_id":"osm-node-573386176","source_family":"OpenStreetMap","dataset":"GEO2day Wiltshire OSM extract","publisher":"OpenStreetMap contributors","effective_date":"2026-07-24","licence":"Open Data Commons Open Database License (ODbL)"},"geometry":{"type":"Point","coordinates":[-2.196879,51.3548578]}},{"type":"Feature","properties":{"place_id":"osm-node-598181094","name":"Ashley","kind":"community","osm_place_type":"village","source_id":"osm-node-598181094","source_family":"OpenStreetMap","dataset":"GEO2day Wiltshire OSM extract","publisher":"OpenStreetMap contributors","effective_date":"2026-07-24","licence":"Open Data Commons Open Database License (ODbL)"},"geometry":{"type":"Point","coordinates":[-2.2673957,51.4143032]}},{"type":"Feature","properties":{"place_id":"osm-node-610347880","name":"Burbage","kind":"community","osm_place_type":"village","source_id":"osm-node-610347880","source_family":"OpenStreetMap","dataset":"GEO2day Wiltshire OSM extract","publisher":"OpenStreetMap contributors","effective_date":"2026-07-24","licence":"Open Data Commons Open Database License (ODbL)"},"geometry":{"type":"Point","coordinates":[-1.6671204,51.3499113]}},{"type":"Feature","properties":{"place_id":"osm-node-611665815","name":"Chapmanslade","kind":"community","osm_place_type":"village","source_id":"osm-node-611665815","source_family":"OpenStreetMap","dataset":"GEO2day Wiltshire OSM extract","publisher":"OpenStreetMap contributors","effective_date":"2026-07-24","licence":"Open Data Commons Open Database License (ODbL)"},"geometry":{"type":"Point","coordinates":[-2.2522039,51.2294025]}},{"type":"Feature","properties":{"place_id":"osm-node-618460526","name":"Lower Chute","kind":"community","osm_place_type":"village","source_id":"osm-node-618460526","source_family":"OpenStreetMap","dataset":"GEO2day Wiltshire OSM extract","publisher":"OpenStreetMap contributors","effective_date":"2026-07-24","licence":"Open Data Commons Open Database License (ODbL)"},"geometry":{"type":"Point","coordinates":[-1.5536973,51.2764481]}},{"type":"Feature","properties":{"place_id":"osm-node-619489130","name":"Chute Forest","kind":"community","osm_place_type":"village","source_id":"osm-node-619489130","source_family":"OpenStreetMap","dataset":"GEO2day Wiltshire OSM extract","publisher":"OpenStreetMap contributors","effective_date":"2026-07-24","licence":"Open Data Commons Open Database License (ODbL)"},"geometry":{"type":"Point","coordinates":[-1.5565393,51.2634688]}},{"type":"Feature","properties":{"place_id":"osm-node-642366110","name":"Upper Chute","kind":"community","osm_place_type":"village","source_id":"osm-node-642366110","source_family":"OpenStreetMap","dataset":"GEO2day Wiltshire OSM extract","publisher":"OpenStreetMap contributors","effective_date":"2026-07-24","licence":"Open Data Commons Open Database License (ODbL)"},"geometry":{"type":"Point","coordinates":[-1.5742954,51.2835397]}},{"type":"Feature","properties":{"place_id":"osm-node-660623321","name":"Cholderton","kind":"community","osm_place_type":"village","source_id":"osm-node-660623321","source_family":"OpenStreetMap","dataset":"GEO2day Wiltshire OSM extract","publisher":"OpenStreetMap contributors","effective_date":"2026-07-24","licence":"Open Data Commons Open Database License (ODbL)"},"geometry":{"type":"Point","coordinates":[-1.6779242,51.180001]}},{"type":"Feature","properties":{"place_id":"osm-node-700339644","name":"East Kennett","kind":"community","osm_place_type":"village","source_id":"osm-node-700339644","source_family":"OpenStreetMap","dataset":"GEO2day Wiltshire OSM extract","publisher":"OpenStreetMap contributors","effective_date":"2026-07-24","licence":"Open Data Commons Open Database License (ODbL)"},"geometry":{"type":"Point","coordinates":[-1.8315405,51.4062355]}},{"type":"Feature","properties":{"place_id":"osm-node-861731380","name":"East Grimstead","kind":"community","osm_place_type":"village","source_id":"osm-node-861731380","source_family":"OpenStreetMap","dataset":"GEO2day Wiltshire OSM extract","publisher":"OpenStreetMap contributors","effective_date":"2026-07-24","licence":"Open Data Commons Open Database License (ODbL)"},"geometry":{"type":"Point","coordinates":[-1.6785009,51.0493408]}},{"type":"Feature","properties":{"place_id":"osm-node-902302778","name":"Beanacre","kind":"community","osm_place_type":"village","source_id":"osm-node-902302778","source_family":"OpenStreetMap","dataset":"GEO2day Wiltshire OSM extract","publisher":"OpenStreetMap contributors","effective_date":"2026-07-24","licence":"Open Data Commons Open Database License (ODbL)"},"geometry":{"type":"Point","coordinates":[-2.1386103,51.3958256]}},{"type":"Feature","properties":{"place_id":"osm-node-903409483","name":"Semington","kind":"community","osm_place_type":"village","source_id":"osm-node-903409483","source_family":"OpenStreetMap","dataset":"GEO2day Wiltshire OSM extract","publisher":"OpenStreetMap contributors","effective_date":"2026-07-24","licence":"Open Data Commons Open Database License (ODbL)"},"geometry":{"type":"Point","coordinates":[-2.1485026,51.3443116]}},{"type":"Feature","properties":{"place_id":"osm-node-904479176","name":"Berryfield","kind":"community","osm_place_type":"village","source_id":"osm-node-904479176","source_family":"OpenStreetMap","dataset":"GEO2day Wiltshire OSM extract","publisher":"OpenStreetMap contributors","effective_date":"2026-07-24","licence":"Open Data Commons Open Database License (ODbL)"},"geometry":{"type":"Point","coordinates":[-2.1475932,51.3602136]}},{"type":"Feature","properties":{"place_id":"osm-node-906758245","name":"Crockerton","kind":"community","osm_place_type":"village","source_id":"osm-node-906758245","source_family":"OpenStreetMap","dataset":"GEO2day Wiltshire OSM extract","publisher":"OpenStreetMap contributors","effective_date":"2026-07-24","licence":"Open Data Commons Open Database License (ODbL)"},"geometry":{"type":"Point","coordinates":[-2.1989263,51.1818093]}},{"type":"Feature","properties":{"place_id":"osm-node-927241903","name":"Kilmington","kind":"community","osm_place_type":"village","source_id":"osm-node-927241903","source_family":"OpenStreetMap","dataset":"GEO2day Wiltshire OSM extract","publisher":"OpenStreetMap contributors","effective_date":"2026-07-24","licence":"Open Data Commons Open Database License (ODbL)"},"geometry":{"type":"Point","coordinates":[-2.3219806,51.1233561]}},{"type":"Feature","properties":{"place_id":"osm-node-959220839","name":"Berwick St John","kind":"community","osm_place_type":"village","source_id":"osm-node-959220839","source_family":"OpenStreetMap","dataset":"GEO2day Wiltshire OSM extract","publisher":"OpenStreetMap contributors","effective_date":"2026-07-24","licence":"Open Data Commons Open Database License (ODbL)"},"geometry":{"type":"Point","coordinates":[-2.0793027,50.9987405]}},{"type":"Feature","properties":{"place_id":"osm-node-985956236","name":"Hill Deverill","kind":"community","osm_place_type":"village","source_id":"osm-node-985956236","source_family":"OpenStreetMap","dataset":"GEO2day Wiltshire OSM extract","publisher":"OpenStreetMap contributors","effective_date":"2026-07-24","licence":"Open Data Commons Open Database License (ODbL)"},"geometry":{"type":"Point","coordinates":[-2.1888226,51.1633922]}},{"type":"Feature","properties":{"place_id":"osm-node-1044240624","name":"Porton","kind":"community","osm_place_type":"village","source_id":"osm-node-1044240624","source_family":"OpenStreetMap","dataset":"GEO2day Wiltshire OSM extract","publisher":"OpenStreetMap contributors","effective_date":"2026-07-24","licence":"Open Data Commons Open Database License (ODbL)"},"geometry":{"type":"Point","coordinates":[-1.7325081,51.1284923]}},{"type":"Feature","properties":{"place_id":"osm-node-1044240627","name":"Tidworth","kind":"community","osm_place_type":"town","source_id":"osm-node-1044240627","source_family":"OpenStreetMap","dataset":"GEO2day Wiltshire OSM extract","publisher":"OpenStreetMap contributors","effective_date":"2026-07-24","licence":"Open Data Commons Open Database License (ODbL)"},"geometry":{"type":"Point","coordinates":[-1.6642138,51.2380669]}},{"type":"Feature","properties":{"place_id":"osm-node-1120496589","name":"Alvediston","kind":"community","osm_place_type":"village","source_id":"osm-node-1120496589","source_family":"OpenStreetMap","dataset":"GEO2day Wiltshire OSM extract","publisher":"OpenStreetMap contributors","effective_date":"2026-07-24","licence":"Open Data Commons Open Database License (ODbL)"},"geometry":{"type":"Point","coordinates":[-2.033909,51.0101777]}},{"type":"Feature","properties":{"place_id":"osm-node-1120532769","name":"Ebbesbourne Wake","kind":"community","osm_place_type":"village","source_id":"osm-node-1120532769","source_family":"OpenStreetMap","dataset":"GEO2day Wiltshire OSM extract","publisher":"OpenStreetMap contributors","effective_date":"2026-07-24","licence":"Open Data Commons Open Database License (ODbL)"},"geometry":{"type":"Point","coordinates":[-2.0134908,51.0169125]}},{"type":"Feature","properties":{"place_id":"osm-node-1122546179","name":"Swallowcliffe","kind":"community","osm_place_type":"village","source_id":"osm-node-1122546179","source_family":"OpenStreetMap","dataset":"GEO2day Wiltshire OSM extract","publisher":"OpenStreetMap contributors","effective_date":"2026-07-24","licence":"Open Data Commons Open Database License (ODbL)"},"geometry":{"type":"Point","coordinates":[-2.0496802,51.0434716]}},{"type":"Feature","properties":{"place_id":"osm-node-1128586230","name":"Sutton Veny","kind":"community","osm_place_type":"village","source_id":"osm-node-1128586230","source_family":"OpenStreetMap","dataset":"GEO2day Wiltshire OSM extract","publisher":"OpenStreetMap contributors","effective_date":"2026-07-24","licence":"Open Data Commons Open Database License (ODbL)"},"geometry":{"type":"Point","coordinates":[-2.138668,51.1743194]}},{"type":"Feature","properties":{"place_id":"osm-node-1130252613","name":"Coombe Bissett","kind":"community","osm_place_type":"village","source_id":"osm-node-1130252613","source_family":"OpenStreetMap","dataset":"GEO2day Wiltshire OSM extract","publisher":"OpenStreetMap contributors","effective_date":"2026-07-24","licence":"Open Data Commons Open Database License (ODbL)"},"geometry":{"type":"Point","coordinates":[-1.8440789,51.0349207]}},{"type":"Feature","properties":{"place_id":"osm-node-1134623072","name":"Compton Chamberlayne","kind":"community","osm_place_type":"village","source_id":"osm-node-1134623072","source_family":"OpenStreetMap","dataset":"GEO2day Wiltshire OSM extract","publisher":"OpenStreetMap contributors","effective_date":"2026-07-24","licence":"Open Data Commons Open Database License (ODbL)"},"geometry":{"type":"Point","coordinates":[-1.9589038,51.064945]}},{"type":"Feature","properties":{"place_id":"osm-node-1141013063","name":"Broad Town","kind":"community","osm_place_type":"village","source_id":"osm-node-1141013063","source_family":"OpenStreetMap","dataset":"GEO2day Wiltshire OSM extract","publisher":"OpenStreetMap contributors","effective_date":"2026-07-24","licence":"Open Data Commons Open Database License (ODbL)"},"geometry":{"type":"Point","coordinates":[-1.870409,51.49889]}},{"type":"Feature","properties":{"place_id":"osm-node-1141192485","name":"Brinkworth","kind":"community","osm_place_type":"village","source_id":"osm-node-1141192485","source_family":"OpenStreetMap","dataset":"GEO2day Wiltshire OSM extract","publisher":"OpenStreetMap contributors","effective_date":"2026-07-24","licence":"Open Data Commons Open Database License (ODbL)"},"geometry":{"type":"Point","coordinates":[-1.9782736,51.559762]}},{"type":"Feature","properties":{"place_id":"osm-node-1141869032","name":"Boyton","kind":"community","osm_place_type":"village","source_id":"osm-node-1141869032","source_family":"OpenStreetMap","dataset":"GEO2day Wiltshire OSM extract","publisher":"OpenStreetMap contributors","effective_date":"2026-07-24","licence":"Open Data Commons Open Database License (ODbL)"},"geometry":{"type":"Point","coordinates":[-2.0715224,51.1548014]}},{"type":"Feature","properties":{"place_id":"osm-node-1141869040","name":"Sherrington","kind":"community","osm_place_type":"village","source_id":"osm-node-1141869040","source_family":"OpenStreetMap","dataset":"GEO2day Wiltshire OSM extract","publisher":"OpenStreetMap contributors","effective_date":"2026-07-24","licence":"Open Data Commons Open Database License (ODbL)"},"geometry":{"type":"Point","coordinates":[-2.0557113,51.1508181]}},{"type":"Feature","properties":{"place_id":"osm-node-1141869049","name":"Stockton","kind":"community","osm_place_type":"village","source_id":"osm-node-1141869049","source_family":"OpenStreetMap","dataset":"GEO2day Wiltshire OSM extract","publisher":"OpenStreetMap contributors","effective_date":"2026-07-24","licence":"Open Data Commons Open Database License (ODbL)"},"geometry":{"type":"Point","coordinates":[-2.0293184,51.145407]}},{"type":"Feature","properties":{"place_id":"osm-node-1177502595","name":"Bradenstoke","kind":"community","osm_place_type":"village","source_id":"osm-node-1177502595","source_family":"OpenStreetMap","dataset":"GEO2day Wiltshire OSM extract","publisher":"OpenStreetMap contributors","effective_date":"2026-07-24","licence":"Open Data Commons Open Database License (ODbL)"},"geometry":{"type":"Point","coordinates":[-1.9984446,51.513871]}},{"type":"Feature","properties":{"place_id":"osm-node-1202913562","name":"Ford","kind":"community","osm_place_type":"village","source_id":"osm-node-1202913562","source_family":"OpenStreetMap","dataset":"GEO2day Wiltshire OSM extract","publisher":"OpenStreetMap contributors","effective_date":"2026-07-24","licence":"Open Data Commons Open Database License (ODbL)"},"geometry":{"type":"Point","coordinates":[-1.7758993,51.0952555]}},{"type":"Feature","properties":{"place_id":"osm-node-1278503548","name":"Stockley","kind":"community","osm_place_type":"village","source_id":"osm-node-1278503548","source_family":"OpenStreetMap","dataset":"GEO2day Wiltshire OSM extract","publisher":"OpenStreetMap contributors","effective_date":"2026-07-24","licence":"Open Data Commons Open Database License (ODbL)"},"geometry":{"type":"Point","coordinates":[-1.9975019,51.4060243]}},{"type":"Feature","properties":{"place_id":"osm-node-1279012407","name":"Bowden Hill","kind":"community","osm_place_type":"village","source_id":"osm-node-1279012407","source_family":"OpenStreetMap","dataset":"GEO2day Wiltshire OSM extract","publisher":"OpenStreetMap contributors","effective_date":"2026-07-24","licence":"Open Data Commons Open Database License (ODbL)"},"geometry":{"type":"Point","coordinates":[-2.0940864,51.4110718]}},{"type":"Feature","properties":{"place_id":"osm-node-1399213120","name":"Farley","kind":"community","osm_place_type":"village","source_id":"osm-node-1399213120","source_family":"OpenStreetMap","dataset":"GEO2day Wiltshire OSM extract","publisher":"OpenStreetMap contributors","effective_date":"2026-07-24","licence":"Open Data Commons Open Database License (ODbL)"},"geometry":{"type":"Point","coordinates":[-1.680866,51.0638863]}},{"type":"Feature","properties":{"place_id":"osm-node-1407398367","name":"Alton Priors","kind":"community","osm_place_type":"village","source_id":"osm-node-1407398367","source_family":"OpenStreetMap","dataset":"GEO2day Wiltshire OSM extract","publisher":"OpenStreetMap contributors","effective_date":"2026-07-24","licence":"Open Data Commons Open Database License (ODbL)"},"geometry":{"type":"Point","coordinates":[-1.8424802,51.3590847]}},{"type":"Feature","properties":{"place_id":"osm-node-1416941164","name":"Corsley Heath","kind":"community","osm_place_type":"village","source_id":"osm-node-1416941164","source_family":"OpenStreetMap","dataset":"GEO2day Wiltshire OSM extract","publisher":"OpenStreetMap contributors","effective_date":"2026-07-24","licence":"Open Data Commons Open Database License (ODbL)"},"geometry":{"type":"Point","coordinates":[-2.2589342,51.2088796]}},{"type":"Feature","properties":{"place_id":"osm-node-1429063172","name":"Lockeridge","kind":"community","osm_place_type":"village","source_id":"osm-node-1429063172","source_family":"OpenStreetMap","dataset":"GEO2day Wiltshire OSM extract","publisher":"OpenStreetMap contributors","effective_date":"2026-07-24","licence":"Open Data Commons Open Database License (ODbL)"},"geometry":{"type":"Point","coordinates":[-1.7894686,51.4086928]}},{"type":"Feature","properties":{"place_id":"osm-node-1429150264","name":"West Overton","kind":"community","osm_place_type":"village","source_id":"osm-node-1429150264","source_family":"OpenStreetMap","dataset":"GEO2day Wiltshire OSM extract","publisher":"OpenStreetMap contributors","effective_date":"2026-07-24","licence":"Open Data Commons Open Database License (ODbL)"},"geometry":{"type":"Point","coordinates":[-1.8130385,51.4102421]}},{"type":"Feature","properties":{"place_id":"osm-node-1445885001","name":"Great Durnford","kind":"community","osm_place_type":"village","source_id":"osm-node-1445885001","source_family":"OpenStreetMap","dataset":"GEO2day Wiltshire OSM extract","publisher":"OpenStreetMap contributors","effective_date":"2026-07-24","licence":"Open Data Commons Open Database License (ODbL)"},"geometry":{"type":"Point","coordinates":[-1.8060451,51.1427022]}},{"type":"Feature","properties":{"place_id":"osm-node-1483951436","name":"Manton","kind":"community","osm_place_type":"village","source_id":"osm-node-1483951436","source_family":"OpenStreetMap","dataset":"GEO2day Wiltshire OSM extract","publisher":"OpenStreetMap contributors","effective_date":"2026-07-24","licence":"Open Data Commons Open Database License (ODbL)"},"geometry":{"type":"Point","coordinates":[-1.755158,51.4152229]}},{"type":"Feature","properties":{"place_id":"osm-node-1490974059","name":"Beckhampton","kind":"community","osm_place_type":"village","source_id":"osm-node-1490974059","source_family":"OpenStreetMap","dataset":"GEO2day Wiltshire OSM extract","publisher":"OpenStreetMap contributors","effective_date":"2026-07-24","licence":"Open Data Commons Open Database License (ODbL)"},"geometry":{"type":"Point","coordinates":[-1.874273,51.4187603]}},{"type":"Feature","properties":{"place_id":"osm-node-1514004456","name":"Teffont Evias","kind":"community","osm_place_type":"village","source_id":"osm-node-1514004456","source_family":"OpenStreetMap","dataset":"GEO2day Wiltshire OSM extract","publisher":"OpenStreetMap contributors","effective_date":"2026-07-24","licence":"Open Data Commons Open Database License (ODbL)"},"geometry":{"type":"Point","coordinates":[-2.0139538,51.0813932]}},{"type":"Feature","properties":{"place_id":"osm-node-1563001117","name":"Homington","kind":"community","osm_place_type":"village","source_id":"osm-node-1563001117","source_family":"OpenStreetMap","dataset":"GEO2day Wiltshire OSM extract","publisher":"OpenStreetMap contributors","effective_date":"2026-07-24","licence":"Open Data Commons Open Database License (ODbL)"},"geometry":{"type":"Point","coordinates":[-1.8253181,51.0337572]}},{"type":"Feature","properties":{"place_id":"osm-node-1579438283","name":"Whaddon","kind":"community","osm_place_type":"village","source_id":"osm-node-1579438283","source_family":"OpenStreetMap","dataset":"GEO2day Wiltshire OSM extract","publisher":"OpenStreetMap contributors","effective_date":"2026-07-24","licence":"Open Data Commons Open Database License (ODbL)"},"geometry":{"type":"Point","coordinates":[-1.7292592,51.0406995]}},{"type":"Feature","properties":{"place_id":"osm-node-1579438293","name":"Alderbury","kind":"community","osm_place_type":"village","source_id":"osm-node-1579438293","source_family":"OpenStreetMap","dataset":"GEO2day Wiltshire OSM extract","publisher":"OpenStreetMap contributors","effective_date":"2026-07-24","licence":"Open Data Commons Open Database License (ODbL)"},"geometry":{"type":"Point","coordinates":[-1.7395465,51.0456497]}},{"type":"Feature","properties":{"place_id":"osm-node-1586199140","name":"Salisbury","kind":"community","osm_place_type":"city","source_id":"osm-node-1586199140","source_family":"OpenStreetMap","dataset":"GEO2day Wiltshire OSM extract","publisher":"OpenStreetMap contributors","effective_date":"2026-07-24","licence":"Open Data Commons Open Database License (ODbL)","population":45000},"geometry":{"type":"Point","coordinates":[-1.7954134,51.0690613]}},{"type":"Feature","properties":{"place_id":"osm-node-1587369541","name":"Berwick Bassett","kind":"community","osm_place_type":"village","source_id":"osm-node-1587369541","source_family":"OpenStreetMap","dataset":"GEO2day Wiltshire OSM extract","publisher":"OpenStreetMap contributors","effective_date":"2026-07-24","licence":"Open Data Commons Open Database License (ODbL)"},"geometry":{"type":"Point","coordinates":[-1.8590331,51.4594855]}},{"type":"Feature","properties":{"place_id":"osm-node-1606272463","name":"Staverton","kind":"community","osm_place_type":"village","source_id":"osm-node-1606272463","source_family":"OpenStreetMap","dataset":"GEO2day Wiltshire OSM extract","publisher":"OpenStreetMap contributors","effective_date":"2026-07-24","licence":"Open Data Commons Open Database License (ODbL)"},"geometry":{"type":"Point","coordinates":[-2.2093951,51.3434188]}},{"type":"Feature","properties":{"place_id":"osm-node-1617571466","name":"Tilshead","kind":"community","osm_place_type":"village","source_id":"osm-node-1617571466","source_family":"OpenStreetMap","dataset":"GEO2day Wiltshire OSM extract","publisher":"OpenStreetMap contributors","effective_date":"2026-07-24","licence":"Open Data Commons Open Database License (ODbL)"},"geometry":{"type":"Point","coordinates":[-1.9542899,51.2297985]}},{"type":"Feature","properties":{"place_id":"osm-node-1655763816","name":"Bratton","kind":"community","osm_place_type":"village","source_id":"osm-node-1655763816","source_family":"OpenStreetMap","dataset":"GEO2day Wiltshire OSM extract","publisher":"OpenStreetMap contributors","effective_date":"2026-07-24","licence":"Open Data Commons Open Database License (ODbL)","population":900},"geometry":{"type":"Point","coordinates":[-2.1241052,51.2708164]}},{"type":"Feature","properties":{"place_id":"osm-node-1716210172","name":"North Wraxall","kind":"community","osm_place_type":"village","source_id":"osm-node-1716210172","source_family":"OpenStreetMap","dataset":"GEO2day Wiltshire OSM extract","publisher":"OpenStreetMap contributors","effective_date":"2026-07-24","licence":"Open Data Commons Open Database License (ODbL)"},"geometry":{"type":"Point","coordinates":[-2.2626902,51.4738285]}},{"type":"Feature","properties":{"place_id":"osm-node-1725486372","name":"Rudloe","kind":"community","osm_place_type":"village","source_id":"osm-node-1725486372","source_family":"OpenStreetMap","dataset":"GEO2day Wiltshire OSM extract","publisher":"OpenStreetMap contributors","effective_date":"2026-07-24","licence":"Open Data Commons Open Database License (ODbL)"},"geometry":{"type":"Point","coordinates":[-2.2207786,51.4252034]}},{"type":"Feature","properties":{"place_id":"osm-node-1774406483","name":"Erlestoke","kind":"community","osm_place_type":"village","source_id":"osm-node-1774406483","source_family":"OpenStreetMap","dataset":"GEO2day Wiltshire OSM extract","publisher":"OpenStreetMap contributors","effective_date":"2026-07-24","licence":"Open Data Commons Open Database License (ODbL)"},"geometry":{"type":"Point","coordinates":[-2.0544319,51.2850442]}},{"type":"Feature","properties":{"place_id":"osm-node-1774406527","name":"Little Cheverell","kind":"community","osm_place_type":"village","source_id":"osm-node-1774406527","source_family":"OpenStreetMap","dataset":"GEO2day Wiltshire OSM extract","publisher":"OpenStreetMap contributors","effective_date":"2026-07-24","licence":"Open Data Commons Open Database License (ODbL)"},"geometry":{"type":"Point","coordinates":[-2.0140919,51.2821666]}},{"type":"Feature","properties":{"place_id":"osm-node-1775593594","name":"Edington","kind":"community","osm_place_type":"village","source_id":"osm-node-1775593594","source_family":"OpenStreetMap","dataset":"GEO2day Wiltshire OSM extract","publisher":"OpenStreetMap contributors","effective_date":"2026-07-24","licence":"Open Data Commons Open Database License (ODbL)"},"geometry":{"type":"Point","coordinates":[-2.1046764,51.2780799]}},{"type":"Feature","properties":{"place_id":"osm-node-1782376018","name":"Norton Bavant","kind":"community","osm_place_type":"village","source_id":"osm-node-1782376018","source_family":"OpenStreetMap","dataset":"GEO2day Wiltshire OSM extract","publisher":"OpenStreetMap contributors","effective_date":"2026-07-24","licence":"Open Data Commons Open Database License (ODbL)"},"geometry":{"type":"Point","coordinates":[-2.1309838,51.1872183]}},{"type":"Feature","properties":{"place_id":"osm-node-1783112451","name":"Knook","kind":"community","osm_place_type":"village","source_id":"osm-node-1783112451","source_family":"OpenStreetMap","dataset":"GEO2day Wiltshire OSM extract","publisher":"OpenStreetMap contributors","effective_date":"2026-07-24","licence":"Open Data Commons Open Database License (ODbL)"},"geometry":{"type":"Point","coordinates":[-2.0885832,51.1751934]}},{"type":"Feature","properties":{"place_id":"osm-node-1786334355","name":"Britford","kind":"community","osm_place_type":"village","source_id":"osm-node-1786334355","source_family":"OpenStreetMap","dataset":"GEO2day Wiltshire OSM extract","publisher":"OpenStreetMap contributors","effective_date":"2026-07-24","licence":"Open Data Commons Open Database License (ODbL)"},"geometry":{"type":"Point","coordinates":[-1.7720004,51.053411]}},{"type":"Feature","properties":{"place_id":"osm-node-1825887668","name":"Bodenham","kind":"community","osm_place_type":"village","source_id":"osm-node-1825887668","source_family":"OpenStreetMap","dataset":"GEO2day Wiltshire OSM extract","publisher":"OpenStreetMap contributors","effective_date":"2026-07-24","licence":"Open Data Commons Open Database License (ODbL)"},"geometry":{"type":"Point","coordinates":[-1.7611712,51.035449]}},{"type":"Feature","properties":{"place_id":"osm-node-1869613921","name":"Limpley Stoke","kind":"community","osm_place_type":"village","source_id":"osm-node-1869613921","source_family":"OpenStreetMap","dataset":"GEO2day Wiltshire OSM extract","publisher":"OpenStreetMap contributors","effective_date":"2026-07-24","licence":"Open Data Commons Open Database License (ODbL)"},"geometry":{"type":"Point","coordinates":[-2.3154066,51.3439616]}},{"type":"Feature","properties":{"place_id":"osm-node-1931311241","name":"Winterbourne Earls","kind":"community","osm_place_type":"village","source_id":"osm-node-1931311241","source_family":"OpenStreetMap","dataset":"GEO2day Wiltshire OSM extract","publisher":"OpenStreetMap contributors","effective_date":"2026-07-24","licence":"Open Data Commons Open Database License (ODbL)"},"geometry":{"type":"Point","coordinates":[-1.7553571,51.1061901]}},{"type":"Feature","properties":{"place_id":"osm-node-1931313217","name":"Winterbourne Gunner","kind":"community","osm_place_type":"village","source_id":"osm-node-1931313217","source_family":"OpenStreetMap","dataset":"GEO2day Wiltshire OSM extract","publisher":"OpenStreetMap contributors","effective_date":"2026-07-24","licence":"Open Data Commons Open Database License (ODbL)"},"geometry":{"type":"Point","coordinates":[-1.7440731,51.1158927]}},{"type":"Feature","properties":{"place_id":"osm-node-1964929263","name":"Haxton","kind":"community","osm_place_type":"village","source_id":"osm-node-1964929263","source_family":"OpenStreetMap","dataset":"GEO2day Wiltshire OSM extract","publisher":"OpenStreetMap contributors","effective_date":"2026-07-24","licence":"Open Data Commons Open Database License (ODbL)"},"geometry":{"type":"Point","coordinates":[-1.7882029,51.2432716]}},{"type":"Feature","properties":{"place_id":"osm-node-2001891780","name":"Ogbourne St George","kind":"community","osm_place_type":"village","source_id":"osm-node-2001891780","source_family":"OpenStreetMap","dataset":"GEO2day Wiltshire OSM extract","publisher":"OpenStreetMap contributors","effective_date":"2026-07-24","licence":"Open Data Commons Open Database License (ODbL)"},"geometry":{"type":"Point","coordinates":[-1.7134872,51.4680988]}},{"type":"Feature","properties":{"place_id":"osm-node-2009464087","name":"Bishopstrow","kind":"community","osm_place_type":"village","source_id":"osm-node-2009464087","source_family":"OpenStreetMap","dataset":"GEO2day Wiltshire OSM extract","publisher":"OpenStreetMap contributors","effective_date":"2026-07-24","licence":"Open Data Commons Open Database License (ODbL)"},"geometry":{"type":"Point","coordinates":[-2.1539973,51.1934111]}},{"type":"Feature","properties":{"place_id":"osm-node-2047238804","name":"West Ashton","kind":"community","osm_place_type":"village","source_id":"osm-node-2047238804","source_family":"OpenStreetMap","dataset":"GEO2day Wiltshire OSM extract","publisher":"OpenStreetMap contributors","effective_date":"2026-07-24","licence":"Open Data Commons Open Database License (ODbL)"},"geometry":{"type":"Point","coordinates":[-2.1746729,51.2996909]}},{"type":"Feature","properties":{"place_id":"osm-node-2097999448","name":"Keevil","kind":"community","osm_place_type":"village","source_id":"osm-node-2097999448","source_family":"OpenStreetMap","dataset":"GEO2day Wiltshire OSM extract","publisher":"OpenStreetMap contributors","effective_date":"2026-07-24","licence":"Open Data Commons Open Database License (ODbL)"},"geometry":{"type":"Point","coordinates":[-2.115761,51.3206078]}},{"type":"Feature","properties":{"place_id":"osm-node-2139304446","name":"Bottlesford","kind":"community","osm_place_type":"village","source_id":"osm-node-2139304446","source_family":"OpenStreetMap","dataset":"GEO2day Wiltshire OSM extract","publisher":"OpenStreetMap contributors","effective_date":"2026-07-24","licence":"Open Data Commons Open Database License (ODbL)"},"geometry":{"type":"Point","coordinates":[-1.8424996,51.3307335]}},{"type":"Feature","properties":{"place_id":"osm-node-2163540487","name":"Little Bedwyn","kind":"community","osm_place_type":"village","source_id":"osm-node-2163540487","source_family":"OpenStreetMap","dataset":"GEO2day Wiltshire OSM extract","publisher":"OpenStreetMap contributors","effective_date":"2026-07-24","licence":"Open Data Commons Open Database License (ODbL)"},"geometry":{"type":"Point","coordinates":[-1.5844336,51.3925289]}},{"type":"Feature","properties":{"place_id":"osm-node-2164227132","name":"Chisbury","kind":"community","osm_place_type":"village","source_id":"osm-node-2164227132","source_family":"OpenStreetMap","dataset":"GEO2day Wiltshire OSM extract","publisher":"OpenStreetMap contributors","effective_date":"2026-07-24","licence":"Open Data Commons Open Database License (ODbL)"},"geometry":{"type":"Point","coordinates":[-1.6033822,51.3947107]}},{"type":"Feature","properties":{"place_id":"osm-node-2183530813","name":"Box","kind":"community","osm_place_type":"village","source_id":"osm-node-2183530813","source_family":"OpenStreetMap","dataset":"GEO2day Wiltshire OSM extract","publisher":"OpenStreetMap contributors","effective_date":"2026-07-24","licence":"Open Data Commons Open Database License (ODbL)"},"geometry":{"type":"Point","coordinates":[-2.2537023,51.4148079]}},{"type":"Feature","properties":{"place_id":"osm-node-2420718538","name":"Honeystreet","kind":"community","osm_place_type":"village","source_id":"osm-node-2420718538","source_family":"OpenStreetMap","dataset":"GEO2day Wiltshire OSM extract","publisher":"OpenStreetMap contributors","effective_date":"2026-07-24","licence":"Open Data Commons Open Database License (ODbL)"},"geometry":{"type":"Point","coordinates":[-1.854174,51.3534085]}},{"type":"Feature","properties":{"place_id":"osm-node-2489903005","name":"Coulston","kind":"community","osm_place_type":"village","source_id":"osm-node-2489903005","source_family":"OpenStreetMap","dataset":"GEO2day Wiltshire OSM extract","publisher":"OpenStreetMap contributors","effective_date":"2026-07-24","licence":"Open Data Commons Open Database License (ODbL)"},"geometry":{"type":"Point","coordinates":[-2.073102,51.2858491]}},{"type":"Feature","properties":{"place_id":"osm-node-2512005783","name":"Yarnbrook","kind":"community","osm_place_type":"village","source_id":"osm-node-2512005783","source_family":"OpenStreetMap","dataset":"GEO2day Wiltshire OSM extract","publisher":"OpenStreetMap contributors","effective_date":"2026-07-24","licence":"Open Data Commons Open Database License (ODbL)"},"geometry":{"type":"Point","coordinates":[-2.1905842,51.2934633]}},{"type":"Feature","properties":{"place_id":"osm-node-2512125573","name":"Hawkeridge","kind":"community","osm_place_type":"village","source_id":"osm-node-2512125573","source_family":"OpenStreetMap","dataset":"GEO2day Wiltshire OSM extract","publisher":"OpenStreetMap contributors","effective_date":"2026-07-24","licence":"Open Data Commons Open Database License (ODbL)"},"geometry":{"type":"Point","coordinates":[-2.1991385,51.2821917]}},{"type":"Feature","properties":{"place_id":"osm-node-2525186956","name":"Heywood","kind":"community","osm_place_type":"village","source_id":"osm-node-2525186956","source_family":"OpenStreetMap","dataset":"GEO2day Wiltshire OSM extract","publisher":"OpenStreetMap contributors","effective_date":"2026-07-24","licence":"Open Data Commons Open Database License (ODbL)"},"geometry":{"type":"Point","coordinates":[-2.1902065,51.2836623]}},{"type":"Feature","properties":{"place_id":"osm-node-2732822466","name":"West Kington","kind":"community","osm_place_type":"village","source_id":"osm-node-2732822466","source_family":"OpenStreetMap","dataset":"GEO2day Wiltshire OSM extract","publisher":"OpenStreetMap contributors","effective_date":"2026-07-24","licence":"Open Data Commons Open Database License (ODbL)"},"geometry":{"type":"Point","coordinates":[-2.275544,51.491658]}},{"type":"Feature","properties":{"place_id":"osm-node-2798262563","name":"Larkhill","kind":"community","osm_place_type":"village","source_id":"osm-node-2798262563","source_family":"OpenStreetMap","dataset":"GEO2day Wiltshire OSM extract","publisher":"OpenStreetMap contributors","effective_date":"2026-07-24","licence":"Open Data Commons Open Database License (ODbL)"},"geometry":{"type":"Point","coordinates":[-1.8176327,51.1964821]}},{"type":"Feature","properties":{"place_id":"osm-node-3001539182","name":"Newton Tony","kind":"community","osm_place_type":"village","source_id":"osm-node-3001539182","source_family":"OpenStreetMap","dataset":"GEO2day Wiltshire OSM extract","publisher":"OpenStreetMap contributors","effective_date":"2026-07-24","licence":"Open Data Commons Open Database License (ODbL)"},"geometry":{"type":"Point","coordinates":[-1.6904758,51.1625449]}},{"type":"Feature","properties":{"place_id":"osm-node-3005553030","name":"Upper Minety","kind":"community","osm_place_type":"village","source_id":"osm-node-3005553030","source_family":"OpenStreetMap","dataset":"GEO2day Wiltshire OSM extract","publisher":"OpenStreetMap contributors","effective_date":"2026-07-24","licence":"Open Data Commons Open Database License (ODbL)"},"geometry":{"type":"Point","coordinates":[-1.9904245,51.6176946]}},{"type":"Feature","properties":{"place_id":"osm-node-3005701358","name":"Bremhill","kind":"community","osm_place_type":"village","source_id":"osm-node-3005701358","source_family":"OpenStreetMap","dataset":"GEO2day Wiltshire OSM extract","publisher":"OpenStreetMap contributors","effective_date":"2026-07-24","licence":"Open Data Commons Open Database License (ODbL)"},"geometry":{"type":"Point","coordinates":[-2.0291201,51.4570045]}},{"type":"Feature","properties":{"place_id":"osm-node-3005713505","name":"Compton Bassett","kind":"community","osm_place_type":"village","source_id":"osm-node-3005713505","source_family":"OpenStreetMap","dataset":"GEO2day Wiltshire OSM extract","publisher":"OpenStreetMap contributors","effective_date":"2026-07-24","licence":"Open Data Commons Open Database License (ODbL)"},"geometry":{"type":"Point","coordinates":[-1.9478035,51.4490573]}},{"type":"Feature","properties":{"place_id":"osm-node-3005769658","name":"Easterton","kind":"community","osm_place_type":"village","source_id":"osm-node-3005769658","source_family":"OpenStreetMap","dataset":"GEO2day Wiltshire OSM extract","publisher":"OpenStreetMap contributors","effective_date":"2026-07-24","licence":"Open Data Commons Open Database License (ODbL)"},"geometry":{"type":"Point","coordinates":[-1.9708441,51.2934975]}},{"type":"Feature","properties":{"place_id":"osm-node-3239553902","name":"Lower Wraxall","kind":"community","osm_place_type":"village","source_id":"osm-node-3239553902","source_family":"OpenStreetMap","dataset":"GEO2day Wiltshire OSM extract","publisher":"OpenStreetMap contributors","effective_date":"2026-07-24","licence":"Open Data Commons Open Database License (ODbL)"},"geometry":{"type":"Point","coordinates":[-2.2404414,51.3763552]}},{"type":"Feature","properties":{"place_id":"osm-node-3245393841","name":"Leigh","kind":"community","osm_place_type":"village","source_id":"osm-node-3245393841","source_family":"OpenStreetMap","dataset":"GEO2day Wiltshire OSM extract","publisher":"OpenStreetMap contributors","effective_date":"2026-07-24","licence":"Open Data Commons Open Database License (ODbL)"},"geometry":{"type":"Point","coordinates":[-1.9128603,51.6274425]}},{"type":"Feature","properties":{"place_id":"osm-node-3307302212","name":"Hankerton","kind":"community","osm_place_type":"village","source_id":"osm-node-3307302212","source_family":"OpenStreetMap","dataset":"GEO2day Wiltshire OSM extract","publisher":"OpenStreetMap contributors","effective_date":"2026-07-24","licence":"Open Data Commons Open Database License (ODbL)"},"geometry":{"type":"Point","coordinates":[-2.0438208,51.6158843]}},{"type":"Feature","properties":{"place_id":"osm-node-3307302213","name":"Charlton","kind":"community","osm_place_type":"village","source_id":"osm-node-3307302213","source_family":"OpenStreetMap","dataset":"GEO2day Wiltshire OSM extract","publisher":"OpenStreetMap contributors","effective_date":"2026-07-24","licence":"Open Data Commons Open Database License (ODbL)"},"geometry":{"type":"Point","coordinates":[-2.0542672,51.5991279]}},{"type":"Feature","properties":{"place_id":"osm-node-3320012173","name":"Woodborough","kind":"community","osm_place_type":"village","source_id":"osm-node-3320012173","source_family":"OpenStreetMap","dataset":"GEO2day Wiltshire OSM extract","publisher":"OpenStreetMap contributors","effective_date":"2026-07-24","licence":"Open Data Commons Open Database License (ODbL)"},"geometry":{"type":"Point","coordinates":[-1.8405067,51.3380963]}},{"type":"Feature","properties":{"place_id":"osm-node-3410100159","name":"Mildenhall","kind":"community","osm_place_type":"village","source_id":"osm-node-3410100159","source_family":"OpenStreetMap","dataset":"GEO2day Wiltshire OSM extract","publisher":"OpenStreetMap contributors","effective_date":"2026-07-24","licence":"Open Data Commons Open Database License (ODbL)"},"geometry":{"type":"Point","coordinates":[-1.6985302,51.4260249]}},{"type":"Feature","properties":{"place_id":"osm-node-3472191852","name":"Lower Compton","kind":"community","osm_place_type":"village","source_id":"osm-node-3472191852","source_family":"OpenStreetMap","dataset":"GEO2day Wiltshire OSM extract","publisher":"OpenStreetMap contributors","effective_date":"2026-07-24","licence":"Open Data Commons Open Database License (ODbL)"},"geometry":{"type":"Point","coordinates":[-1.9711695,51.4319026]}},{"type":"Feature","properties":{"place_id":"osm-node-3542211972","name":"Crudwell","kind":"community","osm_place_type":"village","source_id":"osm-node-3542211972","source_family":"OpenStreetMap","dataset":"GEO2day Wiltshire OSM extract","publisher":"OpenStreetMap contributors","effective_date":"2026-07-24","licence":"Open Data Commons Open Database License (ODbL)"},"geometry":{"type":"Point","coordinates":[-2.0699528,51.6330821]}},{"type":"Feature","properties":{"place_id":"osm-node-3648614682","name":"Shaw","kind":"community","osm_place_type":"village","source_id":"osm-node-3648614682","source_family":"OpenStreetMap","dataset":"GEO2day Wiltshire OSM extract","publisher":"OpenStreetMap contributors","effective_date":"2026-07-24","licence":"Open Data Commons Open Database License (ODbL)"},"geometry":{"type":"Point","coordinates":[-2.164031,51.3898885]}},{"type":"Feature","properties":{"place_id":"osm-node-3703585252","name":"Tidcombe","kind":"community","osm_place_type":"village","source_id":"osm-node-3703585252","source_family":"OpenStreetMap","dataset":"GEO2day Wiltshire OSM extract","publisher":"OpenStreetMap contributors","effective_date":"2026-07-24","licence":"Open Data Commons Open Database License (ODbL)"},"geometry":{"type":"Point","coordinates":[-1.5837149,51.3241819]}},{"type":"Feature","properties":{"place_id":"osm-node-3715843792","name":"Middle Winterslow","kind":"community","osm_place_type":"village","source_id":"osm-node-3715843792","source_family":"OpenStreetMap","dataset":"GEO2day Wiltshire OSM extract","publisher":"OpenStreetMap contributors","effective_date":"2026-07-24","licence":"Open Data Commons Open Database License (ODbL)"},"geometry":{"type":"Point","coordinates":[-1.6611928,51.096483]}},{"type":"Feature","properties":{"place_id":"osm-node-3762541413","name":"Wingfield","kind":"community","osm_place_type":"village","source_id":"osm-node-3762541413","source_family":"OpenStreetMap","dataset":"GEO2day Wiltshire OSM extract","publisher":"OpenStreetMap contributors","effective_date":"2026-07-24","licence":"Open Data Commons Open Database License (ODbL)"},"geometry":{"type":"Point","coordinates":[-2.2532734,51.3094748]}},{"type":"Feature","properties":{"place_id":"osm-node-3781275257","name":"Stert","kind":"community","osm_place_type":"village","source_id":"osm-node-3781275257","source_family":"OpenStreetMap","dataset":"GEO2day Wiltshire OSM extract","publisher":"OpenStreetMap contributors","effective_date":"2026-07-24","licence":"Open Data Commons Open Database License (ODbL)"},"geometry":{"type":"Point","coordinates":[-1.9581243,51.3330746]}},{"type":"Feature","properties":{"place_id":"osm-node-3781477008","name":"Rushall","kind":"community","osm_place_type":"village","source_id":"osm-node-3781477008","source_family":"OpenStreetMap","dataset":"GEO2day Wiltshire OSM extract","publisher":"OpenStreetMap contributors","effective_date":"2026-07-24","licence":"Open Data Commons Open Database License (ODbL)"},"geometry":{"type":"Point","coordinates":[-1.8234176,51.301197]}},{"type":"Feature","properties":{"place_id":"osm-node-3781478833","name":"Charlton St Peter","kind":"community","osm_place_type":"village","source_id":"osm-node-3781478833","source_family":"OpenStreetMap","dataset":"GEO2day Wiltshire OSM extract","publisher":"OpenStreetMap contributors","effective_date":"2026-07-24","licence":"Open Data Commons Open Database License (ODbL)"},"geometry":{"type":"Point","coordinates":[-1.8333525,51.3042021]}},{"type":"Feature","properties":{"place_id":"osm-node-4081229967","name":"Neston","kind":"community","osm_place_type":"village","source_id":"osm-node-4081229967","source_family":"OpenStreetMap","dataset":"GEO2day Wiltshire OSM extract","publisher":"OpenStreetMap contributors","effective_date":"2026-07-24","licence":"Open Data Commons Open Database License (ODbL)"},"geometry":{"type":"Point","coordinates":[-2.2002718,51.4131662]}},{"type":"Feature","properties":{"place_id":"osm-node-4231016411","name":"Perham Down","kind":"community","osm_place_type":"village","source_id":"osm-node-4231016411","source_family":"OpenStreetMap","dataset":"GEO2day Wiltshire OSM extract","publisher":"OpenStreetMap contributors","effective_date":"2026-07-24","licence":"Open Data Commons Open Database License (ODbL)"},"geometry":{"type":"Point","coordinates":[-1.6312396,51.2422204]}},{"type":"Feature","properties":{"place_id":"osm-node-4234539902","name":"Stratford-sub-Castle","kind":"community","osm_place_type":"village","source_id":"osm-node-4234539902","source_family":"OpenStreetMap","dataset":"GEO2day Wiltshire OSM extract","publisher":"OpenStreetMap contributors","effective_date":"2026-07-24","licence":"Open Data Commons Open Database License (ODbL)"},"geometry":{"type":"Point","coordinates":[-1.8115317,51.0888197]}},{"type":"Feature","properties":{"place_id":"osm-node-5372199469","name":"West Grimstead","kind":"community","osm_place_type":"village","source_id":"osm-node-5372199469","source_family":"OpenStreetMap","dataset":"GEO2day Wiltshire OSM extract","publisher":"OpenStreetMap contributors","effective_date":"2026-07-24","licence":"Open Data Commons Open Database License (ODbL)"},"geometry":{"type":"Point","coordinates":[-1.702377,51.038564]}},{"type":"Feature","properties":{"place_id":"osm-node-5961393587","name":"Ramsbury","kind":"community","osm_place_type":"village","source_id":"osm-node-5961393587","source_family":"OpenStreetMap","dataset":"GEO2day Wiltshire OSM extract","publisher":"OpenStreetMap contributors","effective_date":"2026-07-24","licence":"Open Data Commons Open Database License (ODbL)","population":2000},"geometry":{"type":"Point","coordinates":[-1.6056899,51.4428288]}},{"type":"Feature","properties":{"place_id":"osm-node-8491298692","name":"Manningford Bruce","kind":"community","osm_place_type":"village","source_id":"osm-node-8491298692","source_family":"OpenStreetMap","dataset":"GEO2day Wiltshire OSM extract","publisher":"OpenStreetMap contributors","effective_date":"2026-07-24","licence":"Open Data Commons Open Database License (ODbL)"},"geometry":{"type":"Point","coordinates":[-1.8041715,51.3307955]}},{"type":"Feature","properties":{"place_id":"osm-node-9727563304","name":"Bishopstone","kind":"community","osm_place_type":"village","source_id":"osm-node-9727563304","source_family":"OpenStreetMap","dataset":"GEO2day Wiltshire OSM extract","publisher":"OpenStreetMap contributors","effective_date":"2026-07-24","licence":"Open Data Commons Open Database License (ODbL)","population":684},"geometry":{"type":"Point","coordinates":[-1.9026419,51.0310499]}},{"type":"Feature","properties":{"place_id":"osm-node-10296616035","name":"Winterbourne Dauntsey","kind":"community","osm_place_type":"village","source_id":"osm-node-10296616035","source_family":"OpenStreetMap","dataset":"GEO2day Wiltshire OSM extract","publisher":"OpenStreetMap contributors","effective_date":"2026-07-24","licence":"Open Data Commons Open Database License (ODbL)"},"geometry":{"type":"Point","coordinates":[-1.7501609,51.1122702]}},{"type":"Feature","properties":{"place_id":"osm-node-10595196456","name":"Milbourne","kind":"community","osm_place_type":"village","source_id":"osm-node-10595196456","source_family":"OpenStreetMap","dataset":"GEO2day Wiltshire OSM extract","publisher":"OpenStreetMap contributors","effective_date":"2026-07-24","licence":"Open Data Commons Open Database License (ODbL)"},"geometry":{"type":"Point","coordinates":[-2.0794613,51.5887001]}}]}
