{"type":"FeatureCollection","source_url":"https://overpass-api.de/api/interpreter","query":"[out:json];way[\"railway\"~\"^(abandoned|disused|dismantled|razed)$\"](52.3477247,-2.2068817,52.6627637,-1.4239574);out geom;","retrieved_at":"2026-09-07T10:04:00.136380+00:00","features":[{"type":"Feature","properties":{"abandoned:railway":"rail","access":"private","bridge":"viaduct","bridge:name":"Duddeston Viaduct","highway":"track","layer":"1","name":"Bordesley Disused Branch","note":"this viaduct never actually carried trains","railway":"abandoned","ref":"LWA2","source":"visual survey;cities_revealed_aerial_imagery","source_id":"osm-way-4929040","dataset":"OpenStreetMap former/disused railway extract","publisher":"OpenStreetMap contributors","effective_date":"2026-09-07T10:02:26Z","licence":"ODbL-1.0"},"geometry":{"type":"LineString","coordinates":[[-1.8806663,52.4750578],[-1.8807573,52.4753449],[-1.8807975,52.4756564]]}},{"type":"Feature","properties":{"disused:railway":"rail","gauge":"1435","name":"Wednesbury Goods Loop (Bescot)","railway":"disused","railway:aws":"yes","railway:tpws":"yes","ref":"WGL","source":"NPE","source_id":"osm-way-16081049","dataset":"OpenStreetMap former/disused railway extract","publisher":"OpenStreetMap contributors","effective_date":"2026-09-07T10:02:26Z","licence":"ODbL-1.0"},"geometry":{"type":"LineString","coordinates":[[-1.9934751,52.5640986],[-1.9943556,52.5646825],[-1.9949926,52.5652607],[-1.9952562,52.5655076],[-1.9953897,52.5656479],[-1.9957014,52.5658927],[-1.9958796,52.5659982],[-1.9960548,52.5660806],[-1.9962544,52.5661531],[-1.9963979,52.5661986],[-1.9966156,52.5662455],[-1.9967563,52.5662738],[-1.9969854,52.5663037],[-1.9972122,52.5663232],[-1.9974904,52.5663196],[-1.9977273,52.5663139],[-1.9980231,52.5662707],[-1.9983856,52.5661886]]}},{"type":"Feature","properties":{"bicycle":"designated","foot":"designated","highway":"cycleway","motor_vehicle":"no","name":"Kingswinford Railway Walk","railway":"abandoned","source":"GPS and OpenData_Street_View","surface":"unpaved","source_id":"osm-way-23005272","dataset":"OpenStreetMap former/disused railway extract","publisher":"OpenStreetMap contributors","effective_date":"2026-09-07T10:02:26Z","licence":"ODbL-1.0"},"geometry":{"type":"LineString","coordinates":[[-2.1324474,52.5076337],[-2.1330993,52.5091552],[-2.1334551,52.5096402],[-2.1340178,52.5100975],[-2.1347241,52.5105433],[-2.1379911,52.5114379],[-2.1403931,52.5120867],[-2.1441521,52.5131021],[-2.1452996,52.5134481]]}},{"type":"Feature","properties":{"foot":"yes","highway":"cycleway","railway":"abandoned","railway:name":"Kingswinford Line","railway:ref":"KWD","source":"OS 1:25k","surface":"unpaved","source_id":"osm-way-23005273","dataset":"OpenStreetMap former/disused railway extract","publisher":"OpenStreetMap contributors","effective_date":"2026-09-07T10:02:26Z","licence":"ODbL-1.0"},"geometry":{"type":"LineString","coordinates":[[-2.1925605,52.5419985],[-2.1926439,52.5425422],[-2.1926593,52.5428334]]}},{"type":"Feature","properties":{"bridge":"yes","foot":"yes","highway":"cycleway","layer":"1","motor_vehicle":"no","name":"Kingswinford Railway Walk","railway":"abandoned","railway:name":"Kingswinford Line","railway:ref":"KWD","source":"OS 1:25k","surface":"unpaved","source_id":"osm-way-23005274","dataset":"OpenStreetMap former/disused railway extract","publisher":"OpenStreetMap contributors","effective_date":"2026-09-07T10:02:26Z","licence":"ODbL-1.0"},"geometry":{"type":"LineString","coordinates":[[-2.1925488,52.5417012],[-2.1925605,52.5419985]]}},{"type":"Feature","properties":{"bridge":"yes","foot":"yes","highway":"cycleway","layer":"1","railway":"abandoned","railway:name":"Kingswinford Line","railway:ref":"KWD","source":"OS 1:25k","surface":"unpaved","source_id":"osm-way-23727903","dataset":"OpenStreetMap former/disused railway extract","publisher":"OpenStreetMap contributors","effective_date":"2026-09-07T10:02:26Z","licence":"ODbL-1.0"},"geometry":{"type":"LineString","coordinates":[[-2.1996533,52.5524054],[-2.199795,52.5526138]]}},{"type":"Feature","properties":{"foot":"yes","highway":"cycleway","railway":"abandoned","railway:name":"Kingswinford Line","railway:ref":"KWD","source":"OS 1:25k","surface":"unpaved","source_id":"osm-way-23727904","dataset":"OpenStreetMap former/disused railway extract","publisher":"OpenStreetMap contributors","effective_date":"2026-09-07T10:02:26Z","licence":"ODbL-1.0"},"geometry":{"type":"LineString","coordinates":[[-2.199795,52.5526138],[-2.1998752,52.5527333],[-2.2008675,52.5542124],[-2.2012021,52.5547264],[-2.2017596,52.5558017]]}},{"type":"Feature","properties":{"bridge":"yes","foot":"yes","highway":"cycleway","layer":"1","railway":"abandoned","railway:name":"Kingswinford Line","railway:ref":"KWD","source":"OS 1:25k","surface":"unpaved","source_id":"osm-way-23727905","dataset":"OpenStreetMap former/disused railway extract","publisher":"OpenStreetMap contributors","effective_date":"2026-09-07T10:02:26Z","licence":"ODbL-1.0"},"geometry":{"type":"LineString","coordinates":[[-2.2017596,52.5558017],[-2.2018868,52.556016]]}},{"type":"Feature","properties":{"foot":"yes","highway":"cycleway","name":"South Staffordshire Railway Walk","railway":"abandoned","railway:name":"Kingswinford Line","railway:ref":"KWD","source":"OS 1:25k","surface":"unpaved","source_id":"osm-way-23727906","dataset":"OpenStreetMap former/disused railway extract","publisher":"OpenStreetMap contributors","effective_date":"2026-09-07T10:02:26Z","licence":"ODbL-1.0"},"geometry":{"type":"LineString","coordinates":[[-2.2018868,52.556016],[-2.2023011,52.5570029],[-2.202678,52.5579788],[-2.2026932,52.5580145]]}},{"type":"Feature","properties":{"bridge":"yes","foot":"yes","highway":"cycleway","layer":"1","railway":"abandoned","railway:name":"Kingswinford Line","railway:ref":"KWD","source":"OS 1:25k","source_id":"osm-way-23727907","dataset":"OpenStreetMap former/disused railway extract","publisher":"OpenStreetMap contributors","effective_date":"2026-09-07T10:02:26Z","licence":"ODbL-1.0"},"geometry":{"type":"LineString","coordinates":[[-2.2026932,52.5580145],[-2.202751,52.5582498]]}},{"type":"Feature","properties":{"foot":"yes","highway":"cycleway","name":"South Staffordshire Railway Walk","railway":"abandoned","railway:name":"Kingswinford Line","railway:ref":"KWD","source":"OS 1:25k","surface":"unpaved","source_id":"osm-way-23727908","dataset":"OpenStreetMap former/disused railway extract","publisher":"OpenStreetMap contributors","effective_date":"2026-09-07T10:02:26Z","licence":"ODbL-1.0"},"geometry":{"type":"LineString","coordinates":[[-2.202751,52.5582498],[-2.2031973,52.559433],[-2.2035153,52.5606526],[-2.203561,52.5615209],[-2.2034643,52.5622679],[-2.2031762,52.5633031],[-2.2029216,52.5639428],[-2.2027297,52.5642281],[-2.2017477,52.5655028],[-2.2012213,52.5660667],[-2.2005718,52.5666088],[-2.1995403,52.5674624],[-2.1990693,52.5677532]]}},{"type":"Feature","properties":{"bridge":"yes","foot":"yes","highway":"cycleway","layer":"1","railway":"abandoned","railway:name":"Kingswinford Line","railway:ref":"KWD","source_id":"osm-way-23727969","dataset":"OpenStreetMap former/disused railway extract","publisher":"OpenStreetMap contributors","effective_date":"2026-09-07T10:02:26Z","licence":"ODbL-1.0"},"geometry":{"type":"LineString","coordinates":[[-2.1734821,52.586217],[-2.1730529,52.5866289]]}},{"type":"Feature","properties":{"foot":"yes","highway":"cycleway","railway":"abandoned","railway:name":"Kingswinford Line","railway:ref":"KWD","surface":"unpaved","source_id":"osm-way-23727970","dataset":"OpenStreetMap former/disused railway extract","publisher":"OpenStreetMap contributors","effective_date":"2026-09-07T10:02:26Z","licence":"ODbL-1.0"},"geometry":{"type":"LineString","coordinates":[[-2.1730529,52.5866289],[-2.1721338,52.5875644]]}},{"type":"Feature","properties":{"bridge":"yes","foot":"yes","highway":"cycleway","layer":"1","railway":"abandoned","railway:name":"Kingswinford Line","railway:ref":"KWD","surface":"asphalt","source_id":"osm-way-23728068","dataset":"OpenStreetMap former/disused railway extract","publisher":"OpenStreetMap contributors","effective_date":"2026-09-07T10:02:26Z","licence":"ODbL-1.0"},"geometry":{"type":"LineString","coordinates":[[-2.1674038,52.5920464],[-2.1670484,52.5923708]]}},{"type":"Feature","properties":{"foot":"yes","highway":"cycleway","railway":"abandoned","railway:name":"Kingswinford Line","railway:ref":"KWD","surface":"unpaved","source_id":"osm-way-23728069","dataset":"OpenStreetMap former/disused railway extract","publisher":"OpenStreetMap contributors","effective_date":"2026-09-07T10:02:26Z","licence":"ODbL-1.0"},"geometry":{"type":"LineString","coordinates":[[-2.1670484,52.5923708],[-2.1668958,52.5925148]]}},{"type":"Feature","properties":{"crossing":"uncontrolled","crossing:island":"no","crossing:markings":"yes","cycleway":"crossing","highway":"cycleway","lit":"no","railway":"abandoned","surface":"asphalt","tactile_paving":"yes","traffic_calming":"table","source_id":"osm-way-23993125","dataset":"OpenStreetMap former/disused railway extract","publisher":"OpenStreetMap contributors","effective_date":"2026-09-07T10:02:26Z","licence":"ODbL-1.0"},"geometry":{"type":"LineString","coordinates":[[-1.9682596,52.6067253],[-1.9682395,52.6068005]]}},{"type":"Feature","properties":{"bicycle":"yes","electrified":"no","foot":"yes","highway":"path","name":"McClean Way","operator":"LNWR","passenger":"no","railway":"abandoned","ref":"BJW3","source":"site inspection","surface":"unpaved","source_id":"osm-way-23999601","dataset":"OpenStreetMap former/disused railway extract","publisher":"OpenStreetMap contributors","effective_date":"2026-09-07T10:02:26Z","licence":"ODbL-1.0"},"geometry":{"type":"LineString","coordinates":[[-1.923532,52.6556435],[-1.9226879,52.6559579]]}},{"type":"Feature","properties":{"highway":"cycleway","lit":"no","name":"McClean Way","railway":"abandoned","surface":"asphalt","source_id":"osm-way-23999909","dataset":"OpenStreetMap former/disused railway extract","publisher":"OpenStreetMap contributors","effective_date":"2026-09-07T10:02:26Z","licence":"ODbL-1.0"},"geometry":{"type":"LineString","coordinates":[[-1.9666925,52.6137293],[-1.9664112,52.6149897],[-1.9663862,52.6150972],[-1.9662319,52.6158578],[-1.966022,52.6167343],[-1.9658885,52.6173246],[-1.9657542,52.6179185],[-1.9654013,52.6196235],[-1.9651384,52.6208969],[-1.9650371,52.6214588],[-1.9648829,52.622164],[-1.9646039,52.6234273],[-1.9645986,52.6234737]]}},{"type":"Feature","properties":{"name":"Wolverhampton Low Level - Birmingham Snow Hill","railway":"razed","razed:railway":"rail","ref":"DCL","source_id":"osm-way-24930944","dataset":"OpenStreetMap former/disused railway extract","publisher":"OpenStreetMap contributors","effective_date":"2026-09-07T10:02:26Z","licence":"ODbL-1.0"},"geometry":{"type":"LineString","coordinates":[[-2.1272626,52.599897],[-2.1265773,52.5997145]]}},{"type":"Feature","properties":{"abandoned:railway":"rail","check_date":"2024-07-24","gauge":"1435","name":"Dudley Junction to Pleck Junction Line","railway":"disused","ref":"DPJ","usage":"main","source_id":"osm-way-25784740","dataset":"OpenStreetMap former/disused railway extract","publisher":"OpenStreetMap contributors","effective_date":"2026-09-07T10:02:26Z","licence":"ODbL-1.0"},"geometry":{"type":"LineString","coordinates":[[-2.022346,52.5484297],[-2.0222209,52.5484964],[-2.0211266,52.5489704],[-2.0203166,52.5493186],[-2.0199397,52.5494715],[-2.0195382,52.5496343],[-2.0177451,52.5502305],[-2.0145815,52.5512963],[-2.0126142,52.552089],[-2.0117911,52.5525157],[-2.0102039,52.5533527],[-2.0089744,52.5541264],[-2.0088814,52.5541979]]}},{"type":"Feature","properties":{"abandoned:railway":"rail","name":"Stourbridge Junction to Stourbridge Town Branch","railway":"abandoned","ref":"SJS","source_id":"osm-way-27827554","dataset":"OpenStreetMap former/disused railway extract","publisher":"OpenStreetMap contributors","effective_date":"2026-09-07T10:02:26Z","licence":"ODbL-1.0"},"geometry":{"type":"LineString","coordinates":[[-2.1544967,52.4607396],[-2.1533111,52.4603415]]}},{"type":"Feature","properties":{"disused:railway":"rail","name":"Kingswinford Line","railway":"disused","ref":"KWD","source":"observation","source_id":"osm-way-28135302","dataset":"OpenStreetMap former/disused railway extract","publisher":"OpenStreetMap contributors","effective_date":"2026-09-07T10:02:26Z","licence":"ODbL-1.0"},"geometry":{"type":"LineString","coordinates":[[-2.1326405,52.4794249],[-2.1326497,52.4806196],[-2.1328716,52.4814777],[-2.1332401,52.4825719],[-2.1332667,52.4826508],[-2.1335658,52.4833883],[-2.1339693,52.4841264],[-2.134489,52.4848491],[-2.1351476,52.485608],[-2.1360068,52.486664],[-2.1363467,52.4870907]]}},{"type":"Feature","properties":{"abandoned:railway":"rail","bridge":"viaduct","bridge:name":"Duddeston Viaduct","layer":"1","name":"Bordesley Disused Branch","note":"this viaduct never actually carried trains","railway":"abandoned","source":"visual survey;cities_revealed_aerial_imagery","source_id":"osm-way-30826908","dataset":"OpenStreetMap former/disused railway extract","publisher":"OpenStreetMap contributors","effective_date":"2026-09-07T10:02:26Z","licence":"ODbL-1.0"},"geometry":{"type":"LineString","coordinates":[[-1.8801029,52.4780604],[-1.8800113,52.4782936],[-1.8799373,52.4785292]]}},{"type":"Feature","properties":{"abandoned:railway":"rail","bridge":"viaduct","bridge:name":"Duddeston Viaduct","layer":"1","name":"Bordesley Disused Branch","note":"this viaduct never actually carried trains","railway":"abandoned","source":"visual survey;cities_revealed_aerial_imagery","source_id":"osm-way-30971124","dataset":"OpenStreetMap former/disused railway extract","publisher":"OpenStreetMap contributors","effective_date":"2026-09-07T10:02:26Z","licence":"ODbL-1.0"},"geometry":{"type":"LineString","coordinates":[[-1.8803033,52.4776017],[-1.8803493,52.4774541]]}},{"type":"Feature","properties":{"abandoned:railway":"rail","railway":"abandoned","service":"siding","source":"visual survey;bing","source_id":"osm-way-31961823","dataset":"OpenStreetMap former/disused railway extract","publisher":"OpenStreetMap contributors","effective_date":"2026-09-07T10:02:26Z","licence":"ODbL-1.0"},"geometry":{"type":"LineString","coordinates":[[-1.8288952,52.5071887],[-1.8277122,52.507115],[-1.8267803,52.507058],[-1.8263417,52.5070312],[-1.8261458,52.5070102],[-1.8260051,52.5069942]]}},{"type":"Feature","properties":{"abandoned:railway":"rail","railway":"abandoned","service":"siding","source":"visual survey;bing","source_id":"osm-way-31961824","dataset":"OpenStreetMap former/disused railway extract","publisher":"OpenStreetMap contributors","effective_date":"2026-09-07T10:02:26Z","licence":"ODbL-1.0"},"geometry":{"type":"LineString","coordinates":[[-1.8289073,52.5071373],[-1.8285115,52.5071124],[-1.8277162,52.5070639],[-1.8267789,52.5070049],[-1.8261597,52.5069685],[-1.8261416,52.5069674],[-1.8260142,52.5069598]]}},{"type":"Feature","properties":{"abandoned:railway":"rail","railway":"abandoned","service":"siding","source":"visual survey;bing","source_id":"osm-way-31961825","dataset":"OpenStreetMap former/disused railway extract","publisher":"OpenStreetMap contributors","effective_date":"2026-09-07T10:02:26Z","licence":"ODbL-1.0"},"geometry":{"type":"LineString","coordinates":[[-1.8289086,52.507103],[-1.8267065,52.506965],[-1.8263283,52.5069405],[-1.8260248,52.5069196]]}},{"type":"Feature","properties":{"abandoned:railway":"rail","railway":"abandoned","service":"siding","source":"visual survey;bing","source_id":"osm-way-31961826","dataset":"OpenStreetMap former/disused railway extract","publisher":"OpenStreetMap contributors","effective_date":"2026-09-07T10:02:26Z","licence":"ODbL-1.0"},"geometry":{"type":"LineString","coordinates":[[-1.8289207,52.50705],[-1.8266649,52.5069103],[-1.8263308,52.5068901],[-1.8260353,52.5068797]]}},{"type":"Feature","properties":{"disused:railway":"rail","railway":"disused","service":"siding","source":"survey & estimate","source_id":"osm-way-31961827","dataset":"OpenStreetMap former/disused railway extract","publisher":"OpenStreetMap contributors","effective_date":"2026-09-07T10:02:26Z","licence":"ODbL-1.0"},"geometry":{"type":"LineString","coordinates":[[-1.8253748,52.506864],[-1.8250784,52.5068428]]}},{"type":"Feature","properties":{"disused:railway":"rail","railway":"disused","service":"siding","source":"survey & estimate","source_id":"osm-way-31961828","dataset":"OpenStreetMap former/disused railway extract","publisher":"OpenStreetMap contributors","effective_date":"2026-09-07T10:02:26Z","licence":"ODbL-1.0"},"geometry":{"type":"LineString","coordinates":[[-1.8255304,52.5069132],[-1.8250784,52.5068428]]}},{"type":"Feature","properties":{"disused:railway":"rail","railway":"disused","service":"spur","source":"estimate","source_id":"osm-way-31961829","dataset":"OpenStreetMap former/disused railway extract","publisher":"OpenStreetMap contributors","effective_date":"2026-09-07T10:02:26Z","licence":"ODbL-1.0"},"geometry":{"type":"LineString","coordinates":[[-1.8250784,52.5068428],[-1.8243287,52.506721],[-1.8241221,52.50671],[-1.8239076,52.5067043],[-1.823702,52.5067066]]}},{"type":"Feature","properties":{"disused:railway":"rail","maxspeed":"20 mph","name":"Birmingham Moor Street Line","railway":"disused","ref":"MSL","source":"NPE  and survey","source_id":"osm-way-32237415","dataset":"OpenStreetMap former/disused railway extract","publisher":"OpenStreetMap contributors","effective_date":"2026-09-07T10:02:26Z","licence":"ODbL-1.0"},"geometry":{"type":"LineString","coordinates":[[-1.8902504,52.4779931],[-1.8907249,52.4781187],[-1.8916209,52.4783545]]}},{"type":"Feature","properties":{"highway":"cycleway","name":"McClean Way","railway":"abandoned","surface":"asphalt","source_id":"osm-way-32696819","dataset":"OpenStreetMap former/disused railway extract","publisher":"OpenStreetMap contributors","effective_date":"2026-09-07T10:02:26Z","licence":"ODbL-1.0"},"geometry":{"type":"LineString","coordinates":[[-1.9681478,52.6072157],[-1.9680772,52.6074799],[-1.9676347,52.6091217],[-1.9675144,52.6097248],[-1.967355,52.6105588],[-1.9670413,52.6120375],[-1.9667292,52.6135082],[-1.9666925,52.6137293]]}},{"type":"Feature","properties":{"bicycle":"yes","electrified":"no","foot":"yes","highway":"path","name":"Mcclean Way","passenger":"no","railway":"abandoned","ref":"BJW3","source":"landsat & NPE","surface":"unpaved","source_id":"osm-way-32724404","dataset":"OpenStreetMap former/disused railway extract","publisher":"OpenStreetMap contributors","effective_date":"2026-09-07T10:02:26Z","licence":"ODbL-1.0"},"geometry":{"type":"LineString","coordinates":[[-1.9127459,52.6582748],[-1.9112661,52.6584622],[-1.9100209,52.6585886],[-1.9098113,52.6586099]]}},{"type":"Feature","properties":{"highway":"cycleway","railway":"abandoned","railway:name":"Kingswinford Line","railway:ref":"KWD","surface":"unpaved","source_id":"osm-way-32815950","dataset":"OpenStreetMap former/disused railway extract","publisher":"OpenStreetMap contributors","effective_date":"2026-09-07T10:02:26Z","licence":"ODbL-1.0"},"geometry":{"type":"LineString","coordinates":[[-2.1811616,52.5156104],[-2.1814275,52.5157074]]}},{"type":"Feature","properties":{"bridge":"yes","highway":"cycleway","layer":"1","railway":"abandoned","railway:name":"Kingswinford Line","railway:ref":"KWD","surface":"unpaved","source_id":"osm-way-32815951","dataset":"OpenStreetMap former/disused railway extract","publisher":"OpenStreetMap contributors","effective_date":"2026-09-07T10:02:26Z","licence":"ODbL-1.0"},"geometry":{"type":"LineString","coordinates":[[-2.1814275,52.5157074],[-2.1816058,52.5157801]]}},{"type":"Feature","properties":{"highway":"cycleway","railway":"abandoned","railway:name":"Kingswinford Line","railway:ref":"KWD","surface":"unpaved","source_id":"osm-way-32815952","dataset":"OpenStreetMap former/disused railway extract","publisher":"OpenStreetMap contributors","effective_date":"2026-09-07T10:02:26Z","licence":"ODbL-1.0"},"geometry":{"type":"LineString","coordinates":[[-2.1816058,52.5157801],[-2.1816931,52.515817],[-2.1818581,52.5158886]]}},{"type":"Feature","properties":{"disused:railway":"rail","name":"Kingswinford Line","railway":"disused","ref":"KWD","source":"observation","source_id":"osm-way-34997607","dataset":"OpenStreetMap former/disused railway extract","publisher":"OpenStreetMap contributors","effective_date":"2026-09-07T10:02:26Z","licence":"ODbL-1.0"},"geometry":{"type":"LineString","coordinates":[[-2.1337107,52.4776914],[-2.1333731,52.478067],[-2.1330086,52.4785718],[-2.1328256,52.4789429]]}},{"type":"Feature","properties":{"bridge":"yes","disused:railway":"rail","layer":"1","name":"Kingswinford Line","railway":"disused","ref":"KWD","source":"OS 1:25k","source_id":"osm-way-34997610","dataset":"OpenStreetMap former/disused railway extract","publisher":"OpenStreetMap contributors","effective_date":"2026-09-07T10:02:26Z","licence":"ODbL-1.0"},"geometry":{"type":"LineString","coordinates":[[-2.1328256,52.4789429],[-2.1326405,52.4794249]]}},{"type":"Feature","properties":{"bridge":"yes","bridge:name":"Old Rail Bridge","disused:railway":"rail","layer":"1","name":"Kingswinford Line","railway":"disused","ref":"KWD","source":"OS 1:25k","status":"bad","source_id":"osm-way-34997816","dataset":"OpenStreetMap former/disused railway extract","publisher":"OpenStreetMap contributors","effective_date":"2026-09-07T10:02:26Z","licence":"ODbL-1.0"},"geometry":{"type":"LineString","coordinates":[[-2.1363467,52.4870907],[-2.1365284,52.4872636]]}},{"type":"Feature","properties":{"disused:railway":"rail","name":"Kingswinford Line","railway":"disused","ref":"KWD","source":"OS 1:25k","source_id":"osm-way-34997817","dataset":"OpenStreetMap former/disused railway extract","publisher":"OpenStreetMap contributors","effective_date":"2026-09-07T10:02:26Z","licence":"ODbL-1.0"},"geometry":{"type":"LineString","coordinates":[[-2.1365284,52.4872636],[-2.1383694,52.4886825],[-2.1391204,52.4892613]]}},{"type":"Feature","properties":{"highway":"path","railway":"abandoned","railway:name":"Kingswinford Line","railway:ref":"KWD","source":"GPS Survey","surface":"unpaved","source_id":"osm-way-43158990","dataset":"OpenStreetMap former/disused railway extract","publisher":"OpenStreetMap contributors","effective_date":"2026-09-07T10:02:26Z","licence":"ODbL-1.0"},"geometry":{"type":"LineString","coordinates":[[-2.1510517,52.6068343],[-2.1503501,52.6083121],[-2.1500859,52.6088735],[-2.1498944,52.6091169],[-2.1497324,52.6092822],[-2.149317,52.6095894],[-2.1491795,52.6096938],[-2.1488697,52.609929],[-2.1483265,52.6101521],[-2.1476502,52.6103526],[-2.1474034,52.6104043],[-2.147111,52.6104401],[-2.1467865,52.6104711],[-2.1467041,52.6104761]]}},{"type":"Feature","properties":{"foot":"yes","highway":"cycleway","railway":"abandoned","railway:name":"Kingswinford Line","railway:ref":"KWD","source":"NPE;local_knowledge","surface":"unpaved","source_id":"osm-way-43165933","dataset":"OpenStreetMap former/disused railway extract","publisher":"OpenStreetMap contributors","effective_date":"2026-09-07T10:02:26Z","licence":"ODbL-1.0"},"geometry":{"type":"LineString","coordinates":[[-2.1547492,52.6019621],[-2.1550384,52.6017502]]}},{"type":"Feature","properties":{"abandoned:railway":"rail","name":"Halesowen Branch","railway":"abandoned","ref":"HND1","source_id":"osm-way-45032459","dataset":"OpenStreetMap former/disused railway extract","publisher":"OpenStreetMap contributors","effective_date":"2026-09-07T10:02:26Z","licence":"ODbL-1.0"},"geometry":{"type":"LineString","coordinates":[[-2.0417692,52.4537084],[-2.0410703,52.4532096],[-2.0407592,52.4528761],[-2.040566,52.4526342],[-2.0404588,52.4523465],[-2.0404158,52.4520785],[-2.0404695,52.45183],[-2.0405982,52.4515358],[-2.0407377,52.4512808],[-2.0409249,52.4511189],[-2.0412361,52.4509097],[-2.0417355,52.4506138],[-2.0419164,52.4505],[-2.0423148,52.4502607],[-2.0427333,52.450045],[-2.0429693,52.4499077],[-2.0432053,52.4497442],[-2.0434843,52.4494696],[-2.0437418,52.4490641],[-2.0438705,52.4487568],[-2.0438813,52.4484953],[-2.0438813,52.4482664],[-2.0438383,52.4478544],[-2.0437096,52.4474294],[-2.0433448,52.4468736],[-2.0429371,52.4463897],[-2.0422934,52.4454349],[-2.0419115,52.4449444],[-2.0417864,52.4447836],[-2.0409571,52.4436382],[-2.0401262,52.4425248],[-2.0397077,52.4419231],[-2.0395361,52.4415176],[-2.0393751,52.4410598],[-2.039343,52.4405039],[-2.0393948,52.4398933],[-2.0395468,52.4393529],[-2.0397828,52.4388362],[-2.0400296,52.4384568],[-2.0404373,52.4381102],[-2.0410526,52.4375703],[-2.0429371,52.4362723],[-2.0450434,52.434774],[-2.0458124,52.4342773],[-2.0460699,52.434068],[-2.0466386,52.4334858],[-2.0469497,52.4331522],[-2.0473359,52.4326878],[-2.047572,52.4322822],[-2.0477007,52.4317982],[-2.0477222,52.4312879],[-2.0477007,52.4309347],[-2.0476149,52.4305749],[-2.0474647,52.4303067],[-2.047293,52.429888],[-2.046976,52.4294971],[-2.0466434,52.4290981],[-2.0461928,52.4287121],[-2.0456885,52.4282804],[-2.0441972,52.4270963],[-2.0431673,52.4263243],[-2.0423304,52.42567],[-2.0412146,52.4247279],[-2.0399974,52.4238954],[-2.0394824,52.423529],[-2.0390211,52.4231626],[-2.0386241,52.4226785],[-2.0379911,52.4211671],[-2.036929,52.4186414],[-2.0361672,52.4167176],[-2.0355449,52.4152714],[-2.035266,52.4146563],[-2.0344932,52.4132869],[-2.0341988,52.4130176],[-2.0320391,52.4113887],[-2.0313664,52.4108161],[-2.0277473,52.408034],[-2.0246999,52.406565],[-2.0220168,52.4051427],[-2.018729,52.4035295],[-2.0171413,52.4029124],[-2.0159452,52.4026974],[-2.015554,52.402639],[-2.014925,52.4025874],[-2.0144653,52.4025463],[-2.0137084,52.4024942],[-2.0132875,52.4024894],[-2.0125848,52.4025516],[-2.0111721,52.4027013],[-2.0104229,52.4027232],[-2.0099799,52.4027317],[-2.008926,52.4027258],[-2.0080171,52.4026634],[-2.0064968,52.4024276],[-2.0053976,52.4020971],[-2.0046012,52.4017914],[-2.003891,52.4014866],[-2.003257,52.401142],[-2.0018811,52.4001857]]}},{"type":"Feature","properties":{"abandoned:railway":"rail","name":"Oxford Worcester and Wolverhampton Line","operator":"GWR","railway":"abandoned","ref":"OWW","source":"OS 1:25k","source_id":"osm-way-45087753","dataset":"OpenStreetMap former/disused railway extract","publisher":"OpenStreetMap contributors","effective_date":"2026-09-07T10:02:26Z","licence":"ODbL-1.0"},"geometry":{"type":"LineString","coordinates":[[-2.0747157,52.513755],[-2.0746692,52.514594],[-2.074752,52.5153644],[-2.0750015,52.5162696],[-2.0751834,52.5165801],[-2.0752154,52.5166349],[-2.0752267,52.5166541],[-2.0752672,52.5167233],[-2.0752756,52.5167377],[-2.0753069,52.5167911],[-2.0753977,52.5169462],[-2.0760739,52.5181006],[-2.077111,52.5194116],[-2.0777972,52.520279],[-2.0779739,52.5205904],[-2.0781579,52.5209271],[-2.0784682,52.5215753],[-2.078907,52.522492],[-2.0789673,52.5226179],[-2.0790537,52.5228777],[-2.0791929,52.5233594],[-2.0792033,52.5233955],[-2.0792047,52.5234105],[-2.0792427,52.5238075],[-2.079279,52.5241858],[-2.0793174,52.5251709],[-2.0790393,52.5275149],[-2.0785687,52.5293712],[-2.0784159,52.5298804],[-2.0781257,52.5305029],[-2.0772369,52.5322486],[-2.0771187,52.532482],[-2.0769726,52.5327607],[-2.076237,52.5341642],[-2.0761666,52.5342985],[-2.0754737,52.5356991],[-2.0752248,52.5362024],[-2.0751024,52.5364498],[-2.0748765,52.536825],[-2.0744844,52.5374436],[-2.0738627,52.5387692],[-2.0736131,52.5393013],[-2.0728893,52.5411313],[-2.0726025,52.5420209],[-2.0725184,52.5425172],[-2.0724195,52.5431004],[-2.0724308,52.5433443],[-2.0724551,52.5438708],[-2.0724707,52.5442095],[-2.0725417,52.5446877],[-2.0725778,52.5449307],[-2.0727226,52.5456951],[-2.072736,52.5457659],[-2.0727664,52.5458948],[-2.0728073,52.546068],[-2.0730179,52.5469598],[-2.0732702,52.5480903],[-2.073296,52.5482061],[-2.0734195,52.548759],[-2.0734313,52.5488116],[-2.0734614,52.5489467],[-2.0737389,52.5497736],[-2.0737586,52.549833],[-2.0741272,52.5509321],[-2.0749369,52.5525253],[-2.0752067,52.5530402],[-2.0757678,52.5540054],[-2.0764107,52.554952],[-2.0770945,52.5559044],[-2.0778647,52.5568481],[-2.0779591,52.5569491]]}},{"type":"Feature","properties":{"railway":"razed","razed:railway":"rail","service":"yard","source":"OS 1:25k","source_id":"osm-way-45087757","dataset":"OpenStreetMap former/disused railway extract","publisher":"OpenStreetMap contributors","effective_date":"2026-09-07T10:02:26Z","licence":"ODbL-1.0"},"geometry":{"type":"LineString","coordinates":[[-2.0749982,52.5127255],[-2.074961,52.513019],[-2.0750022,52.5134053],[-2.0750742,52.5141005],[-2.0751027,52.5143481],[-2.0751399,52.5148511],[-2.0751388,52.5150243],[-2.0751637,52.5154909],[-2.0751835,52.5158608],[-2.0751847,52.5158832],[-2.0752038,52.5162409],[-2.0752728,52.5166092],[-2.0752949,52.5167268],[-2.0753069,52.5167911]]}},{"type":"Feature","properties":{"railway":"razed","razed:railway":"rail","source":"OS 1:25k","source_id":"osm-way-45087776","dataset":"OpenStreetMap former/disused railway extract","publisher":"OpenStreetMap contributors","effective_date":"2026-09-07T10:02:26Z","licence":"ODbL-1.0"},"geometry":{"type":"LineString","coordinates":[[-2.1196561,52.4908434],[-2.1203488,52.4911019],[-2.1209647,52.4914463],[-2.121349,52.4918015],[-2.121465,52.4919084],[-2.1217215,52.4923234],[-2.121837,52.4926679],[-2.1219167,52.4929943]]}},{"type":"Feature","properties":{"abandoned:railway":"rail","railway":"abandoned","source":"OS 1:25k","source_id":"osm-way-45087777","dataset":"OpenStreetMap former/disused railway extract","publisher":"OpenStreetMap contributors","effective_date":"2026-09-07T10:02:26Z","licence":"ODbL-1.0"},"geometry":{"type":"LineString","coordinates":[[-2.1386938,52.5188685],[-2.1398099,52.5186885],[-2.1406053,52.5184616],[-2.14108,52.5182425],[-2.1415546,52.5178903],[-2.1419395,52.5175225],[-2.1424783,52.5168259],[-2.1428247,52.5164816],[-2.1434277,52.5159807],[-2.1438509,52.5155503],[-2.1441845,52.515292],[-2.1447105,52.5149946],[-2.1450312,52.5146268],[-2.1450184,52.5142746],[-2.1448772,52.5138832],[-2.1444924,52.513578],[-2.1442322,52.5134214],[-2.143771,52.5131881],[-2.1436458,52.5131318],[-2.1432629,52.5129372],[-2.1427956,52.5127456]]}},{"type":"Feature","properties":{"railway":"razed","razed:railway":"rail","source":"OS 1:25k","source_id":"osm-way-45087780","dataset":"OpenStreetMap former/disused railway extract","publisher":"OpenStreetMap contributors","effective_date":"2026-09-07T10:02:26Z","licence":"ODbL-1.0"},"geometry":{"type":"LineString","coordinates":[[-2.1531489,52.5193707],[-2.1529415,52.5189912],[-2.1529156,52.5186513],[-2.1530063,52.5182324],[-2.1532396,52.5178372],[-2.1535247,52.517521],[-2.1538097,52.5172522],[-2.1543281,52.5170547],[-2.1549241,52.5168807],[-2.1554812,52.51677],[-2.1556494,52.5167407],[-2.156282,52.5166303],[-2.1568548,52.5165092],[-2.1573083,52.5163036],[-2.1577359,52.5160112],[-2.1581247,52.5157345],[-2.1583968,52.5154262],[-2.1586559,52.5150309],[-2.159887,52.5129044],[-2.1602368,52.5123827],[-2.1615456,52.5104615],[-2.1615844,52.5103034],[-2.161376,52.5092998],[-2.1613413,52.5091327],[-2.1611016,52.5078693],[-2.161092,52.5078208],[-2.1609568,52.5075308],[-2.1609031,52.5074154],[-2.1608847,52.507386],[-2.1606644,52.50688],[-2.1605089,52.5065637],[-2.1602238,52.5062237],[-2.1601175,52.5061437],[-2.1598351,52.5059311],[-2.1593038,52.505607],[-2.1589799,52.5052907],[-2.1588985,52.5051041],[-2.1587726,52.5048321],[-2.1587985,52.504413],[-2.158967,52.503986],[-2.1590001,52.503937],[-2.1590977,52.5037706],[-2.1592001,52.5036065],[-2.15955,52.5032981],[-2.1598999,52.5031399],[-2.1600683,52.5030846]]}},{"type":"Feature","properties":{"abandoned:railway":"rail","name":"Kingswinford Line","railway":"abandoned","ref":"KWD","source":"OS 1:25k","source_id":"osm-way-45087784","dataset":"OpenStreetMap former/disused railway extract","publisher":"OpenStreetMap contributors","effective_date":"2026-09-07T10:02:26Z","licence":"ODbL-1.0"},"geometry":{"type":"LineString","coordinates":[[-2.1391204,52.4892613],[-2.1392213,52.4893473],[-2.1419342,52.4913771],[-2.1441493,52.4930426],[-2.144458,52.493363],[-2.1446639,52.4936898],[-2.1448292,52.4941108],[-2.1449625,52.4946699],[-2.1449419,52.4950218],[-2.1447566,52.4954553],[-2.1444889,52.4958323],[-2.1440978,52.4962972],[-2.1435624,52.4968878],[-2.1431609,52.4973653],[-2.142883,52.4979748],[-2.1427183,52.4986407],[-2.1427183,52.4994952],[-2.1427595,52.5003558],[-2.1426565,52.5012856],[-2.1425433,52.5021086],[-2.1424851,52.502486]]}},{"type":"Feature","properties":{"name":"Kingswinford Line","railway":"razed","razed:railway":"rail","ref":"KWD","source":"OS 1:25k","source_id":"osm-way-45087785","dataset":"OpenStreetMap former/disused railway extract","publisher":"OpenStreetMap contributors","effective_date":"2026-09-07T10:02:26Z","licence":"ODbL-1.0"},"geometry":{"type":"LineString","coordinates":[[-2.1424851,52.502486],[-2.1423786,52.5031765],[-2.1420801,52.5041628],[-2.1418742,52.5050736],[-2.1417712,52.5055636],[-2.1416992,52.5067508],[-2.1417404,52.5072533],[-2.1419359,52.5082834],[-2.1420389,52.5090308],[-2.1421624,52.5094831],[-2.1424713,52.5099793],[-2.1430889,52.5106011],[-2.1434929,52.5109206],[-2.1439507,52.5112216],[-2.1448389,52.5117631],[-2.1457757,52.5121587],[-2.1465375,52.5123723],[-2.1471669,52.5125202],[-2.147766,52.5126448]]}},{"type":"Feature","properties":{"foot":"yes","highway":"cycleway","motor_vehicle":"no","name":"Kingswinford Railway Walk","railway":"abandoned","railway:name":"Kingswinford Line","railway:ref":"KWD","source":"GPS and OpenData_Street_View","surface":"unpaved","source_id":"osm-way-45087795","dataset":"OpenStreetMap former/disused railway extract","publisher":"OpenStreetMap contributors","effective_date":"2026-09-07T10:02:26Z","licence":"ODbL-1.0"},"geometry":{"type":"LineString","coordinates":[[-2.1856087,52.5174581],[-2.1858019,52.5175332],[-2.1860433,52.5176343],[-2.1866307,52.5178743],[-2.1868184,52.5179624],[-2.1872556,52.5181305],[-2.1882054,52.5185911],[-2.1885333,52.5187613],[-2.1887062,52.5188596],[-2.1889917,52.5190219],[-2.1896745,52.519451],[-2.1903834,52.5200557],[-2.1904817,52.5201396],[-2.1908443,52.5205143],[-2.1912244,52.5209959],[-2.1916513,52.5216238],[-2.1917149,52.5217484],[-2.1917423,52.5218046],[-2.191897,52.5221054],[-2.1921535,52.5229352]]}},{"type":"Feature","properties":{"disused:railway":"rail","gauge":"1435","name":"Dudley Junction to Pleck Junction Line","railway":"disused","ref":"DPJ","source":"OS 1:25k","source_id":"osm-way-45258541","dataset":"OpenStreetMap former/disused railway extract","publisher":"OpenStreetMap contributors","effective_date":"2026-09-07T10:02:26Z","licence":"ODbL-1.0"},"geometry":{"type":"LineString","coordinates":[[-2.0005394,52.564204],[-1.9998725,52.565154]]}},{"type":"Feature","properties":{"bridge":"yes","disused:railway":"rail","gauge":"1435","layer":"1","name":"Dudley Junction to Pleck Junction Line","railway":"disused","ref":"DPJ","source":"OS 1:25k","source_id":"osm-way-45258542","dataset":"OpenStreetMap former/disused railway extract","publisher":"OpenStreetMap contributors","effective_date":"2026-09-07T10:02:26Z","licence":"ODbL-1.0"},"geometry":{"type":"LineString","coordinates":[[-2.0008039,52.5638368],[-2.0005394,52.564204]]}},{"type":"Feature","properties":{"abandoned:railway":"rail","designation":"Wolverhampton & Walsall Railway","fixme":"path status?","name":"Heath Town Junction to Walsall Lichfield Road Junction","railway":"abandoned","ref":"HTW","source_id":"osm-way-51427040","dataset":"OpenStreetMap former/disused railway extract","publisher":"OpenStreetMap contributors","effective_date":"2026-09-07T10:02:26Z","licence":"ODbL-1.0"},"geometry":{"type":"LineString","coordinates":[[-2.1008827,52.5930651],[-2.100486,52.5931691],[-2.099007,52.5935426]]}},{"type":"Feature","properties":{"abandoned:railway":"rail","name":"Holly Bank Branch","railway":"abandoned","source_id":"osm-way-51451836","dataset":"OpenStreetMap former/disused railway extract","publisher":"OpenStreetMap contributors","effective_date":"2026-09-07T10:02:26Z","licence":"ODbL-1.0"},"geometry":{"type":"LineString","coordinates":[[-2.0442073,52.6268541],[-2.0436299,52.6268599],[-2.0430277,52.6268659],[-2.0423272,52.6269509],[-2.0418041,52.6270586],[-2.0413185,52.627206],[-2.0406553,52.6274895],[-2.0400949,52.6277446],[-2.0393944,52.6281528],[-2.0384912,52.6286939],[-2.0348537,52.6306882],[-2.0340383,52.6311701],[-2.033459,52.6314436],[-2.0330083,52.6315478],[-2.03215,52.6315738],[-2.0318496,52.6315608]]}},{"type":"Feature","properties":{"abandoned:railway":"rail","name":"Essington Brickworks","railway":"abandoned","service":"spur","source_id":"osm-way-51452080","dataset":"OpenStreetMap former/disused railway extract","publisher":"OpenStreetMap contributors","effective_date":"2026-09-07T10:02:26Z","licence":"ODbL-1.0"},"geometry":{"type":"LineString","coordinates":[[-2.0465052,52.6348426],[-2.0465911,52.6344389],[-2.0467413,52.6340743],[-2.0467842,52.6337096],[-2.0467198,52.6333059],[-2.0464838,52.6329934],[-2.0460975,52.6326938],[-2.0453465,52.6324855],[-2.0443364,52.6323762],[-2.0354125,52.6320175],[-2.0343816,52.6319385],[-2.0318496,52.6315608]]}},{"type":"Feature","properties":{"railway":"razed","razed:railway":"rail","source_id":"osm-way-51453922","dataset":"OpenStreetMap former/disused railway extract","publisher":"OpenStreetMap contributors","effective_date":"2026-09-07T10:02:26Z","licence":"ODbL-1.0"},"geometry":{"type":"LineString","coordinates":[[-2.0436299,52.6268599],[-2.0427599,52.6268628],[-2.036227,52.6267158],[-2.0358339,52.6266814],[-2.0355404,52.6266116],[-2.0352034,52.6265027],[-2.0349395,52.6263641],[-2.0345104,52.6259734],[-2.0337594,52.6247881],[-2.0325577,52.6224304],[-2.0319998,52.621258],[-2.0318631,52.620892],[-2.0317638,52.6205676],[-2.0317591,52.6198755],[-2.0318376,52.6195284],[-2.0320529,52.6188914],[-2.0322509,52.6184531],[-2.0326448,52.6178282],[-2.032727,52.6175078],[-2.0327657,52.6172566],[-2.0327862,52.6169812],[-2.0327792,52.6166978],[-2.0327767,52.6166805],[-2.0326221,52.6156172],[-2.0322974,52.614252],[-2.0321137,52.6136538],[-2.0320072,52.6133371],[-2.0319377,52.6131298],[-2.0319204,52.6130783],[-2.0318657,52.612828],[-2.0318728,52.6125559],[-2.0318934,52.6123851],[-2.0319949,52.6120927],[-2.0321503,52.6117725],[-2.0328986,52.610846],[-2.0329905,52.6107322],[-2.0333046,52.6103853],[-2.0335608,52.610129],[-2.0337967,52.6099515],[-2.034069,52.6098016],[-2.034723,52.6094465],[-2.0357378,52.6091178],[-2.0359142,52.6090541],[-2.0364124,52.6088692],[-2.0365817,52.6087901],[-2.036751,52.6086941],[-2.0371903,52.6083887],[-2.0379413,52.6076265],[-2.0387958,52.6067606],[-2.0391702,52.606344],[-2.0400867,52.6052422],[-2.0411889,52.6037474],[-2.0420769,52.602745]]}},{"type":"Feature","properties":{"abandoned:railway":"rail","alt_name":"Kingsbury Branch","name":"Kingsbury to Baddesley Colliery Branch","railway":"abandoned","ref":"KBC","source_id":"osm-way-61845887","dataset":"OpenStreetMap former/disused railway extract","publisher":"OpenStreetMap contributors","effective_date":"2026-09-07T10:02:26Z","licence":"ODbL-1.0"},"geometry":{"type":"LineString","coordinates":[[-1.6369218,52.5887583],[-1.6362776,52.5887296],[-1.6342034,52.588653],[-1.6307523,52.5885256],[-1.628782,52.588402],[-1.6267193,52.5881593],[-1.6258632,52.5880339],[-1.6243338,52.5877618],[-1.6229048,52.5874532],[-1.6215224,52.5870949],[-1.6197268,52.5866396],[-1.6184721,52.5863036],[-1.616824,52.5858177],[-1.6160409,52.5855513],[-1.6146593,52.5850421],[-1.6135484,52.5845562],[-1.6125783,52.5840706]]}},{"type":"Feature","properties":{"bicycle":"yes","bridge":"yes","electrified":"no","foot":"yes","highway":"path","layer":"1","name":"McClean Way","passenger":"no","railway":"abandoned","ref":"BJW3","source_id":"osm-way-64312982","dataset":"OpenStreetMap former/disused railway extract","publisher":"OpenStreetMap contributors","effective_date":"2026-09-07T10:02:26Z","licence":"ODbL-1.0"},"geometry":{"type":"LineString","coordinates":[[-1.9098113,52.6586099],[-1.9086885,52.6587014]]}},{"type":"Feature","properties":{"abandoned:railway":"rail","name":"Stoke Golding to Hinckley Line","railway":"abandoned","ref":"ASH","source_id":"osm-way-64512466","dataset":"OpenStreetMap former/disused railway extract","publisher":"OpenStreetMap contributors","effective_date":"2026-09-07T10:02:26Z","licence":"ODbL-1.0"},"geometry":{"type":"LineString","coordinates":[[-1.4111684,52.5393779],[-1.4118116,52.5406401],[-1.4126485,52.5421148],[-1.414644,52.5459383],[-1.415562,52.5476789],[-1.4158722,52.5482994],[-1.4164404,52.5493655],[-1.4174801,52.5513322],[-1.4180688,52.5525803],[-1.4194721,52.5551658],[-1.4206253,52.557421],[-1.4210453,52.5582122],[-1.4221756,52.5603231],[-1.4224504,52.5609337],[-1.4230769,52.5620638],[-1.4237814,52.5634073],[-1.4240404,52.5640475],[-1.4241361,52.564321],[-1.4244485,52.5653237],[-1.4246469,52.5660407],[-1.4248476,52.5673191],[-1.424846,52.5686925],[-1.4244108,52.571002]]}},{"type":"Feature","properties":{"abandoned:railway":"rail","name":"Newdigate Colliery Branch","railway":"abandoned","service":"spur","source_id":"osm-way-65767083","dataset":"OpenStreetMap former/disused railway extract","publisher":"OpenStreetMap contributors","effective_date":"2026-09-07T10:02:26Z","licence":"ODbL-1.0"},"geometry":{"type":"LineString","coordinates":[[-1.5140513,52.4801842],[-1.5095224,52.4797229],[-1.5064223,52.4794112],[-1.5046569,52.4793384],[-1.5034662,52.4793374],[-1.5026932,52.4793539],[-1.5019545,52.4792418],[-1.5017688,52.4791675],[-1.5012995,52.4789797],[-1.5011898,52.4789358],[-1.5003962,52.4785577],[-1.4989,52.477689],[-1.4979427,52.4770938],[-1.4957778,52.4759237],[-1.4951211,52.4755214],[-1.4945396,52.4751965],[-1.494289,52.4750686],[-1.4935428,52.4746877],[-1.4925869,52.4744841],[-1.4920784,52.4744225],[-1.4919003,52.4744188],[-1.4913638,52.4744384],[-1.4904733,52.4745103],[-1.4872448,52.4747907],[-1.4867649,52.4748465],[-1.4862094,52.4749412],[-1.4856454,52.4750658],[-1.4851915,52.4751338],[-1.4847331,52.4751906],[-1.4843494,52.4752207],[-1.4839658,52.4752324]]}},{"type":"Feature","properties":{"abandoned:railway":"rail","name":"Kenilworth and Berkswell Branch","railway":"abandoned","ref":"KBB","source_id":"osm-way-72176824","dataset":"OpenStreetMap former/disused railway extract","publisher":"OpenStreetMap contributors","effective_date":"2026-09-07T10:02:26Z","licence":"ODbL-1.0"},"geometry":{"type":"LineString","coordinates":[[-1.5827571,52.3670239],[-1.5847656,52.3679505],[-1.586053,52.3685925],[-1.5890571,52.3699812],[-1.5908622,52.3708099],[-1.5923991,52.3715173],[-1.5947863,52.3726325],[-1.5961113,52.3732744],[-1.5965458,52.373525],[-1.5975248,52.3741145],[-1.5984502,52.3746974],[-1.59945,52.3754568],[-1.6016068,52.3772375],[-1.6029214,52.3783566],[-1.6036865,52.3789397],[-1.6043952,52.3794193],[-1.604988,52.3798118],[-1.6053368,52.3800153],[-1.6060329,52.3803963],[-1.6063702,52.3805516],[-1.6067197,52.3807125],[-1.6079946,52.3812947],[-1.6096314,52.3820384],[-1.6114442,52.3828682],[-1.6131478,52.3836589],[-1.6144611,52.3842607],[-1.6156795,52.3848037],[-1.6168041,52.3853052],[-1.6216933,52.3875203],[-1.6252339,52.3891],[-1.6291456,52.3908788],[-1.6330036,52.3926167],[-1.635245,52.3936204],[-1.635606,52.393772],[-1.6362093,52.3940401],[-1.6372171,52.3944966],[-1.6382677,52.3949206],[-1.6384858,52.3949924]]}},{"type":"Feature","properties":{"abandoned:railway":"rail","name":"Nuneaton Avoiding Line","railway":"abandoned","ref":"NMA","source_id":"osm-way-82170531","dataset":"OpenStreetMap former/disused railway extract","publisher":"OpenStreetMap contributors","effective_date":"2026-09-07T10:02:26Z","licence":"ODbL-1.0"},"geometry":{"type":"LineString","coordinates":[[-1.4687778,52.5299974],[-1.4676733,52.529786],[-1.4651667,52.5293424]]}},{"type":"Feature","properties":{"abandoned:railway":"rail","name":"Nuneaton Avoiding Line","railway":"abandoned","ref":"NMA","source_id":"osm-way-82171642","dataset":"OpenStreetMap former/disused railway extract","publisher":"OpenStreetMap contributors","effective_date":"2026-09-07T10:02:26Z","licence":"ODbL-1.0"},"geometry":{"type":"LineString","coordinates":[[-1.4623039,52.5288597],[-1.4614563,52.5286835],[-1.4605551,52.5284681],[-1.4590901,52.5280423],[-1.4580846,52.527685],[-1.4577846,52.5275581]]}},{"type":"Feature","properties":{"abandoned:railway":"rail","name":"Nuneaton Avoiding Line","railway":"abandoned","ref":"NMA","source_id":"osm-way-82171643","dataset":"OpenStreetMap former/disused railway extract","publisher":"OpenStreetMap contributors","effective_date":"2026-09-07T10:02:26Z","licence":"ODbL-1.0"},"geometry":{"type":"LineString","coordinates":[[-1.4644358,52.5292109],[-1.4626618,52.5289258]]}},{"type":"Feature","properties":{"abandoned:railway":"rail","bridge":"yes","layer":"1","name":"Nuneaton Avoiding Line","railway":"abandoned","ref":"NMA","source_id":"osm-way-82171644","dataset":"OpenStreetMap former/disused railway extract","publisher":"OpenStreetMap contributors","effective_date":"2026-09-07T10:02:26Z","licence":"ODbL-1.0"},"geometry":{"type":"LineString","coordinates":[[-1.4651667,52.5293424],[-1.4644358,52.5292109]]}},{"type":"Feature","properties":{"abandoned:railway":"rail","name":"Nuneaton Avoiding Line","railway":"abandoned","ref":"NMA","source_id":"osm-way-82171660","dataset":"OpenStreetMap former/disused railway extract","publisher":"OpenStreetMap contributors","effective_date":"2026-09-07T10:02:26Z","licence":"ODbL-1.0"},"geometry":{"type":"LineString","coordinates":[[-1.457423,52.527405],[-1.4560529,52.5267726],[-1.4553177,52.5263753],[-1.4550365,52.5261908],[-1.4548717,52.526083],[-1.4520828,52.5242852],[-1.4507313,52.5234253],[-1.4500518,52.5230754],[-1.449233,52.5227505],[-1.4485801,52.5225736],[-1.4479876,52.5224623],[-1.4471754,52.5223608],[-1.4461779,52.5223147],[-1.4457739,52.5223252]]}},{"type":"Feature","properties":{"abandoned:railway":"rail","bridge":"yes","bridge_code":"A47/02","name":"Nuneaton Avoiding Line","owner":"British Rail Property Board","railway":"dismantled","ref":"NMA","source":"bing;Warwickshire_OpenData","source_id":"osm-way-82171661","dataset":"OpenStreetMap former/disused railway extract","publisher":"OpenStreetMap contributors","effective_date":"2026-09-07T10:02:26Z","licence":"ODbL-1.0"},"geometry":{"type":"LineString","coordinates":[[-1.4577846,52.5275581],[-1.457423,52.527405]]}},{"type":"Feature","properties":{"abandoned:railway":"rail","railway":"abandoned","source_id":"osm-way-82172024","dataset":"OpenStreetMap former/disused railway extract","publisher":"OpenStreetMap contributors","effective_date":"2026-09-07T10:02:26Z","licence":"ODbL-1.0"},"geometry":{"type":"LineString","coordinates":[[-1.4533132,52.5213073],[-1.4543642,52.5213645],[-1.4551824,52.52141],[-1.4557915,52.5214047],[-1.4564102,52.5213586],[-1.4571118,52.5212105],[-1.4577987,52.5210141],[-1.4582599,52.5208427],[-1.4586979,52.5206212],[-1.4589858,52.5204059],[-1.4592121,52.5202126],[-1.4593229,52.5201203],[-1.4594054,52.5200497],[-1.4595487,52.5199311],[-1.4598382,52.519692],[-1.4601225,52.5194574]]}},{"type":"Feature","properties":{"abandoned:railway":"rail","embankment":"yes","name":"Coventry Avoiding Line","railway":"abandoned","ref":"CAG","source_id":"osm-way-82172919","dataset":"OpenStreetMap former/disused railway extract","publisher":"OpenStreetMap contributors","effective_date":"2026-09-07T10:02:26Z","licence":"ODbL-1.0"},"geometry":{"type":"LineString","coordinates":[[-1.4886125,52.4061725],[-1.4886314,52.406111],[-1.4894943,52.403304],[-1.4895613,52.403086],[-1.4897736,52.4021926],[-1.4899168,52.4014858],[-1.4900823,52.4008249],[-1.4901839,52.4004121]]}},{"type":"Feature","properties":{"abandoned:railway":"rail","bridge":"yes","layer":"1","name":"Coventry Avoiding Line","railway":"abandoned","ref":"CAG","source_id":"osm-way-82198231","dataset":"OpenStreetMap former/disused railway extract","publisher":"OpenStreetMap contributors","effective_date":"2026-09-07T10:02:26Z","licence":"ODbL-1.0"},"geometry":{"type":"LineString","coordinates":[[-1.4901839,52.4004121],[-1.4901995,52.4002862]]}},{"type":"Feature","properties":{"abandoned:railway":"rail","layer":"1","name":"Coventry Avoiding Line","railway":"abandoned","ref":"CAG","source_id":"osm-way-82198232","dataset":"OpenStreetMap former/disused railway extract","publisher":"OpenStreetMap contributors","effective_date":"2026-09-07T10:02:26Z","licence":"ODbL-1.0"},"geometry":{"type":"LineString","coordinates":[[-1.4901995,52.4002862],[-1.4901959,52.4000472],[-1.4901615,52.3998068],[-1.4900622,52.3995253],[-1.4899505,52.3991527],[-1.4897503,52.3987476],[-1.4894489,52.3983065],[-1.489193,52.3979275],[-1.4888196,52.3975649],[-1.4884345,52.3972388],[-1.4879611,52.396939],[-1.487455,52.3966773],[-1.4869083,52.3964348],[-1.4863028,52.3961899],[-1.4861146,52.3961295],[-1.4858269,52.3960372]]}},{"type":"Feature","properties":{"abandoned:railway":"rail","name":"Ashby and Nuneaton Joint Railway","railway":"abandoned","ref":"ASE","source_id":"osm-way-82202234","dataset":"OpenStreetMap former/disused railway extract","publisher":"OpenStreetMap contributors","effective_date":"2026-09-07T10:02:26Z","licence":"ODbL-1.0"},"geometry":{"type":"LineString","coordinates":[[-1.4760357,52.5374895],[-1.4760983,52.5362308],[-1.4760929,52.5355749],[-1.4758783,52.5349484],[-1.4757067,52.5345699],[-1.4754921,52.5342305],[-1.4751273,52.5337867],[-1.4738003,52.5327625]]}},{"type":"Feature","properties":{"historic:bridge":"yes","layer":"1","name":"Ashby and Nuneaton Joint Railway","railway":"razed","razed:railway":"rail","ref":"AJW","source_id":"osm-way-82202235","dataset":"OpenStreetMap former/disused railway extract","publisher":"OpenStreetMap contributors","effective_date":"2026-09-07T10:02:26Z","licence":"ODbL-1.0"},"geometry":{"type":"LineString","coordinates":[[-1.4768243,52.5346138],[-1.4768714,52.5344022]]}},{"type":"Feature","properties":{"abandoned:railway":"rail","name":"Ashby and Nuneaton Joint Railway","railway":"dismantled","ref":"AJW","source_id":"osm-way-82202236","dataset":"OpenStreetMap former/disused railway extract","publisher":"OpenStreetMap contributors","effective_date":"2026-09-07T10:02:26Z","licence":"ODbL-1.0"},"geometry":{"type":"LineString","coordinates":[[-1.4768714,52.5344022],[-1.4769945,52.5337956]]}},{"type":"Feature","properties":{"abandoned:railway":"rail","name":"Hampton-in-Arden to Whitacre Junction Line","railway":"abandoned","source_id":"osm-way-82207358","dataset":"OpenStreetMap former/disused railway extract","publisher":"OpenStreetMap contributors","effective_date":"2026-09-07T10:02:26Z","licence":"ODbL-1.0"},"geometry":{"type":"LineString","coordinates":[[-1.6777676,52.5218332],[-1.6787441,52.5189602]]}},{"type":"Feature","properties":{"abandoned:railway":"rail","bridge":"yes","layer":"1","name":"Hampton-in-Arden to Whitacre Junction Line","railway":"abandoned","source_id":"osm-way-82211773","dataset":"OpenStreetMap former/disused railway extract","publisher":"OpenStreetMap contributors","effective_date":"2026-09-07T10:02:26Z","licence":"ODbL-1.0"},"geometry":{"type":"LineString","coordinates":[[-1.6787441,52.5189602],[-1.6787825,52.518894]]}},{"type":"Feature","properties":{"abandoned:railway":"rail","name":"Hampton-in-Arden to Whitacre Junction Line","railway":"abandoned","ref":"WHA","source_id":"osm-way-82211774","dataset":"OpenStreetMap former/disused railway extract","publisher":"OpenStreetMap contributors","effective_date":"2026-09-07T10:02:26Z","licence":"ODbL-1.0"},"geometry":{"type":"LineString","coordinates":[[-1.6802456,52.5194102],[-1.6804231,52.5192424],[-1.6807222,52.5189275],[-1.6808829,52.5186666],[-1.6809234,52.5184298],[-1.6809367,52.5180447],[-1.6807329,52.5170213],[-1.6806527,52.5165471],[-1.6806517,52.5161228],[-1.680807,52.5155341],[-1.6828612,52.512752],[-1.6854578,52.5095345],[-1.6866785,52.5073854],[-1.6873728,52.5056919],[-1.6877933,52.5046664],[-1.6885257,52.5025807],[-1.6888368,52.5004189],[-1.6889656,52.4988318],[-1.6890053,52.4981383],[-1.6889527,52.4972245],[-1.6888514,52.4964075]]}},{"type":"Feature","properties":{"abandoned:railway":"rail","bridge":"yes","layer":"1","name":"Hampton-in-Arden to Whitacre Junction Line","railway":"abandoned","ref":"WHA","source_id":"osm-way-82211839","dataset":"OpenStreetMap former/disused railway extract","publisher":"OpenStreetMap contributors","effective_date":"2026-09-07T10:02:26Z","licence":"ODbL-1.0"},"geometry":{"type":"LineString","coordinates":[[-1.6801703,52.5194876],[-1.6802456,52.5194102]]}},{"type":"Feature","properties":{"abandoned:railway":"rail","bridge":"yes","layer":"1","name":"Hampton-in-Arden to Whitacre Junction Line","railway":"abandoned","ref":"WHA","source_id":"osm-way-82223146","dataset":"OpenStreetMap former/disused railway extract","publisher":"OpenStreetMap contributors","effective_date":"2026-09-07T10:02:26Z","licence":"ODbL-1.0"},"geometry":{"type":"LineString","coordinates":[[-1.6888514,52.4964075],[-1.6888423,52.4962231]]}},{"type":"Feature","properties":{"abandoned:railway":"rail","name":"Hampton-in-Arden to Whitacre Junction Line","railway":"abandoned","ref":"WHA","source_id":"osm-way-82223147","dataset":"OpenStreetMap former/disused railway extract","publisher":"OpenStreetMap contributors","effective_date":"2026-09-07T10:02:26Z","licence":"ODbL-1.0"},"geometry":{"type":"LineString","coordinates":[[-1.6888423,52.4962231],[-1.6886995,52.4948824],[-1.6886398,52.4944886],[-1.6884702,52.4939659],[-1.6882038,52.4930445],[-1.687721,52.49164],[-1.6871631,52.4901963],[-1.6865087,52.488635],[-1.6859508,52.4870997],[-1.6854036,52.4856558],[-1.6847706,52.4841204],[-1.6842449,52.4828071],[-1.6836226,52.4811671],[-1.683333,52.4801216],[-1.6830969,52.478756],[-1.6830004,52.4778346],[-1.6829467,52.4763643],[-1.6829574,52.47509],[-1.683056,52.4739218],[-1.6831957,52.4728777],[-1.6833973,52.4713714],[-1.6837728,52.4692996],[-1.6841376,52.4671166],[-1.6847706,52.4635803],[-1.685071,52.4627044],[-1.6855002,52.4614559],[-1.6859079,52.4605145],[-1.6863907,52.4595339],[-1.6869915,52.4585468],[-1.6875601,52.4576185],[-1.6882789,52.4567032],[-1.6886974,52.4561977],[-1.6892124,52.4555962],[-1.6899849,52.4548248],[-1.6909182,52.4539965],[-1.6920877,52.4529961],[-1.6931176,52.4521919],[-1.6945339,52.4510804],[-1.6954458,52.4502761],[-1.6964543,52.4492561],[-1.6975808,52.4481379],[-1.6989219,52.4465293],[-1.7006559,52.443779],[-1.7013681,52.4424486],[-1.7021795,52.4406331],[-1.7032242,52.4382956],[-1.7040289,52.4364642],[-1.7043717,52.4355834]]}},{"type":"Feature","properties":{"name":"Coventry Avoiding Line","railway":"razed","razed:railway":"rail","ref":"CAG","source_id":"osm-way-82234298","dataset":"OpenStreetMap former/disused railway extract","publisher":"OpenStreetMap contributors","effective_date":"2026-09-07T10:02:26Z","licence":"ODbL-1.0"},"geometry":{"type":"LineString","coordinates":[[-1.5002109,52.4399539],[-1.5002865,52.4395565],[-1.5002192,52.4392954],[-1.500015,52.438962]]}},{"type":"Feature","properties":{"name":"Griff Colliery Siding","railway":"razed","razed:railway":"rail","service":"siding","source_id":"osm-way-82236528","dataset":"OpenStreetMap former/disused railway extract","publisher":"OpenStreetMap contributors","effective_date":"2026-09-07T10:02:26Z","licence":"ODbL-1.0"},"geometry":{"type":"LineString","coordinates":[[-1.4888301,52.4980248],[-1.4892592,52.4987302],[-1.4894094,52.4991155],[-1.4894523,52.4993702],[-1.4892964,52.499719],[-1.4890446,52.5000495],[-1.4880576,52.5007679],[-1.4876808,52.5010892]]}},{"type":"Feature","properties":{"railway":"razed","razed:railway":"rail","service":"siding","source_id":"osm-way-82288774","dataset":"OpenStreetMap former/disused railway extract","publisher":"OpenStreetMap contributors","effective_date":"2026-09-07T10:02:26Z","licence":"ODbL-1.0"},"geometry":{"type":"LineString","coordinates":[[-1.4492704,52.4912277],[-1.447733,52.4907908],[-1.4476611,52.4907704],[-1.4462664,52.4902478],[-1.4455583,52.4899734],[-1.4452149,52.489882],[-1.4442708,52.4898558],[-1.4439704,52.4898297],[-1.4437773,52.4897513],[-1.4434769,52.4895553],[-1.4432623,52.4893724],[-1.4431979,52.4891764],[-1.4432623,52.4888498],[-1.4435412,52.4884447],[-1.4440133,52.4879613],[-1.4442064,52.4877522],[-1.4443352,52.4875824],[-1.444469,52.4871773]]}},{"type":"Feature","properties":{"abandoned:railway":"rail","railway":"abandoned","service":"siding","source_id":"osm-way-82289333","dataset":"OpenStreetMap former/disused railway extract","publisher":"OpenStreetMap contributors","effective_date":"2026-09-07T10:02:26Z","licence":"ODbL-1.0"},"geometry":{"type":"LineString","coordinates":[[-1.4704879,52.4567472],[-1.4698515,52.456475],[-1.4696369,52.4564292],[-1.469358,52.4564096],[-1.469079,52.4564031],[-1.4686391,52.4563965],[-1.4678559,52.4563769],[-1.4672336,52.4563573],[-1.4667508,52.4563508],[-1.4664504,52.456305],[-1.4662573,52.4562461],[-1.4660535,52.4561546],[-1.4658925,52.4560239],[-1.4658174,52.4558735],[-1.4657853,52.4556904],[-1.4658496,52.4554943],[-1.4672122,52.4530033]]}},{"type":"Feature","properties":{"railway":"razed","razed:railway":"rail","service":"siding","source_id":"osm-way-82290335","dataset":"OpenStreetMap former/disused railway extract","publisher":"OpenStreetMap contributors","effective_date":"2026-09-07T10:02:26Z","licence":"ODbL-1.0"},"geometry":{"type":"LineString","coordinates":[[-1.4981181,52.4199201],[-1.4996953,52.4197565]]}},{"type":"Feature","properties":{"disused:railway":"rail","railway":"disused","service":"siding","source_id":"osm-way-82290548","dataset":"OpenStreetMap former/disused railway extract","publisher":"OpenStreetMap contributors","effective_date":"2026-09-07T10:02:26Z","licence":"ODbL-1.0"},"geometry":{"type":"LineString","coordinates":[[-1.4925205,52.4175122],[-1.4922336,52.4175429],[-1.4921785,52.4175488],[-1.4912506,52.4176567],[-1.4910901,52.4177039],[-1.4909756,52.4177524]]}},{"type":"Feature","properties":{"abandoned:railway":"rail","railway":"abandoned","service":"siding","source_id":"osm-way-82290552","dataset":"OpenStreetMap former/disused railway extract","publisher":"OpenStreetMap contributors","effective_date":"2026-09-07T10:02:26Z","licence":"ODbL-1.0"},"geometry":{"type":"LineString","coordinates":[[-1.4919433,52.4203157],[-1.4919234,52.4203202],[-1.4909932,52.4205073],[-1.4907179,52.4205545],[-1.4905405,52.4205806],[-1.4903442,52.4206029],[-1.4901655,52.4206141],[-1.489895,52.4206084]]}},{"type":"Feature","properties":{"abandoned:railway":"rail","name":"Hartshill Sidings","railway":"abandoned","service":"siding","source":"OS Open Data + Railway Knowledge","source_id":"osm-way-82293641","dataset":"OpenStreetMap former/disused railway extract","publisher":"OpenStreetMap contributors","effective_date":"2026-09-07T10:02:26Z","licence":"ODbL-1.0"},"geometry":{"type":"LineString","coordinates":[[-1.5069654,52.5530001],[-1.5061435,52.5526277],[-1.5050697,52.5521492],[-1.5047043,52.5519428],[-1.5045204,52.5518257],[-1.5043128,52.5516746],[-1.504097,52.5515058],[-1.5038889,52.5513395],[-1.503728,52.5511308],[-1.5036529,52.5508046]]}},{"type":"Feature","properties":{"abandoned:railway":"rail","railway":"abandoned","service":"siding","source_id":"osm-way-82293657","dataset":"OpenStreetMap former/disused railway extract","publisher":"OpenStreetMap contributors","effective_date":"2026-09-07T10:02:26Z","licence":"ODbL-1.0"},"geometry":{"type":"LineString","coordinates":[[-1.5041786,52.5500935],[-1.5040713,52.550511],[-1.5040498,52.5507393],[-1.504082,52.5510068],[-1.5041678,52.5512678],[-1.5043073,52.5514765],[-1.5045004,52.5516983],[-1.5050697,52.5521492]]}},{"type":"Feature","properties":{"abandoned:railway":"rail","alt_name":"Ansley Colliery Branch","name":"Stockingford Branch","railway":"abandoned","ref":"SFB","source_id":"osm-way-82301429","dataset":"OpenStreetMap former/disused railway extract","publisher":"OpenStreetMap contributors","effective_date":"2026-09-07T10:02:26Z","licence":"ODbL-1.0"},"geometry":{"type":"LineString","coordinates":[[-1.5247527,52.5350364],[-1.5246935,52.5349766],[-1.5242402,52.5345672],[-1.5231515,52.5335932],[-1.5225626,52.5330442],[-1.5222835,52.5327699],[-1.5221442,52.532633],[-1.5217687,52.5321892],[-1.5217269,52.5321274],[-1.5214683,52.5317454],[-1.5214106,52.5316118],[-1.5213645,52.5314515],[-1.5212966,52.5310601],[-1.521243,52.5306424],[-1.5212383,52.5304906],[-1.521243,52.5302377],[-1.5212781,52.5299667],[-1.5213073,52.5298461],[-1.5214254,52.529448],[-1.5215648,52.5290172],[-1.5216805,52.5287698],[-1.5221526,52.5277902],[-1.5225339,52.5269568],[-1.5226055,52.5267588],[-1.5227343,52.5263606],[-1.5227595,52.5261932],[-1.5228094,52.5259233],[-1.5228094,52.5255055],[-1.5227768,52.5252703],[-1.5227361,52.5250295],[-1.522627,52.5246569],[-1.5225761,52.5245074],[-1.5224661,52.5241674],[-1.5222952,52.5238113],[-1.5221978,52.5236256],[-1.5219296,52.5232078],[-1.5216078,52.5228814],[-1.5211142,52.5225419],[-1.520449,52.5222286],[-1.5198982,52.5219932],[-1.5192811,52.5217845],[-1.5187324,52.5216998],[-1.5178389,52.5216429]]}},{"type":"Feature","properties":{"name":"Griff Branch","railway":"razed","razed:railway":"rail","ref":"GFF","source_id":"osm-way-82301833","dataset":"OpenStreetMap former/disused railway extract","publisher":"OpenStreetMap contributors","effective_date":"2026-09-07T10:02:26Z","licence":"ODbL-1.0"},"geometry":{"type":"LineString","coordinates":[[-1.4856534,52.5091226],[-1.4841263,52.507817],[-1.4839226,52.5076483],[-1.4833998,52.5072087],[-1.4827814,52.5068477],[-1.4804319,52.5052582],[-1.4803358,52.5051932],[-1.479313,52.5046417],[-1.4789732,52.5045749],[-1.4780601,52.5044651],[-1.4760605,52.5043703],[-1.4745032,52.5044349],[-1.4742979,52.5044328],[-1.4738626,52.5044026],[-1.4735264,52.5043315],[-1.473193,52.5041814],[-1.4729873,52.5040601],[-1.4728775,52.5039296],[-1.4726838,52.5036613]]}},{"type":"Feature","properties":{"abandoned:railway":"rail","name":"Newdigate Sidings","railway":"abandoned","service":"siding","source_id":"osm-way-82311512","dataset":"OpenStreetMap former/disused railway extract","publisher":"OpenStreetMap contributors","effective_date":"2026-09-07T10:02:26Z","licence":"ODbL-1.0"},"geometry":{"type":"LineString","coordinates":[[-1.4676346,52.4754899],[-1.4677031,52.4739546]]}},{"type":"Feature","properties":{"abandoned:railway":"rail","name":"Newdigate Sidings","railway":"abandoned","service":"siding","source_id":"osm-way-82312181","dataset":"OpenStreetMap former/disused railway extract","publisher":"OpenStreetMap contributors","effective_date":"2026-09-07T10:02:26Z","licence":"ODbL-1.0"},"geometry":{"type":"LineString","coordinates":[[-1.4677299,52.4754973],[-1.4677781,52.4741871],[-1.467711,52.4738494]]}},{"type":"Feature","properties":{"electrified":"no","gauge":"1435","name":"Cemetery Siding","railway":"razed","service":"siding","source_id":"osm-way-82435321","dataset":"OpenStreetMap former/disused railway extract","publisher":"OpenStreetMap contributors","effective_date":"2026-09-07T10:02:26Z","licence":"ODbL-1.0"},"geometry":{"type":"LineString","coordinates":[[-1.4580234,52.5230167],[-1.4564711,52.522096],[-1.4562835,52.5219811],[-1.4561581,52.5219195],[-1.4559879,52.5218482],[-1.4558401,52.5217935],[-1.455717,52.5217536],[-1.455564,52.5217125],[-1.4554128,52.521678],[-1.4551864,52.5216318],[-1.4550456,52.5216046]]}},{"type":"Feature","properties":{"abandoned:railway":"rail","name":"Ashby and Nuneaton Joint Railway","railway":"abandoned","ref":"ASE","source_id":"osm-way-94187799","dataset":"OpenStreetMap former/disused railway extract","publisher":"OpenStreetMap contributors","effective_date":"2026-09-07T10:02:26Z","licence":"ODbL-1.0"},"geometry":{"type":"LineString","coordinates":[[-1.4125342,52.5919083],[-1.4122321,52.5904123],[-1.4121179,52.5893711],[-1.4123681,52.587224],[-1.4125819,52.5863381],[-1.4129384,52.5853206],[-1.4131875,52.5847911],[-1.4137242,52.5839251],[-1.4145919,52.5826542],[-1.41495,52.5821811],[-1.4161712,52.5808971],[-1.4178449,52.5790799],[-1.4191094,52.5777563],[-1.4202573,52.5766247],[-1.4214214,52.5754387],[-1.4223585,52.574356],[-1.4225585,52.5740819],[-1.4229669,52.5735221],[-1.4237125,52.5722525],[-1.4244108,52.571002],[-1.4251328,52.5695189],[-1.4256051,52.5687657],[-1.4266388,52.5675761],[-1.4270757,52.5670875],[-1.427967,52.5662777],[-1.4289648,52.5655059],[-1.4296944,52.5650037],[-1.4323483,52.5636578],[-1.4355007,52.5622173],[-1.4414041,52.5597086],[-1.4445692,52.5583584],[-1.4463394,52.5576149],[-1.4490002,52.5564734],[-1.4527016,52.5548752],[-1.4550834,52.5538576],[-1.4576261,52.5527617],[-1.4598793,52.5517645],[-1.4599609,52.5517284],[-1.4602458,52.5515968],[-1.4617372,52.5508427],[-1.463637,52.5496405],[-1.4651117,52.5484495],[-1.4666815,52.5469729],[-1.4674193,52.5462168],[-1.4682285,52.5454585],[-1.4703195,52.5434665],[-1.4716058,52.5422837],[-1.4726128,52.5413312],[-1.4737855,52.5402373],[-1.4746421,52.5394648],[-1.4750498,52.5390211],[-1.4756184,52.538238],[-1.4758547,52.5378827],[-1.4760357,52.5374895]]}},{"type":"Feature","properties":{"disused:railway":"rail","railway":"disused","service":"siding","source":"bing","source_id":"osm-way-95809865","dataset":"OpenStreetMap former/disused railway extract","publisher":"OpenStreetMap contributors","effective_date":"2026-09-07T10:02:26Z","licence":"ODbL-1.0"},"geometry":{"type":"LineString","coordinates":[[-1.8064714,52.5099142],[-1.8068595,52.5098384],[-1.807968,52.5096361],[-1.8083496,52.5095636],[-1.8092946,52.5093871],[-1.8106443,52.50916]]}},{"type":"Feature","properties":{"abandoned:railway":"rail","name":"Didcot and Chester Line","railway":"abandoned","ref":"DCL","source_id":"osm-way-107901064","dataset":"OpenStreetMap former/disused railway extract","publisher":"OpenStreetMap contributors","effective_date":"2026-09-07T10:02:26Z","licence":"ODbL-1.0"},"geometry":{"type":"LineString","coordinates":[[-1.7261786,52.3400426],[-1.7261574,52.340541],[-1.7261465,52.3406981],[-1.7261035,52.3411668],[-1.7260893,52.3415722],[-1.7260821,52.3417764],[-1.7260753,52.341961],[-1.7260016,52.3423073],[-1.7258246,52.3429561],[-1.7256529,52.3435067],[-1.7254062,52.3442965],[-1.7252721,52.3447913],[-1.7251218,52.3454926],[-1.7250803,52.3456886],[-1.7249448,52.3463283],[-1.724859,52.3469116],[-1.7248107,52.3475736],[-1.7248161,52.3480487],[-1.7248644,52.3486025],[-1.7249126,52.3491268],[-1.7249824,52.3497134],[-1.7250628,52.3501295],[-1.7251701,52.3505752],[-1.7252881,52.3509913],[-1.7254115,52.3513976],[-1.7255617,52.351817]]}},{"type":"Feature","properties":{"disused:railway":"rail","railway":"disused","service":"siding","source":"bing","source_id":"osm-way-108131550","dataset":"OpenStreetMap former/disused railway extract","publisher":"OpenStreetMap contributors","effective_date":"2026-09-07T10:02:26Z","licence":"ODbL-1.0"},"geometry":{"type":"LineString","coordinates":[[-1.6301901,52.5103327],[-1.6299035,52.5102581],[-1.6297007,52.510184],[-1.6291834,52.5099577],[-1.6284262,52.5096038],[-1.6270435,52.5089927],[-1.6265601,52.5087726],[-1.6262389,52.5086409],[-1.6258197,52.5084989],[-1.6254648,52.5083713],[-1.6252315,52.5082911],[-1.6250354,52.5082047],[-1.6247643,52.5080636]]}},{"type":"Feature","properties":{"disused:railway":"rail","railway":"disused","service":"siding","source":"bing","source_id":"osm-way-108148099","dataset":"OpenStreetMap former/disused railway extract","publisher":"OpenStreetMap contributors","effective_date":"2026-09-07T10:02:26Z","licence":"ODbL-1.0"},"geometry":{"type":"LineString","coordinates":[[-1.6266333,52.5089949],[-1.6278774,52.5095648],[-1.6285197,52.5098344],[-1.6288307,52.5099681],[-1.6291287,52.5100361]]}},{"type":"Feature","properties":{"disused:railway":"rail","railway":"disused","service":"siding","source":"bing","source_id":"osm-way-108148115","dataset":"OpenStreetMap former/disused railway extract","publisher":"OpenStreetMap contributors","effective_date":"2026-09-07T10:02:26Z","licence":"ODbL-1.0"},"geometry":{"type":"LineString","coordinates":[[-1.6294443,52.5101279],[-1.6287969,52.5098508],[-1.626488,52.5088138]]}},{"type":"Feature","properties":{"disused:railway":"rail","railway":"disused","service":"siding","source":"bing","source_id":"osm-way-108148117","dataset":"OpenStreetMap former/disused railway extract","publisher":"OpenStreetMap contributors","effective_date":"2026-09-07T10:02:26Z","licence":"ODbL-1.0"},"geometry":{"type":"LineString","coordinates":[[-1.6245686,52.5080781],[-1.6251526,52.5083385],[-1.6263257,52.5088467],[-1.626728,52.5089825],[-1.6276272,52.5093941],[-1.6284622,52.5097603],[-1.6289186,52.5099619],[-1.6291287,52.5100361],[-1.6292973,52.5100957],[-1.6294443,52.5101279],[-1.6297007,52.510184]]}},{"type":"Feature","properties":{"disused:railway":"rail","railway":"disused","service":"siding","source_id":"osm-way-108148129","dataset":"OpenStreetMap former/disused railway extract","publisher":"OpenStreetMap contributors","effective_date":"2026-09-07T10:02:26Z","licence":"ODbL-1.0"},"geometry":{"type":"LineString","coordinates":[[-1.6241939,52.5079669],[-1.6245686,52.5080781],[-1.6250354,52.5082047]]}},{"type":"Feature","properties":{"railway":"razed","razed:railway":"rail","source_id":"osm-way-113748596","dataset":"OpenStreetMap former/disused railway extract","publisher":"OpenStreetMap contributors","effective_date":"2026-09-07T10:02:26Z","licence":"ODbL-1.0"},"geometry":{"type":"LineString","coordinates":[[-1.9292793,52.6198027],[-1.9299872,52.6210809],[-1.9303552,52.6222735],[-1.9304293,52.6230167]]}},{"type":"Feature","properties":{"abandoned:railway":"rail","name":"Bushbury Branch","railway":"abandoned","ref":"BUY","source_id":"osm-way-118389065","dataset":"OpenStreetMap former/disused railway extract","publisher":"OpenStreetMap contributors","effective_date":"2026-09-07T10:02:26Z","licence":"ODbL-1.0"},"geometry":{"type":"LineString","coordinates":[[-2.1223132,52.5954021],[-2.1222909,52.5963951],[-2.1222819,52.5967986],[-2.1222797,52.5970942],[-2.1222685,52.5986353],[-2.122301,52.599234],[-2.1223715,52.5998432],[-2.1224462,52.6008195]]}},{"type":"Feature","properties":{"railway":"razed","razed:railway":"rail","service":"yard","source_id":"osm-way-124107527","dataset":"OpenStreetMap former/disused railway extract","publisher":"OpenStreetMap contributors","effective_date":"2026-09-07T10:02:26Z","licence":"ODbL-1.0"},"geometry":{"type":"LineString","coordinates":[[-2.0751388,52.5150243],[-2.0753106,52.515594],[-2.075493,52.5161098],[-2.0755431,52.5162504],[-2.0756325,52.5165015],[-2.0757576,52.5168277],[-2.0758433,52.5170513],[-2.0758943,52.5171843],[-2.0759329,52.517285],[-2.0761657,52.5177469],[-2.0765949,52.5181582],[-2.0769414,52.5182904],[-2.0773598,52.5185123],[-2.077775,52.5187066],[-2.0781291,52.5190265],[-2.0784188,52.5194182],[-2.0787299,52.5197838],[-2.0788587,52.5202342],[-2.0788801,52.5206128],[-2.0789659,52.5208936],[-2.0790411,52.5211808],[-2.0791913,52.5214419],[-2.0793951,52.521814],[-2.0796311,52.5221796],[-2.0801386,52.5228862]]}},{"type":"Feature","properties":{"name":"Bilston Gas Works","railway":"razed","razed:railway":"rail","service":"spur","source_id":"osm-way-124107528","dataset":"OpenStreetMap former/disused railway extract","publisher":"OpenStreetMap contributors","effective_date":"2026-09-07T10:02:26Z","licence":"ODbL-1.0"},"geometry":{"type":"LineString","coordinates":[[-2.089777,52.5660332],[-2.0910713,52.5666079],[-2.0915938,52.5668346],[-2.0923909,52.5671427],[-2.0929391,52.5673197],[-2.0930347,52.5673514],[-2.0936537,52.5674932],[-2.0941365,52.5676693],[-2.0944369,52.5679171]]}},{"type":"Feature","properties":{"railway":"razed","razed:railway":"rail","service":"yard","source_id":"osm-way-124107533","dataset":"OpenStreetMap former/disused railway extract","publisher":"OpenStreetMap contributors","effective_date":"2026-09-07T10:02:26Z","licence":"ODbL-1.0"},"geometry":{"type":"LineString","coordinates":[[-2.0777997,52.519929],[-2.0772311,52.5191717],[-2.0767451,52.5186674],[-2.0762408,52.5181451],[-2.0760015,52.5177517],[-2.0759544,52.5176845],[-2.0759404,52.517662],[-2.0759342,52.5176483],[-2.0758919,52.5175547],[-2.0757366,52.5172115],[-2.0755431,52.5162504]]}},{"type":"Feature","properties":{"railway":"razed","razed:railway":"rail","service":"siding","source_id":"osm-way-124107535","dataset":"OpenStreetMap former/disused railway extract","publisher":"OpenStreetMap contributors","effective_date":"2026-09-07T10:02:26Z","licence":"ODbL-1.0"},"geometry":{"type":"LineString","coordinates":[[-2.0745918,52.5367102],[-2.073859,52.5382225],[-2.0738627,52.5387692]]}},{"type":"Feature","properties":{"railway":"razed","razed:railway":"rail","service":"yard","source_id":"osm-way-124107537","dataset":"OpenStreetMap former/disused railway extract","publisher":"OpenStreetMap contributors","effective_date":"2026-09-07T10:02:26Z","licence":"ODbL-1.0"},"geometry":{"type":"LineString","coordinates":[[-2.0821764,52.5237265],[-2.0817447,52.5235374],[-2.0813295,52.5233432],[-2.0809652,52.5232384],[-2.0807394,52.5231735],[-2.0804068,52.5230756],[-2.0801386,52.5228862],[-2.0798135,52.522741],[-2.0795163,52.5226969],[-2.0773592,52.5229745]]}},{"type":"Feature","properties":{"name":"Bilston Gas Works","railway":"razed","razed:railway":"rail","service":"spur","source_id":"osm-way-124107538","dataset":"OpenStreetMap former/disused railway extract","publisher":"OpenStreetMap contributors","effective_date":"2026-09-07T10:02:26Z","licence":"ODbL-1.0"},"geometry":{"type":"LineString","coordinates":[[-2.0936891,52.5657406],[-2.0938532,52.5662306],[-2.0939681,52.5665558],[-2.0940936,52.5668606],[-2.0941753,52.5670932],[-2.0942363,52.5672666],[-2.0942655,52.5673666],[-2.0944369,52.5679171],[-2.0945228,52.5681258],[-2.0946408,52.5686996],[-2.0946828,52.5688957]]}},{"type":"Feature","properties":{"abandoned:railway":"rail","railway":"abandoned","service":"yard","source_id":"osm-way-124107543","dataset":"OpenStreetMap former/disused railway extract","publisher":"OpenStreetMap contributors","effective_date":"2026-09-07T10:02:26Z","licence":"ODbL-1.0"},"geometry":{"type":"LineString","coordinates":[[-2.077775,52.5187066],[-2.0776892,52.518576],[-2.0773781,52.51823],[-2.0769296,52.5178499],[-2.0767483,52.5176963],[-2.0763942,52.5175004],[-2.0758943,52.5171843]]}},{"type":"Feature","properties":{"name":"Bilston Gas Works","railway":"razed","razed:railway":"rail","service":"spur","source_id":"osm-way-124107550","dataset":"OpenStreetMap former/disused railway extract","publisher":"OpenStreetMap contributors","effective_date":"2026-09-07T10:02:26Z","licence":"ODbL-1.0"},"geometry":{"type":"LineString","coordinates":[[-2.0943221,52.5663406],[-2.0943292,52.5664325],[-2.0943221,52.5665232],[-2.0943114,52.5666377],[-2.0943077,52.5666769],[-2.094276,52.5667889],[-2.0941753,52.5670932]]}},{"type":"Feature","properties":{"railway":"razed","razed:railway":"rail","source_id":"osm-way-124109579","dataset":"OpenStreetMap former/disused railway extract","publisher":"OpenStreetMap contributors","effective_date":"2026-09-07T10:02:26Z","licence":"ODbL-1.0"},"geometry":{"type":"LineString","coordinates":[[-2.0619109,52.5192377],[-2.0620182,52.5190027],[-2.0619602,52.5187454],[-2.0618036,52.5184543],[-2.0617821,52.5182062],[-2.0619388,52.5178184],[-2.0621092,52.5176582],[-2.062325,52.5174789],[-2.0627971,52.5173222],[-2.0634623,52.51727]]}},{"type":"Feature","properties":{"disused:railway":"rail","maxspeed":"15 mph","railway":"disused","service":"siding","source_id":"osm-way-124196786","dataset":"OpenStreetMap former/disused railway extract","publisher":"OpenStreetMap contributors","effective_date":"2026-09-07T10:02:26Z","licence":"ODbL-1.0"},"geometry":{"type":"LineString","coordinates":[[-1.6349331,52.5141925],[-1.6344689,52.5137857]]}},{"type":"Feature","properties":{"disused:railway":"rail","railway":"disused","service":"siding","source":"bing","source_id":"osm-way-124196787","dataset":"OpenStreetMap former/disused railway extract","publisher":"OpenStreetMap contributors","effective_date":"2026-09-07T10:02:26Z","licence":"ODbL-1.0"},"geometry":{"type":"LineString","coordinates":[[-1.630801,52.51059],[-1.6301901,52.5103327],[-1.6296577,52.5101057],[-1.6291759,52.5098871],[-1.6277181,52.509221],[-1.626687,52.5087683],[-1.6261165,52.5085394],[-1.6254869,52.5083028],[-1.6247643,52.5080636],[-1.6239859,52.5077098]]}},{"type":"Feature","properties":{"disused:railway":"rail","maxspeed":"15 mph","railway":"disused","service":"siding","source_id":"osm-way-124196788","dataset":"OpenStreetMap former/disused railway extract","publisher":"OpenStreetMap contributors","effective_date":"2026-09-07T10:02:26Z","licence":"ODbL-1.0"},"geometry":{"type":"LineString","coordinates":[[-1.6351168,52.5144478],[-1.6347688,52.514092],[-1.6344689,52.5137857],[-1.6343764,52.5136857],[-1.6339808,52.5132695],[-1.6336006,52.5128724],[-1.6332921,52.5125529],[-1.632991,52.5122513],[-1.6324667,52.5117881],[-1.631807,52.5112854],[-1.6312337,52.5108795],[-1.630801,52.51059],[-1.6303599,52.5103253],[-1.6300232,52.5101481],[-1.6296003,52.5099201]]}},{"type":"Feature","properties":{"disused:railway":"rail","maxspeed":"15 mph","railway":"disused","service":"siding","source_id":"osm-way-124196789","dataset":"OpenStreetMap former/disused railway extract","publisher":"OpenStreetMap contributors","effective_date":"2026-09-07T10:02:26Z","licence":"ODbL-1.0"},"geometry":{"type":"LineString","coordinates":[[-1.6300232,52.5101481],[-1.6295314,52.5098416]]}},{"type":"Feature","properties":{"abandoned:railway":"rail","name":"Mitchell's and Butler's Siding","railway":"abandoned","service":"siding","source_id":"osm-way-124878267","dataset":"OpenStreetMap former/disused railway extract","publisher":"OpenStreetMap contributors","effective_date":"2026-09-07T10:02:26Z","licence":"ODbL-1.0"},"geometry":{"type":"LineString","coordinates":[[-1.9515401,52.4848264],[-1.9512766,52.4846375],[-1.9511416,52.4844525]]}},{"type":"Feature","properties":{"abandoned:railway":"rail","name":"Mitchell's and Butler's Siding","railway":"abandoned","service":"spur","source_id":"osm-way-124878268","dataset":"OpenStreetMap former/disused railway extract","publisher":"OpenStreetMap contributors","effective_date":"2026-09-07T10:02:26Z","licence":"ODbL-1.0"},"geometry":{"type":"LineString","coordinates":[[-1.9474096,52.4796094],[-1.947888,52.4795511],[-1.9480033,52.4795543],[-1.9481769,52.4795801],[-1.9483577,52.4796215],[-1.9485061,52.4796654],[-1.9485846,52.479694],[-1.948707,52.4797485],[-1.9490244,52.4799339]]}},{"type":"Feature","properties":{"abandoned:railway":"rail","name":"Mitchell's and Butler's Siding","railway":"abandoned","service":"siding","source_id":"osm-way-124878270","dataset":"OpenStreetMap former/disused railway extract","publisher":"OpenStreetMap contributors","effective_date":"2026-09-07T10:02:26Z","licence":"ODbL-1.0"},"geometry":{"type":"LineString","coordinates":[[-1.9517654,52.4866753],[-1.9516737,52.4866158],[-1.9515723,52.4865512],[-1.9515394,52.4864745],[-1.9515377,52.486452],[-1.9515187,52.4863944],[-1.9515079,52.4861788],[-1.9514972,52.4859501],[-1.9514543,52.4857672],[-1.9512719,52.4856365],[-1.9507852,52.4855125]]}},{"type":"Feature","properties":{"abandoned:railway":"rail","name":"Harborne Branch","railway":"abandoned","ref":"HRN","source_id":"osm-way-124878271","dataset":"OpenStreetMap former/disused railway extract","publisher":"OpenStreetMap contributors","effective_date":"2026-09-07T10:02:26Z","licence":"ODbL-1.0"},"geometry":{"type":"LineString","coordinates":[[-1.9484277,52.4635188],[-1.9484071,52.4637663],[-1.9484288,52.4642343],[-1.9485361,52.4645742],[-1.9486839,52.4648923],[-1.9488626,52.4652592],[-1.9490534,52.4655388],[-1.9493134,52.4658917],[-1.9495032,52.4660977],[-1.9498774,52.4664561],[-1.9501394,52.466664],[-1.9504733,52.4669065],[-1.9508773,52.4671668],[-1.9512636,52.4673699],[-1.9518807,52.4677125],[-1.9523555,52.4680254],[-1.9528317,52.468406],[-1.9530928,52.4686869],[-1.9533104,52.4689535],[-1.9533482,52.4690159],[-1.9534832,52.4692384],[-1.9536966,52.4696398],[-1.9538849,52.470269],[-1.9539033,52.4704461],[-1.9539108,52.4708486],[-1.9538436,52.4714243],[-1.9537348,52.4717759],[-1.9535526,52.4722527],[-1.9533656,52.4725426],[-1.9531001,52.4731018],[-1.9529877,52.4732936],[-1.952726,52.4736748],[-1.9523966,52.4741609],[-1.9514287,52.4755292],[-1.9508403,52.4763826],[-1.9500728,52.4775058],[-1.9497653,52.4779091],[-1.9492625,52.4784203],[-1.9486868,52.4788938],[-1.9483985,52.4790698],[-1.9481885,52.4792056],[-1.9479159,52.4793637],[-1.9477536,52.4794564],[-1.9474096,52.4796094],[-1.9469244,52.4798232],[-1.9464794,52.4800359]]}},{"type":"Feature","properties":{"abandoned:railway":"rail","name":"Mitchell's and Butler's Siding","railway":"abandoned","service":"siding","source_id":"osm-way-124878274","dataset":"OpenStreetMap former/disused railway extract","publisher":"OpenStreetMap contributors","effective_date":"2026-09-07T10:02:26Z","licence":"ODbL-1.0"},"geometry":{"type":"LineString","coordinates":[[-1.950317,52.4869236],[-1.9502277,52.4867421]]}},{"type":"Feature","properties":{"abandoned:railway":"rail","name":"Mitchell's and Butler's Siding","railway":"abandoned","service":"siding","source_id":"osm-way-124878275","dataset":"OpenStreetMap former/disused railway extract","publisher":"OpenStreetMap contributors","effective_date":"2026-09-07T10:02:26Z","licence":"ODbL-1.0"},"geometry":{"type":"LineString","coordinates":[[-1.9513256,52.486316],[-1.9513207,52.4862479],[-1.9513148,52.4861265],[-1.9512934,52.4859109],[-1.9512397,52.4857672],[-1.9511968,52.4857201],[-1.9511324,52.4856561],[-1.9507852,52.4855125]]}},{"type":"Feature","properties":{"abandoned:railway":"rail","name":"Didcot and Chester Line","railway":"abandoned","ref":"DCL","source":"bing","source_id":"osm-way-125510143","dataset":"OpenStreetMap former/disused railway extract","publisher":"OpenStreetMap contributors","effective_date":"2026-09-07T10:02:26Z","licence":"ODbL-1.0"},"geometry":{"type":"LineString","coordinates":[[-1.7499422,52.3698663],[-1.7495501,52.3696607],[-1.7492496,52.3695143],[-1.74886,52.3693151],[-1.7484378,52.3691099],[-1.7479818,52.3688806],[-1.7475474,52.3686682],[-1.7471857,52.3684846]]}},{"type":"Feature","properties":{"abandoned:railway":"rail","name":"Didcot and Chester Line","railway":"abandoned","ref":"DCL","source":"bing","source_id":"osm-way-125510144","dataset":"OpenStreetMap former/disused railway extract","publisher":"OpenStreetMap contributors","effective_date":"2026-09-07T10:02:26Z","licence":"ODbL-1.0"},"geometry":{"type":"LineString","coordinates":[[-1.7489477,52.3694182],[-1.7480924,52.3689793]]}},{"type":"Feature","properties":{"railway":"razed","razed:railway":"rail","source_id":"osm-way-126563913","dataset":"OpenStreetMap former/disused railway extract","publisher":"OpenStreetMap contributors","effective_date":"2026-09-07T10:02:26Z","licence":"ODbL-1.0"},"geometry":{"type":"LineString","coordinates":[[-2.152012,52.5020563],[-2.1523983,52.5023698],[-2.1534711,52.5025265],[-2.1569388,52.5028487],[-2.1574219,52.5028941],[-2.1587926,52.5030229],[-2.1600683,52.5030846],[-2.1605912,52.5031229],[-2.1630413,52.5033102],[-2.1654814,52.5036298],[-2.1659372,52.5036895],[-2.1663887,52.5037543],[-2.1686971,52.5038695],[-2.1693291,52.5038952],[-2.1723549,52.5040513],[-2.1724662,52.5040587],[-2.1746713,52.5041723],[-2.1763467,52.5040981],[-2.1764854,52.5040839],[-2.1769785,52.5040692],[-2.1787091,52.5039924],[-2.1787945,52.5039897],[-2.1817524,52.5038588],[-2.1861657,52.5033903]]}},{"type":"Feature","properties":{"railway":"razed","razed:railway":"rail","source_id":"osm-way-126563914","dataset":"OpenStreetMap former/disused railway extract","publisher":"OpenStreetMap contributors","effective_date":"2026-09-07T10:02:26Z","licence":"ODbL-1.0"},"geometry":{"type":"LineString","coordinates":[[-2.1519262,52.5030229],[-2.1569509,52.5030224],[-2.157091,52.5030234],[-2.1578485,52.5030229],[-2.1587926,52.5030229]]}},{"type":"Feature","properties":{"railway":"razed","razed:railway":"rail","source_id":"osm-way-126563916","dataset":"OpenStreetMap former/disused railway extract","publisher":"OpenStreetMap contributors","effective_date":"2026-09-07T10:02:26Z","licence":"ODbL-1.0"},"geometry":{"type":"LineString","coordinates":[[-2.1503812,52.5077509],[-2.153279,52.5063455],[-2.1539206,52.5058979],[-2.1542007,52.5051127],[-2.1546299,52.5042768],[-2.1553165,52.5035976],[-2.1565545,52.5033175],[-2.1576596,52.503067],[-2.1578485,52.5030229]]}},{"type":"Feature","properties":{"end_date":"1964","name":"Birmingham-Wolverhampton-Dudley Branch","operator":"Great Western Railway","railway":"razed","razed:railway":"rail","start_date":"1852","usage":"branch","source_id":"osm-way-128444309","dataset":"OpenStreetMap former/disused railway extract","publisher":"OpenStreetMap contributors","effective_date":"2026-09-07T10:02:26Z","licence":"ODbL-1.0"},"geometry":{"type":"LineString","coordinates":[[-2.0366308,52.530859],[-2.0378354,52.5307125],[-2.0386176,52.5306422],[-2.0393802,52.5305066],[-2.0396543,52.5304303],[-2.0398982,52.5303612]]}},{"type":"Feature","properties":{"railway":"razed","razed:railway":"rail","source_id":"osm-way-128444321","dataset":"OpenStreetMap former/disused railway extract","publisher":"OpenStreetMap contributors","effective_date":"2026-09-07T10:02:26Z","licence":"ODbL-1.0"},"geometry":{"type":"LineString","coordinates":[[-2.0619388,52.5178184],[-2.0624074,52.517993],[-2.0626837,52.5182941],[-2.063045,52.5187479],[-2.063123,52.5188139],[-2.0632153,52.5188629],[-2.0636182,52.5190114],[-2.0643431,52.5192897],[-2.0649768,52.5195321],[-2.0652597,52.5196439],[-2.0655332,52.5197566],[-2.0658171,52.5199025],[-2.0659951,52.5200474],[-2.0660911,52.5201572],[-2.0661777,52.5203178],[-2.0662179,52.5204568],[-2.066227,52.5205547],[-2.0662165,52.5206672],[-2.0661294,52.5208215],[-2.0660509,52.5209539],[-2.0658906,52.5210909],[-2.0657612,52.521202],[-2.065375,52.521424],[-2.0652207,52.5214931]]}},{"type":"Feature","properties":{"railway":"razed","razed:railway":"rail","source_id":"osm-way-128444344","dataset":"OpenStreetMap former/disused railway extract","publisher":"OpenStreetMap contributors","effective_date":"2026-09-07T10:02:26Z","licence":"ODbL-1.0"},"geometry":{"type":"LineString","coordinates":[[-2.0517708,52.5246814],[-2.0524253,52.52459],[-2.0527686,52.5244725],[-2.053466,52.5240808],[-2.0544745,52.5235325],[-2.0551826,52.5232387],[-2.055511,52.5231381],[-2.0558432,52.5230532],[-2.0565886,52.5229184]]}},{"type":"Feature","properties":{"abandoned:railway":"monorail","layer":"3","note":"old monorail system","oneway":"yes","railway":"abandoned","tracks":"1","usage":"tourism","source_id":"osm-way-129579216","dataset":"OpenStreetMap former/disused railway extract","publisher":"OpenStreetMap contributors","effective_date":"2026-09-07T10:02:26Z","licence":"ODbL-1.0"},"geometry":{"type":"LineString","coordinates":[[-2.1117729,52.4813429],[-2.1117823,52.4816264],[-2.111785,52.4816492],[-2.111793,52.4816697],[-2.1118038,52.4816901],[-2.1118162,52.4817123],[-2.1118306,52.4817301],[-2.1118494,52.4817464],[-2.1118708,52.4817619],[-2.1122681,52.4819963],[-2.1129437,52.4823949]]}},{"type":"Feature","properties":{"abandoned:railway":"monorail","layer":"3","note":"old monorail system","oneway":"yes","railway":"abandoned","tracks":"1","usage":"tourism","source_id":"osm-way-129579217","dataset":"OpenStreetMap former/disused railway extract","publisher":"OpenStreetMap contributors","effective_date":"2026-09-07T10:02:26Z","licence":"ODbL-1.0"},"geometry":{"type":"LineString","coordinates":[[-2.1130201,52.4823344],[-2.1123485,52.4819408],[-2.1118895,52.481652],[-2.111855,52.4816093],[-2.1118259,52.4813573]]}},{"type":"Feature","properties":{"name":"Merry Hill Monorail","railway":"abandoned","razed:railway":"monorail","tracks":"1","source_id":"osm-way-129582752","dataset":"OpenStreetMap former/disused railway extract","publisher":"OpenStreetMap contributors","effective_date":"2026-09-07T10:02:26Z","licence":"ODbL-1.0"},"geometry":{"type":"LineString","coordinates":[[-2.1118773,52.4883288],[-2.1109279,52.4884803],[-2.1106468,52.4885028],[-2.1103288,52.4884803],[-2.1095408,52.4884999],[-2.1090062,52.4884438],[-2.1088818,52.4884073],[-2.1087712,52.4883568],[-2.1086836,52.4882755],[-2.1086145,52.4881885],[-2.1085868,52.4880818],[-2.1085993,52.4878741],[-2.1086031,52.4878201],[-2.108607,52.4877534],[-2.1086132,52.4877029],[-2.1086162,52.487662],[-2.1086202,52.4876191],[-2.1086337,52.4875884],[-2.1086578,52.4875623],[-2.1086961,52.4875343],[-2.1087363,52.4875127],[-2.1087848,52.4874956],[-2.1088375,52.4874842],[-2.1089059,52.4874763],[-2.1090174,52.4874745],[-2.1090932,52.4874755],[-2.1091718,52.4874782],[-2.1092763,52.487482],[-2.1093798,52.4874847],[-2.1094896,52.4874847],[-2.1095922,52.4874812],[-2.1096801,52.4874738],[-2.1097586,52.4874634],[-2.1098259,52.4874527],[-2.1099011,52.4874376],[-2.1099712,52.4874214],[-2.1100575,52.4873977],[-2.1101473,52.4873657],[-2.1102359,52.4873309],[-2.1103181,52.4872956],[-2.1104031,52.4872602],[-2.1104869,52.4872218],[-2.1105607,52.4871844],[-2.1106286,52.4871467],[-2.1106891,52.4871051],[-2.1107398,52.4870601],[-2.110787,52.4870118],[-2.1108261,52.4869633],[-2.1108663,52.4869004],[-2.1109041,52.4868424],[-2.1109416,52.486782],[-2.1109787,52.4867255],[-2.1110214,52.4866677],[-2.1110604,52.486618],[-2.1111026,52.4865735],[-2.1111504,52.4865255],[-2.1111996,52.4864793],[-2.1112457,52.4864463],[-2.1113078,52.4864108],[-2.1113739,52.4863821],[-2.1114491,52.486355],[-2.1115306,52.4863345],[-2.1116289,52.4863108],[-2.1117191,52.486289],[-2.1118153,52.486268],[-2.111912,52.4862457],[-2.1120102,52.4862229],[-2.1121049,52.4862027],[-2.1122018,52.4861803],[-2.1122828,52.4861614],[-2.1123665,52.4861368],[-2.1124419,52.4861105],[-2.1125266,52.4860767],[-2.1125957,52.4860419],[-2.11266,52.4860042],[-2.1127043,52.4859636],[-2.1127633,52.485895],[-2.1128281,52.4858147],[-2.1128858,52.4857347],[-2.1129214,52.485654],[-2.1129416,52.4855873],[-2.1129466,52.4855344],[-2.1129445,52.4854556],[-2.1129236,52.485391],[-2.1129,52.485328]]}},{"type":"Feature","properties":{"railway":"razed","razed:railway":"monorail","tracks":"1","source_id":"osm-way-129582759","dataset":"OpenStreetMap former/disused railway extract","publisher":"OpenStreetMap contributors","effective_date":"2026-09-07T10:02:26Z","licence":"ODbL-1.0"},"geometry":{"type":"LineString","coordinates":[[-2.1084301,52.4882109],[-2.1084319,52.4878135],[-2.1084558,52.4877356],[-2.1085214,52.4876452],[-2.1085475,52.4876121],[-2.1085824,52.487575],[-2.1086188,52.4875459],[-2.1086669,52.487517]]}},{"type":"Feature","properties":{"name":"Merry Hill Monorail","railway":"abandoned","razed:railway":"monorail","tracks":"1","source_id":"osm-way-129582761","dataset":"OpenStreetMap former/disused railway extract","publisher":"OpenStreetMap contributors","effective_date":"2026-09-07T10:02:26Z","licence":"ODbL-1.0"},"geometry":{"type":"LineString","coordinates":[[-2.1128577,52.4853298],[-2.1128828,52.4853931],[-2.1129025,52.4854596],[-2.1129038,52.4855228],[-2.1128985,52.4855759],[-2.1128866,52.4856293],[-2.1128574,52.4856956],[-2.112831,52.48576],[-2.112784,52.4858208],[-2.112735,52.4858802],[-2.1126783,52.4859428],[-2.1126307,52.4859871],[-2.1125686,52.4860235],[-2.1125025,52.4860568],[-2.1124206,52.4860895],[-2.1123476,52.486115],[-2.1122667,52.4861387],[-2.1121873,52.4861573],[-2.112091,52.4861795],[-2.1119963,52.4861997],[-2.1118976,52.4862226],[-2.1118013,52.4862449],[-2.1117048,52.4862658],[-2.111614,52.4862878],[-2.1115154,52.4863116],[-2.1114309,52.4863329],[-2.1113518,52.4863614],[-2.1112821,52.4863917],[-2.1112163,52.4864292],[-2.111167,52.4864645],[-2.111116,52.4865124],[-2.1110677,52.4865609],[-2.1110246,52.4866064],[-2.1109846,52.4866573],[-2.1109414,52.4867159],[-2.1109039,52.486773],[-2.1108663,52.4868335],[-2.1108286,52.4868914],[-2.110789,52.4869533],[-2.1107513,52.487],[-2.1107056,52.4870468],[-2.1106571,52.4870899],[-2.1105997,52.4871293],[-2.1105341,52.4871658],[-2.1104618,52.4872024],[-2.1103795,52.4872402],[-2.110295,52.4872753],[-2.1102132,52.4873104],[-2.110126,52.4873447],[-2.1100388,52.4873757],[-2.1099557,52.4873986],[-2.1098876,52.4874143],[-2.1098143,52.487429],[-2.1097492,52.4874394],[-2.109673,52.4874494],[-2.1095882,52.4874566],[-2.1094885,52.48746],[-2.1093806,52.48746],[-2.1092784,52.4874574],[-2.1091741,52.4874535],[-2.1090947,52.4874509],[-2.1090173,52.4874498],[-2.1089016,52.4874517],[-2.1088269,52.4874603],[-2.1087677,52.4874731],[-2.1087125,52.4874925],[-2.1086669,52.487517],[-2.1086243,52.4875482],[-2.1085958,52.4875791],[-2.10858,52.4876152],[-2.1085757,52.4876608],[-2.1085727,52.4877014],[-2.1085665,52.4877521],[-2.1085626,52.4878191],[-2.1085588,52.487873],[-2.1085499,52.4880762],[-2.108573,52.4881913],[-2.1086421,52.4882867],[-2.1087435,52.4883737],[-2.1088864,52.4884382],[-2.1089878,52.4884691],[-2.1095961,52.4885308],[-2.1103749,52.4885056],[-2.110656,52.4885252],[-2.1109927,52.4885004],[-2.1118727,52.4883652]]}},{"type":"Feature","properties":{"abandoned:railway":"rail","access":"private","bridge:name":"Duddeston Viaduct","highway":"track","name":"Bordesley Disused Branch","railway":"abandoned","ref":"LWA2","service":"siding","source_id":"osm-way-132223834","dataset":"OpenStreetMap former/disused railway extract","publisher":"OpenStreetMap contributors","effective_date":"2026-09-07T10:02:26Z","licence":"ODbL-1.0"},"geometry":{"type":"LineString","coordinates":[[-1.8796646,52.4738354],[-1.8798507,52.4739982],[-1.8800813,52.4741894],[-1.8802524,52.47435],[-1.880288,52.4743929],[-1.8804394,52.474601]]}},{"type":"Feature","properties":{"abandoned:railway":"rail","railway":"abandoned","service":"siding","source":"NPE","source_id":"osm-way-132569351","dataset":"OpenStreetMap former/disused railway extract","publisher":"OpenStreetMap contributors","effective_date":"2026-09-07T10:02:26Z","licence":"ODbL-1.0"},"geometry":{"type":"LineString","coordinates":[[-1.508473,52.4243148],[-1.5083315,52.4242795],[-1.5081498,52.4242513],[-1.5079321,52.4242347],[-1.507686,52.424226],[-1.5074266,52.4242433],[-1.5071815,52.4242636],[-1.5070019,52.4242943],[-1.506775,52.4243269],[-1.506586,52.4243474],[-1.5063453,52.4243577]]}},{"type":"Feature","properties":{"abandoned:railway":"rail","name":"Munition Sidings","railway":"abandoned","service":"siding","source":"local_knowledge","source_id":"osm-way-132569894","dataset":"OpenStreetMap former/disused railway extract","publisher":"OpenStreetMap contributors","effective_date":"2026-09-07T10:02:26Z","licence":"ODbL-1.0"},"geometry":{"type":"LineString","coordinates":[[-1.5066828,52.4307092],[-1.507006,52.4301548],[-1.5079287,52.4286764],[-1.5089587,52.4269493],[-1.5092741,52.4262737]]}},{"type":"Feature","properties":{"abandoned:railway":"rail","railway":"abandoned","service":"siding","source":"local_knowledge","source_id":"osm-way-132569895","dataset":"OpenStreetMap former/disused railway extract","publisher":"OpenStreetMap contributors","effective_date":"2026-09-07T10:02:26Z","licence":"ODbL-1.0"},"geometry":{"type":"LineString","coordinates":[[-1.5073688,52.4320118],[-1.507285,52.4316855],[-1.5070918,52.4314239]]}},{"type":"Feature","properties":{"abandoned:railway":"rail","railway":"abandoned","service":"siding","source":"local_knowledge","source_id":"osm-way-132569897","dataset":"OpenStreetMap former/disused railway extract","publisher":"OpenStreetMap contributors","effective_date":"2026-09-07T10:02:26Z","licence":"ODbL-1.0"},"geometry":{"type":"LineString","coordinates":[[-1.5098241,52.4321448],[-1.5070918,52.4314239]]}},{"type":"Feature","properties":{"disused:railway":"rail","railway":"disused","service":"spur","source_id":"osm-way-132570790","dataset":"OpenStreetMap former/disused railway extract","publisher":"OpenStreetMap contributors","effective_date":"2026-09-07T10:02:26Z","licence":"ODbL-1.0"},"geometry":{"type":"LineString","coordinates":[[-1.491327,52.4181284],[-1.4912881,52.4181342],[-1.4912372,52.4181407],[-1.4911782,52.418144],[-1.4911165,52.418144],[-1.4910615,52.4181456],[-1.4910038,52.4181432],[-1.4909783,52.4181432]]}},{"type":"Feature","properties":{"disused:railway":"rail","railway":"disused","service":"spur","source_id":"osm-way-132570791","dataset":"OpenStreetMap former/disused railway extract","publisher":"OpenStreetMap contributors","effective_date":"2026-09-07T10:02:26Z","licence":"ODbL-1.0"},"geometry":{"type":"LineString","coordinates":[[-1.4925179,52.418171],[-1.4924254,52.4181603],[-1.4923395,52.4181505],[-1.4922779,52.4181432]]}},{"type":"Feature","properties":{"disused:railway":"rail","railway":"disused","service":"spur","source_id":"osm-way-132570792","dataset":"OpenStreetMap former/disused railway extract","publisher":"OpenStreetMap contributors","effective_date":"2026-09-07T10:02:26Z","licence":"ODbL-1.0"},"geometry":{"type":"LineString","coordinates":[[-1.492833,52.418171],[-1.4927084,52.4181767],[-1.4926185,52.4181767],[-1.4925179,52.418171],[-1.4924468,52.4181718],[-1.4923744,52.4181767],[-1.4922966,52.4181816]]}},{"type":"Feature","properties":{"disused:railway":"rail","railway":"disused","service":"spur","source_id":"osm-way-132570794","dataset":"OpenStreetMap former/disused railway extract","publisher":"OpenStreetMap contributors","effective_date":"2026-09-07T10:02:26Z","licence":"ODbL-1.0"},"geometry":{"type":"LineString","coordinates":[[-1.4913968,52.4183337],[-1.4912144,52.4183534],[-1.4911468,52.4183601],[-1.4909837,52.4183763],[-1.4908617,52.4183914],[-1.4907155,52.4184098],[-1.4906296,52.4184253],[-1.4905358,52.4184462],[-1.4904553,52.4184646],[-1.4903964,52.4184831],[-1.4903387,52.41851],[-1.490273,52.4185403],[-1.4902126,52.4185726],[-1.490167,52.4186074],[-1.4901312,52.4186353],[-1.4901026,52.4186609]]}},{"type":"Feature","properties":{"disused:railway":"rail","railway":"disused","service":"siding","source_id":"osm-way-132570795","dataset":"OpenStreetMap former/disused railway extract","publisher":"OpenStreetMap contributors","effective_date":"2026-09-07T10:02:26Z","licence":"ODbL-1.0"},"geometry":{"type":"LineString","coordinates":[[-1.4909756,52.4177524],[-1.4910628,52.4176998],[-1.4911285,52.4176704],[-1.4911916,52.4176459],[-1.491264,52.4176262],[-1.4913498,52.4176107],[-1.4914987,52.4175927],[-1.491893,52.4175469],[-1.4919774,52.4175403],[-1.4920673,52.4175395],[-1.4921585,52.4175436],[-1.4922336,52.4175429]]}},{"type":"Feature","properties":{"disused:railway":"rail","railway":"disused","service":"spur","source_id":"osm-way-132570796","dataset":"OpenStreetMap former/disused railway extract","publisher":"OpenStreetMap contributors","effective_date":"2026-09-07T10:02:26Z","licence":"ODbL-1.0"},"geometry":{"type":"LineString","coordinates":[[-1.4943069,52.4180327],[-1.4942251,52.418027],[-1.4941541,52.4180254],[-1.4940749,52.4180254],[-1.4939797,52.4180287],[-1.4938671,52.4180344],[-1.4937625,52.4180442],[-1.4936391,52.418054],[-1.4935036,52.4180728],[-1.4934195,52.4180847],[-1.4933293,52.4180974],[-1.4931765,52.4181199],[-1.493057,52.4181415],[-1.4929471,52.4181562],[-1.492833,52.418171],[-1.4927955,52.4181759],[-1.4925877,52.4181996],[-1.4923033,52.418234]]}},{"type":"Feature","properties":{"abandoned:railway":"rail","name":"Coventry Avoiding Line","railway":"abandoned","ref":"CAG","source_id":"osm-way-132571282","dataset":"OpenStreetMap former/disused railway extract","publisher":"OpenStreetMap contributors","effective_date":"2026-09-07T10:02:26Z","licence":"ODbL-1.0"},"geometry":{"type":"LineString","coordinates":[[-1.4905319,52.4340744],[-1.4903984,52.4339992],[-1.4892646,52.4332403],[-1.4884019,52.4326129],[-1.4877241,52.4320832],[-1.4870093,52.4314407],[-1.4863437,52.4307982],[-1.4858138,52.4303098],[-1.485518,52.4299566],[-1.4853024,52.4293855],[-1.4851853,52.4283936],[-1.4852407,52.4277173],[-1.4859863,52.4251697],[-1.4867073,52.4231969],[-1.4869291,52.4223852],[-1.4869784,52.4215584],[-1.4869846,52.4186948],[-1.4869538,52.4160339],[-1.4871017,52.4143764],[-1.4873543,52.4130572],[-1.4876748,52.4117642],[-1.4878165,52.4110387],[-1.4879274,52.4100727],[-1.4881801,52.4078549],[-1.4886125,52.4061725]]}},{"type":"Feature","properties":{"abandoned:railway":"rail","name":"Coventry Avoiding Line","railway":"abandoned","ref":"CAG","source_id":"osm-way-132571286","dataset":"OpenStreetMap former/disused railway extract","publisher":"OpenStreetMap contributors","effective_date":"2026-09-07T10:02:26Z","licence":"ODbL-1.0"},"geometry":{"type":"LineString","coordinates":[[-1.500015,52.438962],[-1.4997983,52.4385987],[-1.4995408,52.4382259]]}},{"type":"Feature","properties":{"abandoned:railway":"rail","alt_name":"Wyken Colliery Branch","name":"Wyken Branch","railway":"abandoned","ref":"WYK","source_id":"osm-way-132573267","dataset":"OpenStreetMap former/disused railway extract","publisher":"OpenStreetMap contributors","effective_date":"2026-09-07T10:02:26Z","licence":"ODbL-1.0"},"geometry":{"type":"LineString","coordinates":[[-1.4797907,52.4596043],[-1.478922,52.4598392],[-1.4784168,52.4599405],[-1.4780225,52.4599633],[-1.4774432,52.4599731],[-1.4769468,52.4599526],[-1.4766154,52.4599123],[-1.4763569,52.459876],[-1.4760089,52.4597971],[-1.4752723,52.4595587],[-1.4749452,52.4594096],[-1.4746554,52.4592574],[-1.474079,52.4589401],[-1.4735101,52.4585927],[-1.4721422,52.4577762],[-1.4720995,52.4577507],[-1.4720085,52.4576958],[-1.4712785,52.4572552],[-1.4708384,52.4569961],[-1.4707098,52.4569058],[-1.4704879,52.4567472],[-1.4702475,52.4565852],[-1.4701332,52.4565081],[-1.4699968,52.4564014],[-1.4698756,52.4563066],[-1.469613,52.4560622],[-1.4693048,52.4557532],[-1.4690929,52.4553708],[-1.4689289,52.4550051],[-1.4688299,52.4546336],[-1.4687948,52.4542291],[-1.468825,52.4538406],[-1.4687942,52.4533871],[-1.4687436,52.4530862],[-1.4686987,52.4528255],[-1.4685778,52.4525524],[-1.4684096,52.4521927],[-1.4679772,52.4516872]]}},{"type":"Feature","properties":{"abandoned:railway":"rail","name":"Newdigate Colliery Branch","railway":"abandoned","service":"spur","source_id":"osm-way-132573824","dataset":"OpenStreetMap former/disused railway extract","publisher":"OpenStreetMap contributors","effective_date":"2026-09-07T10:02:26Z","licence":"ODbL-1.0"},"geometry":{"type":"LineString","coordinates":[[-1.4674675,52.4744778],[-1.4677031,52.4739546],[-1.467711,52.4738494],[-1.4677144,52.4737691],[-1.4677191,52.4735303],[-1.4678103,52.4733179],[-1.467935,52.4731569],[-1.4681067,52.473],[-1.468329,52.4728765],[-1.4687164,52.4726884],[-1.469132,52.4725576],[-1.469515,52.4725291],[-1.4701413,52.4725806],[-1.4710273,52.4727871],[-1.4718054,52.4730148],[-1.4724378,52.4731949],[-1.4733351,52.4733326],[-1.4761753,52.4736989],[-1.4764286,52.4737315],[-1.4769389,52.4737998],[-1.4775721,52.4739203],[-1.4781675,52.4739953],[-1.4789561,52.4740764],[-1.4798072,52.4741538],[-1.4802129,52.4741845],[-1.4805762,52.4743015],[-1.4808144,52.4743514],[-1.4814077,52.4745648],[-1.4822821,52.4749202],[-1.4829044,52.4751032],[-1.4832062,52.4751607],[-1.4834209,52.4751874],[-1.483709,52.4752205]]}},{"type":"Feature","properties":{"abandoned:railway":"rail","name":"Hilton Main Colliery","railway":"abandoned","service":"spur","source_id":"osm-way-133567895","dataset":"OpenStreetMap former/disused railway extract","publisher":"OpenStreetMap contributors","effective_date":"2026-09-07T10:02:26Z","licence":"ODbL-1.0"},"geometry":{"type":"LineString","coordinates":[[-2.0472876,52.6268413],[-2.0475596,52.6268017],[-2.0477832,52.6267426],[-2.0479817,52.6266733],[-2.0481802,52.6266039],[-2.0484396,52.6264862],[-2.0487596,52.626336],[-2.051264,52.6249194],[-2.0542853,52.6229861],[-2.0544743,52.622882],[-2.0546915,52.6227817],[-2.0550808,52.6226669],[-2.0560412,52.6225264],[-2.0589223,52.6220863],[-2.0602051,52.6218467],[-2.0609775,52.6217132],[-2.0618519,52.6215731],[-2.0634586,52.6212328],[-2.0642391,52.6210309],[-2.0645046,52.6209495],[-2.0659772,52.6205408],[-2.0678949,52.6199448],[-2.0699817,52.6193439],[-2.0713496,52.6190003],[-2.0717681,52.6189222],[-2.0721543,52.6188717],[-2.0726371,52.6188505],[-2.073026,52.6188473],[-2.0736671,52.6189026],[-2.0742571,52.618984],[-2.0746434,52.6190655],[-2.0751008,52.619205],[-2.0757662,52.619465],[-2.0768633,52.6199269],[-2.0775747,52.62026],[-2.0794753,52.6210614],[-2.0848004,52.623182],[-2.0857138,52.623501],[-2.0883675,52.6243759],[-2.0892657,52.6247257],[-2.0901015,52.6252835],[-2.0905739,52.6257972],[-2.0910308,52.6266859],[-2.0915136,52.6280566],[-2.0916382,52.6293517],[-2.0915032,52.6306437],[-2.0910775,52.6319544],[-2.0906933,52.632865],[-2.0904052,52.6333621],[-2.0901638,52.6336975],[-2.089858,52.6339547],[-2.0890373,52.6345081],[-2.087723,52.635449],[-2.0872509,52.6357843]]}},{"type":"Feature","properties":{"disused:railway":"rail","maxspeed":"20 mph","name":"Birmingham Moor Street Line","railway":"disused","ref":"MSL","source_id":"osm-way-134083374","dataset":"OpenStreetMap former/disused railway extract","publisher":"OpenStreetMap contributors","effective_date":"2026-09-07T10:02:26Z","licence":"ODbL-1.0"},"geometry":{"type":"LineString","coordinates":[[-1.8923896,52.4785902],[-1.8919098,52.4784629],[-1.8906612,52.4781338],[-1.8901422,52.477999],[-1.8899072,52.4779361]]}},{"type":"Feature","properties":{"abandoned:railway":"rail","name":"Birmingham Moor Street Line","railway":"abandoned","ref":"MSL","source":"NPE  and survey","source_id":"osm-way-134083375","dataset":"OpenStreetMap former/disused railway extract","publisher":"OpenStreetMap contributors","effective_date":"2026-09-07T10:02:26Z","licence":"ODbL-1.0"},"geometry":{"type":"LineString","coordinates":[[-1.8916209,52.4783545],[-1.8921165,52.4784863]]}},{"type":"Feature","properties":{"bridge":"yes","disused:railway":"rail","layer":"2","maxspeed":"20 mph","name":"Birmingham Moor Street Line","railway":"disused","ref":"MSL","source":"visual survey;estimate","source_id":"osm-way-134083378","dataset":"OpenStreetMap former/disused railway extract","publisher":"OpenStreetMap contributors","effective_date":"2026-09-07T10:02:26Z","licence":"ODbL-1.0"},"geometry":{"type":"LineString","coordinates":[[-1.8898459,52.4778863],[-1.889927,52.4779078]]}},{"type":"Feature","properties":{"disused:railway":"rail","maxspeed":"20 mph","name":"Birmingham Moor Street Line","railway":"disused","ref":"MSL","source":"NPE  and survey","source_id":"osm-way-134083381","dataset":"OpenStreetMap former/disused railway extract","publisher":"OpenStreetMap contributors","effective_date":"2026-09-07T10:02:26Z","licence":"ODbL-1.0"},"geometry":{"type":"LineString","coordinates":[[-1.8921165,52.4784863],[-1.8924119,52.4785651]]}},{"type":"Feature","properties":{"abandoned:railway":"rail","electrified":"contact_line","frequency":"50","gauge":"1435","layer":"-2","maxspeed":"10 mph","name":"Birmingham and Gloucester Line","railway":"abandoned","ref":"BAG1","voltage":"25000","source_id":"osm-way-134836849","dataset":"OpenStreetMap former/disused railway extract","publisher":"OpenStreetMap contributors","effective_date":"2026-09-07T10:02:26Z","licence":"ODbL-1.0"},"geometry":{"type":"LineString","coordinates":[[-1.9021295,52.4779747],[-1.902218,52.4780188],[-1.9023797,52.4780987],[-1.9024836,52.4781453],[-1.9025948,52.4781891],[-1.9027655,52.4782464]]}},{"type":"Feature","properties":{"abandoned:railway":"rail","railway":"abandoned","service":"siding","source_id":"osm-way-135171883","dataset":"OpenStreetMap former/disused railway extract","publisher":"OpenStreetMap contributors","effective_date":"2026-09-07T10:02:26Z","licence":"ODbL-1.0"},"geometry":{"type":"LineString","coordinates":[[-1.706389,52.5205625],[-1.7049406,52.5206604],[-1.6945985,52.5205755],[-1.6940406,52.5205298],[-1.6935422,52.520441],[-1.693311,52.5203862]]}},{"type":"Feature","properties":{"abandoned:railway":"rail","railway":"abandoned","service":"yard","source_id":"osm-way-136116141","dataset":"OpenStreetMap former/disused railway extract","publisher":"OpenStreetMap contributors","effective_date":"2026-09-07T10:02:26Z","licence":"ODbL-1.0"},"geometry":{"type":"LineString","coordinates":[[-1.8650853,52.4848443],[-1.8655896,52.4858701],[-1.865772,52.4861837],[-1.8658149,52.4864058],[-1.8657827,52.4866541],[-1.8657459,52.4868961]]}},{"type":"Feature","properties":{"abandoned:railway":"rail","railway":"abandoned","service":"yard","source_id":"osm-way-136116142","dataset":"OpenStreetMap former/disused railway extract","publisher":"OpenStreetMap contributors","effective_date":"2026-09-07T10:02:26Z","licence":"ODbL-1.0"},"geometry":{"type":"LineString","coordinates":[[-1.8649705,52.4834203],[-1.8649064,52.4838696],[-1.864849,52.4842655],[-1.8647335,52.4849533],[-1.8647557,52.4852066],[-1.8649277,52.4856597],[-1.8651318,52.4860241],[-1.8653038,52.486286],[-1.8654965,52.486496],[-1.8656441,52.4867245],[-1.8657009,52.4868311],[-1.8657459,52.4868961],[-1.8657483,52.4869126],[-1.8657479,52.4871067]]}},{"type":"Feature","properties":{"abandoned:railway":"rail","railway":"abandoned","service":"yard","source_id":"osm-way-136116146","dataset":"OpenStreetMap former/disused railway extract","publisher":"OpenStreetMap contributors","effective_date":"2026-09-07T10:02:26Z","licence":"ODbL-1.0"},"geometry":{"type":"LineString","coordinates":[[-1.8648578,52.4865011],[-1.8647557,52.4852066]]}},{"type":"Feature","properties":{"abandoned:railway":"rail","railway":"abandoned","service":"yard","source_id":"osm-way-136116151","dataset":"OpenStreetMap former/disused railway extract","publisher":"OpenStreetMap contributors","effective_date":"2026-09-07T10:02:26Z","licence":"ODbL-1.0"},"geometry":{"type":"LineString","coordinates":[[-1.864849,52.4842655],[-1.8648265,52.4847554],[-1.8648815,52.4849685],[-1.8650531,52.4853082],[-1.8652897,52.4856476],[-1.8654823,52.4859877],[-1.8655681,52.4862033],[-1.8656325,52.486432],[-1.8656441,52.4867245]]}},{"type":"Feature","properties":{"foot":"yes","highway":"cycleway","motor_vehicle":"no","name":"Kingswinford Railway Walk","railway":"abandoned","railway:name":"Kingswinford Line","railway:ref":"KWD","source":"OS 1:25k","surface":"unpaved","source_id":"osm-way-137749723","dataset":"OpenStreetMap former/disused railway extract","publisher":"OpenStreetMap contributors","effective_date":"2026-09-07T10:02:26Z","licence":"ODbL-1.0"},"geometry":{"type":"LineString","coordinates":[[-2.1922488,52.5347111],[-2.1924763,52.5395884],[-2.1925273,52.5410738],[-2.1925488,52.5417012]]}},{"type":"Feature","properties":{"bridge":"yes","disused:railway":"rail","gauge":"1435","layer":"1","name":"Dudley Junction to Pleck Junction Line","railway":"disused","ref":"DPJ","source":"OS 1:25k","source_id":"osm-way-139664887","dataset":"OpenStreetMap former/disused railway extract","publisher":"OpenStreetMap contributors","effective_date":"2026-09-07T10:02:26Z","licence":"ODbL-1.0"},"geometry":{"type":"LineString","coordinates":[[-1.9998725,52.565154],[-1.9997234,52.5653697]]}},{"type":"Feature","properties":{"disused:railway":"rail","gauge":"1435","name":"Dudley Junction to Pleck Junction Line","railway":"disused","ref":"DPJ","source_id":"osm-way-139664892","dataset":"OpenStreetMap former/disused railway extract","publisher":"OpenStreetMap contributors","effective_date":"2026-09-07T10:02:26Z","licence":"ODbL-1.0"},"geometry":{"type":"LineString","coordinates":[[-2.0031989,52.5604993],[-2.0030211,52.5607505],[-2.0019743,52.562208],[-2.0016155,52.5627061]]}},{"type":"Feature","properties":{"disused:railway":"rail","gauge":"1435","railway":"disused","ref":"DPJ","source":"OS 1:25k","source_id":"osm-way-139664893","dataset":"OpenStreetMap former/disused railway extract","publisher":"OpenStreetMap contributors","effective_date":"2026-09-07T10:02:26Z","licence":"ODbL-1.0"},"geometry":{"type":"LineString","coordinates":[[-1.9997234,52.5653697],[-1.9996418,52.5654886]]}},{"type":"Feature","properties":{"bridge":"yes","disused:railway":"rail","gauge":"1435","layer":"1","name":"Dudley Junction to Pleck Junction Line","railway":"disused","ref":"DPJ","source_id":"osm-way-139664894","dataset":"OpenStreetMap former/disused railway extract","publisher":"OpenStreetMap contributors","effective_date":"2026-09-07T10:02:26Z","licence":"ODbL-1.0"},"geometry":{"type":"LineString","coordinates":[[-2.0016155,52.5627061],[-2.0014711,52.5628841]]}},{"type":"Feature","properties":{"disused:railway":"rail","gauge":"1435","name":"Dudley Junction to Pleck Junction Line","railway":"disused","ref":"DPJ","source_id":"osm-way-139664902","dataset":"OpenStreetMap former/disused railway extract","publisher":"OpenStreetMap contributors","effective_date":"2026-09-07T10:02:26Z","licence":"ODbL-1.0"},"geometry":{"type":"LineString","coordinates":[[-2.0014711,52.5628841],[-2.0008039,52.5638368]]}},{"type":"Feature","properties":{"bridge":"yes","disused:railway":"rail","gauge":"1435","layer":"1","name":"Dudley Junction to Pleck Junction Line","railway":"disused","ref":"DPJ","source_id":"osm-way-139664903","dataset":"OpenStreetMap former/disused railway extract","publisher":"OpenStreetMap contributors","effective_date":"2026-09-07T10:02:26Z","licence":"ODbL-1.0"},"geometry":{"type":"LineString","coordinates":[[-2.0061738,52.5564922],[-2.0060631,52.5566103]]}},{"type":"Feature","properties":{"bridge":"yes","disused:railway":"rail","gauge":"1435","layer":"1","name":"Wednesbury Goods Loop (Bescot)","railway":"disused","ref":"WGL","source":"NPE","source_id":"osm-way-139664904","dataset":"OpenStreetMap former/disused railway extract","publisher":"OpenStreetMap contributors","effective_date":"2026-09-07T10:02:26Z","licence":"ODbL-1.0"},"geometry":{"type":"LineString","coordinates":[[-1.9983856,52.5661886],[-1.9986545,52.5661192]]}},{"type":"Feature","properties":{"disused:railway":"rail","gauge":"1435","name":"Dudley Junction to Pleck Junction Line","railway":"disused","ref":"DPJ","source_id":"osm-way-139664911","dataset":"OpenStreetMap former/disused railway extract","publisher":"OpenStreetMap contributors","effective_date":"2026-09-07T10:02:26Z","licence":"ODbL-1.0"},"geometry":{"type":"LineString","coordinates":[[-2.0060631,52.5566103],[-2.0049967,52.5579979],[-2.0045024,52.558658],[-2.0040376,52.5593146]]}},{"type":"Feature","properties":{"bridge":"yes","disused:railway":"rail","gauge":"1435","layer":"1","name":"Dudley Junction to Pleck Junction Line","railway":"disused","ref":"DPJ","source_id":"osm-way-139664914","dataset":"OpenStreetMap former/disused railway extract","publisher":"OpenStreetMap contributors","effective_date":"2026-09-07T10:02:26Z","licence":"ODbL-1.0"},"geometry":{"type":"LineString","coordinates":[[-2.0040376,52.5593146],[-2.0039331,52.5594623]]}},{"type":"Feature","properties":{"bridge":"yes","disused:railway":"rail","gauge":"1435","layer":"1","name":"Dudley Junction to Pleck Junction Line","railway":"disused","ref":"DPJ","source_id":"osm-way-139664917","dataset":"OpenStreetMap former/disused railway extract","publisher":"OpenStreetMap contributors","effective_date":"2026-09-07T10:02:26Z","licence":"ODbL-1.0"},"geometry":{"type":"LineString","coordinates":[[-2.0033622,52.5602686],[-2.0031989,52.5604993]]}},{"type":"Feature","properties":{"disused:railway":"rail","gauge":"1435","name":"Dudley Junction to Pleck Junction Line","railway":"disused","ref":"DPJ","source_id":"osm-way-139664922","dataset":"OpenStreetMap former/disused railway extract","publisher":"OpenStreetMap contributors","effective_date":"2026-09-07T10:02:26Z","licence":"ODbL-1.0"},"geometry":{"type":"LineString","coordinates":[[-2.0039331,52.5594623],[-2.0033622,52.5602686]]}},{"type":"Feature","properties":{"disused:railway":"rail","gauge":"1435","name":"Wednesbury Goods Loop (Bescot)","railway":"disused","ref":"WGL","source":"NPE","source_id":"osm-way-139664928","dataset":"OpenStreetMap former/disused railway extract","publisher":"OpenStreetMap contributors","effective_date":"2026-09-07T10:02:26Z","licence":"ODbL-1.0"},"geometry":{"type":"LineString","coordinates":[[-1.9986545,52.5661192],[-1.9991219,52.5658982],[-1.9992911,52.5657896],[-1.9996418,52.5654886]]}},{"type":"Feature","properties":{"bicycle":"yes","electrified":"no","foot":"yes","highway":"path","name":"McClean Way","passenger":"no","railway":"abandoned","ref":"BJW3","source":"landsat & NPE","surface":"unpaved","source_id":"osm-way-139910263","dataset":"OpenStreetMap former/disused railway extract","publisher":"OpenStreetMap contributors","effective_date":"2026-09-07T10:02:26Z","licence":"ODbL-1.0"},"geometry":{"type":"LineString","coordinates":[[-1.9086885,52.6587014],[-1.9065813,52.658853],[-1.9049148,52.6590131],[-1.903351,52.6592291],[-1.9022432,52.6593873],[-1.9006491,52.6596628],[-1.8989393,52.6600244],[-1.8973785,52.6604205],[-1.8961453,52.6607449],[-1.8949441,52.661105],[-1.8934227,52.6616293],[-1.8919456,52.6621745],[-1.8910605,52.6625226],[-1.8896326,52.6631595]]}},{"type":"Feature","properties":{"abandoned:railway":"rail","name":"Kenilworth and Berkswell Branch","railway":"abandoned","ref":"KBB","source_id":"osm-way-144989807","dataset":"OpenStreetMap former/disused railway extract","publisher":"OpenStreetMap contributors","effective_date":"2026-09-07T10:02:26Z","licence":"ODbL-1.0"},"geometry":{"type":"LineString","coordinates":[[-1.57865,52.3651952],[-1.5769678,52.3644408],[-1.5737881,52.3629902],[-1.5715698,52.3619554],[-1.5689128,52.3607359],[-1.5676448,52.3601427],[-1.5668439,52.3597748],[-1.5653776,52.3590989]]}},{"type":"Feature","properties":{"abandoned:railway":"rail","railway":"abandoned","service":"siding","source_id":"osm-way-147588749","dataset":"OpenStreetMap former/disused railway extract","publisher":"OpenStreetMap contributors","effective_date":"2026-09-07T10:02:26Z","licence":"ODbL-1.0"},"geometry":{"type":"LineString","coordinates":[[-1.8510902,52.4995021],[-1.8512695,52.4994958],[-1.8513749,52.4994857],[-1.8514735,52.499472],[-1.8516623,52.4994354],[-1.8518834,52.4993879],[-1.8520346,52.4993506]]}},{"type":"Feature","properties":{"abandoned:railway":"rail","railway":"abandoned","service":"siding","source_id":"osm-way-147588750","dataset":"OpenStreetMap former/disused railway extract","publisher":"OpenStreetMap contributors","effective_date":"2026-09-07T10:02:26Z","licence":"ODbL-1.0"},"geometry":{"type":"LineString","coordinates":[[-1.8538981,52.4990947],[-1.8542249,52.4991391]]}},{"type":"Feature","properties":{"disused:railway":"rail","railway":"razed","service":"siding","source_id":"osm-way-147588751","dataset":"OpenStreetMap former/disused railway extract","publisher":"OpenStreetMap contributors","effective_date":"2026-09-07T10:02:26Z","licence":"ODbL-1.0"},"geometry":{"type":"LineString","coordinates":[[-1.8511972,52.498849],[-1.8516848,52.4988338],[-1.8518131,52.498834],[-1.8519536,52.4988396],[-1.8520758,52.4988502],[-1.8522435,52.4988722],[-1.8524496,52.4988985]]}},{"type":"Feature","properties":{"abandoned:railway":"rail","railway":"abandoned","service":"siding","source_id":"osm-way-147588752","dataset":"OpenStreetMap former/disused railway extract","publisher":"OpenStreetMap contributors","effective_date":"2026-09-07T10:02:26Z","licence":"ODbL-1.0"},"geometry":{"type":"LineString","coordinates":[[-1.8499654,52.5000403],[-1.8501323,52.5000128],[-1.8503204,52.499975],[-1.8505396,52.499925],[-1.8505786,52.4999136]]}},{"type":"Feature","properties":{"abandoned:railway":"rail","railway":"abandoned","service":"siding","source_id":"osm-way-147588753","dataset":"OpenStreetMap former/disused railway extract","publisher":"OpenStreetMap contributors","effective_date":"2026-09-07T10:02:26Z","licence":"ODbL-1.0"},"geometry":{"type":"LineString","coordinates":[[-1.8504069,52.499882],[-1.8505419,52.4998648],[-1.8506666,52.4998402],[-1.8508013,52.4998034],[-1.850922,52.4997685],[-1.8510197,52.4997397],[-1.8511484,52.4996918]]}},{"type":"Feature","properties":{"disused:railway":"rail","railway":"razed","service":"siding","source_id":"osm-way-147588754","dataset":"OpenStreetMap former/disused railway extract","publisher":"OpenStreetMap contributors","effective_date":"2026-09-07T10:02:26Z","licence":"ODbL-1.0"},"geometry":{"type":"LineString","coordinates":[[-1.8511971,52.4988997],[-1.8516926,52.498886],[-1.8519487,52.4988795],[-1.8520611,52.49888],[-1.8522121,52.4988843],[-1.8524496,52.4988985],[-1.8525727,52.4989087],[-1.8527613,52.4989168]]}},{"type":"Feature","properties":{"disused:railway":"rail","railway":"razed","service":"siding","source_id":"osm-way-147588755","dataset":"OpenStreetMap former/disused railway extract","publisher":"OpenStreetMap contributors","effective_date":"2026-09-07T10:02:26Z","licence":"ODbL-1.0"},"geometry":{"type":"LineString","coordinates":[[-1.8515083,52.499343],[-1.8517308,52.4993356],[-1.8518954,52.4993249],[-1.852045,52.4993039],[-1.8522374,52.4992734],[-1.8523417,52.4992556],[-1.852493,52.4992224]]}},{"type":"Feature","properties":{"disused:railway":"rail","name":"Washwood Heath Railway Works","railway":"razed","service":"siding","source_id":"osm-way-147588756","dataset":"OpenStreetMap former/disused railway extract","publisher":"OpenStreetMap contributors","effective_date":"2026-09-07T10:02:26Z","licence":"ODbL-1.0"},"geometry":{"type":"LineString","coordinates":[[-1.8511928,52.4989543],[-1.8516894,52.4989406],[-1.8521274,52.4989322],[-1.8526139,52.4989204],[-1.8527613,52.4989168],[-1.8528792,52.4989136],[-1.8530206,52.4989168],[-1.8531703,52.4989264],[-1.8533093,52.4989407],[-1.8534341,52.4989592],[-1.8535479,52.498979],[-1.8536889,52.4990073],[-1.8538363,52.4990393],[-1.85398,52.4990645],[-1.8543344,52.4991127],[-1.8545013,52.4991341],[-1.854656,52.4991569],[-1.8547466,52.4991686],[-1.8549287,52.4991824]]}},{"type":"Feature","properties":{"abandoned:railway":"rail","railway":"abandoned","service":"siding","source_id":"osm-way-147588757","dataset":"OpenStreetMap former/disused railway extract","publisher":"OpenStreetMap contributors","effective_date":"2026-09-07T10:02:26Z","licence":"ODbL-1.0"},"geometry":{"type":"LineString","coordinates":[[-1.8495154,52.5001676],[-1.8496329,52.5001633],[-1.8497917,52.500148],[-1.8499011,52.5001332],[-1.8500152,52.5001117],[-1.8501362,52.5000864],[-1.8502494,52.5000575],[-1.8503914,52.5000124]]}},{"type":"Feature","properties":{"disused:railway":"rail","name":"Washwood Heath Railway Works","railway":"razed","service":"spur","source_id":"osm-way-147588758","dataset":"OpenStreetMap former/disused railway extract","publisher":"OpenStreetMap contributors","effective_date":"2026-09-07T10:02:26Z","licence":"ODbL-1.0"},"geometry":{"type":"LineString","coordinates":[[-1.8498404,52.5001799],[-1.8499098,52.5001628],[-1.8500411,52.5001275],[-1.8501331,52.5001001],[-1.850247,52.5000643],[-1.8503914,52.5000124],[-1.8505045,52.4999678],[-1.8506385,52.4999113],[-1.8508423,52.4998241],[-1.8511484,52.4996918],[-1.8512988,52.4996296],[-1.8515669,52.4995155],[-1.8517169,52.4994551],[-1.8518288,52.4994146],[-1.8519068,52.4993883],[-1.8520346,52.4993506],[-1.852198,52.4993027],[-1.852493,52.4992224],[-1.8526005,52.4991927],[-1.8527032,52.4991702],[-1.8528456,52.4991435],[-1.8529834,52.4991241],[-1.8531081,52.49911],[-1.8532832,52.4990971],[-1.8534191,52.4990938],[-1.8535481,52.499094],[-1.8537348,52.4991013],[-1.853874,52.4991101],[-1.8540549,52.4991236],[-1.8542249,52.4991391],[-1.8543508,52.4991553],[-1.8544855,52.4991667],[-1.8546051,52.4991731],[-1.8547523,52.4991787],[-1.8549287,52.4991824],[-1.855001,52.4991831],[-1.8551198,52.4991847],[-1.8552419,52.4991863],[-1.8554681,52.4991848],[-1.8556602,52.4991774],[-1.8557828,52.4991715],[-1.8559073,52.4991642],[-1.8560446,52.49915],[-1.8561163,52.4991437],[-1.8562384,52.4991273],[-1.8563309,52.4991112],[-1.8564874,52.4990799],[-1.8566331,52.4990441],[-1.8567393,52.4990108],[-1.8568648,52.4989666],[-1.8569763,52.4989211],[-1.8571364,52.4988492]]}},{"type":"Feature","properties":{"abandoned:railway":"rail","railway":"abandoned","service":"siding","source_id":"osm-way-147588759","dataset":"OpenStreetMap former/disused railway extract","publisher":"OpenStreetMap contributors","effective_date":"2026-09-07T10:02:26Z","licence":"ODbL-1.0"},"geometry":{"type":"LineString","coordinates":[[-1.8508351,52.499668],[-1.8509029,52.4996673],[-1.8510081,52.49966],[-1.8511531,52.4996365],[-1.8512647,52.4996121],[-1.8513339,52.499595],[-1.8514095,52.4995718],[-1.8515669,52.4995155]]}},{"type":"Feature","properties":{"abandoned:railway":"rail","railway":"abandoned","service":"siding","source_id":"osm-way-147588760","dataset":"OpenStreetMap former/disused railway extract","publisher":"OpenStreetMap contributors","effective_date":"2026-09-07T10:02:26Z","licence":"ODbL-1.0"},"geometry":{"type":"LineString","coordinates":[[-1.8493599,52.5002231],[-1.8494895,52.5002172],[-1.8496231,52.5002048],[-1.8497703,52.5001839],[-1.8498379,52.5001698]]}},{"type":"Feature","properties":{"disused:railway":"rail","railway":"razed","service":"siding","source_id":"osm-way-147588761","dataset":"OpenStreetMap former/disused railway extract","publisher":"OpenStreetMap contributors","effective_date":"2026-09-07T10:02:26Z","licence":"ODbL-1.0"},"geometry":{"type":"LineString","coordinates":[[-1.8521221,52.499148],[-1.8525131,52.4991377],[-1.8526376,52.4991311],[-1.8527494,52.499122],[-1.852853,52.4991115],[-1.8529475,52.4991071],[-1.8532832,52.4990971]]}},{"type":"Feature","properties":{"abandoned:railway":"rail","railway":"abandoned","service":"siding","source_id":"osm-way-147588762","dataset":"OpenStreetMap former/disused railway extract","publisher":"OpenStreetMap contributors","effective_date":"2026-09-07T10:02:26Z","licence":"ODbL-1.0"},"geometry":{"type":"LineString","coordinates":[[-1.8504059,52.4998051],[-1.8506421,52.4997945],[-1.8507708,52.4997808],[-1.8508685,52.4997656],[-1.8509695,52.4997453],[-1.8511484,52.4996918]]}},{"type":"Feature","properties":{"maxspeed":"5 mph","railway":"razed","razed:railway":"rail","service":"yard","source_id":"osm-way-147603343","dataset":"OpenStreetMap former/disused railway extract","publisher":"OpenStreetMap contributors","effective_date":"2026-09-07T10:02:26Z","licence":"ODbL-1.0"},"geometry":{"type":"LineString","coordinates":[[-1.8344314,52.5045976],[-1.8347018,52.5045612],[-1.834842,52.504549],[-1.8350461,52.5045377],[-1.8354583,52.5045192],[-1.8358713,52.5045001],[-1.8361387,52.504488],[-1.836469,52.504471],[-1.8366124,52.5044645],[-1.8370873,52.5044426],[-1.8372282,52.5044357],[-1.8376331,52.504415],[-1.8378978,52.5043916],[-1.8380663,52.5043744],[-1.8382922,52.5043486],[-1.8385456,52.5043137],[-1.8387243,52.5042808],[-1.8389146,52.504247],[-1.839206,52.5041901],[-1.8416892,52.5037348],[-1.8423027,52.5036208],[-1.8427178,52.5035449],[-1.8430537,52.5034717],[-1.843227,52.5034215],[-1.8434001,52.5033641],[-1.8437297,52.5032496],[-1.8437826,52.5032314],[-1.8440812,52.5031304],[-1.8442271,52.5030798],[-1.8444474,52.5030053],[-1.8445851,52.5029581],[-1.8449222,52.5028422],[-1.8450827,52.5027877],[-1.8453788,52.5026872],[-1.845615,52.5026086],[-1.8458127,52.5025533],[-1.8462531,52.5024389],[-1.8464705,52.5023845],[-1.8466111,52.5023489],[-1.8468659,52.5022926]]}},{"type":"Feature","properties":{"maxspeed":"5 mph","railway":"razed","razed:railway":"rail","service":"yard","source_id":"osm-way-147603346","dataset":"OpenStreetMap former/disused railway extract","publisher":"OpenStreetMap contributors","effective_date":"2026-09-07T10:02:26Z","licence":"ODbL-1.0"},"geometry":{"type":"LineString","coordinates":[[-1.8421392,52.5031801],[-1.8426588,52.5030823],[-1.8432717,52.5029834],[-1.8438272,52.5028882],[-1.8442725,52.5028072],[-1.8446926,52.5027303],[-1.8449134,52.5026873],[-1.8450471,52.5026552],[-1.8454635,52.5025449],[-1.8457477,52.502474],[-1.8459752,52.502426],[-1.8462342,52.5023771],[-1.8465948,52.5023124]]}},{"type":"Feature","properties":{"gauge":"1435","railway":"razed","service":"siding","source":"bing","source_id":"osm-way-147603359","dataset":"OpenStreetMap former/disused railway extract","publisher":"OpenStreetMap contributors","effective_date":"2026-09-07T10:02:26Z","licence":"ODbL-1.0"},"geometry":{"type":"LineString","coordinates":[[-1.8571364,52.4988492],[-1.8573718,52.4987288],[-1.8574985,52.4986708],[-1.8575652,52.4986411],[-1.8577309,52.4985672],[-1.8578291,52.4985228],[-1.857911,52.498485],[-1.8581654,52.4983491]]}},{"type":"Feature","properties":{"maxspeed":"5 mph","railway":"razed","razed:railway":"rail","service":"yard","source_id":"osm-way-147603362","dataset":"OpenStreetMap former/disused railway extract","publisher":"OpenStreetMap contributors","effective_date":"2026-09-07T10:02:26Z","licence":"ODbL-1.0"},"geometry":{"type":"LineString","coordinates":[[-1.8376331,52.504415],[-1.8380526,52.5043958],[-1.8383971,52.5043814],[-1.8385999,52.5043705],[-1.8389488,52.5043378],[-1.8391949,52.5043104],[-1.8392588,52.5043034],[-1.83962,52.5042622],[-1.8397593,52.5042444],[-1.8399544,52.5042129],[-1.8404924,52.5041192],[-1.8409609,52.5040314],[-1.8423553,52.5037762],[-1.8424735,52.5037552],[-1.8425939,52.5037299],[-1.8427016,52.5037018],[-1.8428172,52.5036723],[-1.8429374,52.5036366],[-1.8431098,52.503581],[-1.8432626,52.5035191],[-1.8436572,52.5033512],[-1.843951,52.5032193],[-1.8442169,52.5031026],[-1.8444474,52.5030053]]}},{"type":"Feature","properties":{"maxspeed":"5 mph","railway":"razed","razed:railway":"rail","service":"yard","source_id":"osm-way-147603368","dataset":"OpenStreetMap former/disused railway extract","publisher":"OpenStreetMap contributors","effective_date":"2026-09-07T10:02:26Z","licence":"ODbL-1.0"},"geometry":{"type":"LineString","coordinates":[[-1.8358713,52.5045001],[-1.8362084,52.504471],[-1.8363138,52.5044606],[-1.8364097,52.5044482],[-1.8367738,52.5044061],[-1.8370112,52.5043799],[-1.8374708,52.5043264],[-1.8376603,52.5043013],[-1.8378329,52.504272],[-1.8380291,52.5042384],[-1.8385933,52.504134],[-1.8392052,52.5040212],[-1.8400251,52.5038705],[-1.8409245,52.5037044],[-1.8416048,52.5035792],[-1.8420745,52.5034929],[-1.8423366,52.5034449],[-1.8425566,52.5033985],[-1.8428321,52.5033292],[-1.8431502,52.5032471],[-1.8435278,52.5031481],[-1.8438806,52.5030547],[-1.8441117,52.5029937],[-1.8442989,52.502944],[-1.8445444,52.5028697]]}},{"type":"Feature","properties":{"maxspeed":"5 mph","railway":"razed","razed:railway":"rail","service":"yard","source_id":"osm-way-147603377","dataset":"OpenStreetMap former/disused railway extract","publisher":"OpenStreetMap contributors","effective_date":"2026-09-07T10:02:26Z","licence":"ODbL-1.0"},"geometry":{"type":"LineString","coordinates":[[-1.8439024,52.5030166],[-1.8436425,52.5030739],[-1.8434245,52.5031158],[-1.8431848,52.5031599],[-1.8429147,52.5032104],[-1.8421657,52.5033528],[-1.8415368,52.5034675],[-1.8409286,52.5035794],[-1.8403149,52.503692],[-1.8390673,52.503922],[-1.8379907,52.5041205],[-1.8377394,52.5041647],[-1.8376167,52.5041921],[-1.8373557,52.504261],[-1.8371903,52.504306],[-1.8370349,52.5043413],[-1.8368589,52.5043773]]}},{"type":"Feature","properties":{"maxspeed":"5 mph","railway":"razed","razed:railway":"rail","service":"siding","source_id":"osm-way-147603378","dataset":"OpenStreetMap former/disused railway extract","publisher":"OpenStreetMap contributors","effective_date":"2026-09-07T10:02:26Z","licence":"ODbL-1.0"},"geometry":{"type":"LineString","coordinates":[[-1.8440812,52.5031304],[-1.8437939,52.5032487],[-1.8434989,52.5033753],[-1.8432067,52.5035021],[-1.8430637,52.5035557],[-1.842908,52.503607],[-1.8427591,52.5036505],[-1.8426119,52.5036862],[-1.842181,52.5037721],[-1.8418971,52.5038237],[-1.8404674,52.5040886],[-1.8399543,52.504183],[-1.8396915,52.5042309],[-1.8395252,52.5042611],[-1.8392588,52.5043034]]}},{"type":"Feature","properties":{"maxspeed":"5 mph","railway":"razed","razed:railway":"rail","service":"siding","source_id":"osm-way-147603384","dataset":"OpenStreetMap former/disused railway extract","publisher":"OpenStreetMap contributors","effective_date":"2026-09-07T10:02:26Z","licence":"ODbL-1.0"},"geometry":{"type":"LineString","coordinates":[[-1.8420656,52.5037267],[-1.8417771,52.5037827],[-1.8412692,52.5038765],[-1.840432,52.5040323],[-1.8397995,52.5041506],[-1.8393954,52.5042217],[-1.8391967,52.5042588],[-1.8390715,52.5042812],[-1.8387676,52.5043278]]}},{"type":"Feature","properties":{"maxspeed":"5 mph","railway":"razed","razed:railway":"rail","service":"yard","source_id":"osm-way-147603385","dataset":"OpenStreetMap former/disused railway extract","publisher":"OpenStreetMap contributors","effective_date":"2026-09-07T10:02:26Z","licence":"ODbL-1.0"},"geometry":{"type":"LineString","coordinates":[[-1.8449881,52.5027326],[-1.8447371,52.5027828],[-1.8444591,52.5028341],[-1.8440662,52.5029067],[-1.8435495,52.5029966],[-1.8431148,52.5030698],[-1.8427057,52.5031441],[-1.8424095,52.5031995],[-1.8414377,52.5033785],[-1.8410891,52.5034437],[-1.8395421,52.5037294],[-1.8384421,52.503932],[-1.8377928,52.5040531],[-1.837279,52.5041472],[-1.8367227,52.5042473],[-1.836511,52.5042869],[-1.8362199,52.504342],[-1.8359879,52.5043806],[-1.8357324,52.50442]]}},{"type":"Feature","properties":{"maxspeed":"5 mph","railway":"razed","razed:railway":"rail","service":"siding","source_id":"osm-way-147603389","dataset":"OpenStreetMap former/disused railway extract","publisher":"OpenStreetMap contributors","effective_date":"2026-09-07T10:02:26Z","licence":"ODbL-1.0"},"geometry":{"type":"LineString","coordinates":[[-1.8385999,52.5043705],[-1.8390088,52.5043517],[-1.8392292,52.5043327],[-1.8395503,52.5043011],[-1.8397694,52.5042781],[-1.8402081,52.5042007],[-1.840576,52.5041323],[-1.8412199,52.504016],[-1.8417533,52.503915],[-1.8421457,52.5038425],[-1.8425274,52.5037718],[-1.8426785,52.5037378],[-1.8428566,52.503692],[-1.843024,52.5036392],[-1.8431604,52.5035937],[-1.8433138,52.5035323],[-1.843531,52.503439],[-1.8439087,52.5032755],[-1.8442916,52.5031076],[-1.8445994,52.5029762],[-1.8449222,52.5028422]]}},{"type":"Feature","properties":{"maxspeed":"5 mph","railway":"razed","razed:railway":"rail","service":"yard","source_id":"osm-way-147603391","dataset":"OpenStreetMap former/disused railway extract","publisher":"OpenStreetMap contributors","effective_date":"2026-09-07T10:02:26Z","licence":"ODbL-1.0"},"geometry":{"type":"LineString","coordinates":[[-1.8449881,52.5027326],[-1.844862,52.502769],[-1.8445949,52.5028331],[-1.8443327,52.5029022],[-1.8440519,52.5029764],[-1.8439024,52.5030166],[-1.8434451,52.5031343],[-1.8432188,52.5031932],[-1.8429511,52.5032608],[-1.8428045,52.5032995],[-1.8426411,52.5033372],[-1.8424435,52.5033826],[-1.8422145,52.5034312],[-1.841983,52.5034757],[-1.8414223,52.503579],[-1.840777,52.5036993],[-1.8401331,52.5038177],[-1.8395324,52.5039272],[-1.8389788,52.5040305],[-1.8384744,52.5041224],[-1.8378966,52.5042305],[-1.8376375,52.5042764],[-1.8373784,52.5043249],[-1.8372502,52.5043465],[-1.8370112,52.5043799]]}},{"type":"Feature","properties":{"maxspeed":"5 mph","railway":"razed","razed:railway":"rail","service":"siding","source_id":"osm-way-147603396","dataset":"OpenStreetMap former/disused railway extract","publisher":"OpenStreetMap contributors","effective_date":"2026-09-07T10:02:26Z","licence":"ODbL-1.0"},"geometry":{"type":"LineString","coordinates":[[-1.8380526,52.5043958],[-1.8383805,52.5043697],[-1.8385781,52.504347],[-1.8387676,52.5043278],[-1.839096,52.5042899],[-1.8393254,52.5042619],[-1.8396589,52.5042074],[-1.840087,52.5041278],[-1.8405997,52.5040299],[-1.841492,52.5038665],[-1.8421026,52.5037544],[-1.8425542,52.503669],[-1.8426515,52.5036464],[-1.8427514,52.5036214],[-1.8428544,52.5035892],[-1.8429739,52.5035506],[-1.8430984,52.5035066],[-1.8437297,52.5032496]]}},{"type":"Feature","properties":{"maxspeed":"5 mph","railway":"razed","razed:railway":"rail","service":"yard","source_id":"osm-way-147603408","dataset":"OpenStreetMap former/disused railway extract","publisher":"OpenStreetMap contributors","effective_date":"2026-09-07T10:02:26Z","licence":"ODbL-1.0"},"geometry":{"type":"LineString","coordinates":[[-1.834822,52.5045248],[-1.8351185,52.5044833],[-1.8353039,52.5044638],[-1.8355337,52.5044413],[-1.8357324,52.50442],[-1.8362647,52.504358],[-1.8365604,52.5043187],[-1.8368617,52.504277],[-1.8371287,52.5042371],[-1.8373846,52.5041962],[-1.8378154,52.504118],[-1.8381802,52.5040504],[-1.8390465,52.5038909],[-1.8396977,52.5037714],[-1.8408122,52.5035655],[-1.8414129,52.5034545],[-1.8418516,52.5033729],[-1.8423283,52.5032856],[-1.8427292,52.5032103],[-1.8432833,52.5031099],[-1.843878,52.5029994],[-1.8440677,52.5029642],[-1.8443327,52.5029022]]}},{"type":"Feature","properties":{"maxspeed":"5 mph","railway":"razed","razed:railway":"rail","service":"yard","source_id":"osm-way-147603410","dataset":"OpenStreetMap former/disused railway extract","publisher":"OpenStreetMap contributors","effective_date":"2026-09-07T10:02:26Z","licence":"ODbL-1.0"},"geometry":{"type":"LineString","coordinates":[[-1.8353039,52.5044638],[-1.8355792,52.5044209],[-1.8360255,52.5043365],[-1.8364959,52.5042499],[-1.8372415,52.504114],[-1.8377353,52.5040218],[-1.8384066,52.5038982],[-1.8392136,52.5037506],[-1.8396119,52.5036777],[-1.8400712,52.5035919],[-1.840533,52.5035079],[-1.8411472,52.5033925],[-1.8416937,52.503292],[-1.8423452,52.503173],[-1.8429243,52.5030664],[-1.8435475,52.5029638],[-1.8441503,52.5028578],[-1.8446249,52.5027718],[-1.8447469,52.5027481],[-1.8449101,52.5027164],[-1.8450232,52.5026909],[-1.8451359,52.5026607],[-1.8454577,52.5025775],[-1.8456334,52.5025318],[-1.8457876,52.5024942],[-1.8459582,52.5024594],[-1.846152,52.5024227],[-1.8464179,52.5023758],[-1.846591,52.5023432],[-1.8468659,52.5022926]]}},{"type":"Feature","properties":{"maxspeed":"5 mph","railway":"razed","razed:railway":"rail","service":"yard","source_id":"osm-way-147603424","dataset":"OpenStreetMap former/disused railway extract","publisher":"OpenStreetMap contributors","effective_date":"2026-09-07T10:02:26Z","licence":"ODbL-1.0"},"geometry":{"type":"LineString","coordinates":[[-1.8364097,52.5044482],[-1.8366698,52.5044116],[-1.8368589,52.5043773],[-1.8371225,52.5043287],[-1.8373603,52.5042842],[-1.8376221,52.5042362],[-1.8382831,52.5041158],[-1.8389461,52.503993],[-1.8396869,52.5038567],[-1.8406597,52.5036765],[-1.841613,52.5035006],[-1.84236,52.5033624],[-1.8427327,52.5032935],[-1.8429339,52.5032566],[-1.8432188,52.5031932]]}},{"type":"Feature","properties":{"maxspeed":"5 mph","railway":"razed","razed:railway":"rail","service":"siding","source_id":"osm-way-147603425","dataset":"OpenStreetMap former/disused railway extract","publisher":"OpenStreetMap contributors","effective_date":"2026-09-07T10:02:26Z","licence":"ODbL-1.0"},"geometry":{"type":"LineString","coordinates":[[-1.8382922,52.5043486],[-1.8385299,52.5043241],[-1.8387474,52.5042979],[-1.8389847,52.5042625],[-1.8393352,52.5041998],[-1.8399492,52.5040872],[-1.8405708,52.5039739],[-1.8411197,52.503871],[-1.841884,52.5037291],[-1.8423873,52.503638],[-1.8425738,52.5035987],[-1.8427387,52.5035575],[-1.8430537,52.5034717]]}},{"type":"Feature","properties":{"maxspeed":"5 mph","railway":"razed","razed:railway":"rail","service":"yard","source_id":"osm-way-147603430","dataset":"OpenStreetMap former/disused railway extract","publisher":"OpenStreetMap contributors","effective_date":"2026-09-07T10:02:26Z","licence":"ODbL-1.0"},"geometry":{"type":"LineString","coordinates":[[-1.8457699,52.5025312],[-1.8455317,52.5026005],[-1.8452556,52.5026951],[-1.8450371,52.5027654],[-1.8447654,52.5028541],[-1.8443012,52.5030125],[-1.8432406,52.5033718],[-1.8430577,52.503428],[-1.8428782,52.5034713],[-1.8427201,52.5035079],[-1.8425268,52.5035466],[-1.8421103,52.5036244],[-1.8412419,52.5037858],[-1.8403531,52.5039495],[-1.8397537,52.5040598],[-1.8390144,52.504196],[-1.8387743,52.5042403],[-1.8385558,52.5042795],[-1.8383888,52.5043061],[-1.838208,52.5043283],[-1.837545,52.5044015],[-1.8374005,52.504416],[-1.8372282,52.5044357]]}},{"type":"Feature","properties":{"maxspeed":"5 mph","railway":"razed","razed:railway":"rail","service":"yard","source_id":"osm-way-147603433","dataset":"OpenStreetMap former/disused railway extract","publisher":"OpenStreetMap contributors","effective_date":"2026-09-07T10:02:26Z","licence":"ODbL-1.0"},"geometry":{"type":"LineString","coordinates":[[-1.844862,52.502769],[-1.8446514,52.502836],[-1.8445444,52.5028697],[-1.8441261,52.5030129],[-1.8434457,52.5032022],[-1.8429243,52.5033375],[-1.84264,52.503411],[-1.8424566,52.5034519],[-1.8422699,52.5034861],[-1.8416744,52.5035988],[-1.8404508,52.5038233],[-1.8399096,52.5039238],[-1.8393355,52.5040265],[-1.8392562,52.5040425],[-1.8386069,52.5041622],[-1.8380494,52.5042657],[-1.8377902,52.5043136],[-1.8376577,52.5043384],[-1.837505,52.5043644],[-1.8373208,52.5043874],[-1.8372047,52.5044009],[-1.8370592,52.5044162],[-1.8366124,52.5044645]]}},{"type":"Feature","properties":{"maxspeed":"5 mph","railway":"razed","razed:railway":"rail","service":"siding","source_id":"osm-way-147603589","dataset":"OpenStreetMap former/disused railway extract","publisher":"OpenStreetMap contributors","effective_date":"2026-09-07T10:02:26Z","licence":"ODbL-1.0"},"geometry":{"type":"LineString","coordinates":[[-1.8434152,52.5036045],[-1.8430635,52.5037554],[-1.842821,52.5038527],[-1.8426699,52.5039023],[-1.8424254,52.5039678],[-1.842195,52.5040181],[-1.8416952,52.5041094],[-1.8412543,52.5041815],[-1.8410629,52.5042045],[-1.8404488,52.504274],[-1.8402928,52.5042896],[-1.8401346,52.5042981],[-1.8398915,52.5043095],[-1.8394821,52.5043288]]}},{"type":"Feature","properties":{"maxspeed":"5 mph","railway":"razed","razed:railway":"rail","service":"siding","source_id":"osm-way-147603590","dataset":"OpenStreetMap former/disused railway extract","publisher":"OpenStreetMap contributors","effective_date":"2026-09-07T10:02:26Z","licence":"ODbL-1.0"},"geometry":{"type":"LineString","coordinates":[[-1.8446899,52.5029745],[-1.8444429,52.5031019],[-1.8442076,52.5032179],[-1.8439138,52.5033497],[-1.8435399,52.5035114],[-1.8432438,52.5036343],[-1.8430987,52.5036881],[-1.842967,52.5037296],[-1.8428274,52.503767],[-1.8427013,52.5037981],[-1.8425748,52.5038262],[-1.8423179,52.5038781],[-1.8402879,52.5042506],[-1.8400946,52.5042714],[-1.8397486,52.5043074],[-1.8394821,52.5043288],[-1.8390088,52.5043517]]}},{"type":"Feature","properties":{"maxspeed":"5 mph","railway":"razed","razed:railway":"rail","service":"siding","source_id":"osm-way-147603591","dataset":"OpenStreetMap former/disused railway extract","publisher":"OpenStreetMap contributors","effective_date":"2026-09-07T10:02:26Z","licence":"ODbL-1.0"},"geometry":{"type":"LineString","coordinates":[[-1.8397694,52.5042781],[-1.8400958,52.5042394],[-1.8402606,52.5042207],[-1.8404135,52.5041966],[-1.8411997,52.5040543],[-1.8421545,52.503878],[-1.8424852,52.503814],[-1.8427072,52.5037669],[-1.8429255,52.5037105],[-1.8430725,52.5036634],[-1.8432542,52.5035971],[-1.8435788,52.5034649],[-1.8441837,52.5031925],[-1.8444629,52.5030701],[-1.8446899,52.5029745],[-1.8448829,52.5028896],[-1.8453788,52.5026872]]}},{"type":"Feature","properties":{"maxspeed":"5 mph","railway":"razed","razed:railway":"rail","service":"siding","source_id":"osm-way-147603592","dataset":"OpenStreetMap former/disused railway extract","publisher":"OpenStreetMap contributors","effective_date":"2026-09-07T10:02:26Z","licence":"ODbL-1.0"},"geometry":{"type":"LineString","coordinates":[[-1.8402879,52.5042506],[-1.8405982,52.5042155],[-1.8409567,52.5041687],[-1.8413913,52.5040915],[-1.8418877,52.5039987],[-1.8425146,52.5038814],[-1.8428409,52.5038055],[-1.8430933,52.5037261],[-1.8434152,52.5036045],[-1.8438401,52.5034202],[-1.8440219,52.5033335],[-1.8442326,52.5032202],[-1.8444429,52.5031019]]}},{"type":"Feature","properties":{"demolished:bridge":"yes","layer":"1","name":"Codsall Loop","railway":"razed","razed:railway":"rail","source":"OS","source_id":"osm-way-149947156","dataset":"OpenStreetMap former/disused railway extract","publisher":"OpenStreetMap contributors","effective_date":"2026-09-07T10:02:26Z","licence":"ODbL-1.0"},"geometry":{"type":"LineString","coordinates":[[-2.151307,52.6116539],[-2.1509709,52.6114223]]}},{"type":"Feature","properties":{"abandoned:railway":"rail","designation":"Wombourne Branch","name":"Codsall Loop","railway":"abandoned","source":"OS","source_id":"osm-way-149947157","dataset":"OpenStreetMap former/disused railway extract","publisher":"OpenStreetMap contributors","effective_date":"2026-09-07T10:02:26Z","licence":"ODbL-1.0"},"geometry":{"type":"LineString","coordinates":[[-2.150823,52.6113185],[-2.1505966,52.6110939],[-2.1503476,52.6107906],[-2.1501645,52.6104775],[-2.1500438,52.6101874],[-2.1499894,52.6098457],[-2.1500292,52.6093406],[-2.1500859,52.6088735]]}},{"type":"Feature","properties":{"abandoned:railway":"rail","name":"Codsall Loop","railway":"abandoned","source_id":"osm-way-149947158","dataset":"OpenStreetMap former/disused railway extract","publisher":"OpenStreetMap contributors","effective_date":"2026-09-07T10:02:26Z","licence":"ODbL-1.0"},"geometry":{"type":"LineString","coordinates":[[-2.1526529,52.6122101],[-2.151307,52.6116539]]}},{"type":"Feature","properties":{"abandoned:railway":"rail","bridge":"yes","bridge_code":"C122/03","layer":"1","name":"Kingsbury Colliery Siding","owner":"Network Rail","railway":"disused","service":"siding","source":"bing;Warwickshire_OpenData","source_id":"osm-way-151278719","dataset":"OpenStreetMap former/disused railway extract","publisher":"OpenStreetMap contributors","effective_date":"2026-09-07T10:02:26Z","licence":"ODbL-1.0"},"geometry":{"type":"LineString","coordinates":[[-1.665099,52.5805405],[-1.6655576,52.5804688]]}},{"type":"Feature","properties":{"name":"Wednesbury to Darlaston Line","railway":"razed","razed:railway":"rail","ref":"WYD","source_id":"osm-way-151840667","dataset":"OpenStreetMap former/disused railway extract","publisher":"OpenStreetMap contributors","effective_date":"2026-09-07T10:02:26Z","licence":"ODbL-1.0"},"geometry":{"type":"LineString","coordinates":[[-2.0269479,52.5727616],[-2.0280859,52.572031]]}},{"type":"Feature","properties":{"abandoned:railway":"rail","name":"Wednesbury to Darlaston Line","railway":"abandoned","ref":"WYD","source_id":"osm-way-151840672","dataset":"OpenStreetMap former/disused railway extract","publisher":"OpenStreetMap contributors","effective_date":"2026-09-07T10:02:26Z","licence":"ODbL-1.0"},"geometry":{"type":"LineString","coordinates":[[-2.0351652,52.5643332],[-2.0356432,52.5633935],[-2.036334,52.5620072],[-2.0364361,52.5618044]]}},{"type":"Feature","properties":{"name":"Wednesbury to Darlaston Line","railway":"razed","razed:railway":"rail","ref":"WYD","source_id":"osm-way-151840675","dataset":"OpenStreetMap former/disused railway extract","publisher":"OpenStreetMap contributors","effective_date":"2026-09-07T10:02:26Z","licence":"ODbL-1.0"},"geometry":{"type":"LineString","coordinates":[[-2.0346818,52.5564174],[-2.0338562,52.5557008],[-2.033309,52.5553356],[-2.0328048,52.554905],[-2.0327393,52.5548439],[-2.0326319,52.5547435],[-2.0323429,52.5544735],[-2.0318494,52.553919],[-2.0312593,52.5533319],[-2.0308092,52.5529448],[-2.0300313,52.5522761],[-2.0288298,52.5516108],[-2.0280444,52.5512152],[-2.0277724,52.5510944],[-2.0267537,52.5506974],[-2.025831,52.5502603],[-2.0258161,52.5502533],[-2.0247689,52.5497645],[-2.0240876,52.5494951],[-2.0232883,52.5492556],[-2.022666,52.5491578],[-2.0221052,52.5491234],[-2.0214853,52.5491242],[-2.0213327,52.5491411],[-2.0210618,52.5491711]]}},{"type":"Feature","properties":{"name":"Wednesbury to Darlaston Line","railway":"razed","razed:railway":"rail","ref":"WYD","source_id":"osm-way-151840685","dataset":"OpenStreetMap former/disused railway extract","publisher":"OpenStreetMap contributors","effective_date":"2026-09-07T10:02:26Z","licence":"ODbL-1.0"},"geometry":{"type":"LineString","coordinates":[[-2.0364361,52.5618044],[-2.0364989,52.5616269],[-2.0365605,52.5611828],[-2.036635,52.5605761],[-2.0365921,52.5598945],[-2.0365653,52.5596532],[-2.0364419,52.5592259],[-2.036281,52.5587628],[-2.0359621,52.558096]]}},{"type":"Feature","properties":{"abandoned:railway":"rail","name":"Oxford Worcester and Wolverhampton Line","operator":"GWR","railway":"abandoned","ref":"OWW","source":"OS 1:25k","source_id":"osm-way-151840707","dataset":"OpenStreetMap former/disused railway extract","publisher":"OpenStreetMap contributors","effective_date":"2026-09-07T10:02:26Z","licence":"ODbL-1.0"},"geometry":{"type":"LineString","coordinates":[[-2.0966828,52.5706316],[-2.0959639,52.5700264],[-2.0954231,52.5695519],[-2.0952297,52.5693798],[-2.0951713,52.5693287],[-2.0946828,52.5688957],[-2.0933109,52.5678699],[-2.0922888,52.5673052],[-2.0914833,52.5669199],[-2.089777,52.5660332],[-2.088755,52.5653946],[-2.0878456,52.5648351],[-2.0866677,52.5640223]]}},{"type":"Feature","properties":{"name":"Wednesbury to Darlaston Line","railway":"razed","razed:railway":"rail","ref":"WYD","source_id":"osm-way-151840714","dataset":"OpenStreetMap former/disused railway extract","publisher":"OpenStreetMap contributors","effective_date":"2026-09-07T10:02:26Z","licence":"ODbL-1.0"},"geometry":{"type":"LineString","coordinates":[[-2.0341993,52.565974],[-2.0344243,52.5655616],[-2.0351652,52.5643332]]}},{"type":"Feature","properties":{"name":"Wednesbury to Darlaston Line","railway":"razed","razed:railway":"rail","ref":"WYD","source_id":"osm-way-151840715","dataset":"OpenStreetMap former/disused railway extract","publisher":"OpenStreetMap contributors","effective_date":"2026-09-07T10:02:26Z","licence":"ODbL-1.0"},"geometry":{"type":"LineString","coordinates":[[-2.0188685,52.5743865],[-2.0191578,52.5744399],[-2.0203058,52.5745832],[-2.0212735,52.5746112],[-2.0216025,52.5745972],[-2.0220701,52.5745428],[-2.0232784,52.5743616],[-2.0241261,52.574187]]}},{"type":"Feature","properties":{"bicycle":"designated","foot":"designated","highway":"cycleway","name":"Kingswinford Railway Walk","railway":"abandoned","source":"bing","surface":"compacted","source_id":"osm-way-153258617","dataset":"OpenStreetMap former/disused railway extract","publisher":"OpenStreetMap contributors","effective_date":"2026-09-07T10:02:26Z","licence":"ODbL-1.0"},"geometry":{"type":"LineString","coordinates":[[-2.1219167,52.4929943],[-2.1219411,52.4932716],[-2.1219215,52.4934222],[-2.1219101,52.4935573],[-2.121866,52.494081],[-2.1218149,52.4943964],[-2.1218023,52.4944741],[-2.1217684,52.4948646],[-2.1217978,52.4951677],[-2.1218568,52.4953709],[-2.1219415,52.4955204],[-2.1219883,52.4955816],[-2.1220999,52.4957275],[-2.1221252,52.4957605],[-2.1223085,52.4959114],[-2.1224181,52.4960335],[-2.1225578,52.4961465],[-2.1227679,52.4962504],[-2.1228437,52.4962864],[-2.1229283,52.4963266]]}},{"type":"Feature","properties":{"abandoned:railway":"rail","bridge":"yes","name":"Newdigate Colliery Branch","railway":"abandoned","service":"spur","source_id":"osm-way-154694169","dataset":"OpenStreetMap former/disused railway extract","publisher":"OpenStreetMap contributors","effective_date":"2026-09-07T10:02:26Z","licence":"ODbL-1.0"},"geometry":{"type":"LineString","coordinates":[[-1.4839658,52.4752324],[-1.483709,52.4752205]]}},{"type":"Feature","properties":{"abandoned:railway":"rail","alt_name":"Kingsbury Branch","bridge":"yes","bridge_code":"D128/01","layer":"1","name":"Kingsbury to Baddesley Colliery Branch","owner":"Network Rail","railway":"abandoned","ref":"KBC","source":"bing;Warwickshire_OpenData","source_id":"osm-way-154901976","dataset":"OpenStreetMap former/disused railway extract","publisher":"OpenStreetMap contributors","effective_date":"2026-09-07T10:02:26Z","licence":"ODbL-1.0"},"geometry":{"type":"LineString","coordinates":[[-1.6052324,52.5795534],[-1.6050081,52.5794115]]}},{"type":"Feature","properties":{"abandoned:railway":"rail","alt_name":"Kingsbury Branch","name":"Kingsbury to Baddesley Colliery Branch","railway":"abandoned","ref":"KBC","source":"OS 1:25k","source_id":"osm-way-154901977","dataset":"OpenStreetMap former/disused railway extract","publisher":"OpenStreetMap contributors","effective_date":"2026-09-07T10:02:26Z","licence":"ODbL-1.0"},"geometry":{"type":"LineString","coordinates":[[-1.6050081,52.5794115],[-1.6038337,52.5787958],[-1.6033683,52.5786007],[-1.6024491,52.5782452]]}},{"type":"Feature","properties":{"highway":"cycleway","railway":"abandoned","railway:name":"Kingswinford Line","railway:ref":"KWD","source":"GPS Survey","surface":"unpaved","source_id":"osm-way-157746218","dataset":"OpenStreetMap former/disused railway extract","publisher":"OpenStreetMap contributors","effective_date":"2026-09-07T10:02:26Z","licence":"ODbL-1.0"},"geometry":{"type":"LineString","coordinates":[[-2.1547492,52.6019621],[-2.1533515,52.6030471],[-2.1529254,52.6034773],[-2.1524941,52.6039656],[-2.1523123,52.6042576]]}},{"type":"Feature","properties":{"foot":"yes","highway":"cycleway","railway":"abandoned","railway:name":"Kingswinford Line","railway:ref":"KWD","source":"OS 1:25k","surface":"unpaved","source_id":"osm-way-160822965","dataset":"OpenStreetMap former/disused railway extract","publisher":"OpenStreetMap contributors","effective_date":"2026-09-07T10:02:26Z","licence":"ODbL-1.0"},"geometry":{"type":"LineString","coordinates":[[-2.1926593,52.5428334],[-2.1927469,52.5431923],[-2.1928472,52.5435007],[-2.1929857,52.5439496],[-2.1932659,52.5445319],[-2.1935984,52.5451902],[-2.194261,52.5460581],[-2.195116,52.5470057],[-2.1971895,52.5495605],[-2.1982959,52.5508875],[-2.199624,52.5523726],[-2.1996533,52.5524054]]}},{"type":"Feature","properties":{"bicycle":"yes","foot":"yes","highway":"cycleway","horse":"yes","name":"South Staffordshire Railway Walk (The Track)","oneway":"no","railway":"abandoned","railway:name":"Kingswinford Line","railway:ref":"KWD","source":"OS 1:25k","surface":"gravel","source_id":"osm-way-160824762","dataset":"OpenStreetMap former/disused railway extract","publisher":"OpenStreetMap contributors","effective_date":"2026-09-07T10:02:26Z","licence":"ODbL-1.0"},"geometry":{"type":"LineString","coordinates":[[-2.1990693,52.5677532],[-2.1976641,52.5686406],[-2.1972408,52.568908],[-2.196535,52.5693361],[-2.196396,52.5694139],[-2.1928746,52.5713836],[-2.1892857,52.5733936],[-2.1866758,52.5747721],[-2.1848648,52.5758943],[-2.1834491,52.5767888],[-2.1833577,52.5768593],[-2.1826902,52.5773746],[-2.1825141,52.5775106],[-2.1822267,52.5777937],[-2.1812945,52.5787277],[-2.1805752,52.5794066],[-2.1804866,52.5794852],[-2.180116,52.5798559],[-2.1800955,52.5798773],[-2.1800359,52.5799312],[-2.1791376,52.5807435],[-2.1791076,52.5807748],[-2.1782901,52.5816183],[-2.1767686,52.5830311],[-2.1767571,52.5830425],[-2.1762966,52.5835004],[-2.1761497,52.5836541],[-2.1755347,52.5842546],[-2.1752349,52.5845329],[-2.1736866,52.5860052],[-2.1734821,52.586217]]}},{"type":"Feature","properties":{"abandoned:railway":"rail","electrified":"no","gauge":"1435","railway":"razed","service":"yard","source":"NPE;bing","usage":"industrial","source_id":"osm-way-161810556","dataset":"OpenStreetMap former/disused railway extract","publisher":"OpenStreetMap contributors","effective_date":"2026-09-07T10:02:26Z","licence":"ODbL-1.0"},"geometry":{"type":"LineString","coordinates":[[-2.0116943,52.4926363],[-2.0115695,52.4928037],[-2.0114368,52.4930086],[-2.0113737,52.4931009],[-2.0112785,52.493225],[-2.0111734,52.493362]]}},{"type":"Feature","properties":{"abandoned:railway":"rail","electrified":"no","gauge":"1435","railway":"disused","service":"yard","source":"NPE;bing","usage":"industrial","source_id":"osm-way-161810558","dataset":"OpenStreetMap former/disused railway extract","publisher":"OpenStreetMap contributors","effective_date":"2026-09-07T10:02:26Z","licence":"ODbL-1.0"},"geometry":{"type":"LineString","coordinates":[[-2.0107944,52.4942645],[-2.0107748,52.4943018],[-2.0106739,52.4944943],[-2.0106525,52.4945352],[-2.0105838,52.4946662],[-2.0105771,52.4946741],[-2.0105137,52.4947495]]}},{"type":"Feature","properties":{"abandoned:railway":"rail","electrified":"no","gauge":"1435","railway":"disused","service":"yard","source":"NPE;bing","usage":"industrial","source_id":"osm-way-161810559","dataset":"OpenStreetMap former/disused railway extract","publisher":"OpenStreetMap contributors","effective_date":"2026-09-07T10:02:26Z","licence":"ODbL-1.0"},"geometry":{"type":"LineString","coordinates":[[-2.010484,52.4959173],[-2.0104095,52.4959309],[-2.0103084,52.4959475],[-2.0102472,52.495966],[-2.0101641,52.4959963],[-2.0101278,52.4960134],[-2.0100876,52.4960379],[-2.0100621,52.4960616]]}},{"type":"Feature","properties":{"abandoned:railway":"rail","electrified":"no","gauge":"1435","railway":"disused","service":"yard","source":"NPE;bing","usage":"industrial","source_id":"osm-way-161810560","dataset":"OpenStreetMap former/disused railway extract","publisher":"OpenStreetMap contributors","effective_date":"2026-09-07T10:02:26Z","licence":"ODbL-1.0"},"geometry":{"type":"LineString","coordinates":[[-2.0107676,52.4942473],[-2.0106267,52.4945308],[-2.0105137,52.4947495],[-2.0104163,52.494956],[-2.0103612,52.4950728],[-2.0102553,52.4953259],[-2.0101318,52.495588],[-2.0101035,52.4956479]]}},{"type":"Feature","properties":{"abandoned:railway":"rail","electrified":"no","gauge":"1435","railway":"disused","service":"yard","source":"NPE;bing","usage":"industrial","source_id":"osm-way-161810561","dataset":"OpenStreetMap former/disused railway extract","publisher":"OpenStreetMap contributors","effective_date":"2026-09-07T10:02:26Z","licence":"ODbL-1.0"},"geometry":{"type":"LineString","coordinates":[[-2.010112,52.4954757],[-2.010107,52.4955141],[-2.0101059,52.4955229],[-2.0101005,52.4955784],[-2.0101035,52.4956479],[-2.0101072,52.4959026],[-2.0100903,52.4959718],[-2.0100621,52.4960616],[-2.0100148,52.4962035],[-2.0100004,52.4962706],[-2.0099857,52.4963433],[-2.0099776,52.4964208],[-2.0099723,52.4964992],[-2.0099723,52.4965392],[-2.0099798,52.4966251],[-2.0099709,52.4967564],[-2.0099602,52.4971597],[-2.0099548,52.4972234],[-2.0099522,52.4972936],[-2.0099369,52.4973347]]}},{"type":"Feature","properties":{"abandoned:railway":"rail","electrified":"no","gauge":"1435","name":"Oldbury Branch","railway":"disused","ref":"OLD","source":"NPE;bing","usage":"branch","source_id":"osm-way-161810562","dataset":"OpenStreetMap former/disused railway extract","publisher":"OpenStreetMap contributors","effective_date":"2026-09-07T10:02:26Z","licence":"ODbL-1.0"},"geometry":{"type":"LineString","coordinates":[[-2.0097845,52.4955423],[-2.0097443,52.4957456],[-2.0097269,52.4958289],[-2.0097228,52.4959024],[-2.009688,52.4960583],[-2.0096813,52.4961424],[-2.0096772,52.4962126],[-2.0096759,52.4963392],[-2.0096678,52.4964698],[-2.009678,52.4967517],[-2.0096746,52.4968936],[-2.0096652,52.4970389],[-2.0096531,52.4971263],[-2.0096611,52.4971973],[-2.0096665,52.497252],[-2.0097027,52.4973557],[-2.0097558,52.4974057],[-2.0097934,52.4974392],[-2.0098221,52.4974659],[-2.0098674,52.4975618]]}},{"type":"Feature","properties":{"abandoned:railway":"rail","electrified":"no","gauge":"1435","name":"Oldbury Branch","railway":"disused","ref":"OLD","source":"NPE;bing","usage":"branch","source_id":"osm-way-164392789","dataset":"OpenStreetMap former/disused railway extract","publisher":"OpenStreetMap contributors","effective_date":"2026-09-07T10:02:26Z","licence":"ODbL-1.0"},"geometry":{"type":"LineString","coordinates":[[-2.005241,52.4939166],[-2.0053483,52.4938693],[-2.0054867,52.4938183],[-2.0056326,52.4937672],[-2.0058364,52.4937174],[-2.0061114,52.4936529],[-2.0062817,52.4936219],[-2.0064748,52.4935941],[-2.0066866,52.4935756],[-2.0068832,52.4935598],[-2.0070971,52.4935541],[-2.0072714,52.493559],[-2.0074672,52.4935753],[-2.0076094,52.4935966],[-2.0078123,52.4936317]]}},{"type":"Feature","properties":{"abandoned:railway":"rail","electrified":"no","gauge":"1435","railway":"disused","service":"yard","source":"NPE;bing","usage":"industrial","source_id":"osm-way-164523097","dataset":"OpenStreetMap former/disused railway extract","publisher":"OpenStreetMap contributors","effective_date":"2026-09-07T10:02:26Z","licence":"ODbL-1.0"},"geometry":{"type":"LineString","coordinates":[[-2.0106465,52.4942502],[-2.010535,52.4945051],[-2.0103432,52.4949439],[-2.0102045,52.4952611],[-2.010112,52.4954757],[-2.0101028,52.4955014],[-2.010046,52.495659],[-2.0100273,52.4957309],[-2.0100018,52.4958493],[-2.0099379,52.4961947],[-2.0099334,52.4962208],[-2.0099227,52.4962886],[-2.009916,52.4963335],[-2.009916,52.4963996],[-2.0099133,52.4964543],[-2.0099025,52.4965694],[-2.0099052,52.4966315],[-2.0099039,52.4966878],[-2.0098999,52.4968217],[-2.0098797,52.4970111],[-2.0098623,52.4970781],[-2.009861,52.4971524],[-2.0098677,52.4971981],[-2.0098886,52.4972636]]}},{"type":"Feature","properties":{"abandoned:railway":"rail","electrified":"no","gauge":"1435","railway":"razed","service":"yard","source":"NPE;bing","usage":"industrial","source_id":"osm-way-164523193","dataset":"OpenStreetMap former/disused railway extract","publisher":"OpenStreetMap contributors","effective_date":"2026-09-07T10:02:26Z","licence":"ODbL-1.0"},"geometry":{"type":"LineString","coordinates":[[-2.0118335,52.4927213],[-2.0118351,52.4926755],[-2.0118422,52.492597],[-2.0118485,52.4925269]]}},{"type":"Feature","properties":{"electrified":"no","gauge":"1435","name":"Cemetery Siding","railway":"razed","service":"siding","source_id":"osm-way-164942491","dataset":"OpenStreetMap former/disused railway extract","publisher":"OpenStreetMap contributors","effective_date":"2026-09-07T10:02:26Z","licence":"ODbL-1.0"},"geometry":{"type":"LineString","coordinates":[[-1.4579879,52.5230389],[-1.4564353,52.522118],[-1.4562592,52.5220213],[-1.4561248,52.5219572],[-1.4559564,52.5218873],[-1.4558039,52.5218283],[-1.4557203,52.5218002],[-1.4556232,52.5217691],[-1.4555268,52.52174],[-1.4554054,52.521701],[-1.4553365,52.5216774],[-1.4552818,52.5216598],[-1.4551864,52.5216318]]}},{"type":"Feature","properties":{"abandoned:railway":"rail","name":"Baddesley Colliery Sidings","railway":"abandoned","service":"spur","source":"OS 1:25k","source_id":"osm-way-168530198","dataset":"OpenStreetMap former/disused railway extract","publisher":"OpenStreetMap contributors","effective_date":"2026-09-07T10:02:26Z","licence":"ODbL-1.0"},"geometry":{"type":"LineString","coordinates":[[-1.5765354,52.5819816],[-1.5781963,52.5814814],[-1.5789763,52.5811159],[-1.5796543,52.5807537],[-1.5817623,52.5794606],[-1.5844971,52.5777433],[-1.5849037,52.5774662],[-1.5852867,52.5770555],[-1.5870487,52.5748468],[-1.5891553,52.5719417]]}},{"type":"Feature","properties":{"disused:railway":"rail","electrified":"no","name":"Didcot and Chester Line","railway":"disused","ref":"DCL","source_id":"osm-way-172203786","dataset":"OpenStreetMap former/disused railway extract","publisher":"OpenStreetMap contributors","effective_date":"2026-09-07T10:02:26Z","licence":"ODbL-1.0"},"geometry":{"type":"LineString","coordinates":[[-1.7395633,52.3647009],[-1.7392664,52.3645532],[-1.7390054,52.3644192],[-1.7386568,52.3642382],[-1.7383222,52.3640684],[-1.737716,52.3637441]]}},{"type":"Feature","properties":{"disused:railway":"rail","electrified":"no","name":"Didcot and Chester Line","railway":"disused","ref":"DCL","source_id":"osm-way-172203787","dataset":"OpenStreetMap former/disused railway extract","publisher":"OpenStreetMap contributors","effective_date":"2026-09-07T10:02:26Z","licence":"ODbL-1.0"},"geometry":{"type":"LineString","coordinates":[[-1.7480924,52.3689793],[-1.7478344,52.3688506],[-1.7474019,52.3686382],[-1.7469715,52.3684258],[-1.7466621,52.3682638],[-1.7461596,52.3680045],[-1.7457017,52.3677717],[-1.7455159,52.3676806],[-1.7453389,52.3675897],[-1.7451793,52.3675078],[-1.7449398,52.3673885],[-1.7446683,52.367254],[-1.7444095,52.3671262],[-1.7441493,52.3669944],[-1.7439669,52.3669035],[-1.7437899,52.3668134],[-1.7435981,52.3667135],[-1.7433721,52.3666008],[-1.7431958,52.3665096],[-1.743073,52.3664452],[-1.7429799,52.3664015],[-1.7428189,52.3663262],[-1.7425762,52.3662123],[-1.7424072,52.3661255],[-1.7422643,52.3660538],[-1.7419331,52.3658892],[-1.7416911,52.3657677],[-1.7414771,52.3656574],[-1.7412096,52.3655196],[-1.7409715,52.3653995],[-1.740763,52.365296],[-1.7406262,52.365237],[-1.7404082,52.3651276],[-1.7401864,52.3650159],[-1.739957,52.3649021],[-1.7397793,52.3648098]]}},{"type":"Feature","properties":{"bridge":"yes","disused:railway":"rail","electrified":"no","name":"Didcot and Chester Line","railway":"disused","ref":"DCL","source_id":"osm-way-172203788","dataset":"OpenStreetMap former/disused railway extract","publisher":"OpenStreetMap contributors","effective_date":"2026-09-07T10:02:26Z","licence":"ODbL-1.0"},"geometry":{"type":"LineString","coordinates":[[-1.7397793,52.3648098],[-1.7395633,52.3647009]]}},{"type":"Feature","properties":{"disused:railway":"rail","gauge":"1435","railway":"disused","service":"siding","source_id":"osm-way-172413078","dataset":"OpenStreetMap former/disused railway extract","publisher":"OpenStreetMap contributors","effective_date":"2026-09-07T10:02:26Z","licence":"ODbL-1.0"},"geometry":{"type":"LineString","coordinates":[[-1.8658172,52.4879998],[-1.8657689,52.488153],[-1.8657448,52.4882666],[-1.8657165,52.488359],[-1.8656777,52.4884585],[-1.8656199,52.4886415],[-1.865557,52.4888415],[-1.8655248,52.4889754],[-1.8654967,52.4891085],[-1.8654751,52.4892246],[-1.8654618,52.4893159],[-1.8654417,52.4894368],[-1.8654282,52.4895137]]}},{"type":"Feature","properties":{"abandoned:railway":"rail","railway":"abandoned","service":"yard","source_id":"osm-way-172416388","dataset":"OpenStreetMap former/disused railway extract","publisher":"OpenStreetMap contributors","effective_date":"2026-09-07T10:02:26Z","licence":"ODbL-1.0"},"geometry":{"type":"LineString","coordinates":[[-1.8648336,52.4853067],[-1.8650462,52.4857527],[-1.8651905,52.4860207],[-1.8652997,52.4862329],[-1.8654965,52.486496]]}},{"type":"Feature","properties":{"abandoned:railway":"rail","railway":"abandoned","service":"spur","source_id":"osm-way-173671777","dataset":"OpenStreetMap former/disused railway extract","publisher":"OpenStreetMap contributors","effective_date":"2026-09-07T10:02:26Z","licence":"ODbL-1.0"},"geometry":{"type":"LineString","coordinates":[[-2.1393938,52.4729587],[-2.1384818,52.4728084],[-2.1381707,52.4727234],[-2.1379561,52.4726319],[-2.1378273,52.4725012],[-2.1377957,52.4723192],[-2.1378815,52.4721885],[-2.1380532,52.4720382],[-2.1382034,52.4719794],[-2.1384818,52.4720372],[-2.1389053,52.4721203],[-2.1389866,52.4721362],[-2.1394689,52.4722529],[-2.1399844,52.4723258],[-2.1403379,52.4723248],[-2.1405845,52.4723168],[-2.1409178,52.4723061],[-2.1413142,52.4722725],[-2.1416146,52.4722071],[-2.1420009,52.4721091],[-2.1422691,52.4720176],[-2.1424842,52.471985],[-2.142548,52.4719784],[-2.1426364,52.4719785],[-2.142709,52.4719784],[-2.1429133,52.4720643],[-2.1430308,52.4722529],[-2.1432561,52.4724032],[-2.1434171,52.4725862],[-2.1435244,52.4727234],[-2.1435911,52.4728329],[-2.1437175,52.4730437],[-2.1441043,52.4736655],[-2.1445651,52.4741285],[-2.1450162,52.474698],[-2.1455521,52.4753244],[-2.14611,52.4761217],[-2.146507,52.47637],[-2.1465711,52.4764138],[-2.1465989,52.4764173],[-2.1468254,52.4765875],[-2.146861,52.4766118],[-2.1473009,52.4768013],[-2.1475155,52.4768797],[-2.1477622,52.4769712],[-2.1479452,52.4770571],[-2.1480734,52.4771672],[-2.1481632,52.4772542],[-2.1483094,52.477396]]}},{"type":"Feature","properties":{"abandoned:railway":"rail","railway":"abandoned","service":"yard","source_id":"osm-way-173671780","dataset":"OpenStreetMap former/disused railway extract","publisher":"OpenStreetMap contributors","effective_date":"2026-09-07T10:02:26Z","licence":"ODbL-1.0"},"geometry":{"type":"LineString","coordinates":[[-2.1399087,52.4607425],[-2.1382565,52.4606641],[-2.1373022,52.4606062],[-2.1366584,52.4605016],[-2.1363146,52.4604026],[-2.1359503,52.4602779]]}},{"type":"Feature","properties":{"abandoned:railway":"rail","railway":"abandoned","service":"yard","source_id":"osm-way-173671781","dataset":"OpenStreetMap former/disused railway extract","publisher":"OpenStreetMap contributors","effective_date":"2026-09-07T10:02:26Z","licence":"ODbL-1.0"},"geometry":{"type":"LineString","coordinates":[[-2.1365275,52.4605699],[-2.1373016,52.4610236],[-2.1381385,52.4615073],[-2.1388359,52.4620172],[-2.1393616,52.4624683],[-2.1396405,52.4628474],[-2.1398126,52.4632184]]}},{"type":"Feature","properties":{"abandoned:railway":"rail","railway":"abandoned","service":"yard","source_id":"osm-way-173671783","dataset":"OpenStreetMap former/disused railway extract","publisher":"OpenStreetMap contributors","effective_date":"2026-09-07T10:02:26Z","licence":"ODbL-1.0"},"geometry":{"type":"LineString","coordinates":[[-2.1386427,52.4610236],[-2.1378917,52.4609255],[-2.1372378,52.4607566],[-2.1365275,52.4605699],[-2.1361272,52.4604173]]}},{"type":"Feature","properties":{"abandoned:railway":"rail","railway":"abandoned","service":"siding","source_id":"osm-way-173671784","dataset":"OpenStreetMap former/disused railway extract","publisher":"OpenStreetMap contributors","effective_date":"2026-09-07T10:02:26Z","licence":"ODbL-1.0"},"geometry":{"type":"LineString","coordinates":[[-2.1376664,52.4745141],[-2.1372914,52.4748483],[-2.1368403,52.4751284],[-2.1367963,52.4751457],[-2.1366486,52.4752038],[-2.1364224,52.4752927],[-2.1361756,52.4753646],[-2.1360008,52.4754221]]}},{"type":"Feature","properties":{"abandoned:railway":"rail","railway":"abandoned","service":"spur","source_id":"osm-way-173671785","dataset":"OpenStreetMap former/disused railway extract","publisher":"OpenStreetMap contributors","effective_date":"2026-09-07T10:02:26Z","licence":"ODbL-1.0"},"geometry":{"type":"LineString","coordinates":[[-2.1377957,52.4723192],[-2.137785,52.4721885],[-2.1378197,52.4720421]]}},{"type":"Feature","properties":{"abandoned:railway":"rail","electrified":"no","gauge":"1435","name":"Oldbury Branch","railway":"disused","ref":"OLD","source":"NPE;bing","usage":"branch","source_id":"osm-way-174670409","dataset":"OpenStreetMap former/disused railway extract","publisher":"OpenStreetMap contributors","effective_date":"2026-09-07T10:02:26Z","licence":"ODbL-1.0"},"geometry":{"type":"LineString","coordinates":[[-2.0052289,52.4939844],[-2.0053884,52.4939063],[-2.0055417,52.493851],[-2.0056661,52.4938088],[-2.0058284,52.4937762],[-2.0060966,52.49371],[-2.0064507,52.4936431],[-2.0065821,52.4936251],[-2.0067846,52.4936088],[-2.0070743,52.4935965],[-2.0072701,52.4935965],[-2.0074846,52.4936219],[-2.0077984,52.4936594]]}},{"type":"Feature","properties":{"abandoned:railway":"rail","bridge":"yes","name":"Didcot and Chester Line","railway":"abandoned","ref":"DCL","source_id":"osm-way-174697361","dataset":"OpenStreetMap former/disused railway extract","publisher":"OpenStreetMap contributors","effective_date":"2026-09-07T10:02:26Z","licence":"ODbL-1.0"},"geometry":{"type":"LineString","coordinates":[[-1.9294609,52.4962999],[-1.9292532,52.4962418]]}},{"type":"Feature","properties":{"disused:railway":"rail","railway":"razed","service":"siding","source_id":"osm-way-175381361","dataset":"OpenStreetMap former/disused railway extract","publisher":"OpenStreetMap contributors","effective_date":"2026-09-07T10:02:26Z","licence":"ODbL-1.0"},"geometry":{"type":"LineString","coordinates":[[-1.855001,52.4991831],[-1.8551577,52.4991789],[-1.8552619,52.4991727],[-1.8553591,52.4991638],[-1.8554673,52.499152]]}},{"type":"Feature","properties":{"disused:railway":"rail","name":"Chillington Wharf","railway":"disused","service":"siding","source":"Bing","source_id":"osm-way-176231000","dataset":"OpenStreetMap former/disused railway extract","publisher":"OpenStreetMap contributors","effective_date":"2026-09-07T10:02:26Z","licence":"ODbL-1.0"},"geometry":{"type":"LineString","coordinates":[[-2.1119918,52.5800294],[-2.1108436,52.5802075]]}},{"type":"Feature","properties":{"abandoned:railway":"rail","name":"Chillington Wharf","railway":"abandoned","service":"siding","source":"Bing","source_id":"osm-way-176231001","dataset":"OpenStreetMap former/disused railway extract","publisher":"OpenStreetMap contributors","effective_date":"2026-09-07T10:02:26Z","licence":"ODbL-1.0"},"geometry":{"type":"LineString","coordinates":[[-2.1108436,52.5802075],[-2.1104504,52.5802689],[-2.1103118,52.580284],[-2.1101585,52.5802947],[-2.110039,52.5802983],[-2.1099161,52.5802984],[-2.1096277,52.5802787]]}},{"type":"Feature","properties":{"electrified":"contact_line","frequency":"50","gauge":"1435","railway":"razed","service":"siding","voltage":"25000","source_id":"osm-way-176505031","dataset":"OpenStreetMap former/disused railway extract","publisher":"OpenStreetMap contributors","effective_date":"2026-09-07T10:02:26Z","licence":"ODbL-1.0"},"geometry":{"type":"LineString","coordinates":[[-1.8954228,52.5155237],[-1.8955896,52.5155615],[-1.8957384,52.5155982],[-1.8959155,52.5156414],[-1.8960861,52.5156807]]}},{"type":"Feature","properties":{"electrified":"contact_line","frequency":"50","gauge":"1435","railway":"razed","service":"siding","voltage":"25000","source_id":"osm-way-176505032","dataset":"OpenStreetMap former/disused railway extract","publisher":"OpenStreetMap contributors","effective_date":"2026-09-07T10:02:26Z","licence":"ODbL-1.0"},"geometry":{"type":"LineString","coordinates":[[-1.8892701,52.5141316],[-1.8894446,52.5141773],[-1.8895881,52.5142083],[-1.8897813,52.5142475],[-1.889902,52.514272],[-1.8900387,52.5143079],[-1.8901796,52.514347],[-1.8904679,52.5144287],[-1.8908608,52.5145339],[-1.8912176,52.5146262],[-1.8915824,52.5147159],[-1.8919793,52.5148114],[-1.8922556,52.5148784],[-1.8926179,52.5149619],[-1.8928846,52.5150228],[-1.893197,52.5150897],[-1.8934022,52.5151346],[-1.8937093,52.5152024],[-1.8939373,52.5152464],[-1.8943853,52.5153338],[-1.8947755,52.515408],[-1.8951068,52.5154676],[-1.895383,52.5155166],[-1.8954228,52.5155237],[-1.8959745,52.5156227]]}},{"type":"Feature","properties":{"electrified":"contact_line","frequency":"50","gauge":"1435","maxspeed":"15 mph","name":"Soho Curve","operator":"Network Rail","operator:wikidata":"Q1501071","railway":"razed","railway:aws":"yes","railway:preferred_direction":"forward","railway:tpws":"yes","razed:railway":"rail","ref":"SCL","service":"siding","voltage":"25000","source_id":"osm-way-176887050","dataset":"OpenStreetMap former/disused railway extract","publisher":"OpenStreetMap contributors","effective_date":"2026-09-07T10:02:26Z","licence":"ODbL-1.0"},"geometry":{"type":"LineString","coordinates":[[-1.9468186,52.4950359],[-1.9466011,52.495018],[-1.9464605,52.4950108],[-1.9463197,52.4950059],[-1.9461734,52.4950063]]}},{"type":"Feature","properties":{"electrified":"contact_line","frequency":"50","gauge":"1435","maxspeed":"15 mph","name":"Soho Curve","operator":"Network Rail","operator:wikidata":"Q1501071","railway":"razed","railway:aws":"yes","railway:preferred_direction":"forward","railway:tpws":"yes","razed:railway":"rail","ref":"SCL","service":"siding","voltage":"25000","source_id":"osm-way-176887051","dataset":"OpenStreetMap former/disused railway extract","publisher":"OpenStreetMap contributors","effective_date":"2026-09-07T10:02:26Z","licence":"ODbL-1.0"},"geometry":{"type":"LineString","coordinates":[[-1.9480481,52.4952426],[-1.947914,52.4952107],[-1.947764,52.4951749],[-1.9476192,52.4951439],[-1.9474811,52.4951169],[-1.9473228,52.4950924],[-1.947167,52.4950703],[-1.9470063,52.4950516],[-1.9468467,52.4950377],[-1.9468186,52.4950359]]}},{"type":"Feature","properties":{"electrified":"contact_line","frequency":"50","gauge":"1435","name":"Rugby Birmingham and Stafford Line","operator":"Network Rail","operator:wikidata":"Q1501071","railway":"razed","railway:aws":"yes","railway:tpws":"yes","razed:railway":"rail","ref":"RBS2","service":"siding","voltage":"25000","source_id":"osm-way-176887054","dataset":"OpenStreetMap former/disused railway extract","publisher":"OpenStreetMap contributors","effective_date":"2026-09-07T10:02:26Z","licence":"ODbL-1.0"},"geometry":{"type":"LineString","coordinates":[[-1.949003,52.4955039],[-1.9488381,52.4954532],[-1.9487254,52.4954149],[-1.9486208,52.4953798],[-1.9483988,52.4953082]]}},{"type":"Feature","properties":{"disused:railway":"rail","electrified":"no","gauge":"1435","name":"Up Reception Siding","railway":"disused","service":"siding","source_id":"osm-way-178849387","dataset":"OpenStreetMap former/disused railway extract","publisher":"OpenStreetMap contributors","effective_date":"2026-09-07T10:02:26Z","licence":"ODbL-1.0"},"geometry":{"type":"LineString","coordinates":[[-1.4837402,52.4576115],[-1.4835942,52.457683],[-1.4834604,52.4577469],[-1.4833558,52.4577951],[-1.4832858,52.4578269],[-1.4832361,52.4578506],[-1.4831516,52.4578955],[-1.4830672,52.4579445],[-1.4826514,52.4581709],[-1.4824945,52.4582551],[-1.4821515,52.4584431],[-1.4817464,52.458649],[-1.4814538,52.4587952],[-1.4811735,52.4589358],[-1.4808704,52.4590796],[-1.4805994,52.459208],[-1.4798855,52.4595356],[-1.4795994,52.4596598],[-1.4785482,52.4600865],[-1.4782644,52.4602117],[-1.4779804,52.4603355]]}},{"type":"Feature","properties":{"abandoned:railway":"rail","name":"Princes End Branch","railway":"abandoned","ref":"PRN","source_id":"osm-way-179374217","dataset":"OpenStreetMap former/disused railway extract","publisher":"OpenStreetMap contributors","effective_date":"2026-09-07T10:02:26Z","licence":"ODbL-1.0"},"geometry":{"type":"LineString","coordinates":[[-2.0734514,52.5332402],[-2.0723437,52.5333248],[-2.0717966,52.5334456],[-2.0709973,52.533736],[-2.0702786,52.5341771],[-2.0699139,52.534895],[-2.0699109,52.5351642],[-2.069946,52.5354184],[-2.0700855,52.5358491],[-2.070194,52.5364027],[-2.070166,52.53689],[-2.07013,52.5372283],[-2.0699782,52.5376372],[-2.0696886,52.5385312],[-2.0691307,52.5392686],[-2.0682831,52.5399459],[-2.0666094,52.5408999],[-2.0655687,52.5413502],[-2.0648177,52.5415525],[-2.0626559,52.5419682],[-2.0619675,52.5421506],[-2.0600111,52.5428562],[-2.0581121,52.5435804],[-2.0569642,52.5438936],[-2.0559141,52.5441007],[-2.0544009,52.5442761],[-2.0533271,52.5443177],[-2.0526518,52.5443208],[-2.0519163,52.5443242],[-2.0498335,52.5443157],[-2.0495023,52.5443041],[-2.0482692,52.5442609],[-2.0468192,52.54413]]}},{"type":"Feature","properties":{"abandoned:railway":"rail","name":"Tipton Curve","railway":"abandoned","source_id":"osm-way-179374228","dataset":"OpenStreetMap former/disused railway extract","publisher":"OpenStreetMap contributors","effective_date":"2026-09-07T10:02:26Z","licence":"ODbL-1.0"},"geometry":{"type":"LineString","coordinates":[[-2.0695529,52.5321155],[-2.0701284,52.5326304],[-2.0703218,52.5328871],[-2.070461,52.5332961],[-2.0704932,52.5337399],[-2.0702786,52.5341771]]}},{"type":"Feature","properties":{"abandoned:railway":"rail","designation":"Wolverhampton Low Level - Birmingham Snow Hill Line","layer":"-1","name":"Wolverhampton Low Level - Birmingham Snow Hill","railway":"abandoned","ref":"DCL","tunnel":"yes","source_id":"osm-way-180009745","dataset":"OpenStreetMap former/disused railway extract","publisher":"OpenStreetMap contributors","effective_date":"2026-09-07T10:02:26Z","licence":"ODbL-1.0"},"geometry":{"type":"LineString","coordinates":[[-2.1146659,52.5867967],[-2.1144033,52.5866836],[-2.1139466,52.5864168],[-2.1134226,52.5860408],[-2.1127825,52.5855877],[-2.1123772,52.5852858],[-2.1113513,52.5844995]]}},{"type":"Feature","properties":{"abandoned:railway":"rail","name":"Wolverhampton Low Level - Birmingham Snow Hill","railway":"abandoned","ref":"DCL","source_id":"osm-way-180009746","dataset":"OpenStreetMap former/disused railway extract","publisher":"OpenStreetMap contributors","effective_date":"2026-09-07T10:02:26Z","licence":"ODbL-1.0"},"geometry":{"type":"LineString","coordinates":[[-2.1113513,52.5844995],[-2.1097089,52.58305],[-2.1090065,52.5822113],[-2.1085241,52.5815379],[-2.107877,52.5806732],[-2.1068831,52.5796609],[-2.1056869,52.5784601],[-2.1043772,52.577224],[-2.1037703,52.5766926],[-2.1020071,52.5752304],[-2.1007996,52.5742886],[-2.0993717,52.5731893]]}},{"type":"Feature","properties":{"abandoned:railway":"rail","designation":"Wolverhampton & Walsall Railway","name":"Heath Town Junction to Walsall Lichfield Road Junction","railway":"abandoned","ref":"HTW","source_id":"osm-way-180397750","dataset":"OpenStreetMap former/disused railway extract","publisher":"OpenStreetMap contributors","effective_date":"2026-09-07T10:02:26Z","licence":"ODbL-1.0"},"geometry":{"type":"LineString","coordinates":[[-2.1157229,52.5871912],[-2.1152797,52.5871393],[-2.1147366,52.5871618],[-2.1136787,52.5873287],[-2.1124867,52.5876285],[-2.1106628,52.5880717],[-2.1099676,52.5883193],[-2.1097415,52.5884251],[-2.1092528,52.5887034]]}},{"type":"Feature","properties":{"disused:railway":"rail","railway":"disused","source_id":"osm-way-181570922","dataset":"OpenStreetMap former/disused railway extract","publisher":"OpenStreetMap contributors","effective_date":"2026-09-07T10:02:26Z","licence":"ODbL-1.0"},"geometry":{"type":"LineString","coordinates":[[-2.0211169,52.5140744],[-2.0212194,52.514147],[-2.0212725,52.5141846],[-2.02153,52.5143666],[-2.0216829,52.5144735],[-2.0217942,52.5145592],[-2.0219618,52.5147037],[-2.0221308,52.514853],[-2.0223293,52.5150285],[-2.0224755,52.5151615],[-2.0226087,52.5152823],[-2.0226672,52.5153353],[-2.0227267,52.5153876],[-2.022804,52.5154447],[-2.0228697,52.5154888],[-2.0229475,52.5155361],[-2.0230186,52.5155794],[-2.023091,52.5156202],[-2.0231768,52.5156634],[-2.023264,52.5157026],[-2.0233807,52.5157499],[-2.0234812,52.5157858],[-2.0235832,52.5158136],[-2.0237272,52.5158527],[-2.0238058,52.515874],[-2.024192,52.5159809],[-2.0244549,52.5160641],[-2.0247821,52.5161572],[-2.025281,52.5163131],[-2.0257195,52.5164493],[-2.0262184,52.5165987],[-2.026771,52.5167684],[-2.0273025,52.5169268],[-2.0278385,52.5170892],[-2.0284326,52.5172671],[-2.0290039,52.5174417]]}},{"type":"Feature","properties":{"disused:railway":"rail","railway":"disused","source_id":"osm-way-181570924","dataset":"OpenStreetMap former/disused railway extract","publisher":"OpenStreetMap contributors","effective_date":"2026-09-07T10:02:26Z","licence":"ODbL-1.0"},"geometry":{"type":"LineString","coordinates":[[-2.0237272,52.5158527],[-2.0238956,52.5158854],[-2.0240512,52.5159123],[-2.0241496,52.5159328],[-2.0242187,52.5159507],[-2.0243905,52.5159964],[-2.02464,52.5160609],[-2.0248572,52.516118],[-2.0250973,52.5161915],[-2.0255157,52.5163204],[-2.025918,52.5164436],[-2.0264411,52.516602],[-2.0268246,52.5167203],[-2.0272377,52.5168452],[-2.0277138,52.5169888],[-2.0281764,52.5171267],[-2.0286981,52.517285],[-2.0290428,52.5173919]]}},{"type":"Feature","properties":{"disused:railway":"rail","railway":"disused","source_id":"osm-way-181570930","dataset":"OpenStreetMap former/disused railway extract","publisher":"OpenStreetMap contributors","effective_date":"2026-09-07T10:02:26Z","licence":"ODbL-1.0"},"geometry":{"type":"LineString","coordinates":[[-2.0210741,52.5140936],[-2.0212162,52.5141773],[-2.0213087,52.514232],[-2.0213972,52.5142817],[-2.021467,52.514325],[-2.02153,52.5143666]]}},{"type":"Feature","properties":{"disused:railway":"rail","railway":"disused","source_id":"osm-way-181570931","dataset":"OpenStreetMap former/disused railway extract","publisher":"OpenStreetMap contributors","effective_date":"2026-09-07T10:02:26Z","licence":"ODbL-1.0"},"geometry":{"type":"LineString","coordinates":[[-2.0242187,52.5159507],[-2.0244012,52.515985],[-2.0245318,52.5160062],[-2.0246185,52.5160233],[-2.0247218,52.5160462],[-2.0248496,52.516083],[-2.0252193,52.5161955],[-2.0256927,52.5163416]]}},{"type":"Feature","properties":{"disused:railway":"rail","maxspeed":"15 mph","railway":"disused","service":"siding","source_id":"osm-way-184268449","dataset":"OpenStreetMap former/disused railway extract","publisher":"OpenStreetMap contributors","effective_date":"2026-09-07T10:02:26Z","licence":"ODbL-1.0"},"geometry":{"type":"LineString","coordinates":[[-1.9513772,52.5016103],[-1.951636,52.5016723],[-1.9517331,52.5016943],[-1.95186,52.5017172],[-1.9520025,52.50174],[-1.9521389,52.5017556],[-1.952391,52.5017809],[-1.9526091,52.5018007]]}},{"type":"Feature","properties":{"abandoned:railway":"rail","name":"Wolverhampton and Walsall Railway","railway":"abandoned","ref":"HTW","source_id":"osm-way-187915502","dataset":"OpenStreetMap former/disused railway extract","publisher":"OpenStreetMap contributors","effective_date":"2026-09-07T10:02:26Z","licence":"ODbL-1.0"},"geometry":{"type":"LineString","coordinates":[[-2.0148678,52.5962546],[-2.0080681,52.5969003],[-2.0013304,52.5972914],[-2.0009559,52.597305],[-1.998193,52.5974057],[-1.9943781,52.597728],[-1.992952,52.5977613],[-1.9913198,52.5977207],[-1.9896574,52.5976172],[-1.9884451,52.5974412],[-1.9875931,52.5972573],[-1.9869001,52.5970698],[-1.9857092,52.5966918]]}},{"type":"Feature","properties":{"alt_name":"Wyken Colliery Branch","name":"Wyken Branch","railway":"razed","razed:railway":"rail","ref":"WYK","source_id":"osm-way-188762644","dataset":"OpenStreetMap former/disused railway extract","publisher":"OpenStreetMap contributors","effective_date":"2026-09-07T10:02:26Z","licence":"ODbL-1.0"},"geometry":{"type":"LineString","coordinates":[[-1.4613916,52.4444174],[-1.4613734,52.4439858],[-1.461272,52.4430102],[-1.4610861,52.4425603],[-1.4607604,52.4421938],[-1.4604973,52.4419005],[-1.459758,52.4410206],[-1.4587579,52.4396312],[-1.4585294,52.4392345],[-1.458372,52.4387448],[-1.4583489,52.4386513],[-1.4576196,52.4359536]]}},{"type":"Feature","properties":{"abandoned:railway":"rail","railway":"abandoned","service":"yard","source_id":"osm-way-190840234","dataset":"OpenStreetMap former/disused railway extract","publisher":"OpenStreetMap contributors","effective_date":"2026-09-07T10:02:26Z","licence":"ODbL-1.0"},"geometry":{"type":"LineString","coordinates":[[-1.9864159,52.5592023],[-1.9868665,52.5594583],[-1.9872473,52.5597224],[-1.98747,52.5599051],[-1.9877623,52.5601219],[-1.9881673,52.560435],[-1.9883497,52.560554]]}},{"type":"Feature","properties":{"bridge":"yes","foot":"yes","highway":"cycleway","layer":"1","motor_vehicle":"no","name":"Kingswinford Railway Walk","railway":"abandoned","railway:name":"Kingswinford Line","railway:ref":"KWD","source":"GPS and OpenData_Street_View","surface":"unpaved","source_id":"osm-way-192498127","dataset":"OpenStreetMap former/disused railway extract","publisher":"OpenStreetMap contributors","effective_date":"2026-09-07T10:02:26Z","licence":"ODbL-1.0"},"geometry":{"type":"LineString","coordinates":[[-2.1734691,52.5143601],[-2.1738877,52.5144113]]}},{"type":"Feature","properties":{"highway":"cycleway","railway":"abandoned","railway:name":"Kingswinford Line","railway:ref":"KWD","source":"OS 1:25k","surface":"ground","source_id":"osm-way-192498129","dataset":"OpenStreetMap former/disused railway extract","publisher":"OpenStreetMap contributors","effective_date":"2026-09-07T10:02:26Z","licence":"ODbL-1.0"},"geometry":{"type":"LineString","coordinates":[[-2.177479,52.5147812],[-2.1778625,52.5148269],[-2.1787906,52.5149771],[-2.1799761,52.5152513],[-2.1811616,52.5156104]]}},{"type":"Feature","properties":{"abandoned:railway":"rail","bridge":"yes","bridge_ref":"96C","layer":"1","railway":"abandoned","source_id":"osm-way-196913690","dataset":"OpenStreetMap former/disused railway extract","publisher":"OpenStreetMap contributors","effective_date":"2026-09-07T10:02:26Z","licence":"ODbL-1.0"},"geometry":{"type":"LineString","coordinates":[[-1.884056,52.4800698],[-1.8836582,52.4802308]]}},{"type":"Feature","properties":{"foot":"yes","highway":"cycleway","motor_vehicle":"no","name":"Kingswinford Railway Walk","railway":"abandoned","railway:name":"Kingswinford Line","railway:ref":"KWD","source":"GPS and OpenData_Street_View","surface":"unpaved","source_id":"osm-way-198665929","dataset":"OpenStreetMap former/disused railway extract","publisher":"OpenStreetMap contributors","effective_date":"2026-09-07T10:02:26Z","licence":"ODbL-1.0"},"geometry":{"type":"LineString","coordinates":[[-2.1921535,52.5229352],[-2.1922362,52.5234394],[-2.1922724,52.5236475],[-2.1922632,52.5267204],[-2.1922746,52.5282808],[-2.1922429,52.5289746]]}},{"type":"Feature","properties":{"disused:railway":"rail","maxspeed":"15 mph","railway":"disused","service":"siding","source_id":"osm-way-199862706","dataset":"OpenStreetMap former/disused railway extract","publisher":"OpenStreetMap contributors","effective_date":"2026-09-07T10:02:26Z","licence":"ODbL-1.0"},"geometry":{"type":"LineString","coordinates":[[-2.0298823,52.4780326],[-2.029578,52.4782668],[-2.0294358,52.478377],[-2.0292775,52.4784963],[-2.0290938,52.4786212],[-2.0289651,52.4787152],[-2.0288887,52.4787572],[-2.0288001,52.4788067],[-2.0287144,52.4788568],[-2.0286325,52.478896],[-2.0285466,52.4789374],[-2.0283455,52.4790623],[-2.0281363,52.4791938],[-2.0279083,52.4793433],[-2.0277098,52.479465],[-2.0275074,52.4795919],[-2.0272753,52.4797386],[-2.0270889,52.4798558],[-2.0269735,52.4799257],[-2.0267952,52.480031],[-2.026645,52.4801274],[-2.0264425,52.4802573],[-2.0262198,52.4803937],[-2.0259878,52.4805472],[-2.0257236,52.4807106],[-2.0254809,52.4808592],[-2.0252878,52.4809858],[-2.0250745,52.4811173],[-2.0248747,52.4812382],[-2.024695,52.4813476],[-2.0244818,52.4814967],[-2.0241653,52.4817144]]}},{"type":"Feature","properties":{"disused:railway":"rail","maxspeed":"15 mph","railway":"disused","service":"siding","source_id":"osm-way-199862707","dataset":"OpenStreetMap former/disused railway extract","publisher":"OpenStreetMap contributors","effective_date":"2026-09-07T10:02:26Z","licence":"ODbL-1.0"},"geometry":{"type":"LineString","coordinates":[[-2.024695,52.4813476],[-2.0245703,52.4814162],[-2.0244188,52.4814844],[-2.0243341,52.4815201]]}},{"type":"Feature","properties":{"disused:railway":"rail","maxspeed":"15 mph","railway":"disused","service":"siding","source_id":"osm-way-199862708","dataset":"OpenStreetMap former/disused railway extract","publisher":"OpenStreetMap contributors","effective_date":"2026-09-07T10:02:26Z","licence":"ODbL-1.0"},"geometry":{"type":"LineString","coordinates":[[-2.0268274,52.4798223],[-2.0266866,52.4798966],[-2.0263741,52.4800485]]}},{"type":"Feature","properties":{"disused:railway":"rail","maxspeed":"15 mph","railway":"disused","service":"siding","source_id":"osm-way-199862709","dataset":"OpenStreetMap former/disused railway extract","publisher":"OpenStreetMap contributors","effective_date":"2026-09-07T10:02:26Z","licence":"ODbL-1.0"},"geometry":{"type":"LineString","coordinates":[[-2.0270168,52.4797255],[-2.026649,52.4799502],[-2.0263888,52.4801152],[-2.026177,52.4802511],[-2.0259232,52.4804036],[-2.0256512,52.4805848],[-2.0253602,52.4807686],[-2.0251457,52.4808922],[-2.024899,52.4810533],[-2.0247203,52.4811666],[-2.0245756,52.4812651],[-2.0244812,52.4813427],[-2.0243094,52.4814912]]}},{"type":"Feature","properties":{"disused:railway":"rail","maxspeed":"15 mph","railway":"disused","service":"siding","source_id":"osm-way-199862710","dataset":"OpenStreetMap former/disused railway extract","publisher":"OpenStreetMap contributors","effective_date":"2026-09-07T10:02:26Z","licence":"ODbL-1.0"},"geometry":{"type":"LineString","coordinates":[[-2.0297831,52.4780415],[-2.029527,52.4781753],[-2.0294156,52.4782396],[-2.029295,52.4782896],[-2.029114,52.4783537],[-2.0289893,52.4783863]]}},{"type":"Feature","properties":{"disused:railway":"rail","maxspeed":"15 mph","railway":"disused","service":"siding","source_id":"osm-way-199862711","dataset":"OpenStreetMap former/disused railway extract","publisher":"OpenStreetMap contributors","effective_date":"2026-09-07T10:02:26Z","licence":"ODbL-1.0"},"geometry":{"type":"LineString","coordinates":[[-2.0294156,52.4782396],[-2.0292011,52.4783664],[-2.0289785,52.4785077],[-2.0287451,52.4786556],[-2.0285346,52.4787903],[-2.028261,52.4789643],[-2.028133,52.4790471],[-2.0279995,52.4791334],[-2.02775,52.4792869],[-2.027518,52.4794184],[-2.027286,52.4795638],[-2.0270168,52.4797255],[-2.0268274,52.4798223],[-2.0266571,52.4798966],[-2.0264787,52.4799595],[-2.0263218,52.480002]]}},{"type":"Feature","properties":{"disused:railway":"rail","railway":"disused","source_id":"osm-way-202609839","dataset":"OpenStreetMap former/disused railway extract","publisher":"OpenStreetMap contributors","effective_date":"2026-09-07T10:02:26Z","licence":"ODbL-1.0"},"geometry":{"type":"LineString","coordinates":[[-1.789193,52.5126511],[-1.7892936,52.5126339],[-1.7894211,52.5126058],[-1.7896154,52.5125654],[-1.7898247,52.5125229],[-1.7900768,52.5124764],[-1.7903571,52.5124242],[-1.7905797,52.5123842],[-1.7908734,52.5123295],[-1.7912771,52.5122569],[-1.7915413,52.5122071],[-1.7918202,52.5121565]]}},{"type":"Feature","properties":{"disused:railway":"rail","railway":"disused","service":"siding","source":"bing","source_id":"osm-way-202613908","dataset":"OpenStreetMap former/disused railway extract","publisher":"OpenStreetMap contributors","effective_date":"2026-09-07T10:02:26Z","licence":"ODbL-1.0"},"geometry":{"type":"LineString","coordinates":[[-1.8109867,52.5090685],[-1.8106443,52.50916],[-1.8102992,52.5092493],[-1.8100084,52.5093103],[-1.8095706,52.5093888],[-1.8092693,52.5094439],[-1.8088731,52.5095186],[-1.8084199,52.5096007],[-1.8079544,52.5096898],[-1.8075735,52.5097595],[-1.8072529,52.5098196],[-1.8071016,52.509844],[-1.8069101,52.5098654],[-1.8067187,52.5098831],[-1.8066056,52.5098944],[-1.8064714,52.5099142],[-1.8062921,52.5099458]]}},{"type":"Feature","properties":{"disused:railway":"rail","railway":"disused","service":"siding","source":"visual survey;bing","source_id":"osm-way-202750751","dataset":"OpenStreetMap former/disused railway extract","publisher":"OpenStreetMap contributors","effective_date":"2026-09-07T10:02:26Z","licence":"ODbL-1.0"},"geometry":{"type":"LineString","coordinates":[[-1.8260051,52.5069942],[-1.8259264,52.5069808],[-1.8255304,52.5069132]]}},{"type":"Feature","properties":{"disused:railway":"rail","railway":"disused","service":"siding","source":"visual survey;bing","source_id":"osm-way-202750752","dataset":"OpenStreetMap former/disused railway extract","publisher":"OpenStreetMap contributors","effective_date":"2026-09-07T10:02:26Z","licence":"ODbL-1.0"},"geometry":{"type":"LineString","coordinates":[[-1.8260142,52.5069598],[-1.8258068,52.5069456],[-1.8255304,52.5069132]]}},{"type":"Feature","properties":{"disused:railway":"rail","railway":"disused","service":"siding","source":"visual survey;bing","source_id":"osm-way-202750753","dataset":"OpenStreetMap former/disused railway extract","publisher":"OpenStreetMap contributors","effective_date":"2026-09-07T10:02:26Z","licence":"ODbL-1.0"},"geometry":{"type":"LineString","coordinates":[[-1.8260248,52.5069196],[-1.8258357,52.506906],[-1.8257838,52.5069022],[-1.8253748,52.506864]]}},{"type":"Feature","properties":{"disused:railway":"rail","railway":"disused","service":"siding","source":"visual survey;bing","source_id":"osm-way-202750754","dataset":"OpenStreetMap former/disused railway extract","publisher":"OpenStreetMap contributors","effective_date":"2026-09-07T10:02:26Z","licence":"ODbL-1.0"},"geometry":{"type":"LineString","coordinates":[[-1.8260353,52.5068797],[-1.825694,52.506876],[-1.8253748,52.506864]]}},{"type":"Feature","properties":{"maxspeed":"5 mph","railway":"razed","razed:railway":"rail","service":"yard","source_id":"osm-way-202875894","dataset":"OpenStreetMap former/disused railway extract","publisher":"OpenStreetMap contributors","effective_date":"2026-09-07T10:02:26Z","licence":"ODbL-1.0"},"geometry":{"type":"LineString","coordinates":[[-1.837505,52.5043644],[-1.8377115,52.5043432],[-1.8378416,52.5043277],[-1.838036,52.5042991],[-1.8383458,52.5042428],[-1.8386543,52.5041865],[-1.8393208,52.5040657],[-1.8400718,52.5039269],[-1.8408697,52.5037791],[-1.8416379,52.5036369],[-1.8416503,52.5036346],[-1.8422838,52.5035206],[-1.8423168,52.5035146],[-1.8424777,52.503482],[-1.8426588,52.5034404],[-1.8428948,52.5033832],[-1.843222,52.5032975],[-1.8435171,52.503215],[-1.8436445,52.5031767],[-1.8438068,52.503122],[-1.8441261,52.5030129]]}},{"type":"Feature","properties":{"abandoned:railway":"rail","maxspeed":"5 mph","railway":"abandoned","service":"siding","source_id":"osm-way-203424284","dataset":"OpenStreetMap former/disused railway extract","publisher":"OpenStreetMap contributors","effective_date":"2026-09-07T10:02:26Z","licence":"ODbL-1.0"},"geometry":{"type":"LineString","coordinates":[[-1.8449881,52.5027326],[-1.8450369,52.5027194],[-1.8453341,52.5026438],[-1.8455462,52.5025881],[-1.8457699,52.5025312],[-1.8460009,52.5024705],[-1.8461256,52.5024403],[-1.8462463,52.5024118],[-1.8464179,52.5023758]]}},{"type":"Feature","properties":{"disused:railway":"rail","railway":"razed","service":"siding","source_id":"osm-way-203534724","dataset":"OpenStreetMap former/disused railway extract","publisher":"OpenStreetMap contributors","effective_date":"2026-09-07T10:02:26Z","licence":"ODbL-1.0"},"geometry":{"type":"LineString","coordinates":[[-1.8526139,52.4989204],[-1.8524891,52.4989265],[-1.8523845,52.4989314],[-1.8522719,52.4989388],[-1.8522102,52.4989478]]}},{"type":"Feature","properties":{"disused:railway":"rail","railway":"razed","service":"siding","source_id":"osm-way-203534725","dataset":"OpenStreetMap former/disused railway extract","publisher":"OpenStreetMap contributors","effective_date":"2026-09-07T10:02:26Z","licence":"ODbL-1.0"},"geometry":{"type":"LineString","coordinates":[[-1.8531703,52.4989264],[-1.8533152,52.4989355],[-1.8534628,52.4989445]]}},{"type":"Feature","properties":{"abandoned:railway":"rail","railway":"abandoned","service":"siding","source_id":"osm-way-203534726","dataset":"OpenStreetMap former/disused railway extract","publisher":"OpenStreetMap contributors","effective_date":"2026-09-07T10:02:26Z","licence":"ODbL-1.0"},"geometry":{"type":"LineString","coordinates":[[-1.8530206,52.4989168],[-1.8528874,52.4989061],[-1.8528271,52.498898]]}},{"type":"Feature","properties":{"abandoned:railway":"rail","railway":"abandoned","service":"siding","source_id":"osm-way-203536853","dataset":"OpenStreetMap former/disused railway extract","publisher":"OpenStreetMap contributors","effective_date":"2026-09-07T10:02:26Z","licence":"ODbL-1.0"},"geometry":{"type":"LineString","coordinates":[[-1.8505396,52.499925],[-1.8504118,52.4999479],[-1.8502817,52.4999642],[-1.8501623,52.4999724],[-1.8499947,52.499974]]}},{"type":"Feature","properties":{"abandoned:railway":"rail","railway":"abandoned","service":"siding","source_id":"osm-way-203536854","dataset":"OpenStreetMap former/disused railway extract","publisher":"OpenStreetMap contributors","effective_date":"2026-09-07T10:02:26Z","licence":"ODbL-1.0"},"geometry":{"type":"LineString","coordinates":[[-1.8527494,52.499122],[-1.8526018,52.4991404],[-1.8524355,52.4991674],[-1.8522638,52.4992058],[-1.8521243,52.4992449],[-1.8520144,52.4992792]]}},{"type":"Feature","properties":{"disused:railway":"rail","railway":"razed","service":"siding","source_id":"osm-way-203536855","dataset":"OpenStreetMap former/disused railway extract","publisher":"OpenStreetMap contributors","effective_date":"2026-09-07T10:02:26Z","licence":"ODbL-1.0"},"geometry":{"type":"LineString","coordinates":[[-1.848171,52.5004513],[-1.8479602,52.5004671],[-1.8477349,52.5004834],[-1.8474694,52.5005022]]}},{"type":"Feature","properties":{"gauge":"1435","railway":"razed","service":"siding","source_id":"osm-way-203536856","dataset":"OpenStreetMap former/disused railway extract","publisher":"OpenStreetMap contributors","effective_date":"2026-09-07T10:02:26Z","licence":"ODbL-1.0"},"geometry":{"type":"LineString","coordinates":[[-1.8575652,52.4986411],[-1.8576752,52.4985877],[-1.8577904,52.498524],[-1.8579903,52.4984114],[-1.858115,52.4983395],[-1.8582169,52.4982799],[-1.8583618,52.498195],[-1.8584664,52.498133]]}},{"type":"Feature","properties":{"abandoned:railway":"rail","railway":"abandoned","service":"spur","source_id":"osm-way-203536857","dataset":"OpenStreetMap former/disused railway extract","publisher":"OpenStreetMap contributors","effective_date":"2026-09-07T10:02:26Z","licence":"ODbL-1.0"},"geometry":{"type":"LineString","coordinates":[[-1.8488088,52.5003745],[-1.8486978,52.5003969],[-1.8486241,52.5004149],[-1.8485812,52.5004263]]}},{"type":"Feature","properties":{"railway":"razed","razed:railway":"rail","service":"siding","source_id":"osm-way-204791342","dataset":"OpenStreetMap former/disused railway extract","publisher":"OpenStreetMap contributors","effective_date":"2026-09-07T10:02:26Z","licence":"ODbL-1.0"},"geometry":{"type":"LineString","coordinates":[[-2.0286356,52.477816],[-2.0287751,52.4780644],[-2.0287858,52.4782604],[-2.0287214,52.4784434],[-2.0286715,52.4785881],[-2.0285346,52.4787903]]}},{"type":"Feature","properties":{"railway":"razed","razed:railway":"rail","service":"siding","source_id":"osm-way-204791344","dataset":"OpenStreetMap former/disused railway extract","publisher":"OpenStreetMap contributors","effective_date":"2026-09-07T10:02:26Z","licence":"ODbL-1.0"},"geometry":{"type":"LineString","coordinates":[[-2.0244943,52.4800704],[-2.0255028,52.479992],[-2.0261143,52.4799659],[-2.0265864,52.4798613],[-2.0270168,52.4797255]]}},{"type":"Feature","properties":{"railway":"razed","razed:railway":"rail","service":"siding","source_id":"osm-way-204791349","dataset":"OpenStreetMap former/disused railway extract","publisher":"OpenStreetMap contributors","effective_date":"2026-09-07T10:02:26Z","licence":"ODbL-1.0"},"geometry":{"type":"LineString","coordinates":[[-2.0272194,52.477424],[-2.027552,52.477437],[-2.0278738,52.4774697],[-2.0282064,52.4775612],[-2.0284961,52.4776788],[-2.0286356,52.477816],[-2.0286785,52.4780317],[-2.0286611,52.478108],[-2.0286558,52.4781404],[-2.0286249,52.4782669],[-2.0285605,52.4784564],[-2.0284425,52.478659],[-2.0283137,52.4788485],[-2.028133,52.4790471]]}},{"type":"Feature","properties":{"railway":"razed","razed:railway":"rail","service":"siding","source_id":"osm-way-204791363","dataset":"OpenStreetMap former/disused railway extract","publisher":"OpenStreetMap contributors","effective_date":"2026-09-07T10:02:26Z","licence":"ODbL-1.0"},"geometry":{"type":"LineString","coordinates":[[-2.0233087,52.4807157],[-2.0237325,52.4806912],[-2.0241617,52.4806389],[-2.0247517,52.4805474],[-2.0251702,52.4804625],[-2.0254598,52.4803449],[-2.0257603,52.480175],[-2.0259105,52.4800704],[-2.0261143,52.4799659]]}},{"type":"Feature","properties":{"abandoned:railway":"rail","electrified":"no","gauge":"1435","name":"Oldbury Branch","railway":"disused","ref":"OLD","source":"NPE;bing","usage":"branch","source_id":"osm-way-205261951","dataset":"OpenStreetMap former/disused railway extract","publisher":"OpenStreetMap contributors","effective_date":"2026-09-07T10:02:26Z","licence":"ODbL-1.0"},"geometry":{"type":"LineString","coordinates":[[-2.0081097,52.4936922],[-2.0082611,52.4937296],[-2.0084408,52.4937884],[-2.0085266,52.4938211],[-2.0086124,52.4938587],[-2.0087238,52.493915],[-2.0087881,52.4939509],[-2.0089129,52.494022],[-2.0090215,52.4940905],[-2.0091529,52.494164],[-2.0092495,52.4942302],[-2.0093742,52.4943388],[-2.009464,52.4944302],[-2.0095378,52.4945013],[-2.009629,52.494618],[-2.0097054,52.4947135],[-2.0097765,52.4948213],[-2.0098151,52.4949071],[-2.009853,52.4950059],[-2.0098811,52.4950867],[-2.0098958,52.4951708],[-2.0099052,52.495272],[-2.0099079,52.4953529],[-2.0099039,52.4954353],[-2.0099039,52.4954941],[-2.0098878,52.4956068],[-2.0098743,52.4956843],[-2.00981,52.4961114],[-2.0098087,52.4961898],[-2.0098194,52.4962812],[-2.0098261,52.4963914],[-2.0098328,52.4964796],[-2.0098363,52.4965655],[-2.0098462,52.4966331],[-2.0098449,52.496745],[-2.0098341,52.4968266],[-2.0098181,52.4969074],[-2.0098087,52.4970495],[-2.0098073,52.4971214],[-2.0098349,52.497195],[-2.0098886,52.4972636],[-2.0099369,52.4973347],[-2.0099441,52.4973794],[-2.0099428,52.4974251],[-2.009925,52.4975053]]}},{"type":"Feature","properties":{"abandoned:railway":"rail","bridge":"yes","disused:railway":"rail","electrified":"no","gauge":"1435","layer":"1","name":"Oldbury Branch","railway":"disused","ref":"OLD","source":"NPE;bing","usage":"branch","wikimedia_commons":"File:Titford Canal - Old Railway Bridge - geograph.org.uk - 1275133.jpg","source_id":"osm-way-205261953","dataset":"OpenStreetMap former/disused railway extract","publisher":"OpenStreetMap contributors","effective_date":"2026-09-07T10:02:26Z","licence":"ODbL-1.0"},"geometry":{"type":"LineString","coordinates":[[-2.0077984,52.4936594],[-2.0081165,52.4937186]]}},{"type":"Feature","properties":{"abandoned:railway":"rail","bridge":"yes","disused:railway":"rail","electrified":"no","gauge":"1435","layer":"1","name":"Oldbury Branch","railway":"disused","ref":"OLD","source":"NPE;bing","usage":"branch","wikimedia_commons":"File:Titford Canal - Old Railway Bridge - geograph.org.uk - 1275133.jpg","source_id":"osm-way-205261954","dataset":"OpenStreetMap former/disused railway extract","publisher":"OpenStreetMap contributors","effective_date":"2026-09-07T10:02:26Z","licence":"ODbL-1.0"},"geometry":{"type":"LineString","coordinates":[[-2.0078123,52.4936317],[-2.0081097,52.4936922]]}},{"type":"Feature","properties":{"abandoned:railway":"rail","electrified":"no","gauge":"1435","name":"Oldbury Branch","railway":"disused","ref":"OLD","source":"NPE;bing","usage":"branch","source_id":"osm-way-205261955","dataset":"OpenStreetMap former/disused railway extract","publisher":"OpenStreetMap contributors","effective_date":"2026-09-07T10:02:26Z","licence":"ODbL-1.0"},"geometry":{"type":"LineString","coordinates":[[-2.0081165,52.4937186],[-2.0082518,52.4937729],[-2.0083497,52.4938097],[-2.0084475,52.4938448],[-2.0085722,52.4939011],[-2.0086554,52.493946],[-2.0087613,52.4939966],[-2.0089571,52.4941044],[-2.0090778,52.4941706],[-2.0091838,52.4942408],[-2.0092696,52.4943159],[-2.0093325,52.4943712],[-2.0094378,52.4944858],[-2.0095364,52.4946019],[-2.0096013,52.494691],[-2.0096578,52.4947748],[-2.009706,52.4948599],[-2.0097522,52.4949738],[-2.0097794,52.4950716],[-2.0098035,52.4951735],[-2.0098114,52.495249],[-2.00981,52.4953553],[-2.0097966,52.4954533],[-2.0097845,52.4955423]]}},{"type":"Feature","properties":{"abandoned:railway":"rail","name":"Stourbridge Junction to Stourbridge Town Branch","railway":"abandoned","ref":"SJS","source":"OS 1:25k","source_id":"osm-way-206588464","dataset":"OpenStreetMap former/disused railway extract","publisher":"OpenStreetMap contributors","effective_date":"2026-09-07T10:02:26Z","licence":"ODbL-1.0"},"geometry":{"type":"LineString","coordinates":[[-2.1421964,52.4558253],[-2.1423643,52.4559581],[-2.1426956,52.4561612],[-2.1435436,52.4566811],[-2.1437072,52.4568704],[-2.1438719,52.4570682],[-2.144005,52.4572337],[-2.1440906,52.4573461],[-2.1441455,52.4574474],[-2.1441789,52.4575429],[-2.144186,52.4576314],[-2.1441745,52.4581351],[-2.1440491,52.4587225],[-2.1439412,52.4592664],[-2.1439487,52.4595613],[-2.1439949,52.4597425],[-2.1440186,52.4598355],[-2.1440998,52.4599699],[-2.1442241,52.4601238],[-2.144413,52.460263],[-2.1450006,52.4605598],[-2.1452463,52.4606278],[-2.1455896,52.4606951],[-2.1467983,52.4607968],[-2.1475579,52.4608092],[-2.148081,52.4607968],[-2.1487451,52.4607559],[-2.1492236,52.4606955],[-2.1494936,52.4606309],[-2.1496249,52.4605995],[-2.1498696,52.4605346],[-2.1502519,52.4604091],[-2.1506676,52.4603079],[-2.1510087,52.4602715],[-2.1517075,52.4602372],[-2.1523713,52.460237],[-2.1526991,52.4602543],[-2.1533111,52.4603415],[-2.1539002,52.4604108],[-2.1545653,52.4603977]]}},{"type":"Feature","properties":{"railway":"razed","razed:railway":"rail","service":"siding","source_id":"osm-way-207038083","dataset":"OpenStreetMap former/disused railway extract","publisher":"OpenStreetMap contributors","effective_date":"2026-09-07T10:02:26Z","licence":"ODbL-1.0"},"geometry":{"type":"LineString","coordinates":[[-2.0477329,52.4593551],[-2.04769,52.4591786],[-2.0476471,52.4589956],[-2.0475932,52.458738]]}},{"type":"Feature","properties":{"railway":"razed","razed:railway":"rail","service":"siding","source_id":"osm-way-207038086","dataset":"OpenStreetMap former/disused railway extract","publisher":"OpenStreetMap contributors","effective_date":"2026-09-07T10:02:26Z","licence":"ODbL-1.0"},"geometry":{"type":"LineString","coordinates":[[-2.0437252,52.4602455],[-2.0432268,52.4601265],[-2.0428454,52.4600232],[-2.0421051,52.4597094]]}},{"type":"Feature","properties":{"railway":"razed","razed:railway":"rail","service":"siding","source_id":"osm-way-207038088","dataset":"OpenStreetMap former/disused railway extract","publisher":"OpenStreetMap contributors","effective_date":"2026-09-07T10:02:26Z","licence":"ODbL-1.0"},"geometry":{"type":"LineString","coordinates":[[-2.0419871,52.4555388],[-2.04203,52.4557022],[-2.0420037,52.4558837],[-2.0419227,52.4561269],[-2.0416867,52.4564668],[-2.0412361,52.4568852],[-2.0410381,52.4571193],[-2.0409799,52.4572705],[-2.0409571,52.4573298],[-2.0409786,52.4575978],[-2.0411522,52.457996],[-2.0412039,52.4581143],[-2.04136,52.4586295],[-2.0414458,52.4589956],[-2.0414936,52.4593303],[-2.0416175,52.4595512],[-2.0417403,52.4596964],[-2.0420895,52.4599173],[-2.0424329,52.4600415],[-2.0428239,52.4601474],[-2.0432316,52.4602193],[-2.0437252,52.4602455],[-2.0439134,52.4602115],[-2.0444703,52.4601389],[-2.0449863,52.4600219],[-2.0455013,52.4598258],[-2.0460485,52.4595709],[-2.0463811,52.4592832],[-2.0466815,52.4588256],[-2.0467615,52.4584773],[-2.0467185,52.4580555],[-2.0466616,52.4578276]]}},{"type":"Feature","properties":{"abandoned:railway":"rail","railway":"abandoned","service":"siding","source_id":"osm-way-207038089","dataset":"OpenStreetMap former/disused railway extract","publisher":"OpenStreetMap contributors","effective_date":"2026-09-07T10:02:26Z","licence":"ODbL-1.0"},"geometry":{"type":"LineString","coordinates":[[-2.035266,52.4146563],[-2.0351694,52.4148591]]}},{"type":"Feature","properties":{"railway":"razed","razed:railway":"rail","service":"siding","source_id":"osm-way-207038090","dataset":"OpenStreetMap former/disused railway extract","publisher":"OpenStreetMap contributors","effective_date":"2026-09-07T10:02:26Z","licence":"ODbL-1.0"},"geometry":{"type":"LineString","coordinates":[[-2.0443211,52.4553999],[-2.0447288,52.4557594],[-2.0450341,52.4560419],[-2.0453189,52.4564001],[-2.0456387,52.4568147]]}},{"type":"Feature","properties":{"railway":"razed","razed:railway":"rail","service":"siding","source_id":"osm-way-207038091","dataset":"OpenStreetMap former/disused railway extract","publisher":"OpenStreetMap contributors","effective_date":"2026-09-07T10:02:26Z","licence":"ODbL-1.0"},"geometry":{"type":"LineString","coordinates":[[-2.0471174,52.4591816],[-2.047175,52.4586572],[-2.047175,52.4585576],[-2.0471563,52.458282]]}},{"type":"Feature","properties":{"railway":"razed","razed:railway":"rail","service":"siding","source_id":"osm-way-207038095","dataset":"OpenStreetMap former/disused railway extract","publisher":"OpenStreetMap contributors","effective_date":"2026-09-07T10:02:26Z","licence":"ODbL-1.0"},"geometry":{"type":"LineString","coordinates":[[-2.0474432,52.459329],[-2.047411,52.4590936],[-2.0474003,52.4587994],[-2.0473896,52.4586883],[-2.0473697,52.4585047]]}},{"type":"Feature","properties":{"abandoned:railway":"rail","railway":"abandoned","service":"siding","source_id":"osm-way-207038096","dataset":"OpenStreetMap former/disused railway extract","publisher":"OpenStreetMap contributors","effective_date":"2026-09-07T10:02:26Z","licence":"ODbL-1.0"},"geometry":{"type":"LineString","coordinates":[[-2.0349763,52.4144927],[-2.0351694,52.4148591],[-2.0354806,52.4155528],[-2.0359419,52.4167634]]}},{"type":"Feature","properties":{"railway":"razed","razed:railway":"rail","service":"siding","source_id":"osm-way-207038097","dataset":"OpenStreetMap former/disused railway extract","publisher":"OpenStreetMap contributors","effective_date":"2026-09-07T10:02:26Z","licence":"ODbL-1.0"},"geometry":{"type":"LineString","coordinates":[[-2.0398418,52.4591538],[-2.0399491,52.4588792],[-2.0401047,52.4586491],[-2.04025,52.458432],[-2.0402857,52.4583786],[-2.0404319,52.4581601],[-2.0406465,52.4578986],[-2.0407747,52.4576436],[-2.0408343,52.4574789],[-2.0409799,52.4572705]]}},{"type":"Feature","properties":{"railway":"razed","razed:railway":"rail","service":"siding","source_id":"osm-way-207038103","dataset":"OpenStreetMap former/disused railway extract","publisher":"OpenStreetMap contributors","effective_date":"2026-09-07T10:02:26Z","licence":"ODbL-1.0"},"geometry":{"type":"LineString","coordinates":[[-2.0480762,52.4594466],[-2.0480117,52.4591748]]}},{"type":"Feature","properties":{"railway":"razed","razed:railway":"rail","service":"siding","source_id":"osm-way-207038104","dataset":"OpenStreetMap former/disused railway extract","publisher":"OpenStreetMap contributors","effective_date":"2026-09-07T10:02:26Z","licence":"ODbL-1.0"},"geometry":{"type":"LineString","coordinates":[[-2.0399062,52.4586635],[-2.0402845,52.4581807],[-2.040319,52.4581367],[-2.0404141,52.4580152],[-2.0408343,52.4574789]]}},{"type":"Feature","properties":{"railway":"razed","razed:railway":"rail","service":"siding","source_id":"osm-way-207038109","dataset":"OpenStreetMap former/disused railway extract","publisher":"OpenStreetMap contributors","effective_date":"2026-09-07T10:02:26Z","licence":"ODbL-1.0"},"geometry":{"type":"LineString","coordinates":[[-2.041199,52.4575119],[-2.0411561,52.4576423],[-2.0411454,52.4577534],[-2.0411522,52.457996]]}},{"type":"Feature","properties":{"railway":"razed","razed:railway":"rail","service":"siding","source_id":"osm-way-207038111","dataset":"OpenStreetMap former/disused railway extract","publisher":"OpenStreetMap contributors","effective_date":"2026-09-07T10:02:26Z","licence":"ODbL-1.0"},"geometry":{"type":"LineString","coordinates":[[-2.0423363,52.4539484],[-2.0430444,52.4545695],[-2.0439242,52.4553345],[-2.0448254,52.4560667],[-2.0453833,52.4566028],[-2.0456387,52.4568147],[-2.0461558,52.4572435],[-2.0463588,52.4575708]]}},{"type":"Feature","properties":{"railway":"razed","razed:railway":"rail","service":"siding","source_id":"osm-way-207038114","dataset":"OpenStreetMap former/disused railway extract","publisher":"OpenStreetMap contributors","effective_date":"2026-09-07T10:02:26Z","licence":"ODbL-1.0"},"geometry":{"type":"LineString","coordinates":[[-2.0481406,52.4593094],[-2.0480117,52.4591748],[-2.0475932,52.458738],[-2.0473697,52.4585047],[-2.0471563,52.458282],[-2.0470185,52.4581366],[-2.0470033,52.4581223],[-2.0466616,52.4578276]]}},{"type":"Feature","properties":{"railway":"razed","razed:railway":"rail","service":"siding","source_id":"osm-way-207038116","dataset":"OpenStreetMap former/disused railway extract","publisher":"OpenStreetMap contributors","effective_date":"2026-09-07T10:02:26Z","licence":"ODbL-1.0"},"geometry":{"type":"LineString","coordinates":[[-2.0468746,52.4593224],[-2.0469282,52.4590217],[-2.0469926,52.458636],[-2.0470033,52.4584137],[-2.0470185,52.4581366],[-2.0470033,52.4581223]]}},{"type":"Feature","properties":{"abandoned:railway":"rail","railway":"abandoned","service":"yard","source_id":"osm-way-207052102","dataset":"OpenStreetMap former/disused railway extract","publisher":"OpenStreetMap contributors","effective_date":"2026-09-07T10:02:26Z","licence":"ODbL-1.0"},"geometry":{"type":"LineString","coordinates":[[-2.0868502,52.5013636],[-2.0868288,52.5015465],[-2.0868288,52.5017098],[-2.0868824,52.5018404],[-2.0869575,52.5019057],[-2.0871126,52.5019462],[-2.0874296,52.5019579],[-2.0876428,52.5019286]]}},{"type":"Feature","properties":{"abandoned:railway":"rail","railway":"abandoned","service":"yard","source_id":"osm-way-207052103","dataset":"OpenStreetMap former/disused railway extract","publisher":"OpenStreetMap contributors","effective_date":"2026-09-07T10:02:26Z","licence":"ODbL-1.0"},"geometry":{"type":"LineString","coordinates":[[-2.0965598,52.4981894],[-2.0962594,52.4980392],[-2.0960449,52.4978236],[-2.095761,52.4975763],[-2.0954046,52.4974114],[-2.0952509,52.4973403],[-2.0951651,52.497288],[-2.0948647,52.4971508],[-2.0944248,52.4970267],[-2.0942102,52.4970006],[-2.0928477,52.4977126],[-2.0918284,52.4982547],[-2.0914315,52.4984898],[-2.0911096,52.498738],[-2.0907555,52.499045],[-2.09038,52.4994565],[-2.0900582,52.4997047],[-2.0897685,52.4999071],[-2.0895432,52.5001031],[-2.0893699,52.5002657],[-2.0892857,52.5004688],[-2.0892047,52.5006987],[-2.089151,52.5009208],[-2.0890223,52.5011886],[-2.0889209,52.5013244]]}},{"type":"Feature","properties":{"abandoned:railway":"rail","railway":"abandoned","service":"spur","source_id":"osm-way-207052104","dataset":"OpenStreetMap former/disused railway extract","publisher":"OpenStreetMap contributors","effective_date":"2026-09-07T10:02:26Z","licence":"ODbL-1.0"},"geometry":{"type":"LineString","coordinates":[[-2.089379,52.5017464],[-2.0897613,52.5012176]]}},{"type":"Feature","properties":{"abandoned:railway":"rail","railway":"abandoned","service":"spur","source_id":"osm-way-207052106","dataset":"OpenStreetMap former/disused railway extract","publisher":"OpenStreetMap contributors","effective_date":"2026-09-07T10:02:26Z","licence":"ODbL-1.0"},"geometry":{"type":"LineString","coordinates":[[-2.0586811,52.4693378],[-2.058451,52.4696568],[-2.0580755,52.469977],[-2.0576249,52.4701862],[-2.0570026,52.4703757],[-2.0565057,52.4704946],[-2.0564018,52.4705195],[-2.0559512,52.4705979],[-2.0554659,52.4707175]]}},{"type":"Feature","properties":{"abandoned:railway":"rail","railway":"abandoned","service":"siding","source_id":"osm-way-207052107","dataset":"OpenStreetMap former/disused railway extract","publisher":"OpenStreetMap contributors","effective_date":"2026-09-07T10:02:26Z","licence":"ODbL-1.0"},"geometry":{"type":"LineString","coordinates":[[-2.0855462,52.5033438],[-2.0857988,52.5032315],[-2.0889261,52.5015194]]}},{"type":"Feature","properties":{"abandoned:railway":"rail","railway":"abandoned","service":"siding","source_id":"osm-way-207052108","dataset":"OpenStreetMap former/disused railway extract","publisher":"OpenStreetMap contributors","effective_date":"2026-09-07T10:02:26Z","licence":"ODbL-1.0"},"geometry":{"type":"LineString","coordinates":[[-2.0874296,52.5029115],[-2.0879875,52.5026241],[-2.0885561,52.5023041],[-2.0891677,52.5019253],[-2.089379,52.5017464],[-2.0901906,52.5013948]]}},{"type":"Feature","properties":{"abandoned:railway":"rail","name":"Windmill End Branch","railway":"abandoned","ref":"WED","source_id":"osm-way-207052109","dataset":"OpenStreetMap former/disused railway extract","publisher":"OpenStreetMap contributors","effective_date":"2026-09-07T10:02:26Z","licence":"ODbL-1.0"},"geometry":{"type":"LineString","coordinates":[[-2.0851352,52.5034512],[-2.0853686,52.5031856],[-2.0858095,52.5021016],[-2.0861207,52.5009848],[-2.0862387,52.5005799],[-2.0862387,52.50009],[-2.0862065,52.4997177],[-2.0860241,52.4992932],[-2.0857666,52.498934],[-2.0854448,52.4984637],[-2.0851201,52.4981349],[-2.0843465,52.497712],[-2.0839331,52.4974661],[-2.0832395,52.4970934],[-2.0825298,52.496872],[-2.0822912,52.496802],[-2.0819091,52.4966819],[-2.0793293,52.4959555],[-2.0780526,52.4955701],[-2.07677,52.4951599],[-2.0757674,52.4948777],[-2.0746086,52.4944662],[-2.0735143,52.4939698],[-2.0726882,52.4935387],[-2.0722054,52.4931924],[-2.0712505,52.4924869],[-2.0703815,52.491997],[-2.0696305,52.4916181],[-2.0688151,52.4910367],[-2.0686673,52.4909386],[-2.068343,52.4907232],[-2.067712,52.4901449],[-2.0674418,52.4897236],[-2.0671677,52.4892481],[-2.0670555,52.4888156],[-2.0671306,52.4882864],[-2.0673393,52.4876017],[-2.0674163,52.487126],[-2.0674203,52.4870908],[-2.0674611,52.4868846],[-2.0675118,52.4866345],[-2.0675491,52.4864506],[-2.0675598,52.4858822],[-2.0674788,52.4855111],[-2.0672749,52.4849819],[-2.0669268,52.4842031],[-2.0666157,52.483602],[-2.0662401,52.4828506],[-2.0658539,52.4823344],[-2.0652316,52.4817986],[-2.0646845,52.4813216],[-2.0641266,52.480825],[-2.0634077,52.4797534],[-2.0626889,52.4789628],[-2.061611,52.4778493],[-2.0603715,52.4765711],[-2.0598458,52.4759111],[-2.0595454,52.4753099],[-2.0592449,52.4745257],[-2.0590411,52.4735323],[-2.0588373,52.4724082],[-2.0586227,52.4718919],[-2.0583807,52.4716122],[-2.0581232,52.47139],[-2.0577263,52.4711613],[-2.0574379,52.4709934]]}},{"type":"Feature","properties":{"abandoned:railway":"rail","embankment":"yes","railway":"abandoned","source_id":"osm-way-207052110","dataset":"OpenStreetMap former/disused railway extract","publisher":"OpenStreetMap contributors","effective_date":"2026-09-07T10:02:26Z","licence":"ODbL-1.0"},"geometry":{"type":"LineString","coordinates":[[-2.0890631,52.5042251],[-2.0891414,52.5041014],[-2.0892463,52.5038251],[-2.0892108,52.5032181],[-2.0892323,52.5028859],[-2.0893214,52.5024418],[-2.089444,52.5020793],[-2.0897142,52.5018239],[-2.0898082,52.5017393]]}},{"type":"Feature","properties":{"abandoned:railway":"rail","railway":"abandoned","service":"yard","source_id":"osm-way-207052111","dataset":"OpenStreetMap former/disused railway extract","publisher":"OpenStreetMap contributors","effective_date":"2026-09-07T10:02:26Z","licence":"ODbL-1.0"},"geometry":{"type":"LineString","coordinates":[[-2.0962058,52.4976799],[-2.0958303,52.4974905],[-2.0957015,52.4974578],[-2.0954046,52.4974114]]}},{"type":"Feature","properties":{"abandoned:railway":"rail","railway":"abandoned","service":"spur","source_id":"osm-way-207052112","dataset":"OpenStreetMap former/disused railway extract","publisher":"OpenStreetMap contributors","effective_date":"2026-09-07T10:02:26Z","licence":"ODbL-1.0"},"geometry":{"type":"LineString","coordinates":[[-2.0544921,52.4704345],[-2.0552431,52.4705064],[-2.0559297,52.4705325],[-2.0565057,52.4704946]]}},{"type":"Feature","properties":{"abandoned:railway":"rail","railway":"abandoned","service":"yard","source_id":"osm-way-207052113","dataset":"OpenStreetMap former/disused railway extract","publisher":"OpenStreetMap contributors","effective_date":"2026-09-07T10:02:26Z","licence":"ODbL-1.0"},"geometry":{"type":"LineString","coordinates":[[-2.0865284,52.5014159],[-2.0867,52.5016836],[-2.0868073,52.5017751],[-2.0868824,52.5018404]]}},{"type":"Feature","properties":{"railway":"razed","razed:railway":"rail","source_id":"osm-way-216539673","dataset":"OpenStreetMap former/disused railway extract","publisher":"OpenStreetMap contributors","effective_date":"2026-09-07T10:02:26Z","licence":"ODbL-1.0"},"geometry":{"type":"LineString","coordinates":[[-2.0763088,52.4643312],[-2.0774852,52.4660493],[-2.0780538,52.4666833],[-2.0783757,52.4671539],[-2.0786831,52.4676931],[-2.0793124,52.4682333],[-2.0800366,52.4685742],[-2.08097,52.4689304],[-2.0817124,52.4690385],[-2.082413,52.4690101],[-2.0830534,52.4689056],[-2.0837401,52.468886],[-2.0841692,52.4689252]]}},{"type":"Feature","properties":{"abandoned:railway":"rail","name":"Ansley Hall Colliery","railway":"abandoned","service":"spur","source_id":"osm-way-218612687","dataset":"OpenStreetMap former/disused railway extract","publisher":"OpenStreetMap contributors","effective_date":"2026-09-07T10:02:26Z","licence":"ODbL-1.0"},"geometry":{"type":"LineString","coordinates":[[-1.5545536,52.5453281],[-1.5535985,52.5448194],[-1.5529333,52.5443105],[-1.5525256,52.5436319],[-1.5513669,52.5418701],[-1.5504453,52.5406872],[-1.5498985,52.5401982],[-1.5491368,52.5396338]]}},{"type":"Feature","properties":{"railway":"razed","razed:railway":"rail","service":"siding","source_id":"osm-way-220679403","dataset":"OpenStreetMap former/disused railway extract","publisher":"OpenStreetMap contributors","effective_date":"2026-09-07T10:02:26Z","licence":"ODbL-1.0"},"geometry":{"type":"LineString","coordinates":[[-2.1256858,52.5947219],[-2.124782,52.5937416],[-2.1244172,52.5929732],[-2.1241597,52.5923866],[-2.1239237,52.5918261]]}},{"type":"Feature","properties":{"disused:railway":"rail","electrified":"contact_line","frequency":"50","maxspeed":"15 mph","operator":"Network Rail","operator:wikidata":"Q1501071","railway":"disused","railway:aws":"yes","railway:tpws":"yes","service":"siding","voltage":"25000","source_id":"osm-way-220679415","dataset":"OpenStreetMap former/disused railway extract","publisher":"OpenStreetMap contributors","effective_date":"2026-09-07T10:02:26Z","licence":"ODbL-1.0"},"geometry":{"type":"LineString","coordinates":[[-2.1211607,52.5878496],[-2.1211808,52.5879425],[-2.1212049,52.5880199],[-2.1212384,52.5880981],[-2.1212988,52.5882081],[-2.1213538,52.5882945],[-2.1214248,52.5883915],[-2.1215147,52.588532],[-2.1215205,52.5885411]]}},{"type":"Feature","properties":{"railway":"razed","razed:railway":"rail","service":"siding","source_id":"osm-way-220679436","dataset":"OpenStreetMap former/disused railway extract","publisher":"OpenStreetMap contributors","effective_date":"2026-09-07T10:02:26Z","licence":"ODbL-1.0"},"geometry":{"type":"LineString","coordinates":[[-2.1237949,52.5898577],[-2.1243099,52.5909005],[-2.1246157,52.5918789],[-2.1245787,52.5928908],[-2.1245962,52.593041],[-2.1246485,52.5931633],[-2.1252379,52.5940296],[-2.1256858,52.5947219],[-2.1259336,52.5951047],[-2.1259798,52.5953525]]}},{"type":"Feature","properties":{"railway":"razed","razed:railway":"rail","service":"siding","source_id":"osm-way-220679444","dataset":"OpenStreetMap former/disused railway extract","publisher":"OpenStreetMap contributors","effective_date":"2026-09-07T10:02:26Z","licence":"ODbL-1.0"},"geometry":{"type":"LineString","coordinates":[[-2.1239451,52.5898055],[-2.1244226,52.5907317],[-2.1245513,52.5911489],[-2.1246157,52.5918789]]}},{"type":"Feature","properties":{"abandoned:railway":"rail","historic:bridge":"yes","layer":"1","name":"Heath Town Junction to Walsall Lichfield Road Junction","railway":"dismantled","ref":"HTW","source_id":"osm-way-220712056","dataset":"OpenStreetMap former/disused railway extract","publisher":"OpenStreetMap contributors","effective_date":"2026-09-07T10:02:26Z","licence":"ODbL-1.0"},"geometry":{"type":"LineString","coordinates":[[-2.1014192,52.5929446],[-2.1008827,52.5930651]]}},{"type":"Feature","properties":{"abandoned:railway":"rail","bridge":"yes","layer":"1","name":"Wolverhampton Low Level - Birmingham Snow Hill","railway":"abandoned","ref":"DCL","source_id":"osm-way-220712057","dataset":"OpenStreetMap former/disused railway extract","publisher":"OpenStreetMap contributors","effective_date":"2026-09-07T10:02:26Z","licence":"ODbL-1.0"},"geometry":{"type":"LineString","coordinates":[[-2.1260098,52.5995529],[-2.125595,52.5994743]]}},{"type":"Feature","properties":{"abandoned:railway":"rail","designation":"Wolverhampton & Walsall Railway","name":"Heath Town Junction to Walsall Lichfield Road Junction","railway":"abandoned","ref":"HTW","source_id":"osm-way-220712058","dataset":"OpenStreetMap former/disused railway extract","publisher":"OpenStreetMap contributors","effective_date":"2026-09-07T10:02:26Z","licence":"ODbL-1.0"},"geometry":{"type":"LineString","coordinates":[[-2.1082843,52.5892388],[-2.107677,52.5896144],[-2.1069701,52.5901347],[-2.1061782,52.5907311],[-2.1056692,52.5911258],[-2.1051576,52.5914995],[-2.104604,52.5918132]]}},{"type":"Feature","properties":{"abandoned:railway":"rail","name":"Wolverhampton Low Level - Birmingham Snow Hill","railway":"abandoned","ref":"DCL","source_id":"osm-way-220712061","dataset":"OpenStreetMap former/disused railway extract","publisher":"OpenStreetMap contributors","effective_date":"2026-09-07T10:02:26Z","licence":"ODbL-1.0"},"geometry":{"type":"LineString","coordinates":[[-2.125595,52.5994743],[-2.1251158,52.5993706],[-2.1246094,52.5992429],[-2.1242119,52.5990806],[-2.1238596,52.5989028],[-2.1235681,52.5987131],[-2.1233772,52.598543],[-2.123218,52.5983802],[-2.1229558,52.5980084],[-2.1228482,52.597813],[-2.1227569,52.5975978],[-2.1226907,52.5973902],[-2.1223973,52.5960535],[-2.1223132,52.5954021],[-2.1223049,52.5953389],[-2.1222686,52.5950629],[-2.1221398,52.5939159],[-2.1221398,52.592821],[-2.1219953,52.5913392],[-2.1219531,52.591009],[-2.1219202,52.5907793],[-2.121866,52.5905549],[-2.1217966,52.5903492],[-2.1217499,52.5902537],[-2.1215882,52.590029]]}},{"type":"Feature","properties":{"abandoned:railway":"rail","name":"Heath Town Junction to Walsall Lichfield Road Junction","railway":"abandoned","ref":"HTW","source_id":"osm-way-220712067","dataset":"OpenStreetMap former/disused railway extract","publisher":"OpenStreetMap contributors","effective_date":"2026-09-07T10:02:26Z","licence":"ODbL-1.0"},"geometry":{"type":"LineString","coordinates":[[-2.1018967,52.5928277],[-2.1016753,52.5928892],[-2.1015801,52.5929098],[-2.1014192,52.5929446]]}},{"type":"Feature","properties":{"abandoned:railway":"rail","name":"Wolverhampton Low Level - Birmingham Snow Hill","railway":"abandoned","ref":"DCL","source_id":"osm-way-220712072","dataset":"OpenStreetMap former/disused railway extract","publisher":"OpenStreetMap contributors","effective_date":"2026-09-07T10:02:26Z","licence":"ODbL-1.0"},"geometry":{"type":"LineString","coordinates":[[-2.1265773,52.5997145],[-2.1260098,52.5995529]]}},{"type":"Feature","properties":{"abandoned:railway":"rail","name":"Heath Town Junction to Walsall Lichfield Road Junction","railway":"abandoned","ref":"HTW","source_id":"osm-way-220712075","dataset":"OpenStreetMap former/disused railway extract","publisher":"OpenStreetMap contributors","effective_date":"2026-09-07T10:02:26Z","licence":"ODbL-1.0"},"geometry":{"type":"LineString","coordinates":[[-2.1044568,52.5918955],[-2.1039072,52.5921661],[-2.1033954,52.5923653],[-2.1027653,52.5925688],[-2.1023931,52.5926797]]}},{"type":"Feature","properties":{"abandoned:railway":"rail","name":"Didcot and Chester Line","railway":"abandoned","ref":"DCL","source_id":"osm-way-220712076","dataset":"OpenStreetMap former/disused railway extract","publisher":"OpenStreetMap contributors","effective_date":"2026-09-07T10:02:26Z","licence":"ODbL-1.0"},"geometry":{"type":"LineString","coordinates":[[-2.1199916,52.5885274],[-2.1195484,52.5883792],[-2.1189183,52.5881643],[-2.1183858,52.5879914],[-2.1168192,52.5874934],[-2.1164878,52.5874031],[-2.1158807,52.5872376],[-2.1157229,52.5871912],[-2.1150918,52.5869751],[-2.1146659,52.5867967]]}},{"type":"Feature","properties":{"abandoned:railway":"rail","bridge":"yes","layer":"1","name":"Heath Town Junction to Walsall Lichfield Road Junction","railway":"abandoned","ref":"HTW","source_id":"osm-way-220712078","dataset":"OpenStreetMap former/disused railway extract","publisher":"OpenStreetMap contributors","effective_date":"2026-09-07T10:02:26Z","licence":"ODbL-1.0"},"geometry":{"type":"LineString","coordinates":[[-2.1092528,52.5887034],[-2.1082843,52.5892388]]}},{"type":"Feature","properties":{"abandoned:railway":"rail","bridge":"yes","layer":"1","name":"Heath Town Junction to Walsall Lichfield Road Junction","railway":"abandoned","ref":"HTW","source_id":"osm-way-220712080","dataset":"OpenStreetMap former/disused railway extract","publisher":"OpenStreetMap contributors","effective_date":"2026-09-07T10:02:26Z","licence":"ODbL-1.0"},"geometry":{"type":"LineString","coordinates":[[-2.104604,52.5918132],[-2.1044568,52.5918955]]}},{"type":"Feature","properties":{"abandoned:railway":"rail","name":"Heath Town Junction to Walsall Lichfield Road Junction","railway":"abandoned","ref":"HTW","source_id":"osm-way-220712084","dataset":"OpenStreetMap former/disused railway extract","publisher":"OpenStreetMap contributors","effective_date":"2026-09-07T10:02:26Z","licence":"ODbL-1.0"},"geometry":{"type":"LineString","coordinates":[[-2.1155635,52.5872049],[-2.1147366,52.5871618]]}},{"type":"Feature","properties":{"abandoned:railway":"rail","bridge":"yes","layer":"1","name":"Heath Town Junction to Walsall Lichfield Road Junction","railway":"abandoned","ref":"HTW","source_id":"osm-way-220712088","dataset":"OpenStreetMap former/disused railway extract","publisher":"OpenStreetMap contributors","effective_date":"2026-09-07T10:02:26Z","licence":"ODbL-1.0"},"geometry":{"type":"LineString","coordinates":[[-2.1082526,52.5892059],[-2.1092355,52.5886592]]}},{"type":"Feature","properties":{"layer":"1","name":"Heath Town Junction to Walsall Lichfield Road Junction","railway":"razed","razed:railway":"rail","ref":"HTW","source_id":"osm-way-220712098","dataset":"OpenStreetMap former/disused railway extract","publisher":"OpenStreetMap contributors","effective_date":"2026-09-07T10:02:26Z","licence":"ODbL-1.0"},"geometry":{"type":"LineString","coordinates":[[-2.1023931,52.5926797],[-2.1018967,52.5928277]]}},{"type":"Feature","properties":{"abandoned:railway":"rail","bridge":"yes","layer":"1","railway":"abandoned","ref":"HTW","source_id":"osm-way-220712099","dataset":"OpenStreetMap former/disused railway extract","publisher":"OpenStreetMap contributors","effective_date":"2026-09-07T10:02:26Z","licence":"ODbL-1.0"},"geometry":{"type":"LineString","coordinates":[[-2.104445,52.5918634],[-2.1045832,52.5917835]]}},{"type":"Feature","properties":{"name":"Wolverhampton Low Level - Birmingham Snow Hill","railway":"razed","razed:railway":"rail","ref":"DCL","source_id":"osm-way-220712101","dataset":"OpenStreetMap former/disused railway extract","publisher":"OpenStreetMap contributors","effective_date":"2026-09-07T10:02:26Z","licence":"ODbL-1.0"},"geometry":{"type":"LineString","coordinates":[[-2.1215882,52.590029],[-2.1213868,52.5897493],[-2.1209811,52.5893274],[-2.1206712,52.5889993],[-2.1204671,52.5887954],[-2.120254,52.5886547],[-2.1199916,52.5885274]]}},{"type":"Feature","properties":{"abandoned:railway":"rail","name":"Heath Town Junction to Walsall Lichfield Road Junction","railway":"abandoned","ref":"HTW","source_id":"osm-way-220712103","dataset":"OpenStreetMap former/disused railway extract","publisher":"OpenStreetMap contributors","effective_date":"2026-09-07T10:02:26Z","licence":"ODbL-1.0"},"geometry":{"type":"LineString","coordinates":[[-2.1045832,52.5917835],[-2.1051101,52.5914837],[-2.1055876,52.5911383],[-2.1060814,52.5907584],[-2.1069421,52.5901019],[-2.1076294,52.5895953],[-2.1082526,52.5892059]]}},{"type":"Feature","properties":{"abandoned:railway":"rail","name":"Wednesbury to Darlaston Line","railway":"abandoned","ref":"WYD","source_id":"osm-way-220859125","dataset":"OpenStreetMap former/disused railway extract","publisher":"OpenStreetMap contributors","effective_date":"2026-09-07T10:02:26Z","licence":"ODbL-1.0"},"geometry":{"type":"LineString","coordinates":[[-2.0210618,52.5491711],[-2.0205846,52.5492817],[-2.0199397,52.5494715]]}},{"type":"Feature","properties":{"abandoned:railway":"rail","bridge":"yes","layer":"1","name":"Bescot Junction to Wichnor Junction Line","railway":"abandoned","ref":"BJW2","source_id":"osm-way-220864987","dataset":"OpenStreetMap former/disused railway extract","publisher":"OpenStreetMap contributors","effective_date":"2026-09-07T10:02:26Z","licence":"ODbL-1.0"},"geometry":{"type":"LineString","coordinates":[[-1.986378,52.5830307],[-1.9862262,52.5831545]]}},{"type":"Feature","properties":{"abandoned:railway":"rail","bridge":"yes","layer":"1","name":"Bescot Junction to Wichnor Junction Line","railway":"abandoned","ref":"BJW2","source_id":"osm-way-220865026","dataset":"OpenStreetMap former/disused railway extract","publisher":"OpenStreetMap contributors","effective_date":"2026-09-07T10:02:26Z","licence":"ODbL-1.0"},"geometry":{"type":"LineString","coordinates":[[-1.9866399,52.5830699],[-1.9864853,52.5831963]]}},{"type":"Feature","properties":{"abandoned:railway":"rail","electrified":"no","gauge":"1435","railway":"razed","service":"yard","source":"NPE;bing","usage":"industrial","source_id":"osm-way-223355699","dataset":"OpenStreetMap former/disused railway extract","publisher":"OpenStreetMap contributors","effective_date":"2026-09-07T10:02:26Z","licence":"ODbL-1.0"},"geometry":{"type":"LineString","coordinates":[[-2.0109259,52.4936553],[-2.0110278,52.4934969],[-2.0111381,52.4933076],[-2.0111802,52.493231]]}},{"type":"Feature","properties":{"abandoned:railway":"rail","electrified":"no","gauge":"1435","railway":"disused","service":"yard","source":"NPE;bing","usage":"industrial","source_id":"osm-way-223355700","dataset":"OpenStreetMap former/disused railway extract","publisher":"OpenStreetMap contributors","effective_date":"2026-09-07T10:02:26Z","licence":"ODbL-1.0"},"geometry":{"type":"LineString","coordinates":[[-2.0106007,52.4942389],[-2.0105242,52.4944121],[-2.0105019,52.4944628],[-2.0102933,52.4949357],[-2.0102243,52.495092],[-2.0102199,52.4951202],[-2.0102162,52.4951443],[-2.0102045,52.4952611]]}},{"type":"Feature","properties":{"abandoned:railway":"rail","name":"Heath Town Junction to Walsall Lichfield Road Junction","railway":"abandoned","ref":"HTW","source_id":"osm-way-224557258","dataset":"OpenStreetMap former/disused railway extract","publisher":"OpenStreetMap contributors","effective_date":"2026-09-07T10:02:26Z","licence":"ODbL-1.0"},"geometry":{"type":"LineString","coordinates":[[-1.9690636,52.5990222],[-1.9703745,52.5988731],[-1.9716983,52.5986279],[-1.973505,52.598196],[-1.9741694,52.5979706],[-1.9749948,52.5976717],[-1.975705,52.5974027],[-1.9767631,52.5970707],[-1.9781835,52.5966053],[-1.9791033,52.5963961],[-1.9794499,52.5963365],[-1.9796266,52.596319]]}},{"type":"Feature","properties":{"abandoned:railway":"rail","bridge":"yes","layer":"1","name":"Coventry Avoiding Line","railway":"abandoned","ref":"CAG","source_id":"osm-way-228449839","dataset":"OpenStreetMap former/disused railway extract","publisher":"OpenStreetMap contributors","effective_date":"2026-09-07T10:02:26Z","licence":"ODbL-1.0"},"geometry":{"type":"LineString","coordinates":[[-1.4901281,52.4004044],[-1.4901425,52.4002919]]}},{"type":"Feature","properties":{"abandoned:railway":"rail","name":"Shackerstone to Coalville Line","railway":"abandoned","ref":"ASC","source":"NLS-OS-NatGrid-110k-1940-60","source_id":"osm-way-235552601","dataset":"OpenStreetMap former/disused railway extract","publisher":"OpenStreetMap contributors","effective_date":"2026-09-07T10:02:26Z","licence":"ODbL-1.0"},"geometry":{"type":"LineString","coordinates":[[-1.4425468,52.6593926],[-1.4426628,52.6611474],[-1.4423988,52.6625881],[-1.442019,52.6635121],[-1.4412991,52.6646],[-1.4390901,52.6668077],[-1.4375483,52.6686881],[-1.4359648,52.6709678],[-1.4329746,52.6744652],[-1.428211,52.6787735],[-1.4239678,52.6825727],[-1.4202619,52.6860169],[-1.4184793,52.6876594],[-1.4179587,52.6884024],[-1.4171648,52.689454],[-1.4160662,52.6909269],[-1.4153317,52.6919314],[-1.4145319,52.6930065]]}},{"type":"Feature","properties":{"bicycle":"designated","foot":"designated","highway":"cycleway","name":"Kingswinford Railway Walk","railway":"abandoned","source":"OS 1:25k","surface":"compacted","source_id":"osm-way-238159825","dataset":"OpenStreetMap former/disused railway extract","publisher":"OpenStreetMap contributors","effective_date":"2026-09-07T10:02:26Z","licence":"ODbL-1.0"},"geometry":{"type":"LineString","coordinates":[[-2.1282117,52.498073],[-2.1283544,52.4982492],[-2.1284776,52.4984149],[-2.1288101,52.4988916],[-2.1291993,52.4995949],[-2.129417,52.5000733],[-2.1296112,52.5006307],[-2.1297361,52.5009337]]}},{"type":"Feature","properties":{"foot":"yes","highway":"cycleway","motor_vehicle":"no","name":"Kingswinford Railway Walk","railway":"abandoned","railway:name":"Kingswinford Line","railway:ref":"KWD","smoothness":"very_bad","source":"GPS and OpenData_Street_View","surface":"mud","source_id":"osm-way-238159836","dataset":"OpenStreetMap former/disused railway extract","publisher":"OpenStreetMap contributors","effective_date":"2026-09-07T10:02:26Z","licence":"ODbL-1.0"},"geometry":{"type":"LineString","coordinates":[[-2.147766,52.5126448],[-2.1504399,52.5127822],[-2.1506831,52.5127788],[-2.1507303,52.5127781],[-2.1533532,52.5127416],[-2.1557772,52.5125809],[-2.1570218,52.5125384],[-2.158032,52.5125482],[-2.1586847,52.5125874]]}},{"type":"Feature","properties":{"abandoned:railway":"rail","bridge":"yes","electrified":"no","gauge":"1435","layer":"1","name":"Oldbury Branch","railway":"disused","ref":"OLD","source":"NPE;bing","usage":"branch","source_id":"osm-way-242573000","dataset":"OpenStreetMap former/disused railway extract","publisher":"OpenStreetMap contributors","effective_date":"2026-09-07T10:02:26Z","licence":"ODbL-1.0"},"geometry":{"type":"LineString","coordinates":[[-2.0099284,52.497563],[-2.0099602,52.4977075]]}},{"type":"Feature","properties":{"abandoned:railway":"rail","bridge":"yes","electrified":"no","gauge":"1435","layer":"1","name":"Oldbury Branch","railway":"disused","ref":"OLD","source":"NPE;bing","usage":"branch","source_id":"osm-way-242573001","dataset":"OpenStreetMap former/disused railway extract","publisher":"OpenStreetMap contributors","effective_date":"2026-09-07T10:02:26Z","licence":"ODbL-1.0"},"geometry":{"type":"LineString","coordinates":[[-2.0098674,52.4975618],[-2.0099041,52.4977098]]}},{"type":"Feature","properties":{"abandoned:railway":"rail","railway":"abandoned","service":"spur","source":"OS 1:25k","source_id":"osm-way-251396612","dataset":"OpenStreetMap former/disused railway extract","publisher":"OpenStreetMap contributors","effective_date":"2026-09-07T10:02:26Z","licence":"ODbL-1.0"},"geometry":{"type":"LineString","coordinates":[[-1.9646644,52.651709],[-1.9626195,52.6522791],[-1.9602871,52.6526722],[-1.9583613,52.6530823],[-1.956709,52.6534337],[-1.9558667,52.653463],[-1.9552445,52.6533513],[-1.9547531,52.6532027],[-1.9543562,52.6529521],[-1.9538642,52.6525339]]}},{"type":"Feature","properties":{"abandoned:railway":"rail","railway":"abandoned","service":"spur","source":"OS 1:25k","source_id":"osm-way-251396615","dataset":"OpenStreetMap former/disused railway extract","publisher":"OpenStreetMap contributors","effective_date":"2026-09-07T10:02:26Z","licence":"ODbL-1.0"},"geometry":{"type":"LineString","coordinates":[[-1.9576616,52.6368904],[-1.9573189,52.6371395],[-1.9568259,52.6373848],[-1.9564856,52.6375206],[-1.9561687,52.6376269],[-1.9556988,52.6377357],[-1.9552019,52.6377976],[-1.9548627,52.6378033],[-1.9532843,52.6376794],[-1.950428,52.6374797],[-1.9477128,52.6372799],[-1.9446809,52.6370202],[-1.9424064,52.6370723],[-1.9371707,52.6372546],[-1.9366893,52.6372798],[-1.9354112,52.6372806],[-1.9343801,52.6372362]]}},{"type":"Feature","properties":{"abandoned:railway":"rail","name":"Norton Branch","railway":"abandoned","ref":"NOR1","source":"OS 1:25k","source_id":"osm-way-251396616","dataset":"OpenStreetMap former/disused railway extract","publisher":"OpenStreetMap contributors","effective_date":"2026-09-07T10:02:26Z","licence":"ODbL-1.0"},"geometry":{"type":"LineString","coordinates":[[-1.9669745,52.6666008],[-1.9666302,52.6665016],[-1.9664669,52.6664546],[-1.9645571,52.6657779],[-1.9634199,52.6651403],[-1.9623191,52.6644096],[-1.9614458,52.6635006],[-1.9613749,52.663358],[-1.960709,52.6625812]]}},{"type":"Feature","properties":{"abandoned:railway":"rail","name":"Leighswood Branch","railway":"abandoned","ref":"LWB","source":"OS 1:25k","source_id":"osm-way-251396619","dataset":"OpenStreetMap former/disused railway extract","publisher":"OpenStreetMap contributors","effective_date":"2026-09-07T10:02:26Z","licence":"ODbL-1.0"},"geometry":{"type":"LineString","coordinates":[[-1.9288451,52.6131368],[-1.9306047,52.6137309],[-1.9320209,52.6139133],[-1.9336087,52.6138612],[-1.9346387,52.6139394],[-1.941076,52.6162063],[-1.942032,52.6165179],[-1.9429526,52.6167598],[-1.9437527,52.6168983],[-1.9450031,52.6169721],[-1.9499884,52.6171059],[-1.9535644,52.6171443],[-1.9538417,52.617167],[-1.9605596,52.6171704],[-1.9616925,52.6172042],[-1.9626732,52.6173944],[-1.9635293,52.6177462],[-1.9642524,52.6181396],[-1.9646752,52.6185956],[-1.9650206,52.6189213],[-1.9652524,52.6194528]]}},{"type":"Feature","properties":{"abandoned:railway":"rail","name":"Cannock Chase Line","railway":"abandoned","ref":"CKC","source":"OS 1:25k; Bing","source_id":"osm-way-251396621","dataset":"OpenStreetMap former/disused railway extract","publisher":"OpenStreetMap contributors","effective_date":"2026-09-07T10:02:26Z","licence":"ODbL-1.0"},"geometry":{"type":"LineString","coordinates":[[-1.9459222,52.6763701],[-1.9453118,52.6759889],[-1.9446144,52.6755973],[-1.9435866,52.6749234],[-1.943048,52.6743847],[-1.9426295,52.6736783],[-1.9422218,52.6728429],[-1.9421489,52.672061],[-1.9422111,52.670791],[-1.9420545,52.6700129],[-1.9416039,52.6693597],[-1.9371194,52.6649718],[-1.9367867,52.6647093],[-1.9362352,52.6642523],[-1.9357041,52.6639491],[-1.934624,52.663444],[-1.9331667,52.6627724],[-1.9276006,52.660271],[-1.9233984,52.658403],[-1.9210646,52.6574103],[-1.9201762,52.6572254],[-1.9194467,52.6571473],[-1.919158,52.6571519],[-1.9189872,52.657175],[-1.9183012,52.6572823],[-1.9175283,52.6574531],[-1.9167487,52.6576131],[-1.9159133,52.6577733],[-1.9139096,52.6581314],[-1.9131302,52.6582502],[-1.9126838,52.6583152],[-1.9122466,52.6583746],[-1.9112818,52.6584935],[-1.9104959,52.6585749],[-1.9100209,52.6585886]]}},{"type":"Feature","properties":{"abandoned:railway":"rail","name":"Amington and Glascote Colliery Railway","railway":"abandoned","source":"OS 1:25k","source_id":"osm-way-253714135","dataset":"OpenStreetMap former/disused railway extract","publisher":"OpenStreetMap contributors","effective_date":"2026-09-07T10:02:26Z","licence":"ODbL-1.0"},"geometry":{"type":"LineString","coordinates":[[-1.6388183,52.6382296],[-1.6390316,52.6383405],[-1.6391455,52.6383752],[-1.6409855,52.6385942],[-1.6420154,52.6386723],[-1.6422775,52.6386755],[-1.6425651,52.6386562],[-1.6429518,52.6385699],[-1.6432385,52.638477],[-1.6435109,52.6383342],[-1.6437144,52.6381792],[-1.643852,52.6380186],[-1.6439801,52.6378275],[-1.6440243,52.6377195],[-1.644072,52.6375804]]}},{"type":"Feature","properties":{"abandoned:railway":"rail","alt_name":"Kingsbury Branch","bridge":"yes","layer":"1","name":"Kingsbury to Baddesley Colliery Branch","railway":"abandoned","ref":"KBC","source":"OS 1:25k","source_id":"osm-way-253714147","dataset":"OpenStreetMap former/disused railway extract","publisher":"OpenStreetMap contributors","effective_date":"2026-09-07T10:02:26Z","licence":"ODbL-1.0"},"geometry":{"type":"LineString","coordinates":[[-1.6024491,52.5782452],[-1.6022469,52.5781794]]}},{"type":"Feature","properties":{"abandoned:railway":"rail","name":"Kingsbury Colliery Siding","owner":"Network Rail","railway":"abandoned","service":"siding","source_id":"osm-way-253714152","dataset":"OpenStreetMap former/disused railway extract","publisher":"OpenStreetMap contributors","effective_date":"2026-09-07T10:02:26Z","licence":"ODbL-1.0"},"geometry":{"type":"LineString","coordinates":[[-1.6655576,52.5804688],[-1.6658176,52.5804184],[-1.6660073,52.5803555],[-1.6681683,52.579215],[-1.6685956,52.5790796]]}},{"type":"Feature","properties":{"abandoned:railway":"rail","name":"Kingsbury Colliery Siding","owner":"Network Rail","railway":"abandoned","service":"siding","source_id":"osm-way-253714153","dataset":"OpenStreetMap former/disused railway extract","publisher":"OpenStreetMap contributors","effective_date":"2026-09-07T10:02:26Z","licence":"ODbL-1.0"},"geometry":{"type":"LineString","coordinates":[[-1.6643867,52.5805576],[-1.664851,52.5805749],[-1.665099,52.5805405]]}},{"type":"Feature","properties":{"abandoned:railway":"rail","bridge":"no","covered":"no","cutting":"no","embankment":"no","ford":"no","railway":"abandoned","source":"OS 1:25k","tunnel":"no","source_id":"osm-way-253714154","dataset":"OpenStreetMap former/disused railway extract","publisher":"OpenStreetMap contributors","effective_date":"2026-09-07T10:02:26Z","licence":"ODbL-1.0"},"geometry":{"type":"LineString","coordinates":[[-1.6737002,52.6381686],[-1.6742319,52.6382002],[-1.6747695,52.6382706],[-1.6752963,52.6384119],[-1.6753606,52.6384453],[-1.6759186,52.6386593],[-1.6763477,52.6388546],[-1.6768627,52.639115],[-1.677485,52.6394926],[-1.6792064,52.640553],[-1.6812264,52.6417074]]}},{"type":"Feature","properties":{"abandoned:railway":"rail","alt_name":"Kingsbury Branch","name":"Kingsbury to Baddesley Colliery Branch","railway":"abandoned","ref":"KBC","source_id":"osm-way-253714164","dataset":"OpenStreetMap former/disused railway extract","publisher":"OpenStreetMap contributors","effective_date":"2026-09-07T10:02:26Z","licence":"ODbL-1.0"},"geometry":{"type":"LineString","coordinates":[[-1.6118435,52.5836668],[-1.6113327,52.5833935],[-1.6090355,52.5819534],[-1.6052324,52.5795534]]}},{"type":"Feature","properties":{"abandoned:railway":"rail","alt_name":"Kingsbury Branch","bridge":"yes","layer":"1","name":"Kingsbury to Baddesley Colliery Branch","railway":"abandoned","ref":"KBC","source_id":"osm-way-253714168","dataset":"OpenStreetMap former/disused railway extract","publisher":"OpenStreetMap contributors","effective_date":"2026-09-07T10:02:26Z","licence":"ODbL-1.0"},"geometry":{"type":"LineString","coordinates":[[-1.6125783,52.5840706],[-1.6118435,52.5836668]]}},{"type":"Feature","properties":{"abandoned:railway":"rail","alt_name":"Kingsbury Branch","name":"Kingsbury to Baddesley Colliery Branch","railway":"abandoned","ref":"KBC","source":"OS 1:25k","source_id":"osm-way-253714171","dataset":"OpenStreetMap former/disused railway extract","publisher":"OpenStreetMap contributors","effective_date":"2026-09-07T10:02:26Z","licence":"ODbL-1.0"},"geometry":{"type":"LineString","coordinates":[[-1.6022469,52.5781794],[-1.5975793,52.5767903],[-1.5959021,52.576269],[-1.5942928,52.5757996],[-1.5920169,52.5751714],[-1.5913346,52.5749225],[-1.5907788,52.5745872],[-1.5904087,52.5743497],[-1.5900002,52.5739668],[-1.589512,52.5734241],[-1.5890244,52.572551],[-1.5890043,52.572374],[-1.5890798,52.5721579]]}},{"type":"Feature","properties":{"abandoned:railway":"rail","name":"Tamworth Curve","railway":"abandoned","ref":"TCV","source_id":"osm-way-253714175","dataset":"OpenStreetMap former/disused railway extract","publisher":"OpenStreetMap contributors","effective_date":"2026-09-07T10:02:26Z","licence":"ODbL-1.0"},"geometry":{"type":"LineString","coordinates":[[-1.6888934,52.6376008],[-1.6885947,52.6376273],[-1.6881924,52.6376696],[-1.687613,52.6378129],[-1.6870551,52.6380603],[-1.6868156,52.6381939],[-1.6866021,52.6383399],[-1.6863726,52.638548],[-1.6862839,52.6386712],[-1.6862075,52.6387992],[-1.686126,52.6389498],[-1.6859804,52.6392578]]}},{"type":"Feature","properties":{"abandoned:railway":"rail","name":"Baddesley Colliery Sidings","railway":"abandoned","service":"spur","source":"OS 1:25k","source_id":"osm-way-254011486","dataset":"OpenStreetMap former/disused railway extract","publisher":"OpenStreetMap contributors","effective_date":"2026-09-07T10:02:26Z","licence":"ODbL-1.0"},"geometry":{"type":"LineString","coordinates":[[-1.5659035,52.5856638],[-1.5654805,52.5853678],[-1.5650052,52.5851452],[-1.5641823,52.5848209],[-1.5633455,52.5845461],[-1.5630419,52.5844425],[-1.5626985,52.5842459],[-1.5624765,52.5840171],[-1.5621621,52.5834956],[-1.5620334,52.5831045],[-1.5620548,52.5828437],[-1.5621009,52.5827231],[-1.5621836,52.582596],[-1.562382,52.5824428],[-1.5627036,52.5823011]]}},{"type":"Feature","properties":{"historic:bridge":"yes","layer":"1","name":"Ashby and Nuneaton Joint Railway","railway":"razed","razed:railway":"rail","ref":"AJW","source_id":"osm-way-254020122","dataset":"OpenStreetMap former/disused railway extract","publisher":"OpenStreetMap contributors","effective_date":"2026-09-07T10:02:26Z","licence":"ODbL-1.0"},"geometry":{"type":"LineString","coordinates":[[-1.4767761,52.5345877],[-1.4768244,52.5343854]]}},{"type":"Feature","properties":{"disused:railway":"rail","gauge":"1435","maxspeed":"25 mph","operator":"Network Rail","operator:wikidata":"Q1501071","railway":"disused","railway:aws":"yes","railway:tpws":"yes","railway:track_ref":"Tyseley Up Sidings Arrival/Departure","service":"siding","source_id":"osm-way-254842823","dataset":"OpenStreetMap former/disused railway extract","publisher":"OpenStreetMap contributors","effective_date":"2026-09-07T10:02:26Z","licence":"ODbL-1.0"},"geometry":{"type":"LineString","coordinates":[[-1.8437208,52.456279],[-1.8429407,52.4559406],[-1.8424904,52.4557279]]}},{"type":"Feature","properties":{"bicycle":"yes","electrified":"no","foot":"yes","highway":"path","layer":"-1","name":"Lichfield to Chasewater Greenway","operator":"LNWR","passenger":"no","railway":"abandoned","ref":"BJW3","source":"site inspection","tunnel":"yes","source_id":"osm-way-265821373","dataset":"OpenStreetMap former/disused railway extract","publisher":"OpenStreetMap contributors","effective_date":"2026-09-07T10:02:26Z","licence":"ODbL-1.0"},"geometry":{"type":"LineString","coordinates":[[-1.9226879,52.6559579],[-1.9216991,52.6562924]]}},{"type":"Feature","properties":{"bicycle":"yes","electrified":"no","foot":"yes","highway":"path","name":"McClean Way","operator":"LNWR","passenger":"no","railway":"abandoned","ref":"BJW3","source":"site inspection","surface":"unpaved","source_id":"osm-way-265821374","dataset":"OpenStreetMap former/disused railway extract","publisher":"OpenStreetMap contributors","effective_date":"2026-09-07T10:02:26Z","licence":"ODbL-1.0"},"geometry":{"type":"LineString","coordinates":[[-1.9216991,52.6562924],[-1.9188691,52.6570594],[-1.9182694,52.6572041],[-1.9174685,52.6573945],[-1.9168553,52.657533],[-1.9158812,52.6577402],[-1.9141494,52.6580594],[-1.913505,52.6581658],[-1.9127459,52.6582748]]}},{"type":"Feature","properties":{"abandoned:railway":"rail","railway":"abandoned","service":"siding","source_id":"osm-way-275585390","dataset":"OpenStreetMap former/disused railway extract","publisher":"OpenStreetMap contributors","effective_date":"2026-09-07T10:02:26Z","licence":"ODbL-1.0"},"geometry":{"type":"LineString","coordinates":[[-1.5119076,52.4007906],[-1.5110681,52.4005124],[-1.5108052,52.4004355],[-1.5100725,52.4002576]]}},{"type":"Feature","properties":{"abandoned:railway":"rail","railway":"abandoned","service":"siding","source_id":"osm-way-275585391","dataset":"OpenStreetMap former/disused railway extract","publisher":"OpenStreetMap contributors","effective_date":"2026-09-07T10:02:26Z","licence":"ODbL-1.0"},"geometry":{"type":"LineString","coordinates":[[-1.5080097,52.3998801],[-1.5090672,52.4001049],[-1.5100676,52.4002865],[-1.5104244,52.4003667],[-1.5110064,52.4005222],[-1.5113712,52.40064],[-1.5118862,52.4008201]]}},{"type":"Feature","properties":{"abandoned:railway":"rail","railway":"abandoned","source":"OS 1:25k","source_id":"osm-way-275932778","dataset":"OpenStreetMap former/disused railway extract","publisher":"OpenStreetMap contributors","effective_date":"2026-09-07T10:02:26Z","licence":"ODbL-1.0"},"geometry":{"type":"LineString","coordinates":[[-1.6839234,52.6440632],[-1.6840939,52.6443883],[-1.6842112,52.6448243],[-1.684314,52.6453046]]}},{"type":"Feature","properties":{"abandoned:railway":"rail","name":"Amington and Glascote Colliery Railway","railway":"abandoned","source":"OS 1:25k","source_id":"osm-way-275946977","dataset":"OpenStreetMap former/disused railway extract","publisher":"OpenStreetMap contributors","effective_date":"2026-09-07T10:02:26Z","licence":"ODbL-1.0"},"geometry":{"type":"LineString","coordinates":[[-1.6761018,52.6304303],[-1.676355,52.6304916],[-1.6765055,52.6305252],[-1.6766224,52.6305418]]}},{"type":"Feature","properties":{"name":"Amington and Glascote Colliery Railway","railway":"razed","razed:railway":"rail","source":"OS 1:25k","source_id":"osm-way-275946979","dataset":"OpenStreetMap former/disused railway extract","publisher":"OpenStreetMap contributors","effective_date":"2026-09-07T10:02:26Z","licence":"ODbL-1.0"},"geometry":{"type":"LineString","coordinates":[[-1.6769648,52.6305705],[-1.6771602,52.6305788],[-1.6772787,52.6305765],[-1.6774598,52.6305564],[-1.6776434,52.6305206],[-1.6779324,52.6304283],[-1.678247,52.6302979],[-1.6785149,52.6301164],[-1.6788797,52.6297387],[-1.6795263,52.6290069],[-1.6796737,52.6288401],[-1.6799526,52.6283061],[-1.6801457,52.6280325],[-1.6803611,52.627833],[-1.6806972,52.6276151],[-1.6813259,52.6273553],[-1.6826273,52.6269775],[-1.6830338,52.6269106],[-1.6833326,52.6268889],[-1.6835064,52.6268964],[-1.6836917,52.6269134],[-1.6838365,52.6269385],[-1.6842388,52.627029],[-1.6846089,52.6271469],[-1.6848879,52.6273162],[-1.6851668,52.6275246]]}},{"type":"Feature","properties":{"name":"Amington and Glascote Colliery Railway","railway":"razed","razed:railway":"rail","source":"OS 1:25k","source_id":"osm-way-275946982","dataset":"OpenStreetMap former/disused railway extract","publisher":"OpenStreetMap contributors","effective_date":"2026-09-07T10:02:26Z","licence":"ODbL-1.0"},"geometry":{"type":"LineString","coordinates":[[-1.6743387,52.6299595],[-1.6744926,52.6299595],[-1.6745705,52.6299713],[-1.6746622,52.6300028],[-1.6758327,52.6303639],[-1.6761018,52.6304303]]}},{"type":"Feature","properties":{"railway":"abandoned","razed:railway":"rail","source":"OS 1:25k","source_id":"osm-way-275946986","dataset":"OpenStreetMap former/disused railway extract","publisher":"OpenStreetMap contributors","effective_date":"2026-09-07T10:02:26Z","licence":"ODbL-1.0"},"geometry":{"type":"LineString","coordinates":[[-1.645585,52.6302874],[-1.6456203,52.6302336],[-1.6458135,52.6300643],[-1.6494613,52.628267],[-1.651371,52.6273292],[-1.6518678,52.6270838],[-1.6532164,52.6264175],[-1.6552548,52.6254406],[-1.6567569,52.6247112],[-1.6571431,52.6245027],[-1.6573992,52.6243844],[-1.6575401,52.6243489],[-1.657745,52.6243233],[-1.6580277,52.6243371],[-1.6582948,52.6243608],[-1.6586877,52.6244288],[-1.6594734,52.6245926],[-1.6603929,52.6248258],[-1.6612273,52.6250891]]}},{"type":"Feature","properties":{"abandoned:railway":"rail","name":"Amington and Glascote Colliery Railway","railway":"abandoned","source":"OS 1:25k","source_id":"osm-way-275946987","dataset":"OpenStreetMap former/disused railway extract","publisher":"OpenStreetMap contributors","effective_date":"2026-09-07T10:02:26Z","licence":"ODbL-1.0"},"geometry":{"type":"LineString","coordinates":[[-1.6851668,52.6275246],[-1.6853444,52.6276645],[-1.6854483,52.627793]]}},{"type":"Feature","properties":{"abandoned:railway":"rail","name":"Amington and Glascote Colliery Railway","railway":"abandoned","source":"OS 1:25k","source_id":"osm-way-275946988","dataset":"OpenStreetMap former/disused railway extract","publisher":"OpenStreetMap contributors","effective_date":"2026-09-07T10:02:26Z","licence":"ODbL-1.0"},"geometry":{"type":"LineString","coordinates":[[-1.6633397,52.6267954],[-1.6634302,52.6268603],[-1.6637244,52.6270389]]}},{"type":"Feature","properties":{"abandoned:railway":"rail","name":"Amington and Glascote Colliery Railway","railway":"abandoned","source":"OS 1:25k","source_id":"osm-way-275946989","dataset":"OpenStreetMap former/disused railway extract","publisher":"OpenStreetMap contributors","effective_date":"2026-09-07T10:02:26Z","licence":"ODbL-1.0"},"geometry":{"type":"LineString","coordinates":[[-1.6444013,52.6356337],[-1.6444509,52.635215],[-1.6448186,52.6332148]]}},{"type":"Feature","properties":{"name":"Amington and Glascote Colliery Railway","railway":"razed","razed:railway":"rail","source":"OS 1:25k","source_id":"osm-way-275946990","dataset":"OpenStreetMap former/disused railway extract","publisher":"OpenStreetMap contributors","effective_date":"2026-09-07T10:02:26Z","licence":"ODbL-1.0"},"geometry":{"type":"LineString","coordinates":[[-1.6637244,52.6270389],[-1.6638808,52.6271338],[-1.6651683,52.6279153],[-1.6666698,52.6287801]]}},{"type":"Feature","properties":{"abandoned:railway":"rail","name":"Amington and Glascote Colliery Railway","railway":"abandoned","source":"OS 1:25k","source_id":"osm-way-275946991","dataset":"OpenStreetMap former/disused railway extract","publisher":"OpenStreetMap contributors","effective_date":"2026-09-07T10:02:26Z","licence":"ODbL-1.0"},"geometry":{"type":"LineString","coordinates":[[-1.644125,52.6373054],[-1.644194,52.636891]]}},{"type":"Feature","properties":{"abandoned:railway":"rail","name":"Amington and Glascote Colliery Railway","railway":"abandoned","source":"OS 1:25k","source_id":"osm-way-275946992","dataset":"OpenStreetMap former/disused railway extract","publisher":"OpenStreetMap contributors","effective_date":"2026-09-07T10:02:26Z","licence":"ODbL-1.0"},"geometry":{"type":"LineString","coordinates":[[-1.6452859,52.6313453],[-1.6454862,52.6304773],[-1.6455325,52.6303675],[-1.645585,52.6302874]]}},{"type":"Feature","properties":{"name":"Amington and Glascote Colliery Railway","railway":"razed","razed:railway":"rail","source":"OS 1:25k","source_id":"osm-way-275946994","dataset":"OpenStreetMap former/disused railway extract","publisher":"OpenStreetMap contributors","effective_date":"2026-09-07T10:02:26Z","licence":"ODbL-1.0"},"geometry":{"type":"LineString","coordinates":[[-1.644194,52.636891],[-1.6444013,52.6356337]]}},{"type":"Feature","properties":{"abandoned:railway":"rail","name":"Amington and Glascote Colliery Railway","railway":"abandoned","source":"OS 1:25k","source_id":"osm-way-275946996","dataset":"OpenStreetMap former/disused railway extract","publisher":"OpenStreetMap contributors","effective_date":"2026-09-07T10:02:26Z","licence":"ODbL-1.0"},"geometry":{"type":"LineString","coordinates":[[-1.6612273,52.6250891],[-1.6613917,52.625141],[-1.661735,52.6252582],[-1.661835,52.6253119]]}},{"type":"Feature","properties":{"name":"Amington and Glascote Colliery Railway","railway":"razed","razed:railway":"rail","source":"OS 1:25k","source_id":"osm-way-275947004","dataset":"OpenStreetMap former/disused railway extract","publisher":"OpenStreetMap contributors","effective_date":"2026-09-07T10:02:26Z","licence":"ODbL-1.0"},"geometry":{"type":"LineString","coordinates":[[-1.661835,52.6253119],[-1.6622929,52.6255578],[-1.6624646,52.625649],[-1.6626148,52.6257923],[-1.6628508,52.626196],[-1.6631942,52.626691],[-1.6633397,52.6267954]]}},{"type":"Feature","properties":{"abandoned:railway":"rail","name":"Amington and Glascote Colliery Railway","railway":"abandoned","source":"OS 1:25k","source_id":"osm-way-275947011","dataset":"OpenStreetMap former/disused railway extract","publisher":"OpenStreetMap contributors","effective_date":"2026-09-07T10:02:26Z","licence":"ODbL-1.0"},"geometry":{"type":"LineString","coordinates":[[-1.6666698,52.6287801],[-1.6667776,52.6288401],[-1.6683226,52.6296996],[-1.6689234,52.6299732],[-1.6691585,52.6300386],[-1.6693525,52.6300643],[-1.6707687,52.6302076],[-1.6710262,52.6302204],[-1.6712837,52.6302206],[-1.6723566,52.6301555],[-1.6739826,52.6299828],[-1.6743387,52.6299595]]}},{"type":"Feature","properties":{"bridge":"yes","layer":"1","name":"Amington and Glascote Colliery Railway","railway":"razed","razed:railway":"rail","source":"OS 1:25k","source_id":"osm-way-275947013","dataset":"OpenStreetMap former/disused railway extract","publisher":"OpenStreetMap contributors","effective_date":"2026-09-07T10:02:26Z","licence":"ODbL-1.0"},"geometry":{"type":"LineString","coordinates":[[-1.6766224,52.6305418],[-1.6769648,52.6305705]]}},{"type":"Feature","properties":{"bridge":"yes","layer":"1","railway":"razed","razed:railway":"rail","source":"OS 1:25k","source_id":"osm-way-275947015","dataset":"OpenStreetMap former/disused railway extract","publisher":"OpenStreetMap contributors","effective_date":"2026-09-07T10:02:26Z","licence":"ODbL-1.0"},"geometry":{"type":"LineString","coordinates":[[-1.644072,52.6375804],[-1.644125,52.6373054]]}},{"type":"Feature","properties":{"name":"Amington and Glascote Colliery Railway","railway":"razed","razed:railway":"rail","source":"OS 1:25k","source_id":"osm-way-275947017","dataset":"OpenStreetMap former/disused railway extract","publisher":"OpenStreetMap contributors","effective_date":"2026-09-07T10:02:26Z","licence":"ODbL-1.0"},"geometry":{"type":"LineString","coordinates":[[-1.6448186,52.6332148],[-1.6451268,52.6321221],[-1.6452859,52.6313453]]}},{"type":"Feature","properties":{"abandoned:railway":"rail","railway":"abandoned","source":"OS 1:25k","source_id":"osm-way-275947221","dataset":"OpenStreetMap former/disused railway extract","publisher":"OpenStreetMap contributors","effective_date":"2026-09-07T10:02:26Z","licence":"ODbL-1.0"},"geometry":{"type":"LineString","coordinates":[[-1.6812264,52.6417074],[-1.6820635,52.642184]]}},{"type":"Feature","properties":{"abandoned:railway":"rail","name":"Amington and Glascote Colliery Railway","railway":"abandoned","source":"OS 1:25k","source_id":"osm-way-275948070","dataset":"OpenStreetMap former/disused railway extract","publisher":"OpenStreetMap contributors","effective_date":"2026-09-07T10:02:26Z","licence":"ODbL-1.0"},"geometry":{"type":"LineString","coordinates":[[-1.6391455,52.6383752],[-1.6371042,52.6380002],[-1.6366965,52.6378439]]}},{"type":"Feature","properties":{"name":"Amington and Glascote Colliery Railway","railway":"razed","razed:railway":"rail","source":"OS 1:25k","source_id":"osm-way-275948071","dataset":"OpenStreetMap former/disused railway extract","publisher":"OpenStreetMap contributors","effective_date":"2026-09-07T10:02:26Z","licence":"ODbL-1.0"},"geometry":{"type":"LineString","coordinates":[[-1.6366965,52.6378439],[-1.636277,52.6375164],[-1.6361483,52.6373341]]}},{"type":"Feature","properties":{"name":"Griff Branch","railway":"razed","razed:railway":"rail","ref":"GFF","source":"OS 1:25k","source_id":"osm-way-275978987","dataset":"OpenStreetMap former/disused railway extract","publisher":"OpenStreetMap contributors","effective_date":"2026-09-07T10:02:26Z","licence":"ODbL-1.0"},"geometry":{"type":"LineString","coordinates":[[-1.4964074,52.5162275],[-1.4999312,52.5186891]]}},{"type":"Feature","properties":{"abandoned:railway":"rail","name":"Wolverhampton Low Level - Birmingham Snow Hill","railway":"abandoned","ref":"DCL","source_id":"osm-way-279795357","dataset":"OpenStreetMap former/disused railway extract","publisher":"OpenStreetMap contributors","effective_date":"2026-09-07T10:02:26Z","licence":"ODbL-1.0"},"geometry":{"type":"LineString","coordinates":[[-2.1113021,52.5845222],[-2.1096688,52.5830769],[-2.1089457,52.5822256],[-2.1078137,52.5806976],[-2.1068283,52.5797098],[-2.1062515,52.5790924],[-2.1056056,52.5784706],[-2.1042948,52.5772478],[-2.1024875,52.5757465],[-2.1020999,52.57544],[-2.1004467,52.5741061],[-2.0998031,52.5735982],[-2.09928,52.5731768]]}},{"type":"Feature","properties":{"bridge":"yes","foot":"yes","highway":"cycleway","layer":"1","railway":"abandoned","railway:name":"Kingswinford Line","railway:ref":"KWD","source":"NPE;local_knowledge","surface":"unpaved","source_id":"osm-way-290030513","dataset":"OpenStreetMap former/disused railway extract","publisher":"OpenStreetMap contributors","effective_date":"2026-09-07T10:02:26Z","licence":"ODbL-1.0"},"geometry":{"type":"LineString","coordinates":[[-2.1550384,52.6017502],[-2.1553028,52.6015685]]}},{"type":"Feature","properties":{"foot":"yes","highway":"cycleway","railway":"abandoned","railway:name":"Kingswinford Line","railway:ref":"KWD","source":"NPE;local_knowledge","surface":"unpaved","source_id":"osm-way-290030514","dataset":"OpenStreetMap former/disused railway extract","publisher":"OpenStreetMap contributors","effective_date":"2026-09-07T10:02:26Z","licence":"ODbL-1.0"},"geometry":{"type":"LineString","coordinates":[[-2.1553028,52.6015685],[-2.1569007,52.6003502]]}},{"type":"Feature","properties":{"abandoned:railway":"rail","name":"Windsor Street Line","railway":"abandoned","source":"NLS - OS 1:25k 1st Series 1937-61","source_id":"osm-way-307217152","dataset":"OpenStreetMap former/disused railway extract","publisher":"OpenStreetMap contributors","effective_date":"2026-09-07T10:02:26Z","licence":"ODbL-1.0"},"geometry":{"type":"LineString","coordinates":[[-1.878824,52.4937162],[-1.876587,52.4963669],[-1.8761738,52.4967547],[-1.8739692,52.4986921],[-1.8709007,52.5013308],[-1.8707638,52.5015041],[-1.8706358,52.5017107],[-1.8705952,52.5018541],[-1.8705686,52.5020117],[-1.8706068,52.5021685],[-1.8706675,52.5023931],[-1.8709041,52.5030321]]}},{"type":"Feature","properties":{"abandoned:railway":"rail","name":"Birmingham Central Goods Branch","operator":"Network Rail","railway":"abandoned","ref":"BCG","source_id":"osm-way-329230261","dataset":"OpenStreetMap former/disused railway extract","publisher":"OpenStreetMap contributors","effective_date":"2026-09-07T10:02:26Z","licence":"ODbL-1.0"},"geometry":{"type":"LineString","coordinates":[[-1.9180804,52.4666387],[-1.9175002,52.4668221],[-1.9171621,52.4669475],[-1.9169664,52.4670307],[-1.9166969,52.4671492],[-1.9164152,52.467302],[-1.9161765,52.4674466],[-1.9159673,52.4675797],[-1.9157232,52.4677799],[-1.9155797,52.4679008],[-1.9152834,52.4682342],[-1.9147496,52.4688249],[-1.914358,52.4692587],[-1.9137532,52.4699351],[-1.9133347,52.4703902],[-1.9126105,52.4711802],[-1.9122162,52.4715829],[-1.9120271,52.4718117],[-1.911944,52.4719269],[-1.9118555,52.4720453],[-1.9115846,52.4724791]]}},{"type":"Feature","properties":{"disused:railway":"rail","maxspeed":"5 mph","railway":"disused","service":"siding","source":"NPE;bing","source_id":"osm-way-335654186","dataset":"OpenStreetMap former/disused railway extract","publisher":"OpenStreetMap contributors","effective_date":"2026-09-07T10:02:26Z","licence":"ODbL-1.0"},"geometry":{"type":"LineString","coordinates":[[-1.9989676,52.499553],[-1.9987644,52.4996909],[-1.9986136,52.4997827],[-1.9983986,52.4998989],[-1.998161,52.5000337]]}},{"type":"Feature","properties":{"disused:railway":"rail","maxspeed":"5 mph","railway":"disused","service":"siding","source_id":"osm-way-335654200","dataset":"OpenStreetMap former/disused railway extract","publisher":"OpenStreetMap contributors","effective_date":"2026-09-07T10:02:26Z","licence":"ODbL-1.0"},"geometry":{"type":"LineString","coordinates":[[-1.9947401,52.5010108],[-1.9952416,52.5008982],[-1.9956037,52.5008116],[-1.9959551,52.5007235],[-1.9962904,52.5006255],[-1.9966069,52.5005292],[-1.9968322,52.5004394],[-1.9972345,52.500294],[-1.9977361,52.5001128],[-1.9982672,52.4998826],[-1.9985814,52.4997376]]}},{"type":"Feature","properties":{"disused:railway":"rail","maxspeed":"5 mph","railway":"disused","service":"siding","source":"NPE;bing","source_id":"osm-way-335654202","dataset":"OpenStreetMap former/disused railway extract","publisher":"OpenStreetMap contributors","effective_date":"2026-09-07T10:02:26Z","licence":"ODbL-1.0"},"geometry":{"type":"LineString","coordinates":[[-1.9983986,52.4998989],[-1.9980268,52.5000436]]}},{"type":"Feature","properties":{"name":"Widdrington Road Siding","railway":"razed","razed:railway":"rail","service":"siding","source_id":"osm-way-389117672","dataset":"OpenStreetMap former/disused railway extract","publisher":"OpenStreetMap contributors","effective_date":"2026-09-07T10:02:26Z","licence":"ODbL-1.0"},"geometry":{"type":"LineString","coordinates":[[-1.51542,52.4179291],[-1.5152131,52.4180177],[-1.5151157,52.4180475],[-1.5149541,52.4180772],[-1.5146714,52.418112],[-1.5143999,52.4181297],[-1.5140938,52.4181208],[-1.5138519,52.4180728],[-1.5136715,52.4179982],[-1.5135684,52.4179427],[-1.5134112,52.4178274],[-1.5133301,52.4177652],[-1.5130497,52.4175581],[-1.5120709,52.4168354],[-1.5118873,52.4166932],[-1.5114938,52.4165012]]}},{"type":"Feature","properties":{"name":"Wolverhampton and Walsall Railway","railway":"razed","razed:railway":"rail","ref":"HTW","source_id":"osm-way-420293397","dataset":"OpenStreetMap former/disused railway extract","publisher":"OpenStreetMap contributors","effective_date":"2026-09-07T10:02:26Z","licence":"ODbL-1.0"},"geometry":{"type":"LineString","coordinates":[[-2.0161532,52.5962025],[-2.0148678,52.5962546]]}},{"type":"Feature","properties":{"highway":"cycleway","name":"McClean Way","railway":"abandoned","surface":"asphalt","source_id":"osm-way-438291404","dataset":"OpenStreetMap former/disused railway extract","publisher":"OpenStreetMap contributors","effective_date":"2026-09-07T10:02:26Z","licence":"ODbL-1.0"},"geometry":{"type":"LineString","coordinates":[[-1.9706194,52.6010005],[-1.9704257,52.6013059],[-1.9703329,52.6014522],[-1.970018,52.6020632],[-1.9697381,52.6026954],[-1.9693532,52.6037419],[-1.9684172,52.6061378],[-1.9682712,52.6066819]]}},{"type":"Feature","properties":{"abandoned:railway":"rail","layer":"-1","note":"Down Goods Tunnel","railway":"abandoned","service":"siding","source":"http://www.warwickshirerailways.com/lms/mrcgy908.htm","tunnel":"yes","tunnel:name":"Bath Row Goods Tunnel","source_id":"osm-way-444880976","dataset":"OpenStreetMap former/disused railway extract","publisher":"OpenStreetMap contributors","effective_date":"2026-09-07T10:02:26Z","licence":"ODbL-1.0"},"geometry":{"type":"LineString","coordinates":[[-1.9122527,52.4721957],[-1.9120554,52.4723913],[-1.9118179,52.4726225],[-1.9116325,52.472801],[-1.9115058,52.4729357],[-1.9113576,52.4730848]]}},{"type":"Feature","properties":{"railway":"razed","razed:railway":"rail","source_id":"osm-way-447231229","dataset":"OpenStreetMap former/disused railway extract","publisher":"OpenStreetMap contributors","effective_date":"2026-09-07T10:02:26Z","licence":"ODbL-1.0"},"geometry":{"type":"LineString","coordinates":[[-1.9264049,52.6154784],[-1.9268555,52.6165467],[-1.9275321,52.6175956]]}},{"type":"Feature","properties":{"bridge":"yes","highway":"cycleway","layer":"1","lit":"no","railway":"abandoned","surface":"asphalt","source_id":"osm-way-484346900","dataset":"OpenStreetMap former/disused railway extract","publisher":"OpenStreetMap contributors","effective_date":"2026-09-07T10:02:26Z","licence":"ODbL-1.0"},"geometry":{"type":"LineString","coordinates":[[-1.9681733,52.6070984],[-1.9681478,52.6072157]]}},{"type":"Feature","properties":{"highway":"cycleway","lit":"no","railway":"abandoned","surface":"asphalt","source_id":"osm-way-484346903","dataset":"OpenStreetMap former/disused railway extract","publisher":"OpenStreetMap contributors","effective_date":"2026-09-07T10:02:26Z","licence":"ODbL-1.0"},"geometry":{"type":"LineString","coordinates":[[-1.9682395,52.6068005],[-1.9681733,52.6070984]]}},{"type":"Feature","properties":{"abandoned:railway":"rail","name":"Moira West Junction to Shackerstone","old_name":"Ashby & Nuneaton Joint Railway","railway":"abandoned","ref":"AMS","start_date":"1873","source_id":"osm-way-504423144","dataset":"OpenStreetMap former/disused railway extract","publisher":"OpenStreetMap contributors","effective_date":"2026-09-07T10:02:26Z","licence":"ODbL-1.0"},"geometry":{"type":"LineString","coordinates":[[-1.4937737,52.6755364],[-1.4936278,52.6754367],[-1.4910911,52.6738862],[-1.4877042,52.6718039],[-1.4875064,52.6716843],[-1.485492,52.6704506],[-1.4844922,52.6698336],[-1.482627,52.6687155],[-1.4813033,52.6678913],[-1.4803017,52.6673032],[-1.4791692,52.6667387],[-1.478472,52.6664103],[-1.4774527,52.6659746],[-1.4767165,52.6656999],[-1.4753221,52.6652405],[-1.4739737,52.6648456],[-1.4729508,52.6645794],[-1.4719103,52.6643498],[-1.4711671,52.6641995],[-1.4700702,52.6640147],[-1.4694219,52.6639105],[-1.4680157,52.6636801],[-1.4638519,52.6632031],[-1.4620518,52.6629736],[-1.4602506,52.662747],[-1.4557554,52.662198],[-1.452305,52.6617655],[-1.4512863,52.661616],[-1.4502633,52.6614199],[-1.449564,52.6612646],[-1.4483218,52.6609154],[-1.4473883,52.6605925],[-1.4465534,52.6602486],[-1.4457894,52.6598984],[-1.4451313,52.6595295],[-1.4445176,52.6591606],[-1.4437627,52.658644],[-1.4428419,52.6578968],[-1.4423191,52.6574077],[-1.4421581,52.6572215],[-1.4418984,52.6569372]]}},{"type":"Feature","properties":{"name":"Halesowen Branch","railway":"razed","razed:railway":"rail","ref":"HND1","source_id":"osm-way-571041636","dataset":"OpenStreetMap former/disused railway extract","publisher":"OpenStreetMap contributors","effective_date":"2026-09-07T10:02:26Z","licence":"ODbL-1.0"},"geometry":{"type":"LineString","coordinates":[[-1.9999597,52.3990593],[-1.9993996,52.398771],[-1.9989856,52.3985353],[-1.9976181,52.3979626],[-1.9965768,52.3975962],[-1.9949141,52.3972298],[-1.9938214,52.3970201],[-1.9925279,52.3967828],[-1.9915589,52.3966294],[-1.99106,52.3965332],[-1.9906316,52.3964059],[-1.9901426,52.3962179],[-1.9891347,52.3957371],[-1.9886507,52.3955299],[-1.9881976,52.3953345],[-1.9875472,52.3951384],[-1.9870211,52.3949856],[-1.9863679,52.3948154],[-1.9861808,52.3947711],[-1.9856061,52.3946935],[-1.9848319,52.3946806],[-1.9840922,52.394762],[-1.9834407,52.3949099],[-1.983109,52.3950257],[-1.9827348,52.3951911],[-1.9822629,52.3954413],[-1.9820908,52.3955616],[-1.9819042,52.3957436]]}},{"type":"Feature","properties":{"abandoned:railway":"rail","access":"private","bridge":"yes","bridge:name":"Duddeston Viaduct","highway":"track","layer":"1","name":"Bordesley Disused Branch","note":"this viaduct was never actuallyy used","railway":"abandoned","ref":"LWA2","source":"visual survey;cities_revealed_aerial_imagery","source_id":"osm-way-609296439","dataset":"OpenStreetMap former/disused railway extract","publisher":"OpenStreetMap contributors","effective_date":"2026-09-07T10:02:26Z","licence":"ODbL-1.0"},"geometry":{"type":"LineString","coordinates":[[-1.8806362,52.4749757],[-1.8806663,52.4750578]]}},{"type":"Feature","properties":{"abandoned:railway":"rail","access":"private","bridge":"yes","bridge:name":"Duddeston Viaduct","highway":"track","layer":"1","name":"Bordesley Disused Branch","note":"this viaduct was never actuallyy used","railway":"abandoned","ref":"LWA2","source":"visual survey;cities_revealed_aerial_imagery","source_id":"osm-way-609296440","dataset":"OpenStreetMap former/disused railway extract","publisher":"OpenStreetMap contributors","effective_date":"2026-09-07T10:02:26Z","licence":"ODbL-1.0"},"geometry":{"type":"LineString","coordinates":[[-1.8804394,52.474601],[-1.8805039,52.4747202]]}},{"type":"Feature","properties":{"abandoned:railway":"rail","access":"private","bridge":"viaduct","bridge:name":"Duddeston Viaduct","highway":"track","layer":"1","name":"Bordesley Disused Branch","note":"this viaduct never actually carried trains","railway":"abandoned","source":"visual survey;cities_revealed_aerial_imagery","source_id":"osm-way-609296441","dataset":"OpenStreetMap former/disused railway extract","publisher":"OpenStreetMap contributors","effective_date":"2026-09-07T10:02:26Z","licence":"ODbL-1.0"},"geometry":{"type":"LineString","coordinates":[[-1.8808037,52.4757507],[-1.880802,52.4760117]]}},{"type":"Feature","properties":{"abandoned:railway":"rail","access":"private","bridge":"yes","bridge:name":"Duddeston Viaduct","highway":"track","layer":"1","name":"Bordesley Disused Branch","note":"this viaduct was never actuallyy used","railway":"abandoned","source":"visual survey;cities_revealed_aerial_imagery","source_id":"osm-way-609296442","dataset":"OpenStreetMap former/disused railway extract","publisher":"OpenStreetMap contributors","effective_date":"2026-09-07T10:02:26Z","licence":"ODbL-1.0"},"geometry":{"type":"LineString","coordinates":[[-1.8807975,52.4756564],[-1.8808037,52.4757507]]}},{"type":"Feature","properties":{"abandoned:railway":"rail","bridge":"viaduct","bridge:name":"Duddeston Viaduct","layer":"1","name":"Bordesley Disused Branch","note":"this viaduct never actually carried trains","railway":"abandoned","source":"visual survey;cities_revealed_aerial_imagery","source_id":"osm-way-609296443","dataset":"OpenStreetMap former/disused railway extract","publisher":"OpenStreetMap contributors","effective_date":"2026-09-07T10:02:26Z","licence":"ODbL-1.0"},"geometry":{"type":"LineString","coordinates":[[-1.8807909,52.4761026],[-1.8807733,52.4762637],[-1.8807284,52.4765654],[-1.8806827,52.4767243],[-1.8806455,52.4768298],[-1.8804198,52.4773334]]}},{"type":"Feature","properties":{"abandoned:railway":"rail","bridge":"yes","bridge:name":"Duddeston Viaduct","layer":"1","name":"Bordesley Disused Branch","note":"this viaduct was never actuallyy used","railway":"abandoned","source":"visual survey;cities_revealed_aerial_imagery","source_id":"osm-way-609296444","dataset":"OpenStreetMap former/disused railway extract","publisher":"OpenStreetMap contributors","effective_date":"2026-09-07T10:02:26Z","licence":"ODbL-1.0"},"geometry":{"type":"LineString","coordinates":[[-1.880802,52.4760117],[-1.8807909,52.4761026]]}},{"type":"Feature","properties":{"abandoned:railway":"rail","bridge":"yes","bridge:name":"Duddeston Viaduct","layer":"1","name":"Bordesley Disused Branch","note":"this viaduct was never actuallyy used","railway":"abandoned","source":"visual survey;cities_revealed_aerial_imagery","source_id":"osm-way-609296445","dataset":"OpenStreetMap former/disused railway extract","publisher":"OpenStreetMap contributors","effective_date":"2026-09-07T10:02:26Z","licence":"ODbL-1.0"},"geometry":{"type":"LineString","coordinates":[[-1.8801625,52.47792],[-1.8801029,52.4780604]]}},{"type":"Feature","properties":{"abandoned:railway":"rail","bridge":"viaduct","bridge:name":"Duddeston Viaduct","layer":"1","name":"Bordesley Disused Branch","note":"this viaduct was never actuallyy used","railway":"abandoned","source":"visual survey;cities_revealed_aerial_imagery","source_id":"osm-way-609296446","dataset":"OpenStreetMap former/disused railway extract","publisher":"OpenStreetMap contributors","effective_date":"2026-09-07T10:02:26Z","licence":"ODbL-1.0"},"geometry":{"type":"LineString","coordinates":[[-1.880211,52.4778056],[-1.8801625,52.47792]]}},{"type":"Feature","properties":{"abandoned:railway":"rail","access":"private","bridge":"viaduct","bridge:name":"Duddeston Viaduct","highway":"track","layer":"1","name":"Bordesley Disused Branch","note":"this viaduct never actually carried trains","railway":"abandoned","ref":"LWA2","source":"visual survey;cities_revealed_aerial_imagery","source_id":"osm-way-609297330","dataset":"OpenStreetMap former/disused railway extract","publisher":"OpenStreetMap contributors","effective_date":"2026-09-07T10:02:26Z","licence":"ODbL-1.0"},"geometry":{"type":"LineString","coordinates":[[-1.8805039,52.4747202],[-1.8806362,52.4749757]]}},{"type":"Feature","properties":{"abandoned:railway":"rail","bicycle":"yes","cutting":"yes","highway":"footway","horse":"yes","name":"McClean Way","railway":"abandoned","railway:name":"Bescot Junction to Wichnor Junction (Lichfield) Line","railway:ref":"BJW3","ref":"BJW3","source":"landsat & NPE & survey","surface":"unpaved","website":"http://www.backthetrack.org.uk/","source_id":"osm-way-616260245","dataset":"OpenStreetMap former/disused railway extract","publisher":"OpenStreetMap contributors","effective_date":"2026-09-07T10:02:26Z","licence":"ODbL-1.0"},"geometry":{"type":"LineString","coordinates":[[-1.9351966,52.6489143],[-1.934694,52.6492275],[-1.9308267,52.6518971],[-1.929719,52.6526413],[-1.9291482,52.6529905],[-1.9280791,52.6535374],[-1.9275618,52.653802],[-1.923532,52.6556435]]}},{"type":"Feature","properties":{"highway":"cycleway","railway":"abandoned","railway:name":"Kingswinford Line","railway:ref":"KWD","source":"GPS Survey","surface":"unpaved","source_id":"osm-way-674414806","dataset":"OpenStreetMap former/disused railway extract","publisher":"OpenStreetMap contributors","effective_date":"2026-09-07T10:02:26Z","licence":"ODbL-1.0"},"geometry":{"type":"LineString","coordinates":[[-2.1518501,52.6050917],[-2.1516421,52.6055083],[-2.1510945,52.6067498],[-2.1510517,52.6068343]]}},{"type":"Feature","properties":{"bridge":"yes","highway":"cycleway","layer":"1","railway":"abandoned","railway:name":"Kingswinford Line","railway:ref":"KWD","source":"GPS Survey","surface":"unpaved","source_id":"osm-way-674414808","dataset":"OpenStreetMap former/disused railway extract","publisher":"OpenStreetMap contributors","effective_date":"2026-09-07T10:02:26Z","licence":"ODbL-1.0"},"geometry":{"type":"LineString","coordinates":[[-2.1518917,52.6050113],[-2.1518501,52.6050917]]}},{"type":"Feature","properties":{"bridge":"yes","highway":"cycleway","layer":"1","railway":"abandoned","railway:name":"Kingswinford Line","railway:ref":"KWD","source":"GPS Survey","surface":"unpaved","source_id":"osm-way-674414809","dataset":"OpenStreetMap former/disused railway extract","publisher":"OpenStreetMap contributors","effective_date":"2026-09-07T10:02:26Z","licence":"ODbL-1.0"},"geometry":{"type":"LineString","coordinates":[[-2.1523123,52.6042576],[-2.1522544,52.6043508]]}},{"type":"Feature","properties":{"highway":"cycleway","railway":"abandoned","railway:name":"Kingswinford Line","railway:ref":"KWD","source":"GPS Survey","surface":"unpaved","source_id":"osm-way-674414810","dataset":"OpenStreetMap former/disused railway extract","publisher":"OpenStreetMap contributors","effective_date":"2026-09-07T10:02:26Z","licence":"ODbL-1.0"},"geometry":{"type":"LineString","coordinates":[[-2.1522544,52.6043508],[-2.1520894,52.6046157],[-2.1518917,52.6050113]]}},{"type":"Feature","properties":{"bridge":"yes","foot":"yes","highway":"cycleway","layer":"1","railway":"abandoned","railway:name":"Kingswinford Line","railway:ref":"KWD","surface":"unpaved","source_id":"osm-way-675486520","dataset":"OpenStreetMap former/disused railway extract","publisher":"OpenStreetMap contributors","effective_date":"2026-09-07T10:02:26Z","licence":"ODbL-1.0"},"geometry":{"type":"LineString","coordinates":[[-2.1721338,52.5875644],[-2.1721054,52.5875933]]}},{"type":"Feature","properties":{"foot":"yes","highway":"cycleway","railway":"abandoned","railway:name":"Kingswinford Line","railway:ref":"KWD","surface":"unpaved","source_id":"osm-way-675486521","dataset":"OpenStreetMap former/disused railway extract","publisher":"OpenStreetMap contributors","effective_date":"2026-09-07T10:02:26Z","licence":"ODbL-1.0"},"geometry":{"type":"LineString","coordinates":[[-2.1721054,52.5875933],[-2.1719004,52.587802]]}},{"type":"Feature","properties":{"foot":"yes","highway":"cycleway","railway":"abandoned","railway:name":"Kingswinford Line","railway:ref":"KWD","surface":"fine_gravel","source_id":"osm-way-675486523","dataset":"OpenStreetMap former/disused railway extract","publisher":"OpenStreetMap contributors","effective_date":"2026-09-07T10:02:26Z","licence":"ODbL-1.0"},"geometry":{"type":"LineString","coordinates":[[-2.1719004,52.587802],[-2.1706567,52.5889317],[-2.1695848,52.5899499],[-2.1694021,52.5900975],[-2.1691984,52.5902793],[-2.1674622,52.5919952],[-2.1674038,52.5920464]]}},{"type":"Feature","properties":{"foot":"yes","highway":"cycleway","railway":"abandoned","railway:name":"Kingswinford Line","railway:ref":"KWD","surface":"unpaved","source_id":"osm-way-675486539","dataset":"OpenStreetMap former/disused railway extract","publisher":"OpenStreetMap contributors","effective_date":"2026-09-07T10:02:26Z","licence":"ODbL-1.0"},"geometry":{"type":"LineString","coordinates":[[-2.1666677,52.5927214],[-2.1666062,52.5927789],[-2.1665506,52.5928262],[-2.1662695,52.5930505],[-2.1641535,52.5947391],[-2.1635774,52.5951364],[-2.1620775,52.5963487],[-2.1616928,52.5966124],[-2.161276,52.5969555]]}},{"type":"Feature","properties":{"bridge":"yes","foot":"yes","highway":"cycleway","layer":"1","railway":"abandoned","railway:name":"Kingswinford Line","railway:ref":"KWD","source":"NPE;local_knowledge","surface":"unpaved","source_id":"osm-way-675486542","dataset":"OpenStreetMap former/disused railway extract","publisher":"OpenStreetMap contributors","effective_date":"2026-09-07T10:02:26Z","licence":"ODbL-1.0"},"geometry":{"type":"LineString","coordinates":[[-2.1569007,52.6003502],[-2.1569883,52.6002834]]}},{"type":"Feature","properties":{"foot":"yes","highway":"cycleway","oneway":"no","railway":"abandoned","railway:name":"Kingswinford Line","railway:ref":"KWD","source":"NPE;local_knowledge","surface":"unpaved","source_id":"osm-way-675486543","dataset":"OpenStreetMap former/disused railway extract","publisher":"OpenStreetMap contributors","effective_date":"2026-09-07T10:02:26Z","licence":"ODbL-1.0"},"geometry":{"type":"LineString","coordinates":[[-2.1569883,52.6002834],[-2.1577029,52.5996949],[-2.1588669,52.5985791],[-2.159492,52.5982238],[-2.161276,52.5969555]]}},{"type":"Feature","properties":{"abandoned:railway":"rail","railway":"abandoned","source_id":"osm-way-697116278","dataset":"OpenStreetMap former/disused railway extract","publisher":"OpenStreetMap contributors","effective_date":"2026-09-07T10:02:26Z","licence":"ODbL-1.0"},"geometry":{"type":"LineString","coordinates":[[-1.9304293,52.6230167],[-1.9304775,52.6234995],[-1.9304346,52.6248982],[-1.9301245,52.6265512],[-1.9300699,52.6274309],[-1.9301546,52.6287151],[-1.9305848,52.6301093],[-1.9311417,52.6310985],[-1.931559,52.6316748],[-1.931763,52.6319384]]}},{"type":"Feature","properties":{"railway":"razed","razed:railway":"rail","source_id":"osm-way-697116279","dataset":"OpenStreetMap former/disused railway extract","publisher":"OpenStreetMap contributors","effective_date":"2026-09-07T10:02:26Z","licence":"ODbL-1.0"},"geometry":{"type":"LineString","coordinates":[[-1.931763,52.6319384],[-1.9319238,52.6321462],[-1.9330818,52.6331527],[-1.9336522,52.6336485],[-1.935239,52.6348732],[-1.9360351,52.6357203],[-1.9363795,52.6362894],[-1.9365372,52.6368559],[-1.9365401,52.63749]]}},{"type":"Feature","properties":{"abandoned:railway":"rail","railway":"abandoned","surface":"unpaved","source_id":"osm-way-697116280","dataset":"OpenStreetMap former/disused railway extract","publisher":"OpenStreetMap contributors","effective_date":"2026-09-07T10:02:26Z","licence":"ODbL-1.0"},"geometry":{"type":"LineString","coordinates":[[-1.9275321,52.6175956],[-1.9280986,52.6182196],[-1.928487,52.6186443],[-1.9289757,52.6193126],[-1.9291887,52.6196422],[-1.9292793,52.6198027]]}},{"type":"Feature","properties":{"railway":"razed","razed:railway":"rail","service":"spur","source":"OS 1:25k","source_id":"osm-way-697116281","dataset":"OpenStreetMap former/disused railway extract","publisher":"OpenStreetMap contributors","effective_date":"2026-09-07T10:02:26Z","licence":"ODbL-1.0"},"geometry":{"type":"LineString","coordinates":[[-1.9343801,52.6372362],[-1.9334421,52.6371984],[-1.9330788,52.637169],[-1.9326362,52.6370795],[-1.9320638,52.6368639],[-1.9313342,52.6364212],[-1.9305617,52.6358482],[-1.9302415,52.6352913],[-1.9302296,52.634902],[-1.9302494,52.6346249],[-1.9303901,52.6343897],[-1.9307522,52.6340561],[-1.9313342,52.6336865],[-1.9318921,52.6331916],[-1.9320686,52.6325728],[-1.9319238,52.6321462]]}},{"type":"Feature","properties":{"abandoned:railway":"rail","railway":"abandoned","surface":"unpaved","source_id":"osm-way-697116282","dataset":"OpenStreetMap former/disused railway extract","publisher":"OpenStreetMap contributors","effective_date":"2026-09-07T10:02:26Z","licence":"ODbL-1.0"},"geometry":{"type":"LineString","coordinates":[[-1.942729,52.6493146],[-1.9428827,52.650046],[-1.9430905,52.6509322],[-1.9432714,52.6517487],[-1.9435848,52.6532023],[-1.9437211,52.653676],[-1.9440264,52.6548886],[-1.9443816,52.6556423],[-1.9445428,52.6559446],[-1.9447068,52.6562113],[-1.9450736,52.6566787],[-1.9456409,52.6572766],[-1.9467082,52.6581714],[-1.9492318,52.6599488],[-1.9497289,52.6602898],[-1.9520526,52.6619533]]}},{"type":"Feature","properties":{"abandoned:railway":"rail","railway":"abandoned","source":"OS 1:25k","source_id":"osm-way-729392337","dataset":"OpenStreetMap former/disused railway extract","publisher":"OpenStreetMap contributors","effective_date":"2026-09-07T10:02:26Z","licence":"ODbL-1.0"},"geometry":{"type":"LineString","coordinates":[[-2.1460639,52.5158076],[-2.1461978,52.5160965],[-2.1464654,52.5165487],[-2.146836,52.5169381],[-2.1473199,52.5173274],[-2.1478345,52.5176414],[-2.1484007,52.517924],[-2.1491008,52.5181501],[-2.1515096,52.5187403],[-2.1522817,52.5189853],[-2.1527449,52.5191674],[-2.1531489,52.5193707]]}},{"type":"Feature","properties":{"railway":"razed","razed:railway":"rail","source":"OS 1:25k","source_id":"osm-way-774709743","dataset":"OpenStreetMap former/disused railway extract","publisher":"OpenStreetMap contributors","effective_date":"2026-09-07T10:02:26Z","licence":"ODbL-1.0"},"geometry":{"type":"LineString","coordinates":[[-1.6820635,52.642184],[-1.6831713,52.6429561],[-1.6834693,52.6432992],[-1.6836433,52.643529],[-1.6839234,52.6440632]]}},{"type":"Feature","properties":{"bridge":"yes","highway":"cycleway","layer":"1","lit":"no","name":"McClean Way","railway":"abandoned","surface":"asphalt","source_id":"osm-way-803441776","dataset":"OpenStreetMap former/disused railway extract","publisher":"OpenStreetMap contributors","effective_date":"2026-09-07T10:02:26Z","licence":"ODbL-1.0"},"geometry":{"type":"LineString","coordinates":[[-1.9645986,52.6234737],[-1.9645587,52.623728]]}},{"type":"Feature","properties":{"highway":"cycleway","lit":"no","name":"McClean Way","railway":"abandoned","surface":"asphalt","source_id":"osm-way-803441777","dataset":"OpenStreetMap former/disused railway extract","publisher":"OpenStreetMap contributors","effective_date":"2026-09-07T10:02:26Z","licence":"ODbL-1.0"},"geometry":{"type":"LineString","coordinates":[[-1.9645587,52.623728],[-1.9642417,52.6251431],[-1.9641834,52.6253223]]}},{"type":"Feature","properties":{"abandoned:railway":"rail","bicycle":"designated","foot":"designated","highway":"cycleway","name":"McClean Way","railway":"abandoned","ref":"BJW3","segregated":"no","surface":"asphalt","source_id":"osm-way-804269497","dataset":"OpenStreetMap former/disused railway extract","publisher":"OpenStreetMap contributors","effective_date":"2026-09-07T10:02:26Z","licence":"ODbL-1.0"},"geometry":{"type":"LineString","coordinates":[[-1.9601361,52.6342921],[-1.9609146,52.6334037],[-1.9612318,52.6330417],[-1.9614823,52.6325729],[-1.9620161,52.6316568],[-1.9629694,52.6296181],[-1.9636351,52.6275196],[-1.9640315,52.6257824],[-1.9640942,52.6255104]]}},{"type":"Feature","properties":{"abandoned:railway":"rail","name":"Oldbury Branch","railway":"abandoned","ref":"OLD","source":"NPE;bing","source_id":"osm-way-817882061","dataset":"OpenStreetMap former/disused railway extract","publisher":"OpenStreetMap contributors","effective_date":"2026-09-07T10:02:26Z","licence":"ODbL-1.0"},"geometry":{"type":"LineString","coordinates":[[-2.0099602,52.4977075],[-2.0102292,52.4984526],[-2.0104914,52.4991021],[-2.010776,52.4994168],[-2.0112714,52.4998064],[-2.0121369,52.5003738],[-2.012263,52.5004574],[-2.0124078,52.5005227],[-2.0128263,52.5006827],[-2.0132018,52.5007872],[-2.013706,52.5009113],[-2.0146823,52.5011072],[-2.0155267,52.5012701]]}},{"type":"Feature","properties":{"abandoned:railway":"rail","name":"Oldbury Branch","railway":"abandoned","ref":"OLD","source":"NPE;bing","source_id":"osm-way-817882076","dataset":"OpenStreetMap former/disused railway extract","publisher":"OpenStreetMap contributors","effective_date":"2026-09-07T10:02:26Z","licence":"ODbL-1.0"},"geometry":{"type":"LineString","coordinates":[[-2.0099041,52.4977098],[-2.0102891,52.4987821],[-2.0104441,52.4991252],[-2.0107522,52.4994494],[-2.0107682,52.4994663],[-2.011223,52.4998242],[-2.0118363,52.5002247],[-2.0121381,52.5004361],[-2.0124615,52.5006043],[-2.0128263,52.5007415],[-2.0131749,52.5008362],[-2.0135344,52.5009243],[-2.0146823,52.5011725],[-2.0151488,52.5012625],[-2.0154786,52.5013207]]}},{"type":"Feature","properties":{"disused:railway":"rail","maxspeed":"5 mph","railway":"disused","service":"siding","source_id":"osm-way-818166346","dataset":"OpenStreetMap former/disused railway extract","publisher":"OpenStreetMap contributors","effective_date":"2026-09-07T10:02:26Z","licence":"ODbL-1.0"},"geometry":{"type":"LineString","coordinates":[[-1.9997993,52.4991965],[-1.9994017,52.4993086]]}},{"type":"Feature","properties":{"disused:railway":"rail","maxspeed":"5 mph","railway":"disused","service":"siding","source_id":"osm-way-818166347","dataset":"OpenStreetMap former/disused railway extract","publisher":"OpenStreetMap contributors","effective_date":"2026-09-07T10:02:26Z","licence":"ODbL-1.0"},"geometry":{"type":"LineString","coordinates":[[-1.9996137,52.4993131],[-1.9990059,52.4995317]]}},{"type":"Feature","properties":{"disused:railway":"rail","maxspeed":"5 mph","name":"Langley Green Marshalling Yard","railway":"disused","service":"siding","source":"NPE;bing","source_id":"osm-way-818166348","dataset":"OpenStreetMap former/disused railway extract","publisher":"OpenStreetMap contributors","effective_date":"2026-09-07T10:02:26Z","licence":"ODbL-1.0"},"geometry":{"type":"LineString","coordinates":[[-2.0036986,52.4954467],[-2.0035862,52.49559],[-2.0031056,52.496203],[-2.002781,52.4965459],[-2.0022285,52.4971272],[-2.0016599,52.4977053],[-2.0012548,52.4981184],[-2.0009008,52.4984074],[-2.000571,52.4986495],[-2.0005226,52.498685],[-2.0001229,52.4989577],[-1.9999367,52.4990878]]}},{"type":"Feature","properties":{"disused:railway":"rail","maxspeed":"5 mph","name":"Langley Green Marshalling Yard","railway":"disused","service":"siding","source_id":"osm-way-818166349","dataset":"OpenStreetMap former/disused railway extract","publisher":"OpenStreetMap contributors","effective_date":"2026-09-07T10:02:26Z","licence":"ODbL-1.0"},"geometry":{"type":"LineString","coordinates":[[-2.0001229,52.4989577],[-2.0008927,52.498556],[-2.0010778,52.4984515],[-2.001338,52.4982572],[-2.0015311,52.4980743],[-2.0016438,52.4979682],[-2.0019039,52.4976775],[-2.0021936,52.4973673],[-2.0026335,52.4969035],[-2.0028089,52.4967032],[-2.0031351,52.4963222],[-2.0033282,52.4960511],[-2.0035862,52.49559]]}},{"type":"Feature","properties":{"disused:railway":"rail","maxspeed":"5 mph","name":"Langley Green Marshalling Yard","railway":"disused","service":"siding","source":"NPE;bing","source_id":"osm-way-818166350","dataset":"OpenStreetMap former/disused railway extract","publisher":"OpenStreetMap contributors","effective_date":"2026-09-07T10:02:26Z","licence":"ODbL-1.0"},"geometry":{"type":"LineString","coordinates":[[-2.0039199,52.4952075],[-2.0032477,52.4962765],[-2.0027542,52.4968872],[-2.0021131,52.4975795],[-2.0017108,52.4980106],[-2.0014211,52.4982784],[-2.0012943,52.4983728],[-2.0010832,52.4985299],[-2.0001095,52.4990328],[-1.9999367,52.4990878],[-1.9998628,52.4991063],[-1.9996026,52.4991863]]}},{"type":"Feature","properties":{"disused:railway":"rail","maxspeed":"5 mph","name":"Langley Green Marshalling Yard","railway":"disused","service":"siding","source_id":"osm-way-818166351","dataset":"OpenStreetMap former/disused railway extract","publisher":"OpenStreetMap contributors","effective_date":"2026-09-07T10:02:26Z","licence":"ODbL-1.0"},"geometry":{"type":"LineString","coordinates":[[-2.0010832,52.4985299],[-2.0016008,52.4982833],[-2.0018744,52.498089],[-2.0020998,52.4979252]]}},{"type":"Feature","properties":{"disused:railway":"rail","maxspeed":"5 mph","name":"Langley Green Marshalling Yard","railway":"disused","service":"siding","source_id":"osm-way-818166352","dataset":"OpenStreetMap former/disused railway extract","publisher":"OpenStreetMap contributors","effective_date":"2026-09-07T10:02:26Z","licence":"ODbL-1.0"},"geometry":{"type":"LineString","coordinates":[[-2.0026442,52.4967957],[-2.0019066,52.4975599],[-2.0015713,52.4979306],[-2.0012897,52.4981935],[-2.0010885,52.4983601],[-2.0007935,52.4985511],[-2.000571,52.4986495]]}},{"type":"Feature","properties":{"disused:railway":"rail","maxspeed":"5 mph","name":"Langley Green Marshalling Yard","railway":"disused","service":"siding","source_id":"osm-way-818166353","dataset":"OpenStreetMap former/disused railway extract","publisher":"OpenStreetMap contributors","effective_date":"2026-09-07T10:02:26Z","licence":"ODbL-1.0"},"geometry":{"type":"LineString","coordinates":[[-2.0012943,52.4983728],[-2.0015097,52.4982621],[-2.0016277,52.4981788],[-2.0020057,52.4978812]]}},{"type":"Feature","properties":{"electrified":"no","gauge":"1435","maxspeed":"15 mph","name":"Soho Curve","operator":"Network Rail","operator:wikidata":"Q1501071","railway":"razed","railway:aws":"yes","railway:tpws":"yes","razed:railway":"rail","ref":"SCL","service":"siding","source_id":"osm-way-826589285","dataset":"OpenStreetMap former/disused railway extract","publisher":"OpenStreetMap contributors","effective_date":"2026-09-07T10:02:26Z","licence":"ODbL-1.0"},"geometry":{"type":"LineString","coordinates":[[-1.9468186,52.4950359],[-1.9467044,52.4950287],[-1.9465785,52.4950271],[-1.9463007,52.4950376]]}},{"type":"Feature","properties":{"name":"Oxford Worcester and Wolverhampton Line","operator":"GWR","railway":"razed","razed:railway":"rail","ref":"OWW","source":"OS 1:25k","source_id":"osm-way-854059040","dataset":"OpenStreetMap former/disused railway extract","publisher":"OpenStreetMap contributors","effective_date":"2026-09-07T10:02:26Z","licence":"ODbL-1.0"},"geometry":{"type":"LineString","coordinates":[[-2.0779591,52.5569491],[-2.0782704,52.5572821],[-2.0793963,52.5584238],[-2.0801592,52.5591341],[-2.0808889,52.5598141],[-2.0813526,52.5601979],[-2.0819299,52.5606758],[-2.0823476,52.5610045],[-2.0825613,52.56117],[-2.0831685,52.5615942],[-2.0843637,52.5623966],[-2.0857524,52.5633657],[-2.0866677,52.5640223]]}},{"type":"Feature","properties":{"abandoned:railway":"rail","name":"Princes End Branch","railway":"abandoned","ref":"PRN","source_id":"osm-way-854063192","dataset":"OpenStreetMap former/disused railway extract","publisher":"OpenStreetMap contributors","effective_date":"2026-09-07T10:02:26Z","licence":"ODbL-1.0"},"geometry":{"type":"LineString","coordinates":[[-2.03887,52.5429316],[-2.0384578,52.5429611],[-2.0352605,52.5434113],[-2.0336729,52.5436004],[-2.0333881,52.5436343]]}},{"type":"Feature","properties":{"abandoned:railway":"rail","name":"Princes End Branch","railway":"abandoned","ref":"PRN","source_id":"osm-way-854063193","dataset":"OpenStreetMap former/disused railway extract","publisher":"OpenStreetMap contributors","effective_date":"2026-09-07T10:02:26Z","licence":"ODbL-1.0"},"geometry":{"type":"LineString","coordinates":[[-2.0288563,52.5448636],[-2.028379,52.5451127],[-2.0262117,52.5461828],[-2.02552,52.5464619],[-2.0248877,52.5467344]]}},{"type":"Feature","properties":{"name":"Princes End Branch","railway":"razed","razed:railway":"rail","ref":"PRN","source_id":"osm-way-854063195","dataset":"OpenStreetMap former/disused railway extract","publisher":"OpenStreetMap contributors","effective_date":"2026-09-07T10:02:26Z","licence":"ODbL-1.0"},"geometry":{"type":"LineString","coordinates":[[-2.0468192,52.54413],[-2.0462597,52.5440337],[-2.0446441,52.5437555],[-2.0442599,52.5436893],[-2.0426564,52.5434337]]}},{"type":"Feature","properties":{"abandoned:railway":"rail","name":"Princes End Branch","railway":"abandoned","ref":"PRN","source_id":"osm-way-854063196","dataset":"OpenStreetMap former/disused railway extract","publisher":"OpenStreetMap contributors","effective_date":"2026-09-07T10:02:26Z","licence":"ODbL-1.0"},"geometry":{"type":"LineString","coordinates":[[-2.0426564,52.5434337],[-2.0406313,52.543077]]}},{"type":"Feature","properties":{"foot":"yes","highway":"cycleway","motor_vehicle":"no","name":"Kingswinford Railway Walk","railway":"abandoned","railway:name":"Kingswinford Line","railway:ref":"KWD","source":"GPS and OpenData_Street_View","surface":"ground","source_id":"osm-way-872722609","dataset":"OpenStreetMap former/disused railway extract","publisher":"OpenStreetMap contributors","effective_date":"2026-09-07T10:02:26Z","licence":"ODbL-1.0"},"geometry":{"type":"LineString","coordinates":[[-2.1666658,52.5135289],[-2.167815,52.5136843],[-2.1696174,52.5139128],[-2.1709639,52.5140728],[-2.1728904,52.5142904],[-2.1734691,52.5143601]]}},{"type":"Feature","properties":{"abandoned:railway":"rail","name":"Hampton-in-Arden to Whitacre Junction Line","railway":"abandoned","ref":"WHA","source_id":"osm-way-878936935","dataset":"OpenStreetMap former/disused railway extract","publisher":"OpenStreetMap contributors","effective_date":"2026-09-07T10:02:26Z","licence":"ODbL-1.0"},"geometry":{"type":"LineString","coordinates":[[-1.6793634,52.5201854],[-1.6801703,52.5194876]]}},{"type":"Feature","properties":{"abandoned:railway":"rail","alt_name":"Wyken Colliery Branch","name":"Wyken Branch","railway":"abandoned","ref":"WYK","source_id":"osm-way-879028634","dataset":"OpenStreetMap former/disused railway extract","publisher":"OpenStreetMap contributors","effective_date":"2026-09-07T10:02:26Z","licence":"ODbL-1.0"},"geometry":{"type":"LineString","coordinates":[[-1.4650642,52.4495432],[-1.4639645,52.4487032],[-1.4632028,52.4481512],[-1.4628281,52.4477668],[-1.4620917,52.4468271],[-1.4616733,52.4461814],[-1.4615338,52.4458053],[-1.4614292,52.4452528],[-1.461405,52.4447427],[-1.4613916,52.4444174]]}},{"type":"Feature","properties":{"bridge":"yes","layer":"1","name":"Harborne Branch","railway":"razed","razed:railway":"rail","ref":"HRN","source_id":"osm-way-895961231","dataset":"OpenStreetMap former/disused railway extract","publisher":"OpenStreetMap contributors","effective_date":"2026-09-07T10:02:26Z","licence":"ODbL-1.0"},"geometry":{"type":"LineString","coordinates":[[-1.9320485,52.4855799],[-1.9318019,52.4855547],[-1.9315491,52.4855109],[-1.9313151,52.485451],[-1.9305605,52.4852416],[-1.9301558,52.4850846]]}},{"type":"Feature","properties":{"abandoned:railway":"rail","name":"Wolverhampton and Walsall Railway","railway":"abandoned","ref":"WTR","source_id":"osm-way-903469631","dataset":"OpenStreetMap former/disused railway extract","publisher":"OpenStreetMap contributors","effective_date":"2026-09-07T10:02:26Z","licence":"ODbL-1.0"},"geometry":{"type":"LineString","coordinates":[[-1.9857092,52.5966918],[-1.9850655,52.5964637],[-1.9842608,52.5961053],[-1.9820721,52.5951277],[-1.9812031,52.5947302],[-1.9808598,52.5945412],[-1.9804413,52.5942088],[-1.980216,52.5938894],[-1.9800551,52.5934528],[-1.9800122,52.5930031],[-1.9800152,52.5926115],[-1.9800546,52.5923505],[-1.9803455,52.5913824]]}},{"type":"Feature","properties":{"abandoned:railway":"rail","bridge":"yes","layer":"2","name":"Birmingham Moor Street Line","railway":"abandoned","ref":"MSL","source_id":"osm-way-903572718","dataset":"OpenStreetMap former/disused railway extract","publisher":"OpenStreetMap contributors","effective_date":"2026-09-07T10:02:26Z","licence":"ODbL-1.0"},"geometry":{"type":"LineString","coordinates":[[-1.8897131,52.4778855],[-1.8886955,52.4776262],[-1.8885037,52.4775781]]}},{"type":"Feature","properties":{"abandoned:railway":"rail","bridge":"yes","layer":"2","name":"Birmingham Moor Street Line","railway":"abandoned","ref":"MSL","source_id":"osm-way-903572719","dataset":"OpenStreetMap former/disused railway extract","publisher":"OpenStreetMap contributors","effective_date":"2026-09-07T10:02:26Z","licence":"ODbL-1.0"},"geometry":{"type":"LineString","coordinates":[[-1.8898459,52.4778863],[-1.8890687,52.477691],[-1.8886955,52.4776262]]}},{"type":"Feature","properties":{"abandoned:railway":"rail","railway":"abandoned","service":"siding","source_id":"osm-way-903773773","dataset":"OpenStreetMap former/disused railway extract","publisher":"OpenStreetMap contributors","effective_date":"2026-09-07T10:02:26Z","licence":"ODbL-1.0"},"geometry":{"type":"LineString","coordinates":[[-1.8327815,52.5049422],[-1.8317732,52.5050072]]}},{"type":"Feature","properties":{"abandoned:railway":"rail","bridge":"yes","layer":"1","railway":"abandoned","service":"siding","source_id":"osm-way-903773774","dataset":"OpenStreetMap former/disused railway extract","publisher":"OpenStreetMap contributors","effective_date":"2026-09-07T10:02:26Z","licence":"ODbL-1.0"},"geometry":{"type":"LineString","coordinates":[[-1.8331112,52.5049291],[-1.8327815,52.5049422]]}},{"type":"Feature","properties":{"abandoned:railway":"rail","maxspeed":"5 mph","railway":"abandoned","service":"spur","source":"OS_OpenData_StreetView","source_id":"osm-way-903773776","dataset":"OpenStreetMap former/disused railway extract","publisher":"OpenStreetMap contributors","effective_date":"2026-09-07T10:02:26Z","licence":"ODbL-1.0"},"geometry":{"type":"LineString","coordinates":[[-1.8340052,52.5046733],[-1.8343341,52.5046136]]}},{"type":"Feature","properties":{"abandoned:railway":"rail","railway":"abandoned","service":"siding","source_id":"osm-way-903773777","dataset":"OpenStreetMap former/disused railway extract","publisher":"OpenStreetMap contributors","effective_date":"2026-09-07T10:02:26Z","licence":"ODbL-1.0"},"geometry":{"type":"LineString","coordinates":[[-1.8331112,52.5049291],[-1.834322,52.5048822]]}},{"type":"Feature","properties":{"disused:railway":"rail","railway":"disused","service":"siding","source":"bing","source_id":"osm-way-903773778","dataset":"OpenStreetMap former/disused railway extract","publisher":"OpenStreetMap contributors","effective_date":"2026-09-07T10:02:26Z","licence":"ODbL-1.0"},"geometry":{"type":"LineString","coordinates":[[-1.8230252,52.5067448],[-1.8232974,52.5067202],[-1.8234972,52.5067101],[-1.823702,52.5067066]]}},{"type":"Feature","properties":{"historic:bridge":"yes","layer":"1","name":"Nuneaton Avoiding Line","railway":"razed","razed:railway":"rail","ref":"NMA","source_id":"osm-way-904400168","dataset":"OpenStreetMap former/disused railway extract","publisher":"OpenStreetMap contributors","effective_date":"2026-09-07T10:02:26Z","licence":"ODbL-1.0"},"geometry":{"type":"LineString","coordinates":[[-1.4626618,52.5289258],[-1.4623039,52.5288597]]}},{"type":"Feature","properties":{"abandoned:railway":"rail","name":"Ashby and Nuneaton Joint Railway","railway":"abandoned","ref":"AJW","source_id":"osm-way-904403919","dataset":"OpenStreetMap former/disused railway extract","publisher":"OpenStreetMap contributors","effective_date":"2026-09-07T10:02:26Z","licence":"ODbL-1.0"},"geometry":{"type":"LineString","coordinates":[[-1.4760357,52.5374895],[-1.4762557,52.5369469],[-1.4764767,52.5358365],[-1.4768243,52.5346138]]}},{"type":"Feature","properties":{"name":"Didcot and Chester Line","railway":"razed","razed:railway":"rail","ref":"DCL","source_id":"osm-way-909945936","dataset":"OpenStreetMap former/disused railway extract","publisher":"OpenStreetMap contributors","effective_date":"2026-09-07T10:02:26Z","licence":"ODbL-1.0"},"geometry":{"type":"LineString","coordinates":[[-2.1209811,52.5893274],[-2.1204565,52.5888955],[-2.1201891,52.5887044],[-2.1199287,52.5885808]]}},{"type":"Feature","properties":{"abandoned:railway":"rail","name":"Didcot and Chester Line","railway":"abandoned","ref":"DCL","source_id":"osm-way-909945937","dataset":"OpenStreetMap former/disused railway extract","publisher":"OpenStreetMap contributors","effective_date":"2026-09-07T10:02:26Z","licence":"ODbL-1.0"},"geometry":{"type":"LineString","coordinates":[[-2.1199287,52.5885808],[-2.1193918,52.5883921],[-2.1180495,52.5879457],[-2.1167706,52.587535],[-2.1164609,52.5874492],[-2.115748,52.5872517],[-2.1155635,52.5872049]]}},{"type":"Feature","properties":{"abandoned:railway":"rail","name":"Didcot and Chester Line","railway":"abandoned","ref":"DCL","source_id":"osm-way-909945941","dataset":"OpenStreetMap former/disused railway extract","publisher":"OpenStreetMap contributors","effective_date":"2026-09-07T10:02:26Z","licence":"ODbL-1.0"},"geometry":{"type":"LineString","coordinates":[[-2.1155635,52.5872049],[-2.1151198,52.5870545],[-2.114905,52.5869722],[-2.1146155,52.5868389]]}},{"type":"Feature","properties":{"abandoned:railway":"rail","layer":"-1","name":"Wolverhampton Low Level - Birmingham Snow Hill","railway":"abandoned","ref":"DCL","tunnel":"yes","source_id":"osm-way-909945942","dataset":"OpenStreetMap former/disused railway extract","publisher":"OpenStreetMap contributors","effective_date":"2026-09-07T10:02:26Z","licence":"ODbL-1.0"},"geometry":{"type":"LineString","coordinates":[[-2.1146155,52.5868389],[-2.1142606,52.5866629],[-2.1140271,52.5865324],[-2.1137142,52.5863338],[-2.1134085,52.5860819],[-2.1122104,52.5852301],[-2.1118355,52.5849567],[-2.1113021,52.5845222]]}},{"type":"Feature","properties":{"name":"Princes End Branch","railway":"razed","razed:railway":"rail","ref":"PRN","source_id":"osm-way-909970873","dataset":"OpenStreetMap former/disused railway extract","publisher":"OpenStreetMap contributors","effective_date":"2026-09-07T10:02:26Z","licence":"ODbL-1.0"},"geometry":{"type":"LineString","coordinates":[[-2.0333881,52.5436343],[-2.0323777,52.5438061],[-2.031043,52.5440997],[-2.0309996,52.5441093],[-2.0307941,52.5441545],[-2.0305144,52.5442428],[-2.0295185,52.5445571],[-2.0288563,52.5448636]]}},{"type":"Feature","properties":{"name":"Princes End Branch","railway":"razed","razed:railway":"rail","ref":"PRN","source_id":"osm-way-909970874","dataset":"OpenStreetMap former/disused railway extract","publisher":"OpenStreetMap contributors","effective_date":"2026-09-07T10:02:26Z","licence":"ODbL-1.0"},"geometry":{"type":"LineString","coordinates":[[-2.0406313,52.543077],[-2.0395846,52.5429654],[-2.03887,52.5429316]]}},{"type":"Feature","properties":{"abandoned:railway":"rail","bridge":"yes","layer":"1","railway":"abandoned","source_id":"osm-way-910142975","dataset":"OpenStreetMap former/disused railway extract","publisher":"OpenStreetMap contributors","effective_date":"2026-09-07T10:02:26Z","licence":"ODbL-1.0"},"geometry":{"type":"LineString","coordinates":[[-1.4604728,52.5192696],[-1.4601716,52.5194841]]}},{"type":"Feature","properties":{"abandoned:railway":"rail","bridge":"yes","layer":"1","railway":"abandoned","source_id":"osm-way-910142976","dataset":"OpenStreetMap former/disused railway extract","publisher":"OpenStreetMap contributors","effective_date":"2026-09-07T10:02:26Z","licence":"ODbL-1.0"},"geometry":{"type":"LineString","coordinates":[[-1.4604262,52.5192459],[-1.4601225,52.5194574]]}},{"type":"Feature","properties":{"abandoned:railway":"rail","railway":"abandoned","source_id":"osm-way-910142977","dataset":"OpenStreetMap former/disused railway extract","publisher":"OpenStreetMap contributors","effective_date":"2026-09-07T10:02:26Z","licence":"ODbL-1.0"},"geometry":{"type":"LineString","coordinates":[[-1.4604262,52.5192459],[-1.4618336,52.5183859]]}},{"type":"Feature","properties":{"abandoned:railway":"rail","name":"Griff Branch","railway":"abandoned","ref":"GFF","source":"OS 1:25k","source_id":"osm-way-910151421","dataset":"OpenStreetMap former/disused railway extract","publisher":"OpenStreetMap contributors","effective_date":"2026-09-07T10:02:26Z","licence":"ODbL-1.0"},"geometry":{"type":"LineString","coordinates":[[-1.4964074,52.5162275],[-1.4950208,52.5153398],[-1.4916899,52.5132935],[-1.490962,52.5128305],[-1.4899949,52.5121571],[-1.4882354,52.5107728],[-1.4864236,52.5096932],[-1.4856534,52.5091226]]}},{"type":"Feature","properties":{"name":"Griff Colliery Siding","railway":"razed","razed:railway":"rail","service":"siding","source_id":"osm-way-910151422","dataset":"OpenStreetMap former/disused railway extract","publisher":"OpenStreetMap contributors","effective_date":"2026-09-07T10:02:26Z","licence":"ODbL-1.0"},"geometry":{"type":"LineString","coordinates":[[-1.4854148,52.5030218],[-1.4829019,52.5049895],[-1.4824513,52.5052017],[-1.4821187,52.505316],[-1.4817217,52.505365],[-1.4814267,52.505365],[-1.4809385,52.5053291],[-1.4804319,52.5052582]]}},{"type":"Feature","properties":{"abandoned:railway":"rail","name":"Newdigate Sidings","railway":"abandoned","service":"spur","source_id":"osm-way-910156635","dataset":"OpenStreetMap former/disused railway extract","publisher":"OpenStreetMap contributors","effective_date":"2026-09-07T10:02:26Z","licence":"ODbL-1.0"},"geometry":{"type":"LineString","coordinates":[[-1.4677144,52.4737691],[-1.4675041,52.4732316]]}},{"type":"Feature","properties":{"name":"Exhall Colliery Siding","railway":"razed","razed:railway":"rail","service":"spur","source_id":"osm-way-910167808","dataset":"OpenStreetMap former/disused railway extract","publisher":"OpenStreetMap contributors","effective_date":"2026-09-07T10:02:26Z","licence":"ODbL-1.0"},"geometry":{"type":"LineString","coordinates":[[-1.4815309,52.4614524],[-1.4785141,52.4608293],[-1.4780144,52.4607553],[-1.477775,52.460733],[-1.4775661,52.4607354],[-1.4773092,52.4607809],[-1.4770757,52.4608435],[-1.4768842,52.4609545],[-1.4767488,52.4610597],[-1.4765807,52.4612362],[-1.476478,52.4614524],[-1.4764546,52.4617313],[-1.4766974,52.4623829],[-1.4769636,52.4633247],[-1.4769123,52.4635494],[-1.4767441,52.4639848],[-1.4764639,52.464494],[-1.4761321,52.4648396],[-1.4752282,52.465861],[-1.4751235,52.4660111],[-1.4749527,52.4663259],[-1.4747932,52.46662],[-1.4745982,52.4668624],[-1.4741735,52.4671728],[-1.4733808,52.4675782],[-1.4727543,52.4677291],[-1.4720819,52.467796],[-1.4712395,52.4678218],[-1.470606,52.4677528],[-1.4684734,52.4673722],[-1.4679764,52.467313],[-1.4677287,52.4673001],[-1.4671765,52.4673173],[-1.4667802,52.4673044],[-1.4663519,52.467244],[-1.4659945,52.467106],[-1.4656016,52.4668343],[-1.4653857,52.4666467]]}},{"type":"Feature","properties":{"name":"Exhall Colliery Siding","railway":"razed","razed:railway":"rail","service":"spur","source_id":"osm-way-910167809","dataset":"OpenStreetMap former/disused railway extract","publisher":"OpenStreetMap contributors","effective_date":"2026-09-07T10:02:26Z","licence":"ODbL-1.0"},"geometry":{"type":"LineString","coordinates":[[-1.4775661,52.4607354],[-1.4760568,52.4610556]]}},{"type":"Feature","properties":{"alt_name":"Wyken Colliery Branch","name":"Wyken Branch","railway":"razed","razed:railway":"rail","ref":"WYK","source_id":"osm-way-910167810","dataset":"OpenStreetMap former/disused railway extract","publisher":"OpenStreetMap contributors","effective_date":"2026-09-07T10:02:26Z","licence":"ODbL-1.0"},"geometry":{"type":"LineString","coordinates":[[-1.4679772,52.4516872],[-1.4673935,52.4511659],[-1.4650642,52.4495432]]}},{"type":"Feature","properties":{"abandoned:railway":"rail","name":"Coventry Avoiding Line","railway":"abandoned","ref":"CAG","source_id":"osm-way-910230878","dataset":"OpenStreetMap former/disused railway extract","publisher":"OpenStreetMap contributors","effective_date":"2026-09-07T10:02:26Z","licence":"ODbL-1.0"},"geometry":{"type":"LineString","coordinates":[[-1.4998428,52.4408839],[-1.500132,52.4402512],[-1.5002109,52.4399539]]}},{"type":"Feature","properties":{"name":"Coventry Avoiding Line","railway":"razed","razed:railway":"rail","ref":"CAG","source_id":"osm-way-910230879","dataset":"OpenStreetMap former/disused railway extract","publisher":"OpenStreetMap contributors","effective_date":"2026-09-07T10:02:26Z","licence":"ODbL-1.0"},"geometry":{"type":"LineString","coordinates":[[-1.4995408,52.4382259],[-1.49937,52.4379783]]}},{"type":"Feature","properties":{"name":"Hampton-in-Arden to Whitacre Junction Line","railway":"razed","razed:railway":"rail","ref":"WHA","source_id":"osm-way-910456472","dataset":"OpenStreetMap former/disused railway extract","publisher":"OpenStreetMap contributors","effective_date":"2026-09-07T10:02:26Z","licence":"ODbL-1.0"},"geometry":{"type":"LineString","coordinates":[[-1.7043717,52.4355834],[-1.7046747,52.4345119],[-1.7047321,52.4342162],[-1.7047368,52.4339002],[-1.7046668,52.4335984],[-1.7045453,52.4333507],[-1.7044519,52.4331571],[-1.7041157,52.4325961],[-1.7037697,52.4322198]]}},{"type":"Feature","properties":{"abandoned:railway":"rail","name":"Hampton-in-Arden to Whitacre Junction Line","railway":"abandoned","ref":"WHA","source_id":"osm-way-910456473","dataset":"OpenStreetMap former/disused railway extract","publisher":"OpenStreetMap contributors","effective_date":"2026-09-07T10:02:26Z","licence":"ODbL-1.0"},"geometry":{"type":"LineString","coordinates":[[-1.6787825,52.518894],[-1.6788052,52.5188563],[-1.6795026,52.5176989],[-1.680807,52.5155341]]}},{"type":"Feature","properties":{"abandoned:railway":"rail","name":"Kingsbury Colliery Siding","owner":"Network Rail","railway":"abandoned","service":"siding","source_id":"osm-way-910520291","dataset":"OpenStreetMap former/disused railway extract","publisher":"OpenStreetMap contributors","effective_date":"2026-09-07T10:02:26Z","licence":"ODbL-1.0"},"geometry":{"type":"LineString","coordinates":[[-1.6681683,52.579215],[-1.668521,52.5790288]]}},{"type":"Feature","properties":{"abandoned:railway":"rail","name":"Baddesley Colliery Sidings","railway":"abandoned","service":"spur","source":"OS 1:25k","source_id":"osm-way-910520295","dataset":"OpenStreetMap former/disused railway extract","publisher":"OpenStreetMap contributors","effective_date":"2026-09-07T10:02:26Z","licence":"ODbL-1.0"},"geometry":{"type":"LineString","coordinates":[[-1.5890798,52.5721579],[-1.5891553,52.5719417],[-1.5901423,52.5709766]]}},{"type":"Feature","properties":{"abandoned:railway":"rail","name":"Mitchell's and Butler's Siding","railway":"abandoned","service":"spur","source_id":"osm-way-919868232","dataset":"OpenStreetMap former/disused railway extract","publisher":"OpenStreetMap contributors","effective_date":"2026-09-07T10:02:26Z","licence":"ODbL-1.0"},"geometry":{"type":"LineString","coordinates":[[-1.9490244,52.4799339],[-1.9491165,52.4800199],[-1.9494716,52.4803697],[-1.9500166,52.4808707],[-1.9505633,52.4812496],[-1.9508553,52.4814519],[-1.9517769,52.4820412],[-1.9520432,52.4822182],[-1.9521804,52.4823243],[-1.9522653,52.4824774],[-1.952298,52.4825863],[-1.952271,52.4828545],[-1.9522642,52.4829225],[-1.9515428,52.4836163],[-1.9512317,52.4841652],[-1.9511574,52.4844112],[-1.9511416,52.4844525],[-1.9510493,52.4847467],[-1.9510064,52.4849623],[-1.9507811,52.4854588],[-1.9507852,52.4855125],[-1.9507998,52.4857019],[-1.9502277,52.4867421],[-1.9500381,52.4870869]]}},{"type":"Feature","properties":{"abandoned:railway":"rail","name":"Birmingham Central Goods Branch","railway":"abandoned","ref":"BCG","source_id":"osm-way-919873556","dataset":"OpenStreetMap former/disused railway extract","publisher":"OpenStreetMap contributors","effective_date":"2026-09-07T10:02:26Z","licence":"ODbL-1.0"},"geometry":{"type":"LineString","coordinates":[[-1.9114747,52.4727677],[-1.9114196,52.4729121],[-1.911366,52.4730338],[-1.911311,52.4731269],[-1.9111916,52.4732609],[-1.9108912,52.4734994],[-1.9105653,52.4737314],[-1.9101469,52.4740173],[-1.9097137,52.4742935],[-1.9089865,52.4746933]]}},{"type":"Feature","properties":{"abandoned:railway":"rail","layer":"-1","name":"Birmingham Central Goods Branch","railway":"abandoned","ref":"BCG","tunnel":"yes","tunnel:name":"Granville Street Goods Tunnel","source_id":"osm-way-919873557","dataset":"OpenStreetMap former/disused railway extract","publisher":"OpenStreetMap contributors","effective_date":"2026-09-07T10:02:26Z","licence":"ODbL-1.0"},"geometry":{"type":"LineString","coordinates":[[-1.9089865,52.4746933],[-1.9067333,52.4760513]]}},{"type":"Feature","properties":{"abandoned:railway":"rail","railway":"abandoned","service":"siding","source_id":"osm-way-919873558","dataset":"OpenStreetMap former/disused railway extract","publisher":"OpenStreetMap contributors","effective_date":"2026-09-07T10:02:26Z","licence":"ODbL-1.0"},"geometry":{"type":"LineString","coordinates":[[-1.9113576,52.4730848],[-1.9111916,52.4732609]]}},{"type":"Feature","properties":{"abandoned:railway":"rail","layer":"-1","name":"Birmingham Central Goods Branch","railway":"abandoned","ref":"BCG","tunnel":"yes","source_id":"osm-way-919873560","dataset":"OpenStreetMap former/disused railway extract","publisher":"OpenStreetMap contributors","effective_date":"2026-09-07T10:02:26Z","licence":"ODbL-1.0"},"geometry":{"type":"LineString","coordinates":[[-1.9115846,52.4724791],[-1.9114747,52.4727677]]}},{"type":"Feature","properties":{"abandoned:railway":"rail","railway":"abandoned","service":"siding","source_id":"osm-way-919899881","dataset":"OpenStreetMap former/disused railway extract","publisher":"OpenStreetMap contributors","effective_date":"2026-09-07T10:02:26Z","licence":"ODbL-1.0"},"geometry":{"type":"LineString","coordinates":[[-1.9122527,52.4721957],[-1.9123125,52.472132],[-1.9123609,52.4720645],[-1.9126179,52.4716434]]}},{"type":"Feature","properties":{"disused:railway":"rail","name":"Proof House Junction and Bushbury Junction Line","railway":"disused","ref":"PBJ","source_id":"osm-way-921050218","dataset":"OpenStreetMap former/disused railway extract","publisher":"OpenStreetMap contributors","effective_date":"2026-09-07T10:02:26Z","licence":"ODbL-1.0"},"geometry":{"type":"LineString","coordinates":[[-1.8700101,52.4914887],[-1.8702001,52.4909258],[-1.8704327,52.4903729],[-1.8706746,52.4898382],[-1.8708494,52.4894916],[-1.8711563,52.488916],[-1.8712072,52.4888281],[-1.8713718,52.4885608],[-1.8715934,52.4882043],[-1.8718515,52.4878057],[-1.8721646,52.4873168],[-1.8723566,52.487012],[-1.8726445,52.4866005]]}},{"type":"Feature","properties":{"disused:railway":"rail","name":"Proof House Junction and Bushbury Junction Line","railway":"disused","ref":"PBJ","source_id":"osm-way-921050219","dataset":"OpenStreetMap former/disused railway extract","publisher":"OpenStreetMap contributors","effective_date":"2026-09-07T10:02:26Z","licence":"ODbL-1.0"},"geometry":{"type":"LineString","coordinates":[[-1.8700587,52.4914966],[-1.8702494,52.4909322],[-1.8705262,52.4902949],[-1.870701,52.4899],[-1.8708453,52.4896253],[-1.8709937,52.4893666],[-1.8711462,52.4890955],[-1.8713088,52.4888517],[-1.8714917,52.4886004],[-1.8717235,52.488239],[-1.8719114,52.4879266],[-1.8720696,52.487649],[-1.8722225,52.4873305],[-1.8724022,52.4870185]]}},{"type":"Feature","properties":{"disused:railway":"rail","name":"Proof House Junction and Bushbury Junction Line","railway":"disused","ref":"PBJ","source_id":"osm-way-921050222","dataset":"OpenStreetMap former/disused railway extract","publisher":"OpenStreetMap contributors","effective_date":"2026-09-07T10:02:26Z","licence":"ODbL-1.0"},"geometry":{"type":"LineString","coordinates":[[-1.8697686,52.500922],[-1.8696523,52.5005991],[-1.869539,52.5003311],[-1.8693679,52.499853],[-1.8693203,52.4996915],[-1.8692415,52.4993747],[-1.8691951,52.4990758],[-1.8691675,52.4988601],[-1.8691496,52.4985033],[-1.869127,52.4981341],[-1.8690868,52.4975554],[-1.8690715,52.4972008],[-1.8690623,52.4967538],[-1.8690504,52.4963877],[-1.8690509,52.4960484],[-1.8690742,52.4956675],[-1.8691285,52.4951962],[-1.8691511,52.4949962],[-1.8691926,52.4946299],[-1.8692689,52.4941522],[-1.8693905,52.4936382],[-1.8695328,52.4931362],[-1.8696092,52.4928736],[-1.8696881,52.4926496],[-1.8697405,52.4925011]]}},{"type":"Feature","properties":{"disused:railway":"rail","name":"Proof House Junction and Bushbury Junction Line","railway":"disused","ref":"PBJ","source_id":"osm-way-921050223","dataset":"OpenStreetMap former/disused railway extract","publisher":"OpenStreetMap contributors","effective_date":"2026-09-07T10:02:26Z","licence":"ODbL-1.0"},"geometry":{"type":"LineString","coordinates":[[-1.8696231,52.5006648],[-1.8694837,52.5003667],[-1.8693164,52.4999003],[-1.8692698,52.4997186],[-1.8691943,52.4993774],[-1.8691437,52.4990795],[-1.8691113,52.4988522],[-1.8690898,52.4985084],[-1.8690646,52.4981373],[-1.8690268,52.4976083],[-1.8690132,52.4967549],[-1.8690044,52.4963887],[-1.8689986,52.4960471],[-1.8690217,52.4956652],[-1.8690725,52.495185],[-1.8690953,52.4949928],[-1.8691417,52.4946277],[-1.8692257,52.4941477],[-1.8693396,52.4936335],[-1.8694826,52.4931294],[-1.8695589,52.4928732],[-1.8696365,52.4926447],[-1.8696869,52.492504]]}},{"type":"Feature","properties":{"disused:railway":"rail","name":"Proof House Junction and Bushbury Junction Line","railway":"disused","ref":"PBJ","source_id":"osm-way-921050224","dataset":"OpenStreetMap former/disused railway extract","publisher":"OpenStreetMap contributors","effective_date":"2026-09-07T10:02:26Z","licence":"ODbL-1.0"},"geometry":{"type":"LineString","coordinates":[[-1.8749767,52.484435],[-1.8744915,52.4848253],[-1.8742404,52.4850317],[-1.8740809,52.4851643]]}},{"type":"Feature","properties":{"bridge":"yes","bridge:ref":"2","disused:railway":"rail","layer":"1","name":"Proof House Junction and Bushbury Junction Line","railway":"disused","ref":"PBJ","source_id":"osm-way-921050225","dataset":"OpenStreetMap former/disused railway extract","publisher":"OpenStreetMap contributors","effective_date":"2026-09-07T10:02:26Z","licence":"ODbL-1.0"},"geometry":{"type":"LineString","coordinates":[[-1.8740809,52.4851643],[-1.8739897,52.4852434]]}},{"type":"Feature","properties":{"disused:railway":"rail","name":"Proof House Junction and Bushbury Junction Line","railway":"disused","ref":"PBJ","source_id":"osm-way-921050226","dataset":"OpenStreetMap former/disused railway extract","publisher":"OpenStreetMap contributors","effective_date":"2026-09-07T10:02:26Z","licence":"ODbL-1.0"},"geometry":{"type":"LineString","coordinates":[[-1.8743744,52.4848713],[-1.8744899,52.4847765],[-1.8746501,52.4846546],[-1.8747934,52.4845495],[-1.8749767,52.484435],[-1.8750091,52.4844172]]}},{"type":"Feature","properties":{"abandoned:railway":"rail","name":"Proof House Junction and Bushbury Junction Line","railway":"abandoned","ref":"PBJ","source_id":"osm-way-921050227","dataset":"OpenStreetMap former/disused railway extract","publisher":"OpenStreetMap contributors","effective_date":"2026-09-07T10:02:26Z","licence":"ODbL-1.0"},"geometry":{"type":"LineString","coordinates":[[-1.8743744,52.4848713],[-1.874041,52.4851452]]}},{"type":"Feature","properties":{"abandoned:railway":"rail","bridge":"yes","bridge:ref":"2","layer":"1","name":"Proof House Junction and Bushbury Junction Line","railway":"abandoned","ref":"PBJ","source_id":"osm-way-921050228","dataset":"OpenStreetMap former/disused railway extract","publisher":"OpenStreetMap contributors","effective_date":"2026-09-07T10:02:26Z","licence":"ODbL-1.0"},"geometry":{"type":"LineString","coordinates":[[-1.874041,52.4851452],[-1.8739511,52.4852239]]}},{"type":"Feature","properties":{"abandoned:railway":"rail","name":"Coventry Avoiding Line","railway":"abandoned","ref":"CAG","source_id":"osm-way-921067350","dataset":"OpenStreetMap former/disused railway extract","publisher":"OpenStreetMap contributors","effective_date":"2026-09-07T10:02:26Z","licence":"ODbL-1.0"},"geometry":{"type":"LineString","coordinates":[[-1.49937,52.4379783],[-1.4992337,52.4377866],[-1.4989694,52.4375155],[-1.4987151,52.4372865],[-1.4984608,52.4370732],[-1.498177,52.4369089],[-1.4976725,52.4366768],[-1.4970108,52.4364258],[-1.4963695,52.4362533],[-1.4943976,52.435795],[-1.4934979,52.4355094],[-1.4923456,52.4350248],[-1.4914583,52.4345965],[-1.4908457,52.4342513]]}},{"type":"Feature","properties":{"abandoned:railway":"rail","bridge":"yes","layer":"1","name":"Coventry Avoiding Line","railway":"abandoned","ref":"CAG","source_id":"osm-way-921067351","dataset":"OpenStreetMap former/disused railway extract","publisher":"OpenStreetMap contributors","effective_date":"2026-09-07T10:02:26Z","licence":"ODbL-1.0"},"geometry":{"type":"LineString","coordinates":[[-1.4908457,52.4342513],[-1.4905319,52.4340744]]}},{"type":"Feature","properties":{"abandoned:railway":"rail","bridge":"yes","layer":"1","name":"Nuneaton Avoiding Line","railway":"abandoned","ref":"NMA","source_id":"osm-way-921076830","dataset":"OpenStreetMap former/disused railway extract","publisher":"OpenStreetMap contributors","effective_date":"2026-09-07T10:02:26Z","licence":"ODbL-1.0"},"geometry":{"type":"LineString","coordinates":[[-1.4644267,52.5292432],[-1.4651544,52.5293706]]}},{"type":"Feature","properties":{"abandoned:railway":"rail","name":"Harborne Branch","railway":"abandoned","ref":"HRN","source_id":"osm-way-921257414","dataset":"OpenStreetMap former/disused railway extract","publisher":"OpenStreetMap contributors","effective_date":"2026-09-07T10:02:26Z","licence":"ODbL-1.0"},"geometry":{"type":"LineString","coordinates":[[-1.9444058,52.4808553],[-1.9446911,52.4806876],[-1.9456139,52.4802976],[-1.9460937,52.4801478],[-1.9464794,52.4800359]]}},{"type":"Feature","properties":{"abandoned:railway":"rail","name":"Harborne Branch","railway":"abandoned","ref":"HRN","source_id":"osm-way-921257415","dataset":"OpenStreetMap former/disused railway extract","publisher":"OpenStreetMap contributors","effective_date":"2026-09-07T10:02:26Z","licence":"ODbL-1.0"},"geometry":{"type":"LineString","coordinates":[[-1.9444058,52.4808553],[-1.9401032,52.4827944],[-1.9383115,52.4836372],[-1.9373673,52.484075],[-1.9367668,52.4843536],[-1.9362435,52.4845964],[-1.9357687,52.4848133],[-1.9348568,52.4851661],[-1.934067,52.4853972],[-1.933446,52.4855549],[-1.9327049,52.4856003],[-1.9320485,52.4855799]]}},{"type":"Feature","properties":{"abandoned:railway":"rail","name":"Harborne Branch","railway":"abandoned","ref":"HRN","source_id":"osm-way-921257416","dataset":"OpenStreetMap former/disused railway extract","publisher":"OpenStreetMap contributors","effective_date":"2026-09-07T10:02:26Z","licence":"ODbL-1.0"},"geometry":{"type":"LineString","coordinates":[[-1.9464794,52.4800359],[-1.9461663,52.4801974],[-1.9458237,52.4803499],[-1.9450587,52.4806512],[-1.9444058,52.4808553]]}},{"type":"Feature","properties":{"abandoned:railway":"rail","name":"Harborne Branch","railway":"abandoned","ref":"HRN","source_id":"osm-way-921257417","dataset":"OpenStreetMap former/disused railway extract","publisher":"OpenStreetMap contributors","effective_date":"2026-09-07T10:02:26Z","licence":"ODbL-1.0"},"geometry":{"type":"LineString","coordinates":[[-1.9518513,52.4598938],[-1.9516907,52.4599827],[-1.9509179,52.4604102],[-1.95036,52.4608286],[-1.949845,52.4613189],[-1.9495528,52.4615706],[-1.9492209,52.4618925],[-1.9486863,52.4626394],[-1.9485469,52.4629634],[-1.9484592,52.4632436],[-1.9484456,52.4633601]]}},{"type":"Feature","properties":{"abandoned:railway":"rail","bridge":"yes","layer":"1","name":"Harborne Branch","railway":"abandoned","ref":"HRN","source_id":"osm-way-921257418","dataset":"OpenStreetMap former/disused railway extract","publisher":"OpenStreetMap contributors","effective_date":"2026-09-07T10:02:26Z","licence":"ODbL-1.0"},"geometry":{"type":"LineString","coordinates":[[-1.9484456,52.4633601],[-1.9484277,52.4635188]]}},{"type":"Feature","properties":{"abandoned:railway":"rail","name":"Mitchell's and Butler's Siding","railway":"abandoned","service":"spur","source_id":"osm-way-921294628","dataset":"OpenStreetMap former/disused railway extract","publisher":"OpenStreetMap contributors","effective_date":"2026-09-07T10:02:26Z","licence":"ODbL-1.0"},"geometry":{"type":"LineString","coordinates":[[-1.9486868,52.4788938],[-1.9486003,52.4791077],[-1.9485804,52.4791813],[-1.9485863,52.4792659],[-1.9486035,52.479367],[-1.9486871,52.4795034],[-1.9490244,52.4799339]]}},{"type":"Feature","properties":{"abandoned:railway":"rail","name":"Mitchell's and Butler's Siding","railway":"abandoned","service":"spur","source_id":"osm-way-921294629","dataset":"OpenStreetMap former/disused railway extract","publisher":"OpenStreetMap contributors","effective_date":"2026-09-07T10:02:26Z","licence":"ODbL-1.0"},"geometry":{"type":"LineString","coordinates":[[-1.9505633,52.4812496],[-1.9520191,52.4820444],[-1.9524628,52.482354],[-1.9525337,52.4824834],[-1.9525614,52.4826467],[-1.9525861,52.4828625],[-1.9526045,52.4830163],[-1.9526261,52.4831289],[-1.9526754,52.4833053],[-1.9527278,52.4833672],[-1.953458,52.4838438],[-1.9534956,52.483897],[-1.9535165,52.4839395],[-1.9535916,52.4840361],[-1.9537076,52.4841552],[-1.9538986,52.4843316],[-1.9539755,52.4844353],[-1.9539941,52.4845211],[-1.953991,52.4855925]]}},{"type":"Feature","properties":{"abandoned:railway":"rail","name":"Mitchell's and Butler's Siding","railway":"abandoned","service":"spur","source_id":"osm-way-921294630","dataset":"OpenStreetMap former/disused railway extract","publisher":"OpenStreetMap contributors","effective_date":"2026-09-07T10:02:26Z","licence":"ODbL-1.0"},"geometry":{"type":"LineString","coordinates":[[-1.9535165,52.4839395],[-1.9535289,52.4845061]]}},{"type":"Feature","properties":{"abandoned:railway":"rail","railway":"abandoned","service":"siding","source_id":"osm-way-921388080","dataset":"OpenStreetMap former/disused railway extract","publisher":"OpenStreetMap contributors","effective_date":"2026-09-07T10:02:26Z","licence":"ODbL-1.0"},"geometry":{"type":"LineString","coordinates":[[-1.8902437,52.5145208],[-1.8892485,52.5141559]]}},{"type":"Feature","properties":{"abandoned:railway":"rail","name":"Kenilworth and Berkswell Branch","railway":"abandoned","ref":"KBB","source_id":"osm-way-921443045","dataset":"OpenStreetMap former/disused railway extract","publisher":"OpenStreetMap contributors","effective_date":"2026-09-07T10:02:26Z","licence":"ODbL-1.0"},"geometry":{"type":"LineString","coordinates":[[-1.5823226,52.3668395],[-1.5790752,52.3654022]]}},{"type":"Feature","properties":{"abandoned:railway":"rail","bridge":"yes","layer":"1","name":"Kenilworth and Berkswell Branch","railway":"abandoned","ref":"KBB","source_id":"osm-way-921443046","dataset":"OpenStreetMap former/disused railway extract","publisher":"OpenStreetMap contributors","effective_date":"2026-09-07T10:02:26Z","licence":"ODbL-1.0"},"geometry":{"type":"LineString","coordinates":[[-1.5790752,52.3654022],[-1.57865,52.3651952]]}},{"type":"Feature","properties":{"abandoned:railway":"rail","name":"Kenilworth and Berkswell Branch","railway":"abandoned","ref":"KBB","source_id":"osm-way-921443047","dataset":"OpenStreetMap former/disused railway extract","publisher":"OpenStreetMap contributors","effective_date":"2026-09-07T10:02:26Z","licence":"ODbL-1.0"},"geometry":{"type":"LineString","coordinates":[[-1.5649176,52.3588721],[-1.5644179,52.3586297],[-1.564084,52.3584115],[-1.5638762,52.3582376],[-1.5637104,52.3580593],[-1.5635282,52.3578383],[-1.5633484,52.3575744],[-1.563192,52.3572864],[-1.5630846,52.3570354],[-1.5629889,52.3567673],[-1.5629562,52.356532],[-1.5629585,52.3563124],[-1.5630005,52.3560714],[-1.5630823,52.3558289],[-1.5632504,52.3555565],[-1.5634142,52.3552864],[-1.5635623,52.3550662],[-1.5637523,52.3548325]]}},{"type":"Feature","properties":{"abandoned:railway":"rail","bridge":"yes","layer":"1","name":"Kenilworth and Berkswell Branch","railway":"abandoned","ref":"KBB","source_id":"osm-way-921443048","dataset":"OpenStreetMap former/disused railway extract","publisher":"OpenStreetMap contributors","effective_date":"2026-09-07T10:02:26Z","licence":"ODbL-1.0"},"geometry":{"type":"LineString","coordinates":[[-1.5653776,52.3590989],[-1.5649176,52.3588721]]}},{"type":"Feature","properties":{"abandoned:railway":"rail","bridge":"yes","layer":"1","name":"Kenilworth and Berkswell Branch","railway":"abandoned","ref":"KBB","source_id":"osm-way-921448958","dataset":"OpenStreetMap former/disused railway extract","publisher":"OpenStreetMap contributors","effective_date":"2026-09-07T10:02:26Z","licence":"ODbL-1.0"},"geometry":{"type":"LineString","coordinates":[[-1.5827571,52.3670239],[-1.5823226,52.3668395]]}},{"type":"Feature","properties":{"abandoned:railway":"rail","railway":"abandoned","service":"siding","source_id":"osm-way-921454078","dataset":"OpenStreetMap former/disused railway extract","publisher":"OpenStreetMap contributors","effective_date":"2026-09-07T10:02:26Z","licence":"ODbL-1.0"},"geometry":{"type":"LineString","coordinates":[[-1.6241939,52.5079669],[-1.6225395,52.5073507]]}},{"type":"Feature","properties":{"name":"Chapel End Sidings","railway":"razed","razed:railway":"rail","service":"spur","source_id":"osm-way-921505627","dataset":"OpenStreetMap former/disused railway extract","publisher":"OpenStreetMap contributors","effective_date":"2026-09-07T10:02:26Z","licence":"ODbL-1.0"},"geometry":{"type":"LineString","coordinates":[[-1.5278644,52.5373481],[-1.528201,52.5375727],[-1.5284206,52.5376939],[-1.5285514,52.5378456],[-1.528632,52.5379882],[-1.5288109,52.5386064]]}},{"type":"Feature","properties":{"abandoned:railway":"rail","bridge":"yes","layer":"1","railway":"abandoned","source_id":"osm-way-922130971","dataset":"OpenStreetMap former/disused railway extract","publisher":"OpenStreetMap contributors","effective_date":"2026-09-07T10:02:26Z","licence":"ODbL-1.0"},"geometry":{"type":"LineString","coordinates":[[-2.0456628,52.6268528],[-2.0442073,52.6268541]]}},{"type":"Feature","properties":{"abandoned:railway":"rail","name":"Hollybank Colliery","railway":"abandoned","service":"spur","source_id":"osm-way-922130973","dataset":"OpenStreetMap former/disused railway extract","publisher":"OpenStreetMap contributors","effective_date":"2026-09-07T10:02:26Z","licence":"ODbL-1.0"},"geometry":{"type":"LineString","coordinates":[[-2.0490819,52.626638],[-2.0472876,52.6268413]]}},{"type":"Feature","properties":{"abandoned:railway":"rail","railway":"abandoned","source_id":"osm-way-922130974","dataset":"OpenStreetMap former/disused railway extract","publisher":"OpenStreetMap contributors","effective_date":"2026-09-07T10:02:26Z","licence":"ODbL-1.0"},"geometry":{"type":"LineString","coordinates":[[-2.0472876,52.6268413],[-2.0465125,52.6268601],[-2.0456628,52.6268528]]}},{"type":"Feature","properties":{"abandoned:railway":"rail","name":"Essington Wood Sidings","railway":"abandoned","source_id":"osm-way-922130975","dataset":"OpenStreetMap former/disused railway extract","publisher":"OpenStreetMap contributors","effective_date":"2026-09-07T10:02:26Z","licence":"ODbL-1.0"},"geometry":{"type":"LineString","coordinates":[[-2.0318496,52.6315608],[-2.0304763,52.6313264],[-2.0296824,52.6311962],[-2.0289958,52.6311441],[-2.0282233,52.6311962],[-2.0278156,52.6312743],[-2.0268715,52.6315608],[-2.0231164,52.6328892],[-2.0226014,52.6331757],[-2.0221937,52.6334882],[-2.0219791,52.6337878],[-2.0219147,52.6341654],[-2.021836,52.6345385]]}},{"type":"Feature","properties":{"electrified":"no","gauge":"1435","name":"Dudley Junction to Pleck Junction Line","railway":"disused","ref":"DPJ","service":"siding","source":"Bing","source_id":"osm-way-922194418","dataset":"OpenStreetMap former/disused railway extract","publisher":"OpenStreetMap contributors","effective_date":"2026-09-07T10:02:26Z","licence":"ODbL-1.0"},"geometry":{"type":"LineString","coordinates":[[-1.9989579,52.5664778],[-1.9990892,52.5662888],[-1.9993182,52.5659143]]}},{"type":"Feature","properties":{"electrified":"no","gauge":"1435","name":"Dudley Junction to Pleck Junction Line","railway":"disused","ref":"DPJ","service":"siding","source":"Bing","source_id":"osm-way-922194420","dataset":"OpenStreetMap former/disused railway extract","publisher":"OpenStreetMap contributors","effective_date":"2026-09-07T10:02:26Z","licence":"ODbL-1.0"},"geometry":{"type":"LineString","coordinates":[[-1.9996418,52.5654886],[-1.9995711,52.5655889],[-1.9993182,52.5659143],[-1.9992045,52.5660427],[-1.9990344,52.5662818],[-1.9989032,52.5664637]]}},{"type":"Feature","properties":{"disused:railway":"rail","gauge":"1435","name":"Dudley Junction to Pleck Junction Line","railway":"disused","ref":"DPJ","source_id":"osm-way-945062232","dataset":"OpenStreetMap former/disused railway extract","publisher":"OpenStreetMap contributors","effective_date":"2026-09-07T10:02:26Z","licence":"ODbL-1.0"},"geometry":{"type":"LineString","coordinates":[[-2.007043,52.555658],[-2.0069459,52.5557413],[-2.0064931,52.5561515],[-2.0061738,52.5564922]]}},{"type":"Feature","properties":{"abandoned:railway":"rail","gauge":"1435","name":"Dudley Junction to Pleck Junction Line","railway":"abandoned","ref":"DPJ","source_id":"osm-way-945062233","dataset":"OpenStreetMap former/disused railway extract","publisher":"OpenStreetMap contributors","effective_date":"2026-09-07T10:02:26Z","licence":"ODbL-1.0"},"geometry":{"type":"LineString","coordinates":[[-2.0088814,52.5541979],[-2.0075669,52.5552084],[-2.007043,52.555658]]}},{"type":"Feature","properties":{"abandoned:railway":"rail","railway":"razed","service":"siding","usage":"industrial","source_id":"osm-way-945478927","dataset":"OpenStreetMap former/disused railway extract","publisher":"OpenStreetMap contributors","effective_date":"2026-09-07T10:02:26Z","licence":"ODbL-1.0"},"geometry":{"type":"LineString","coordinates":[[-2.0118335,52.4927213],[-2.0118404,52.4927792],[-2.0118686,52.4928592],[-2.0118962,52.4929261],[-2.0119391,52.4929914],[-2.0119853,52.493074],[-2.0120344,52.4931555],[-2.0120738,52.4932234]]}},{"type":"Feature","properties":{"abandoned:railway":"rail","electrified":"no","gauge":"1435","railway":"razed","service":"yard","source":"NPE;bing","usage":"industrial","source_id":"osm-way-945478928","dataset":"OpenStreetMap former/disused railway extract","publisher":"OpenStreetMap contributors","effective_date":"2026-09-07T10:02:26Z","licence":"ODbL-1.0"},"geometry":{"type":"LineString","coordinates":[[-2.0111734,52.493362],[-2.011257,52.4932797],[-2.0113107,52.4932324],[-2.0113638,52.4931857],[-2.0114161,52.4931441],[-2.011544,52.493065],[-2.0116326,52.4929964],[-2.0117238,52.4929164],[-2.011768,52.4928568],[-2.0117948,52.4928086],[-2.0118198,52.4927603],[-2.0118335,52.4927213]]}},{"type":"Feature","properties":{"disused:railway":"rail","electrified":"no","gauge":"1435","maxspeed":"5 mph","name":"Oldbury Branch","railway":"disused","ref":"OLD","source":"NPE;bing","usage":"branch","source_id":"osm-way-945478929","dataset":"OpenStreetMap former/disused railway extract","publisher":"OpenStreetMap contributors","effective_date":"2026-09-07T10:02:26Z","licence":"ODbL-1.0"},"geometry":{"type":"LineString","coordinates":[[-2.0039419,52.4951761],[-2.0042931,52.4948199]]}},{"type":"Feature","properties":{"abandoned:railway":"rail","electrified":"no","gauge":"1435","railway":"razed","service":"yard","source":"NPE;bing","usage":"industrial","source_id":"osm-way-945478930","dataset":"OpenStreetMap former/disused railway extract","publisher":"OpenStreetMap contributors","effective_date":"2026-09-07T10:02:26Z","licence":"ODbL-1.0"},"geometry":{"type":"LineString","coordinates":[[-2.0110798,52.493508],[-2.0109836,52.4935916],[-2.0109259,52.4936553]]}},{"type":"Feature","properties":{"abandoned:railway":"rail","electrified":"no","gauge":"1435","railway":"razed","service":"yard","source":"NPE;bing","usage":"industrial","source_id":"osm-way-945478933","dataset":"OpenStreetMap former/disused railway extract","publisher":"OpenStreetMap contributors","effective_date":"2026-09-07T10:02:26Z","licence":"ODbL-1.0"},"geometry":{"type":"LineString","coordinates":[[-2.0111734,52.493362],[-2.0111431,52.4934095],[-2.0110798,52.493508],[-2.0110362,52.4935759],[-2.0109673,52.4936583],[-2.0109258,52.4937157],[-2.0108306,52.4938676],[-2.0107515,52.4940162],[-2.0107005,52.4941232],[-2.0106465,52.4942502]]}},{"type":"Feature","properties":{"abandoned:railway":"rail","electrified":"no","gauge":"1435","railway":"razed","service":"yard","source":"NPE;bing","usage":"industrial","source_id":"osm-way-945478934","dataset":"OpenStreetMap former/disused railway extract","publisher":"OpenStreetMap contributors","effective_date":"2026-09-07T10:02:26Z","licence":"ODbL-1.0"},"geometry":{"type":"LineString","coordinates":[[-2.0109259,52.4936553],[-2.0108428,52.49375],[-2.010769,52.4938627],[-2.0107194,52.4939762],[-2.0106565,52.4941138],[-2.0106403,52.4941493],[-2.0106007,52.4942389]]}},{"type":"Feature","properties":{"abandoned:railway":"rail","railway":"abandoned","service":"siding","source_id":"osm-way-945519060","dataset":"OpenStreetMap former/disused railway extract","publisher":"OpenStreetMap contributors","effective_date":"2026-09-07T10:02:26Z","licence":"ODbL-1.0"},"geometry":{"type":"LineString","coordinates":[[-1.5061435,52.5526277],[-1.5063577,52.5527789]]}},{"type":"Feature","properties":{"abandoned:railway":"rail","railway":"abandoned","source_id":"osm-way-945527025","dataset":"OpenStreetMap former/disused railway extract","publisher":"OpenStreetMap contributors","effective_date":"2026-09-07T10:02:26Z","licence":"ODbL-1.0"},"geometry":{"type":"LineString","coordinates":[[-2.1861657,52.5033903],[-2.1877927,52.5030033],[-2.1918425,52.5019314],[-2.1941549,52.5008284],[-2.1956998,52.4999663],[-2.1966011,52.4990519],[-2.1990666,52.4961061],[-2.200869,52.4934933]]}},{"type":"Feature","properties":{"abandoned:railway":"rail","bridge":"yes","layer":"1","name":"Dudley Junction to Pleck Junction Line","railway":"abandoned","ref":"DPJ","source_id":"osm-way-1016902630","dataset":"OpenStreetMap former/disused railway extract","publisher":"OpenStreetMap contributors","effective_date":"2026-09-07T10:02:26Z","licence":"ODbL-1.0"},"geometry":{"type":"LineString","coordinates":[[-2.0643536,52.5217452],[-2.0639823,52.5218361]]}},{"type":"Feature","properties":{"abandoned:railway":"rail","end_date":"1964","name":"Birmingham-Wolverhampton-Dudley Branch","operator":"Great Western Railway","railway":"abandoned","start_date":"1852","usage":"branch","source_id":"osm-way-1016902631","dataset":"OpenStreetMap former/disused railway extract","publisher":"OpenStreetMap contributors","effective_date":"2026-09-07T10:02:26Z","licence":"ODbL-1.0"},"geometry":{"type":"LineString","coordinates":[[-2.0398982,52.5303612],[-2.0402902,52.5302502],[-2.0414086,52.5299678]]}},{"type":"Feature","properties":{"abandoned:railway":"rail","name":"Wednesbury to Darlaston Line","railway":"abandoned","ref":"WYD","source_id":"osm-way-1018513186","dataset":"OpenStreetMap former/disused railway extract","publisher":"OpenStreetMap contributors","effective_date":"2026-09-07T10:02:26Z","licence":"ODbL-1.0"},"geometry":{"type":"LineString","coordinates":[[-2.0341993,52.565974],[-2.0335143,52.5671677],[-2.0329782,52.5677856],[-2.0322102,52.5685772],[-2.0312086,52.569442],[-2.0296089,52.5708574],[-2.0280859,52.572031]]}},{"type":"Feature","properties":{"abandoned:railway":"rail","name":"Wednesbury to Darlaston Line","railway":"abandoned","ref":"WYD","source_id":"osm-way-1018513187","dataset":"OpenStreetMap former/disused railway extract","publisher":"OpenStreetMap contributors","effective_date":"2026-09-07T10:02:26Z","licence":"ODbL-1.0"},"geometry":{"type":"LineString","coordinates":[[-2.0269479,52.5727616],[-2.0260308,52.5733633],[-2.0254433,52.5737096],[-2.0247654,52.5740023],[-2.0243213,52.5741506],[-2.0241261,52.574187]]}},{"type":"Feature","properties":{"abandoned:railway":"rail","name":"Wednesbury to Darlaston Line","railway":"abandoned","ref":"WYD","source_id":"osm-way-1018513194","dataset":"OpenStreetMap former/disused railway extract","publisher":"OpenStreetMap contributors","effective_date":"2026-09-07T10:02:26Z","licence":"ODbL-1.0"},"geometry":{"type":"LineString","coordinates":[[-2.0182624,52.5741367],[-2.0186408,52.5743047],[-2.0188685,52.5743865]]}},{"type":"Feature","properties":{"abandoned:railway":"rail","name":"Wednesbury to Darlaston Line","railway":"abandoned","ref":"WYD","source_id":"osm-way-1018513195","dataset":"OpenStreetMap former/disused railway extract","publisher":"OpenStreetMap contributors","effective_date":"2026-09-07T10:02:26Z","licence":"ODbL-1.0"},"geometry":{"type":"LineString","coordinates":[[-2.0359621,52.558096],[-2.0356366,52.5575719],[-2.0346818,52.5564174]]}},{"type":"Feature","properties":{"abandoned:railway":"rail","name":"Griff Colliery Siding","railway":"abandoned","service":"siding","source_id":"osm-way-1018514244","dataset":"OpenStreetMap former/disused railway extract","publisher":"OpenStreetMap contributors","effective_date":"2026-09-07T10:02:26Z","licence":"ODbL-1.0"},"geometry":{"type":"LineString","coordinates":[[-1.4876808,52.5010892],[-1.4854148,52.5030218]]}},{"type":"Feature","properties":{"disused:railway":"rail","name":"Halesowen Branch","railway":"disused","ref":"HND1","source_id":"osm-way-1018516675","dataset":"OpenStreetMap former/disused railway extract","publisher":"OpenStreetMap contributors","effective_date":"2026-09-07T10:02:26Z","licence":"ODbL-1.0"},"geometry":{"type":"LineString","coordinates":[[-2.0018811,52.4001857],[-2.0014604,52.3999225],[-1.9999597,52.3990593]]}},{"type":"Feature","properties":{"abandoned:railway":"rail","railway":"abandoned","surface":"unpaved","source_id":"osm-way-1022261386","dataset":"OpenStreetMap former/disused railway extract","publisher":"OpenStreetMap contributors","effective_date":"2026-09-07T10:02:26Z","licence":"ODbL-1.0"},"geometry":{"type":"LineString","coordinates":[[-1.9365401,52.63749],[-1.9365436,52.6382472],[-1.9365898,52.6395622],[-1.9373959,52.6409065],[-1.9377313,52.6420459],[-1.9378465,52.6423669],[-1.9381744,52.643091],[-1.9385592,52.6436372],[-1.939367,52.6445488]]}},{"type":"Feature","properties":{"railway":"razed","razed:railway":"rail","source_id":"osm-way-1022261387","dataset":"OpenStreetMap former/disused railway extract","publisher":"OpenStreetMap contributors","effective_date":"2026-09-07T10:02:26Z","licence":"ODbL-1.0"},"geometry":{"type":"LineString","coordinates":[[-1.939367,52.6445488],[-1.9399693,52.6450316],[-1.9406233,52.6457114],[-1.9412364,52.6462189],[-1.9419086,52.6469092],[-1.9422145,52.6477515],[-1.9424794,52.6483883],[-1.942729,52.6493146]]}},{"type":"Feature","properties":{"abandoned:railway":"rail","railway":"abandoned","service":"spur","source_id":"osm-way-1030799457","dataset":"OpenStreetMap former/disused railway extract","publisher":"OpenStreetMap contributors","effective_date":"2026-09-07T10:02:26Z","licence":"ODbL-1.0"},"geometry":{"type":"LineString","coordinates":[[-1.844865,52.5004857],[-1.8452506,52.5004747],[-1.8458974,52.5004616],[-1.8463923,52.5004508],[-1.8466988,52.5004442],[-1.8468837,52.5004428]]}},{"type":"Feature","properties":{"disused:railway":"rail","railway":"disused","service":"siding","source_id":"osm-way-1030799458","dataset":"OpenStreetMap former/disused railway extract","publisher":"OpenStreetMap contributors","effective_date":"2026-09-07T10:02:26Z","licence":"ODbL-1.0"},"geometry":{"type":"LineString","coordinates":[[-1.8498379,52.5001698],[-1.8500411,52.5001275]]}},{"type":"Feature","properties":{"disused:railway":"rail","railway":"disused","service":"siding","source_id":"osm-way-1030799459","dataset":"OpenStreetMap former/disused railway extract","publisher":"OpenStreetMap contributors","effective_date":"2026-09-07T10:02:26Z","licence":"ODbL-1.0"},"geometry":{"type":"LineString","coordinates":[[-1.8505786,52.4999136],[-1.8506843,52.4998829],[-1.8508423,52.4998241]]}},{"type":"Feature","properties":{"abandoned:railway":"rail","railway":"abandoned","service":"spur","source_id":"osm-way-1030799460","dataset":"OpenStreetMap former/disused railway extract","publisher":"OpenStreetMap contributors","effective_date":"2026-09-07T10:02:26Z","licence":"ODbL-1.0"},"geometry":{"type":"LineString","coordinates":[[-1.8484748,52.500421],[-1.8485914,52.5004066],[-1.8488088,52.5003745],[-1.8496601,52.500217],[-1.8497286,52.5002034],[-1.8498129,52.5001867],[-1.8498404,52.5001799]]}},{"type":"Feature","properties":{"disused:railway":"rail","railway":"razed","service":"spur","source_id":"osm-way-1030799461","dataset":"OpenStreetMap former/disused railway extract","publisher":"OpenStreetMap contributors","effective_date":"2026-09-07T10:02:26Z","licence":"ODbL-1.0"},"geometry":{"type":"LineString","coordinates":[[-1.8468837,52.5004428],[-1.8469967,52.500442],[-1.8471372,52.5004437],[-1.847275,52.5004502],[-1.8474498,52.5004593],[-1.8476677,52.5004621],[-1.8479245,52.5004599],[-1.848171,52.5004513],[-1.8483581,52.5004354],[-1.8484748,52.500421]]}},{"type":"Feature","properties":{"abandoned:railway":"rail","railway":"abandoned","service":"yard","source_id":"osm-way-1031119329","dataset":"OpenStreetMap former/disused railway extract","publisher":"OpenStreetMap contributors","effective_date":"2026-09-07T10:02:26Z","licence":"ODbL-1.0"},"geometry":{"type":"LineString","coordinates":[[-1.8659481,52.4863087],[-1.8658987,52.4861179],[-1.8658209,52.4859293],[-1.8655634,52.485378]]}},{"type":"Feature","properties":{"abandoned:railway":"rail","name":"Coventry to Nuneaton Line","railway":"abandoned","ref":"CNN","source_id":"osm-way-1081560586","dataset":"OpenStreetMap former/disused railway extract","publisher":"OpenStreetMap contributors","effective_date":"2026-09-07T10:02:26Z","licence":"ODbL-1.0"},"geometry":{"type":"LineString","coordinates":[[-1.5256416,52.4118094],[-1.5258885,52.4115944],[-1.5261042,52.4113914],[-1.5262163,52.4112799],[-1.5262921,52.4112044],[-1.5266095,52.410837],[-1.5267327,52.410669]]}},{"type":"Feature","properties":{"abandoned:railway":"rail","bridge":"yes","layer":"1","name":"Coventry to Nuneaton Line","railway":"abandoned","ref":"CNN","source_id":"osm-way-1081560587","dataset":"OpenStreetMap former/disused railway extract","publisher":"OpenStreetMap contributors","effective_date":"2026-09-07T10:02:26Z","licence":"ODbL-1.0"},"geometry":{"type":"LineString","coordinates":[[-1.525531,52.4118955],[-1.5256416,52.4118094]]}},{"type":"Feature","properties":{"name":"Oldbury Branch","railway":"abandoned","razed:railway":"rail","ref":"OLD","source_id":"osm-way-1084650080","dataset":"OpenStreetMap former/disused railway extract","publisher":"OpenStreetMap contributors","effective_date":"2026-09-07T10:02:26Z","licence":"ODbL-1.0"},"geometry":{"type":"LineString","coordinates":[[-2.0154786,52.5013207],[-2.0167267,52.5015214],[-2.0176047,52.5017646],[-2.0181763,52.5020529],[-2.0189973,52.5025317],[-2.0194502,52.5029518],[-2.0215453,52.5046435]]}},{"type":"Feature","properties":{"abandoned:railway":"rail","name":"Halesowen Branch","railway":"abandoned","ref":"HND2","source_id":"osm-way-1084652777","dataset":"OpenStreetMap former/disused railway extract","publisher":"OpenStreetMap contributors","effective_date":"2026-09-07T10:02:26Z","licence":"ODbL-1.0"},"geometry":{"type":"LineString","coordinates":[[-2.0557361,52.4707342],[-2.0564555,52.4706567],[-2.0567666,52.470611],[-2.0571636,52.4705064],[-2.0573551,52.4704503],[-2.0577215,52.470343],[-2.0581605,52.4701215],[-2.0587743,52.4695715],[-2.0588785,52.4693066],[-2.0589329,52.4688666],[-2.0588966,52.4684869],[-2.0587627,52.4682582],[-2.0586882,52.4681281],[-2.058236,52.4674151],[-2.0572909,52.4662155],[-2.0565966,52.4656558],[-2.0556031,52.4649763],[-2.0549372,52.4645817],[-2.0546926,52.4644216],[-2.0534241,52.4634335],[-2.0527401,52.462898],[-2.0520577,52.4623738],[-2.0494828,52.4602699],[-2.0470185,52.4581366],[-2.0466616,52.4578276],[-2.0463588,52.4575708],[-2.045828,52.4571206],[-2.0449112,52.4563282],[-2.0439993,52.4555371],[-2.0425616,52.4542819],[-2.0424218,52.4541741],[-2.0417692,52.4537084]]}},{"type":"Feature","properties":{"abandoned:railway":"rail","name":"Netherton Basin Branch","railway":"abandoned","ref":"NTN","source_id":"osm-way-1084653896","dataset":"OpenStreetMap former/disused railway extract","publisher":"OpenStreetMap contributors","effective_date":"2026-09-07T10:02:26Z","licence":"ODbL-1.0"},"geometry":{"type":"LineString","coordinates":[[-2.0755806,52.4858085],[-2.0768144,52.4871838],[-2.0769754,52.4874157],[-2.0770478,52.4876983],[-2.0770639,52.487873],[-2.0770424,52.4881752],[-2.0768386,52.4890081],[-2.076742,52.4896679],[-2.0766884,52.4900958],[-2.0766723,52.4903474],[-2.0768788,52.4912031],[-2.0769995,52.4914987],[-2.0771953,52.4917649],[-2.0775038,52.4921749],[-2.0780107,52.4928526],[-2.0782602,52.493349],[-2.0785713,52.4937606],[-2.0790407,52.4942685],[-2.0800063,52.495312],[-2.0805695,52.4958476],[-2.0811355,52.4962264],[-2.0815834,52.496504],[-2.0819091,52.4966819]]}},{"type":"Feature","properties":{"railway":"razed","razed:railway":"rail","source":"OS 1:25k","source_id":"osm-way-1084656888","dataset":"OpenStreetMap former/disused railway extract","publisher":"OpenStreetMap contributors","effective_date":"2026-09-07T10:02:26Z","licence":"ODbL-1.0"},"geometry":{"type":"LineString","coordinates":[[-2.1493382,52.5340069],[-2.1494063,52.5338601],[-2.1499733,52.5333987],[-2.1505097,52.5330333],[-2.1511105,52.5325699],[-2.1517543,52.5321],[-2.1537415,52.5308624],[-2.1544004,52.5302951],[-2.1548559,52.5298066],[-2.1552814,52.5291295],[-2.1556959,52.5283287],[-2.1557679,52.5280914],[-2.156074,52.5270824],[-2.1567677,52.5247005],[-2.156762,52.5242637],[-2.1566863,52.5236827],[-2.156516,52.5230787],[-2.1562847,52.5227299],[-2.1558441,52.5218842],[-2.1554812,52.5213309],[-2.154963,52.5208567],[-2.153421,52.5196631],[-2.1531489,52.5193707]]}},{"type":"Feature","properties":{"railway":"razed","razed:railway":"rail","ref":"ASK","source":"OS 1:25k","source_id":"osm-way-1084656889","dataset":"OpenStreetMap former/disused railway extract","publisher":"OpenStreetMap contributors","effective_date":"2026-09-07T10:02:26Z","licence":"ODbL-1.0"},"geometry":{"type":"LineString","coordinates":[[-2.1448389,52.5117631],[-2.1451375,52.5120394],[-2.1454257,52.5124163],[-2.1455492,52.5128559],[-2.1455184,52.5132515],[-2.1454566,52.5139549],[-2.1454669,52.5145265],[-2.145611,52.5149158],[-2.1460639,52.5158076]]}},{"type":"Feature","properties":{"name":"Stourbridge North Curve","railway":"razed","razed:railway":"rail","source_id":"osm-way-1084663007","dataset":"OpenStreetMap former/disused railway extract","publisher":"OpenStreetMap contributors","effective_date":"2026-09-07T10:02:26Z","licence":"ODbL-1.0"},"geometry":{"type":"LineString","coordinates":[[-2.1382766,52.4517106],[-2.1375662,52.451482],[-2.1370254,52.4514077],[-2.1366189,52.4513953],[-2.1362652,52.4514102],[-2.1358221,52.4514622],[-2.1355131,52.451544],[-2.1353058,52.4516208],[-2.1351065,52.4517397],[-2.1348301,52.4519701],[-2.1345496,52.4522972],[-2.1343341,52.4526366],[-2.1339682,52.4532089],[-2.1337697,52.4536084]]}},{"type":"Feature","properties":{"bridge":"yes","disused:railway":"rail","layer":"2","maxspeed":"20 mph","name":"Birmingham Moor Street Line","railway":"disused","ref":"MSL","source_id":"osm-way-1085082502","dataset":"OpenStreetMap former/disused railway extract","publisher":"OpenStreetMap contributors","effective_date":"2026-09-07T10:02:26Z","licence":"ODbL-1.0"},"geometry":{"type":"LineString","coordinates":[[-1.8899072,52.4779361],[-1.8897131,52.4778855]]}},{"type":"Feature","properties":{"disused:railway":"rail","name":"Birmingham Moor Street Line","railway":"disused","ref":"MSL","source":"visual survey;estimate","source_id":"osm-way-1085082503","dataset":"OpenStreetMap former/disused railway extract","publisher":"OpenStreetMap contributors","effective_date":"2026-09-07T10:02:26Z","licence":"ODbL-1.0"},"geometry":{"type":"LineString","coordinates":[[-1.889927,52.4779078],[-1.8899524,52.4779144],[-1.8902504,52.4779931]]}},{"type":"Feature","properties":{"name":"Bordesley Disused Branch","railway":"razed","razed:railway":"rail","source_id":"osm-way-1085088221","dataset":"OpenStreetMap former/disused railway extract","publisher":"OpenStreetMap contributors","effective_date":"2026-09-07T10:02:26Z","licence":"ODbL-1.0"},"geometry":{"type":"LineString","coordinates":[[-1.8804198,52.4773334],[-1.8803493,52.4774541]]}},{"type":"Feature","properties":{"name":"Bordesley Disused Branch","railway":"razed","razed:railway":"rail","source_id":"osm-way-1085088222","dataset":"OpenStreetMap former/disused railway extract","publisher":"OpenStreetMap contributors","effective_date":"2026-09-07T10:02:26Z","licence":"ODbL-1.0"},"geometry":{"type":"LineString","coordinates":[[-1.880211,52.4778056],[-1.8803033,52.4776017]]}},{"type":"Feature","properties":{"bicycle":"yes","highway":"footway","horse":"yes","name":"McClean Way","railway":"abandoned","railway:name":"Bescot Junction to Wichnor Junction (Lichfield) Line","railway:ref":"BJW3","ref":"BJW3","source":"landsat & NPE & survey","surface":"ground","website":"http://www.backthetrack.org.uk/","source_id":"osm-way-1085134494","dataset":"OpenStreetMap former/disused railway extract","publisher":"OpenStreetMap contributors","effective_date":"2026-09-07T10:02:26Z","licence":"ODbL-1.0"},"geometry":{"type":"LineString","coordinates":[[-1.9525473,52.6404842],[-1.9513887,52.6411453],[-1.9503241,52.6416791],[-1.9503159,52.6416832]]}},{"type":"Feature","properties":{"abandoned:railway":"rail","name":"Anglesey Sidings","railway":"abandoned","service":"siding","source_id":"osm-way-1085139022","dataset":"OpenStreetMap former/disused railway extract","publisher":"OpenStreetMap contributors","effective_date":"2026-09-07T10:02:26Z","licence":"ODbL-1.0"},"geometry":{"type":"LineString","coordinates":[[-1.9131302,52.6582502],[-1.9138359,52.6581931],[-1.9142369,52.65815],[-1.9147572,52.6580744]]}},{"type":"Feature","properties":{"abandoned:railway":"rail","railway":"abandoned","service":"yard","source_id":"osm-way-1088617541","dataset":"OpenStreetMap former/disused railway extract","publisher":"OpenStreetMap contributors","effective_date":"2026-09-07T10:02:26Z","licence":"ODbL-1.0"},"geometry":{"type":"LineString","coordinates":[[-2.1373022,52.4606062],[-2.1379132,52.4607621],[-2.1386111,52.4609134]]}},{"type":"Feature","properties":{"railway":"razed","razed:railway":"rail","service":"siding","source_id":"osm-way-1088618108","dataset":"OpenStreetMap former/disused railway extract","publisher":"OpenStreetMap contributors","effective_date":"2026-09-07T10:02:26Z","licence":"ODbL-1.0"},"geometry":{"type":"LineString","coordinates":[[-2.0409786,52.4575978],[-2.0407162,52.4579888],[-2.0405178,52.4582516],[-2.0403246,52.4586046],[-2.0402281,52.458925],[-2.0402281,52.4591145],[-2.04033,52.4592832]]}},{"type":"Feature","properties":{"railway":"razed","razed:railway":"rail","service":"siding","source_id":"osm-way-1088618109","dataset":"OpenStreetMap former/disused railway extract","publisher":"OpenStreetMap contributors","effective_date":"2026-09-07T10:02:26Z","licence":"ODbL-1.0"},"geometry":{"type":"LineString","coordinates":[[-2.0422338,52.4596768],[-2.0430278,52.4599971],[-2.0435857,52.4601474],[-2.0439134,52.4602115]]}},{"type":"Feature","properties":{"foot":"yes","highway":"cycleway","motor_vehicle":"no","name":"Kingswinford Railway Walk","railway":"abandoned","railway:name":"Kingswinford Line","railway:ref":"KWD","smoothness":"very_bad","source":"GPS and OpenData_Street_View","surface":"mud","source_id":"osm-way-1106100371","dataset":"OpenStreetMap former/disused railway extract","publisher":"OpenStreetMap contributors","effective_date":"2026-09-07T10:02:26Z","licence":"ODbL-1.0"},"geometry":{"type":"LineString","coordinates":[[-2.1634162,52.5131685],[-2.1639901,52.5132371],[-2.164453,52.5132987],[-2.1666658,52.5135289]]}},{"type":"Feature","properties":{"foot":"yes","highway":"cycleway","motor_vehicle":"no","name":"Kingswinford Railway Walk","railway":"abandoned","railway:name":"Kingswinford Line","railway:ref":"KWD","smoothness":"very_bad","source":"GPS and OpenData_Street_View","surface":"mud","source_id":"osm-way-1106100374","dataset":"OpenStreetMap former/disused railway extract","publisher":"OpenStreetMap contributors","effective_date":"2026-09-07T10:02:26Z","licence":"ODbL-1.0"},"geometry":{"type":"LineString","coordinates":[[-2.1601125,52.5127676],[-2.1625632,52.5130673],[-2.1630406,52.5131261]]}},{"type":"Feature","properties":{"bridge":"yes","foot":"yes","highway":"cycleway","layer":"1","motor_vehicle":"no","name":"Kingswinford Railway Walk","railway":"abandoned","railway:name":"Kingswinford Line","railway:ref":"KWD","smoothness":"very_bad","source":"GPS and OpenData_Street_View","surface":"mud","source_id":"osm-way-1106100383","dataset":"OpenStreetMap former/disused railway extract","publisher":"OpenStreetMap contributors","effective_date":"2026-09-07T10:02:26Z","licence":"ODbL-1.0"},"geometry":{"type":"LineString","coordinates":[[-2.1630406,52.5131261],[-2.1634162,52.5131685]]}},{"type":"Feature","properties":{"bridge":"yes","foot":"yes","highway":"cycleway","layer":"1","motor_vehicle":"no","name":"Kingswinford Railway Walk","railway":"abandoned","railway:name":"Kingswinford Line","railway:ref":"KWD","smoothness":"very_bad","source":"GPS and OpenData_Street_View","surface":"mud","source_id":"osm-way-1106100391","dataset":"OpenStreetMap former/disused railway extract","publisher":"OpenStreetMap contributors","effective_date":"2026-09-07T10:02:26Z","licence":"ODbL-1.0"},"geometry":{"type":"LineString","coordinates":[[-2.1598408,52.5127355],[-2.1601125,52.5127676]]}},{"type":"Feature","properties":{"abandoned:railway":"rail","railway":"abandoned","source":"OS 1:25k","source_id":"osm-way-1106100809","dataset":"OpenStreetMap former/disused railway extract","publisher":"OpenStreetMap contributors","effective_date":"2026-09-07T10:02:26Z","licence":"ODbL-1.0"},"geometry":{"type":"LineString","coordinates":[[-2.1485719,52.5147677],[-2.1489568,52.5151355],[-2.1494827,52.5154328],[-2.1501755,52.5156676],[-2.1514455,52.5159651],[-2.1525873,52.5162311],[-2.1538573,52.5164659],[-2.1548965,52.5166381],[-2.1554865,52.5166851],[-2.156282,52.5166303]]}},{"type":"Feature","properties":{"abandoned:railway":"rail","bridge":"yes","layer":"1","railway":"abandoned","source":"OS 1:25k","source_id":"osm-way-1106100810","dataset":"OpenStreetMap former/disused railway extract","publisher":"OpenStreetMap contributors","effective_date":"2026-09-07T10:02:26Z","licence":"ODbL-1.0"},"geometry":{"type":"LineString","coordinates":[[-2.148523,52.5147332],[-2.1485719,52.5147677]]}},{"type":"Feature","properties":{"abandoned:railway":"rail","bridge":"yes","name":"Didcot and Chester Line","railway":"abandoned","ref":"DCL","source_id":"osm-way-1112273951","dataset":"OpenStreetMap former/disused railway extract","publisher":"OpenStreetMap contributors","effective_date":"2026-09-07T10:02:26Z","licence":"ODbL-1.0"},"geometry":{"type":"LineString","coordinates":[[-1.929285,52.4962228],[-1.9294903,52.4962803]]}},{"type":"Feature","properties":{"abandoned:railway":"rail","name":"Didcot and Chester Line","railway":"abandoned","ref":"DCL","source_id":"osm-way-1116108173","dataset":"OpenStreetMap former/disused railway extract","publisher":"OpenStreetMap contributors","effective_date":"2026-09-07T10:02:26Z","licence":"ODbL-1.0"},"geometry":{"type":"LineString","coordinates":[[-1.8052312,52.439435],[-1.8050273,52.4391103],[-1.8045743,52.4384533],[-1.8042474,52.4379637],[-1.8039408,52.4375292]]}},{"type":"Feature","properties":{"abandoned:railway":"rail","name":"Didcot and Chester Line","railway":"abandoned","ref":"DCL","source_id":"osm-way-1116108178","dataset":"OpenStreetMap former/disused railway extract","publisher":"OpenStreetMap contributors","effective_date":"2026-09-07T10:02:26Z","licence":"ODbL-1.0"},"geometry":{"type":"LineString","coordinates":[[-1.8058932,52.4404106],[-1.8057221,52.4401282],[-1.8055994,52.4399259],[-1.8053272,52.4395757]]}},{"type":"Feature","properties":{"abandoned:railway":"rail","bridge":"yes","layer":"1","name":"Didcot and Chester Line","railway":"abandoned","ref":"DCL","source_id":"osm-way-1116108179","dataset":"OpenStreetMap former/disused railway extract","publisher":"OpenStreetMap contributors","effective_date":"2026-09-07T10:02:26Z","licence":"ODbL-1.0"},"geometry":{"type":"LineString","coordinates":[[-1.8053272,52.4395757],[-1.8052312,52.439435]]}},{"type":"Feature","properties":{"abandoned:railway":"rail","name":"Didcot and Chester Line","railway":"abandoned","ref":"DCL","source_id":"osm-way-1116108180","dataset":"OpenStreetMap former/disused railway extract","publisher":"OpenStreetMap contributors","effective_date":"2026-09-07T10:02:26Z","licence":"ODbL-1.0"},"geometry":{"type":"LineString","coordinates":[[-1.8057221,52.4401282],[-1.805616,52.4399118],[-1.8054006,52.4395032]]}},{"type":"Feature","properties":{"abandoned:railway":"rail","name":"Didcot and Chester Line","railway":"abandoned","ref":"DCL","source_id":"osm-way-1116108182","dataset":"OpenStreetMap former/disused railway extract","publisher":"OpenStreetMap contributors","effective_date":"2026-09-07T10:02:26Z","licence":"ODbL-1.0"},"geometry":{"type":"LineString","coordinates":[[-1.8053072,52.4393505],[-1.8051147,52.4390165],[-1.8049537,52.4387574],[-1.8046708,52.4383118],[-1.8045662,52.4381426],[-1.8041103,52.4375504]]}},{"type":"Feature","properties":{"abandoned:railway":"rail","name":"Didcot and Chester Line","railway":"abandoned","ref":"DCL","source_id":"osm-way-1116108183","dataset":"OpenStreetMap former/disused railway extract","publisher":"OpenStreetMap contributors","effective_date":"2026-09-07T10:02:26Z","licence":"ODbL-1.0"},"geometry":{"type":"LineString","coordinates":[[-1.8039904,52.4373949],[-1.8038339,52.4372363],[-1.8037018,52.4370818],[-1.8029568,52.4357528]]}},{"type":"Feature","properties":{"abandoned:railway":"rail","bridge":"yes","layer":"1","name":"Didcot and Chester Line","railway":"abandoned","ref":"DCL","source_id":"osm-way-1116108184","dataset":"OpenStreetMap former/disused railway extract","publisher":"OpenStreetMap contributors","effective_date":"2026-09-07T10:02:26Z","licence":"ODbL-1.0"},"geometry":{"type":"LineString","coordinates":[[-1.8041103,52.4375504],[-1.8039904,52.4373949]]}},{"type":"Feature","properties":{"abandoned:railway":"rail","name":"Didcot and Chester Line","railway":"abandoned","ref":"DCL","source_id":"osm-way-1116108185","dataset":"OpenStreetMap former/disused railway extract","publisher":"OpenStreetMap contributors","effective_date":"2026-09-07T10:02:26Z","licence":"ODbL-1.0"},"geometry":{"type":"LineString","coordinates":[[-1.8038442,52.4373805],[-1.8035061,52.4368377],[-1.8029883,52.4359207],[-1.8028517,52.4356901]]}},{"type":"Feature","properties":{"abandoned:railway":"rail","bridge":"yes","layer":"1","name":"Didcot and Chester Line","railway":"abandoned","ref":"DCL","source_id":"osm-way-1116108186","dataset":"OpenStreetMap former/disused railway extract","publisher":"OpenStreetMap contributors","effective_date":"2026-09-07T10:02:26Z","licence":"ODbL-1.0"},"geometry":{"type":"LineString","coordinates":[[-1.8039408,52.4375292],[-1.8038442,52.4373805]]}},{"type":"Feature","properties":{"abandoned:railway":"rail","bridge":"yes","layer":"1","name":"Didcot and Chester Line","railway":"abandoned","ref":"DCL","source_id":"osm-way-1116108187","dataset":"OpenStreetMap former/disused railway extract","publisher":"OpenStreetMap contributors","effective_date":"2026-09-07T10:02:26Z","licence":"ODbL-1.0"},"geometry":{"type":"LineString","coordinates":[[-1.8028517,52.4356901],[-1.802621,52.4351903]]}},{"type":"Feature","properties":{"abandoned:railway":"rail","bridge":"yes","layer":"1","name":"Didcot and Chester Line","railway":"abandoned","ref":"DCL","source_id":"osm-way-1116108188","dataset":"OpenStreetMap former/disused railway extract","publisher":"OpenStreetMap contributors","effective_date":"2026-09-07T10:02:26Z","licence":"ODbL-1.0"},"geometry":{"type":"LineString","coordinates":[[-1.8029568,52.4357528],[-1.8027246,52.4352601]]}},{"type":"Feature","properties":{"abandoned:railway":"rail","bridge":"yes","layer":"1","name":"Didcot and Chester Line","railway":"abandoned","ref":"DCL","source_id":"osm-way-1116108190","dataset":"OpenStreetMap former/disused railway extract","publisher":"OpenStreetMap contributors","effective_date":"2026-09-07T10:02:26Z","licence":"ODbL-1.0"},"geometry":{"type":"LineString","coordinates":[[-1.8054006,52.4395032],[-1.8053072,52.4393505]]}},{"type":"Feature","properties":{"abandoned:railway":"rail","name":"Heath Town Junction to Walsall Lichfield Road Junction","railway":"abandoned","ref":"HTW","source_id":"osm-way-1117807869","dataset":"OpenStreetMap former/disused railway extract","publisher":"OpenStreetMap contributors","effective_date":"2026-09-07T10:02:26Z","licence":"ODbL-1.0"},"geometry":{"type":"LineString","coordinates":[[-1.9798795,52.596289],[-1.9808119,52.596184],[-1.9817341,52.5961661],[-1.983258,52.5962345],[-1.9839332,52.5962842],[-1.9844129,52.5963371],[-1.9849724,52.5964689],[-1.9857092,52.5966918]]}},{"type":"Feature","properties":{"bridge":"yes","layer":"1","name":"Heath Town Junction to Walsall Lichfield Road Junction","railway":"razed","razed:railway":"rail","ref":"HTW","source_id":"osm-way-1117807870","dataset":"OpenStreetMap former/disused railway extract","publisher":"OpenStreetMap contributors","effective_date":"2026-09-07T10:02:26Z","licence":"ODbL-1.0"},"geometry":{"type":"LineString","coordinates":[[-1.9796266,52.596319],[-1.9798795,52.596289]]}},{"type":"Feature","properties":{"railway":"razed","razed:railway":"rail","service":"spur","source_id":"osm-way-1117810138","dataset":"OpenStreetMap former/disused railway extract","publisher":"OpenStreetMap contributors","effective_date":"2026-09-07T10:02:26Z","licence":"ODbL-1.0"},"geometry":{"type":"LineString","coordinates":[[-1.9660699,52.6314527],[-1.9649295,52.6317306],[-1.9632275,52.6320872],[-1.9622382,52.6323966],[-1.9618926,52.6325539],[-1.9616032,52.6327426],[-1.9614218,52.6328685],[-1.9612318,52.6330417]]}},{"type":"Feature","properties":{"foot":"yes","highway":"cycleway","motor_vehicle":"no","name":"Kingswinford Railway Walk","railway":"abandoned","railway:name":"Kingswinford Line","railway:ref":"KWD","smoothness":"very_bad","source":"GPS and OpenData_Street_View","surface":"mud","source_id":"osm-way-1118479896","dataset":"OpenStreetMap former/disused railway extract","publisher":"OpenStreetMap contributors","effective_date":"2026-09-07T10:02:26Z","licence":"ODbL-1.0"},"geometry":{"type":"LineString","coordinates":[[-2.159012,52.5126233],[-2.1598408,52.5127355]]}},{"type":"Feature","properties":{"bridge":"yes","foot":"yes","highway":"cycleway","layer":"1","motor_vehicle":"no","name":"Kingswinford Railway Walk","railway":"abandoned","railway:name":"Kingswinford Line","railway:ref":"KWD","smoothness":"very_bad","source":"GPS and OpenData_Street_View","surface":"mud","source_id":"osm-way-1118479897","dataset":"OpenStreetMap former/disused railway extract","publisher":"OpenStreetMap contributors","effective_date":"2026-09-07T10:02:26Z","licence":"ODbL-1.0"},"geometry":{"type":"LineString","coordinates":[[-2.1586847,52.5125874],[-2.159012,52.5126233]]}},{"type":"Feature","properties":{"bridge":"yes","highway":"cycleway","layer":"1","railway":"abandoned","railway:name":"Kingswinford Line","railway:ref":"KWD","source":"OS 1:25k","surface":"ground","source_id":"osm-way-1118479898","dataset":"OpenStreetMap former/disused railway extract","publisher":"OpenStreetMap contributors","effective_date":"2026-09-07T10:02:26Z","licence":"ODbL-1.0"},"geometry":{"type":"LineString","coordinates":[[-2.1773717,52.5147698],[-2.177479,52.5147812]]}},{"type":"Feature","properties":{"highway":"cycleway","railway":"abandoned","railway:name":"Kingswinford Line","railway:ref":"KWD","source":"OS 1:25k","surface":"ground","source_id":"osm-way-1118479899","dataset":"OpenStreetMap former/disused railway extract","publisher":"OpenStreetMap contributors","effective_date":"2026-09-07T10:02:26Z","licence":"ODbL-1.0"},"geometry":{"type":"LineString","coordinates":[[-2.1738877,52.5144113],[-2.1751258,52.5145268],[-2.1763016,52.51463],[-2.1773717,52.5147698]]}},{"type":"Feature","properties":{"bridge":"yes","foot":"yes","highway":"cycleway","layer":"1","motor_vehicle":"no","name":"Kingswinford Railway Walk","railway":"abandoned","railway:name":"Kingswinford Line","railway:ref":"KWD","source":"GPS and OpenData_Street_View","surface":"unpaved","source_id":"osm-way-1118479900","dataset":"OpenStreetMap former/disused railway extract","publisher":"OpenStreetMap contributors","effective_date":"2026-09-07T10:02:26Z","licence":"ODbL-1.0"},"geometry":{"type":"LineString","coordinates":[[-2.1854264,52.5173814],[-2.1856087,52.5174581]]}},{"type":"Feature","properties":{"foot":"yes","highway":"cycleway","motor_vehicle":"no","name":"Kingswinford Railway Walk","railway":"abandoned","railway:name":"Kingswinford Line","railway:ref":"KWD","source":"GPS and OpenData_Street_View","surface":"unpaved","source_id":"osm-way-1118479901","dataset":"OpenStreetMap former/disused railway extract","publisher":"OpenStreetMap contributors","effective_date":"2026-09-07T10:02:26Z","licence":"ODbL-1.0"},"geometry":{"type":"LineString","coordinates":[[-2.1818581,52.5158886],[-2.1827522,52.5162453],[-2.1835434,52.51658],[-2.1838948,52.5167432],[-2.1854264,52.5173814]]}},{"type":"Feature","properties":{"abandoned:railway":"rail","bridge:name":"Duddeston Viaduct","name":"Bordesley Disused Branch","railway":"abandoned","ref":"LWA2","service":"siding","source_id":"osm-way-1165341288","dataset":"OpenStreetMap former/disused railway extract","publisher":"OpenStreetMap contributors","effective_date":"2026-09-07T10:02:26Z","licence":"ODbL-1.0"},"geometry":{"type":"LineString","coordinates":[[-1.8790248,52.4732577],[-1.8796646,52.4738354]]}},{"type":"Feature","properties":{"bicycle":"yes","highway":"footway","horse":"yes","name":"McClean Way","railway":"abandoned","railway:name":"Bescot Junction to Wichnor Junction (Lichfield) Line","railway:ref":"BJW3","ref":"BJW3","source":"landsat & NPE & survey","surface":"unpaved","website":"http://www.backthetrack.org.uk/","source_id":"osm-way-1193945556","dataset":"OpenStreetMap former/disused railway extract","publisher":"OpenStreetMap contributors","effective_date":"2026-09-07T10:02:26Z","licence":"ODbL-1.0"},"geometry":{"type":"LineString","coordinates":[[-1.9435809,52.6447797],[-1.9418144,52.6456243],[-1.9417537,52.6456473],[-1.9409323,52.6460173],[-1.9378386,52.6474579],[-1.9368193,52.647951],[-1.9351966,52.6489143]]}},{"type":"Feature","properties":{"bicycle":"yes","highway":"footway","horse":"yes","name":"McClean Way","railway":"abandoned","railway:name":"Bescot Junction to Wichnor Junction (Lichfield) Line","railway:ref":"BJW3","ref":"BJW3","source":"landsat & NPE & survey","surface":"unpaved","website":"http://www.backthetrack.org.uk/","source_id":"osm-way-1193945558","dataset":"OpenStreetMap former/disused railway extract","publisher":"OpenStreetMap contributors","effective_date":"2026-09-07T10:02:26Z","licence":"ODbL-1.0"},"geometry":{"type":"LineString","coordinates":[[-1.9459975,52.643678],[-1.9442655,52.6444531],[-1.9437769,52.6446967]]}},{"type":"Feature","properties":{"abandoned:railway":"rail","name":"South Staffordshire Line","railway":"abandoned","ref":"BJW3","source_id":"osm-way-1193945559","dataset":"OpenStreetMap former/disused railway extract","publisher":"OpenStreetMap contributors","effective_date":"2026-09-07T10:02:26Z","licence":"ODbL-1.0"},"geometry":{"type":"LineString","coordinates":[[-1.9706194,52.6010005],[-1.9709945,52.6004736],[-1.9714564,52.5998269],[-1.9723637,52.5988998],[-1.9726044,52.5986539],[-1.9736129,52.5977155],[-1.9749222,52.5967448],[-1.9760054,52.5959038],[-1.9769812,52.5952276],[-1.9774773,52.5948316],[-1.9779517,52.5944892],[-1.9783792,52.5941578],[-1.9787746,52.5937669],[-1.979033,52.5934693]]}},{"type":"Feature","properties":{"bicycle":"yes","highway":"footway","horse":"yes","name":"McClean Way","railway":"abandoned","railway:name":"Bescot Junction to Wichnor Junction (Lichfield) Line","railway:ref":"BJW3","ref":"BJW3","source":"landsat & NPE & survey","surface":"unpaved","website":"http://www.backthetrack.org.uk/","source_id":"osm-way-1193945560","dataset":"OpenStreetMap former/disused railway extract","publisher":"OpenStreetMap contributors","effective_date":"2026-09-07T10:02:26Z","licence":"ODbL-1.0"},"geometry":{"type":"LineString","coordinates":[[-1.9501975,52.6417423],[-1.9462506,52.6435587],[-1.9461548,52.6436028]]}},{"type":"Feature","properties":{"abandoned:railway":"rail","designation":"Wolverhampton & Walsall Railway","name":"Heath Town Junction to Walsall Lichfield Road Junction","railway":"abandoned","ref":"HTW","source_id":"osm-way-1194061171","dataset":"OpenStreetMap former/disused railway extract","publisher":"OpenStreetMap contributors","effective_date":"2026-09-07T10:02:26Z","licence":"ODbL-1.0"},"geometry":{"type":"LineString","coordinates":[[-2.0519427,52.5878469],[-2.0510152,52.5880034],[-2.0495808,52.5884023],[-2.047906,52.58903],[-2.045522,52.5899686],[-2.0441998,52.5905171],[-2.0428506,52.5909394],[-2.0406013,52.5915602],[-2.0353485,52.5929136],[-2.0307025,52.5942578],[-2.0279594,52.5951277],[-2.0268865,52.5953754],[-2.025717,52.5955904],[-2.0244296,52.5957599],[-2.0239678,52.5958089],[-2.0232172,52.5958511],[-2.0212489,52.5959728],[-2.0201595,52.5960401],[-2.0197557,52.5960565],[-2.0175457,52.5961461],[-2.0161532,52.5962025]]}},{"type":"Feature","properties":{"abandoned:railway":"rail","designation":"Wolverhampton & Walsall Railway","fixme":"path status?","name":"Heath Town Junction to Walsall Lichfield Road Junction","railway":"dismantled","ref":"HTW","source_id":"osm-way-1194063931","dataset":"OpenStreetMap former/disused railway extract","publisher":"OpenStreetMap contributors","effective_date":"2026-09-07T10:02:26Z","licence":"ODbL-1.0"},"geometry":{"type":"LineString","coordinates":[[-2.099007,52.5935426],[-2.098049,52.5937558],[-2.0953363,52.5943811],[-2.0934033,52.5948297],[-2.0920514,52.5951509],[-2.0910281,52.5953324],[-2.0902153,52.5954195],[-2.0894537,52.5954556],[-2.0866931,52.5953396],[-2.0815999,52.5952394],[-2.0814611,52.5952364],[-2.0783211,52.5951703],[-2.0762606,52.5951841]]}},{"type":"Feature","properties":{"abandoned:railway":"rail","designation":"Wolverhampton & Walsall Railway","fixme":"path status?","name":"Heath Town Junction to Walsall Lichfield Road Junction","railway":"abandoned","ref":"HTW","source_id":"osm-way-1194063932","dataset":"OpenStreetMap former/disused railway extract","publisher":"OpenStreetMap contributors","effective_date":"2026-09-07T10:02:26Z","licence":"ODbL-1.0"},"geometry":{"type":"LineString","coordinates":[[-2.0762606,52.5951841],[-2.0752285,52.5951756],[-2.074102,52.5950961],[-2.0727055,52.5948564],[-2.0716032,52.5945493],[-2.070393,52.5940586],[-2.0692497,52.5934392],[-2.0689283,52.5931893],[-2.068656,52.5930267],[-2.0681209,52.5925613],[-2.0652635,52.5904677],[-2.0641799,52.5896334],[-2.0633109,52.5891185],[-2.0631222,52.5890298],[-2.0623043,52.5885278],[-2.0621018,52.5884331],[-2.0618374,52.5883207],[-2.060714,52.587969],[-2.0593829,52.5877544],[-2.0580418,52.5876346],[-2.0560728,52.5875553],[-2.0545074,52.5875485],[-2.053588,52.5876162],[-2.0526446,52.5877194],[-2.0519427,52.5878469]]}},{"type":"Feature","properties":{"railway":"abandoned","railway:name":"Kingswinford Line","railway:ref":"KWD","source_id":"osm-way-1194208405","dataset":"OpenStreetMap former/disused railway extract","publisher":"OpenStreetMap contributors","effective_date":"2026-09-07T10:02:26Z","licence":"ODbL-1.0"},"geometry":{"type":"LineString","coordinates":[[-2.1467041,52.6104761],[-2.1465049,52.6104881]]}},{"type":"Feature","properties":{"railway":"dismantled","railway:name":"Kingswinford Line","railway:ref":"KWD","source_id":"osm-way-1194208406","dataset":"OpenStreetMap former/disused railway extract","publisher":"OpenStreetMap contributors","effective_date":"2026-09-07T10:02:26Z","licence":"ODbL-1.0"},"geometry":{"type":"LineString","coordinates":[[-2.1666677,52.5927214],[-2.1668958,52.5925148]]}},{"type":"Feature","properties":{"railway":"abandoned","railway:name":"Kingswinford Line","railway:ref":"KWD","source_id":"osm-way-1194208408","dataset":"OpenStreetMap former/disused railway extract","publisher":"OpenStreetMap contributors","effective_date":"2026-09-07T10:02:26Z","licence":"ODbL-1.0"},"geometry":{"type":"LineString","coordinates":[[-2.1922734,52.5293561],[-2.1922429,52.5289746]]}},{"type":"Feature","properties":{"abandoned:railway":"rail","railway":"abandoned","source":"OS 1:25k","source_id":"osm-way-1194208410","dataset":"OpenStreetMap former/disused railway extract","publisher":"OpenStreetMap contributors","effective_date":"2026-09-07T10:02:26Z","licence":"ODbL-1.0"},"geometry":{"type":"LineString","coordinates":[[-2.1452996,52.5134481],[-2.1463141,52.513758],[-2.1476226,52.5141885],[-2.1481614,52.5144781],[-2.148523,52.5147332]]}},{"type":"Feature","properties":{"railway":"dismantled","source_id":"osm-way-1194208411","dataset":"OpenStreetMap former/disused railway extract","publisher":"OpenStreetMap contributors","effective_date":"2026-09-07T10:02:26Z","licence":"ODbL-1.0"},"geometry":{"type":"LineString","coordinates":[[-2.1278553,52.4977715],[-2.1282117,52.498073]]}},{"type":"Feature","properties":{"alt_name":"Ansley Colliery Branch","name":"Stockingford Branch","railway":"razed","razed:railway":"rail","ref":"SFB","source_id":"osm-way-1220998891","dataset":"OpenStreetMap former/disused railway extract","publisher":"OpenStreetMap contributors","effective_date":"2026-09-07T10:02:26Z","licence":"ODbL-1.0"},"geometry":{"type":"LineString","coordinates":[[-1.5288967,52.5376916],[-1.5287463,52.5376567],[-1.5278644,52.5373481],[-1.527497,52.5371654],[-1.526879,52.5367912],[-1.5265963,52.5366155],[-1.525919,52.5360644],[-1.5257819,52.5359598],[-1.5255824,52.5358091],[-1.5251551,52.535418],[-1.5247527,52.5350364]]}},{"type":"Feature","properties":{"abandoned:railway":"rail","alt_name":"Ansley Colliery Branch","name":"Stockingford Branch","railway":"abandoned","ref":"SFB","source_id":"osm-way-1220998892","dataset":"OpenStreetMap former/disused railway extract","publisher":"OpenStreetMap contributors","effective_date":"2026-09-07T10:02:26Z","licence":"ODbL-1.0"},"geometry":{"type":"LineString","coordinates":[[-1.5585885,52.5464916],[-1.5545536,52.5453281],[-1.553041,52.5448885],[-1.549193,52.5437602],[-1.5473772,52.5431781],[-1.5450785,52.5422889],[-1.5435023,52.5416247],[-1.5428263,52.541348],[-1.5421879,52.5410943],[-1.5408535,52.5405996],[-1.5402462,52.5403994],[-1.5398281,52.5402793],[-1.5391215,52.5401108],[-1.5384319,52.5399614],[-1.5362124,52.5394216],[-1.5324151,52.5385204],[-1.5300602,52.5379618],[-1.5288967,52.5376916]]}},{"type":"Feature","properties":{"abandoned:railway":"rail","name":"Ashby and Nuneaton Joint Railway","railway":"abandoned","ref":"AJW","source_id":"osm-way-1222462386","dataset":"OpenStreetMap former/disused railway extract","publisher":"OpenStreetMap contributors","effective_date":"2026-09-07T10:02:26Z","licence":"ODbL-1.0"},"geometry":{"type":"LineString","coordinates":[[-1.4769945,52.5337956],[-1.4771312,52.5331217],[-1.4773752,52.5320276],[-1.4775737,52.5312435],[-1.4776546,52.5310049],[-1.4777745,52.5308083],[-1.4779222,52.5306226],[-1.4781682,52.5303842],[-1.4785391,52.5300893],[-1.4791646,52.5296794]]}},{"type":"Feature","properties":{"foot":"yes","highway":"cycleway","motor_vehicle":"no","name":"Kingswinford Railway Walk","railway":"abandoned","railway:name":"Kingswinford Line","railway:ref":"KWD","source":"OS 1:25k","surface":"unpaved","source_id":"osm-way-1239920357","dataset":"OpenStreetMap former/disused railway extract","publisher":"OpenStreetMap contributors","effective_date":"2026-09-07T10:02:26Z","licence":"ODbL-1.0"},"geometry":{"type":"LineString","coordinates":[[-2.1922734,52.5293561],[-2.1922674,52.5306189],[-2.1922551,52.5320078],[-2.192253,52.5322399],[-2.1922388,52.5329392],[-2.192252,52.5332819],[-2.1922472,52.5345137]]}},{"type":"Feature","properties":{"foot":"yes","highway":"cycleway","layer":"-1","motor_vehicle":"no","name":"Kingswinford Railway Walk","railway":"abandoned","railway:name":"Kingswinford Line","railway:ref":"KWD","source":"OS 1:25k","surface":"unpaved","tunnel":"yes","source_id":"osm-way-1239920358","dataset":"OpenStreetMap former/disused railway extract","publisher":"OpenStreetMap contributors","effective_date":"2026-09-07T10:02:26Z","licence":"ODbL-1.0"},"geometry":{"type":"LineString","coordinates":[[-2.1922472,52.5345137],[-2.1922488,52.5347111]]}},{"type":"Feature","properties":{"bridge":"yes","demolished:bridge":"yes","layer":"1","name":"Codsall Loop","railway":"razed","razed:railway":"rail","source":"OS","source_id":"osm-way-1239920359","dataset":"OpenStreetMap former/disused railway extract","publisher":"OpenStreetMap contributors","effective_date":"2026-09-07T10:02:26Z","licence":"ODbL-1.0"},"geometry":{"type":"LineString","coordinates":[[-2.1509709,52.6114223],[-2.150823,52.6113185]]}},{"type":"Feature","properties":{"bicycle":"designated","foot":"designated","highway":"cycleway","motor_vehicle":"no","name":"Kingswinford Railway Walk","railway":"abandoned","source":"GPS and OpenData_Street_View","surface":"unpaved","source_id":"osm-way-1241836494","dataset":"OpenStreetMap former/disused railway extract","publisher":"OpenStreetMap contributors","effective_date":"2026-09-07T10:02:26Z","licence":"ODbL-1.0"},"geometry":{"type":"LineString","coordinates":[[-2.1308546,52.5038089],[-2.13111,52.5044655],[-2.1313754,52.5051475],[-2.1315063,52.5054841],[-2.131552,52.5055885],[-2.131973,52.50655]]}},{"type":"Feature","properties":{"bicycle":"designated","foot":"designated","highway":"cycleway","name":"Kingswinford Railway Walk","railway":"abandoned","source":"bing","surface":"compacted","source_id":"osm-way-1241845121","dataset":"OpenStreetMap former/disused railway extract","publisher":"OpenStreetMap contributors","effective_date":"2026-09-07T10:02:26Z","licence":"ODbL-1.0"},"geometry":{"type":"LineString","coordinates":[[-2.1229283,52.4963266],[-2.1233516,52.496478],[-2.1234817,52.496514],[-2.1236034,52.4965476],[-2.1236638,52.4965551],[-2.1241093,52.4966103],[-2.1244982,52.4966585],[-2.1246672,52.4966795],[-2.1247478,52.4966883],[-2.1249791,52.4967134],[-2.1254517,52.4967935],[-2.1257515,52.4968734],[-2.1261854,52.4970003],[-2.1268807,52.4972729],[-2.127556,52.4975907],[-2.1277083,52.4976721],[-2.1278553,52.4977715]]}},{"type":"Feature","properties":{"abandoned:railway":"rail","railway":"abandoned","source_id":"osm-way-1254338722","dataset":"OpenStreetMap former/disused railway extract","publisher":"OpenStreetMap contributors","effective_date":"2026-09-07T10:02:26Z","licence":"ODbL-1.0"},"geometry":{"type":"LineString","coordinates":[[-2.0889066,52.5044025],[-2.0890631,52.5042251]]}},{"type":"Feature","properties":{"abandoned:railway":"rail","railway":"abandoned","source_id":"osm-way-1254338723","dataset":"OpenStreetMap former/disused railway extract","publisher":"OpenStreetMap contributors","effective_date":"2026-09-07T10:02:26Z","licence":"ODbL-1.0"},"geometry":{"type":"LineString","coordinates":[[-2.0898082,52.5017393],[-2.0901906,52.5013948],[-2.0908998,52.5011494]]}},{"type":"Feature","properties":{"disused:railway":"rail","name":"Proof House Junction and Bushbury Junction Line","railway":"disused","ref":"PBJ","source_id":"osm-way-1287726981","dataset":"OpenStreetMap former/disused railway extract","publisher":"OpenStreetMap contributors","effective_date":"2026-09-07T10:02:26Z","licence":"ODbL-1.0"},"geometry":{"type":"LineString","coordinates":[[-1.8698014,52.4921529],[-1.8700101,52.4914887]]}},{"type":"Feature","properties":{"disused:railway":"rail","name":"Proof House Junction and Bushbury Junction Line","railway":"disused","ref":"PBJ","source_id":"osm-way-1287726982","dataset":"OpenStreetMap former/disused railway extract","publisher":"OpenStreetMap contributors","effective_date":"2026-09-07T10:02:26Z","licence":"ODbL-1.0"},"geometry":{"type":"LineString","coordinates":[[-1.8698517,52.492152],[-1.8700587,52.4914966]]}},{"type":"Feature","properties":{"bridge":"yes","disused:railway":"rail","layer":"1","name":"Proof House Junction and Bushbury Junction Line","railway":"disused","ref":"PBJ","source_id":"osm-way-1287726983","dataset":"OpenStreetMap former/disused railway extract","publisher":"OpenStreetMap contributors","effective_date":"2026-09-07T10:02:26Z","licence":"ODbL-1.0"},"geometry":{"type":"LineString","coordinates":[[-1.8696869,52.492504],[-1.8698014,52.4921529]]}},{"type":"Feature","properties":{"bridge":"yes","disused:railway":"rail","layer":"1","name":"Proof House Junction and Bushbury Junction Line","railway":"disused","ref":"PBJ","source_id":"osm-way-1287726984","dataset":"OpenStreetMap former/disused railway extract","publisher":"OpenStreetMap contributors","effective_date":"2026-09-07T10:02:26Z","licence":"ODbL-1.0"},"geometry":{"type":"LineString","coordinates":[[-1.8697405,52.4925011],[-1.8698517,52.492152]]}},{"type":"Feature","properties":{"bicycle":"designated","foot":"designated","highway":"cycleway","motor_vehicle":"no","name":"Kingswinford Railway Walk","railway":"abandoned","source":"GPS and OpenData_Street_View","surface":"unpaved","source_id":"osm-way-1306418843","dataset":"OpenStreetMap former/disused railway extract","publisher":"OpenStreetMap contributors","effective_date":"2026-09-07T10:02:26Z","licence":"ODbL-1.0"},"geometry":{"type":"LineString","coordinates":[[-2.1297361,52.5009337],[-2.1298094,52.5011222],[-2.1301911,52.5021035],[-2.1308546,52.5038089]]}},{"type":"Feature","properties":{"bicycle":"designated","foot":"designated","highway":"cycleway","motor_vehicle":"no","name":"Kingswinford Railway Walk","railway":"abandoned","source":"GPS and OpenData_Street_View","surface":"unpaved","source_id":"osm-way-1306418844","dataset":"OpenStreetMap former/disused railway extract","publisher":"OpenStreetMap contributors","effective_date":"2026-09-07T10:02:26Z","licence":"ODbL-1.0"},"geometry":{"type":"LineString","coordinates":[[-2.131973,52.50655],[-2.1320692,52.5067698],[-2.1324474,52.5076337]]}},{"type":"Feature","properties":{"bridge":"yes","layer":"1","railway":"abandoned","source_id":"osm-way-1325489332","dataset":"OpenStreetMap former/disused railway extract","publisher":"OpenStreetMap contributors","effective_date":"2026-09-07T10:02:26Z","licence":"ODbL-1.0"},"geometry":{"type":"LineString","coordinates":[[-1.9976017,52.5058169],[-1.9974095,52.5057908]]}},{"type":"Feature","properties":{"abandoned:railway":"rail","name":"Baddesley Colliery Sidings","prow_ref":"AE86","railway":"abandoned","service":"spur","source":"OS 1:25k","source_id":"osm-way-1344561584","dataset":"OpenStreetMap former/disused railway extract","publisher":"OpenStreetMap contributors","effective_date":"2026-09-07T10:02:26Z","licence":"ODbL-1.0"},"geometry":{"type":"LineString","coordinates":[[-1.5604594,52.5827146],[-1.5613403,52.5825751],[-1.5624765,52.5823365],[-1.5627036,52.5823011],[-1.563485,52.5821794],[-1.5640075,52.5822127],[-1.5649838,52.5824141],[-1.5661672,52.5825699],[-1.5679696,52.5826687],[-1.5705338,52.5827388],[-1.5720992,52.5827593],[-1.5736197,52.5826846],[-1.5744669,52.5825775],[-1.5753827,52.5823794],[-1.5765354,52.5819816]]}},{"type":"Feature","properties":{"abandoned:railway":"rail","highway":"bridleway","name":"Norton Branch","railway":"abandoned","ref":"NOR1","source":"OS 1:25k","source_id":"osm-way-1346596839","dataset":"OpenStreetMap former/disused railway extract","publisher":"OpenStreetMap contributors","effective_date":"2026-09-07T10:02:26Z","licence":"ODbL-1.0"},"geometry":{"type":"LineString","coordinates":[[-1.960709,52.6625812],[-1.9594945,52.6611372]]}},{"type":"Feature","properties":{"abandoned:railway":"rail","name":"Norton Branch","railway":"abandoned","ref":"NOR1","source":"OS 1:25k","source_id":"osm-way-1346596840","dataset":"OpenStreetMap former/disused railway extract","publisher":"OpenStreetMap contributors","effective_date":"2026-09-07T10:02:26Z","licence":"ODbL-1.0"},"geometry":{"type":"LineString","coordinates":[[-1.9594945,52.6611372],[-1.9592281,52.6608098],[-1.956798,52.6574076],[-1.9545715,52.6538875],[-1.9538642,52.6525339],[-1.9533745,52.6515463],[-1.9530205,52.6508043],[-1.952455,52.6492616],[-1.9518113,52.6472333],[-1.9519078,52.6462439],[-1.9524314,52.6453013],[-1.9533498,52.6441035],[-1.9542081,52.6432702],[-1.9556672,52.6422546],[-1.9568345,52.6414226],[-1.9574933,52.6402547],[-1.9577636,52.6394734],[-1.9578267,52.6390844],[-1.957844,52.6383109],[-1.9579669,52.6374168],[-1.9581657,52.6368614],[-1.9587205,52.6358585]]}},{"type":"Feature","properties":{"crossing":"uncontrolled","crossing:island":"no","crossing:markings":"yes","cycleway":"crossing","highway":"cycleway","name":"McClean Way","railway":"abandoned","surface":"asphalt","tactile_paving":"yes","traffic_calming":"table","source_id":"osm-way-1355985786","dataset":"OpenStreetMap former/disused railway extract","publisher":"OpenStreetMap contributors","effective_date":"2026-09-07T10:02:26Z","licence":"ODbL-1.0"},"geometry":{"type":"LineString","coordinates":[[-1.9682712,52.6066819],[-1.9682596,52.6067253]]}},{"type":"Feature","properties":{"abandoned:railway":"rail","bicycle":"designated","foot":"designated","highway":"cycleway","name":"South Staffordshire Line","railway":"abandoned","ref":"BJW3","segregated":"no","surface":"asphalt","source_id":"osm-way-1356728495","dataset":"OpenStreetMap former/disused railway extract","publisher":"OpenStreetMap contributors","effective_date":"2026-09-07T10:02:26Z","licence":"ODbL-1.0"},"geometry":{"type":"LineString","coordinates":[[-1.9641834,52.6253223],[-1.9640942,52.6255104]]}},{"type":"Feature","properties":{"abandoned:railway":"rail","bicycle":"designated","foot":"designated","highway":"cycleway","name":"McClean Way","railway":"abandoned","ref":"BJW3","segregated":"no","surface":"dirt","source_id":"osm-way-1376775167","dataset":"OpenStreetMap former/disused railway extract","publisher":"OpenStreetMap contributors","effective_date":"2026-09-07T10:02:26Z","licence":"ODbL-1.0"},"geometry":{"type":"LineString","coordinates":[[-1.9525473,52.6404842],[-1.9550792,52.6389661],[-1.9568124,52.6376938],[-1.9568821,52.6376299],[-1.9576616,52.6368904],[-1.9587205,52.6358585],[-1.9596071,52.6348814],[-1.9599765,52.6344742],[-1.9601361,52.6342921]]}},{"type":"Feature","properties":{"abandoned:railway":"rail","electrified":"no","gauge":"1435","railway":"disused","service":"yard","source":"NPE;bing","usage":"industrial","source_id":"osm-way-1393659882","dataset":"OpenStreetMap former/disused railway extract","publisher":"OpenStreetMap contributors","effective_date":"2026-09-07T10:02:26Z","licence":"ODbL-1.0"},"geometry":{"type":"LineString","coordinates":[[-2.0102012,52.4956601],[-2.0101216,52.4958656],[-2.0101072,52.4959026]]}},{"type":"Feature","properties":{"abandoned:railway":"rail","electrified":"no","gauge":"1435","railway":"razed","service":"yard","source":"NPE;bing","usage":"industrial","source_id":"osm-way-1393659883","dataset":"OpenStreetMap former/disused railway extract","publisher":"OpenStreetMap contributors","effective_date":"2026-09-07T10:02:26Z","licence":"ODbL-1.0"},"geometry":{"type":"LineString","coordinates":[[-2.0107971,52.4958526],[-2.0107139,52.4958811],[-2.0106241,52.4959015],[-2.010484,52.4959173]]}},{"type":"Feature","properties":{"abandoned:railway":"rail","electrified":"no","gauge":"1435","name":"Oldbury Branch","railway":"abandoned","source":"NPE;bing","usage":"branch","source_id":"osm-way-1393659884","dataset":"OpenStreetMap former/disused railway extract","publisher":"OpenStreetMap contributors","effective_date":"2026-09-07T10:02:26Z","licence":"ODbL-1.0"},"geometry":{"type":"LineString","coordinates":[[-2.0047446,52.4942706],[-2.0050365,52.4940541],[-2.0051582,52.4939702],[-2.005241,52.4939166]]}},{"type":"Feature","properties":{"abandoned:railway":"rail","electrified":"no","gauge":"1435","name":"Oldbury Branch","railway":"abandoned","source":"NPE;bing","usage":"branch","source_id":"osm-way-1393659885","dataset":"OpenStreetMap former/disused railway extract","publisher":"OpenStreetMap contributors","effective_date":"2026-09-07T10:02:26Z","licence":"ODbL-1.0"},"geometry":{"type":"LineString","coordinates":[[-2.0042931,52.4948199],[-2.0044782,52.4946191],[-2.0046043,52.4945056],[-2.0046807,52.4944288],[-2.0047639,52.4943423],[-2.0048859,52.4942377],[-2.0049395,52.4941914],[-2.0050653,52.4940987],[-2.0051367,52.4940502],[-2.0052289,52.4939844]]}},{"type":"Feature","properties":{"abandoned:railway":"rail","electrified":"no","gauge":"1435","name":"Oldbury Branch","railway":"disused","ref":"OLD","service":"crossover","source":"NPE;bing","usage":"branch","source_id":"osm-way-1393659886","dataset":"OpenStreetMap former/disused railway extract","publisher":"OpenStreetMap contributors","effective_date":"2026-09-07T10:02:26Z","licence":"ODbL-1.0"},"geometry":{"type":"LineString","coordinates":[[-2.0097845,52.4955423],[-2.0097899,52.4956623],[-2.0097845,52.495833],[-2.0097751,52.4959718],[-2.009755,52.4960722],[-2.0097564,52.4961547],[-2.0097671,52.4963016],[-2.0097698,52.4963865],[-2.0097711,52.4964682],[-2.0097805,52.4965368],[-2.0097872,52.4967188],[-2.0097644,52.4969009],[-2.0097537,52.4969768],[-2.0097483,52.4970511],[-2.0097497,52.4971181],[-2.0097577,52.4971752],[-2.0097966,52.4972651],[-2.0098288,52.4973157],[-2.0098685,52.4973714],[-2.0099047,52.4974228],[-2.00992,52.4974798],[-2.009925,52.4975053]]}},{"type":"Feature","properties":{"abandoned:railway":"rail","electrified":"no","gauge":"1435","name":"Oldbury Branch","railway":"disused","ref":"OLD","source":"NPE;bing","usage":"branch","source_id":"osm-way-1393659887","dataset":"OpenStreetMap former/disused railway extract","publisher":"OpenStreetMap contributors","effective_date":"2026-09-07T10:02:26Z","licence":"ODbL-1.0"},"geometry":{"type":"LineString","coordinates":[[-2.009925,52.4975053],[-2.0099284,52.497563]]}},{"type":"Feature","properties":{"railway":"razed","ref":"LCB","source_id":"osm-way-1425521462","dataset":"OpenStreetMap former/disused railway extract","publisher":"OpenStreetMap contributors","effective_date":"2026-09-07T10:02:26Z","licence":"ODbL-1.0"},"geometry":{"type":"LineString","coordinates":[[-1.9261195,52.425714],[-1.9257778,52.4248799]]}},{"type":"Feature","properties":{"gauge":"1435","railway":"razed","service":"siding","source_id":"osm-way-1442819402","dataset":"OpenStreetMap former/disused railway extract","publisher":"OpenStreetMap contributors","effective_date":"2026-09-07T10:02:26Z","licence":"ODbL-1.0"},"geometry":{"type":"LineString","coordinates":[[-1.8333174,52.5045628],[-1.8336214,52.5044858],[-1.8338627,52.5044262],[-1.834147,52.5043665],[-1.8346112,52.5042802],[-1.8353008,52.5041521],[-1.8361289,52.5039996],[-1.8369432,52.5038497],[-1.8373094,52.5037843],[-1.8377789,52.5036966],[-1.8384902,52.5035658],[-1.8393103,52.5034138],[-1.8401979,52.5032504],[-1.8410444,52.503093],[-1.8417218,52.5029649],[-1.8421129,52.5028896],[-1.8424555,52.5028197],[-1.8429031,52.5027224],[-1.8432881,52.502634],[-1.8436468,52.5025448],[-1.8438876,52.5024856],[-1.8441927,52.502405]]}},{"type":"Feature","properties":{"maxspeed":"5 mph","railway":"razed","razed:railway":"rail","service":"yard","source_id":"osm-way-1443661802","dataset":"OpenStreetMap former/disused railway extract","publisher":"OpenStreetMap contributors","effective_date":"2026-09-07T10:02:26Z","licence":"ODbL-1.0"},"geometry":{"type":"LineString","coordinates":[[-1.8361753,52.5042771],[-1.8367371,52.5041733],[-1.8373551,52.50406],[-1.8378166,52.5039752]]}},{"type":"Feature","properties":{"railway":"abandoned","service":"yard","usage":"industrial","source_id":"osm-way-1445648179","dataset":"OpenStreetMap former/disused railway extract","publisher":"OpenStreetMap contributors","effective_date":"2026-09-07T10:02:26Z","licence":"ODbL-1.0"},"geometry":{"type":"LineString","coordinates":[[-2.0040186,52.4986194],[-2.003827,52.498719],[-2.0036155,52.498829]]}},{"type":"Feature","properties":{"railway":"abandoned","service":"yard","usage":"industrial","source_id":"osm-way-1445648180","dataset":"OpenStreetMap former/disused railway extract","publisher":"OpenStreetMap contributors","effective_date":"2026-09-07T10:02:26Z","licence":"ODbL-1.0"},"geometry":{"type":"LineString","coordinates":[[-2.0035776,52.4988107],[-2.0036587,52.4987628],[-2.003827,52.498719]]}},{"type":"Feature","properties":{"abandoned:railway":"rail","railway":"razed","service":"siding","usage":"industrial","source_id":"osm-way-1446341282","dataset":"OpenStreetMap former/disused railway extract","publisher":"OpenStreetMap contributors","effective_date":"2026-09-07T10:02:26Z","licence":"ODbL-1.0"},"geometry":{"type":"LineString","coordinates":[[-2.0121529,52.4933551],[-2.0121939,52.4934234],[-2.0122208,52.4934699],[-2.0122414,52.4935369],[-2.0122422,52.4935973],[-2.0122347,52.4936618],[-2.0122047,52.4937287],[-2.0121711,52.4938088]]}},{"type":"Feature","properties":{"abandoned:railway":"rail","railway":"disused","service":"siding","usage":"industrial","source_id":"osm-way-1446341283","dataset":"OpenStreetMap former/disused railway extract","publisher":"OpenStreetMap contributors","effective_date":"2026-09-07T10:02:26Z","licence":"ODbL-1.0"},"geometry":{"type":"LineString","coordinates":[[-2.0120738,52.4932234],[-2.0121529,52.4933551]]}},{"type":"Feature","properties":{"note":"Track long out of use but still visable","railway":"disused","service":"yard","usage":"industrial","source_id":"osm-way-1474463297","dataset":"OpenStreetMap former/disused railway extract","publisher":"OpenStreetMap contributors","effective_date":"2026-09-07T10:02:26Z","licence":"ODbL-1.0"},"geometry":{"type":"LineString","coordinates":[[-2.0257439,52.506162],[-2.0256386,52.5062785],[-2.0255174,52.5064125],[-2.0254236,52.5065162],[-2.0253696,52.5065769],[-2.0253599,52.5065878],[-2.0253199,52.5066456],[-2.0253035,52.5067072],[-2.0253121,52.5067485],[-2.0252773,52.5066909],[-2.0252144,52.5065865],[-2.0251896,52.5065454]]}},{"type":"Feature","properties":{"note":"Track long out of use but still visable","railway":"disused","service":"yard","usage":"industrial","source_id":"osm-way-1474463298","dataset":"OpenStreetMap former/disused railway extract","publisher":"OpenStreetMap contributors","effective_date":"2026-09-07T10:02:26Z","licence":"ODbL-1.0"},"geometry":{"type":"LineString","coordinates":[[-2.0255563,52.5059201],[-2.0254721,52.5060151],[-2.0254608,52.5060278],[-2.0253273,52.5061782],[-2.0252862,52.5062245]]}},{"type":"Feature","properties":{"layer":"-1","note":"Track long out of use but still visable","railway":"disused","service":"yard","usage":"industrial","source_id":"osm-way-1474463299","dataset":"OpenStreetMap former/disused railway extract","publisher":"OpenStreetMap contributors","effective_date":"2026-09-07T10:02:26Z","licence":"ODbL-1.0"},"geometry":{"type":"LineString","coordinates":[[-2.0255853,52.5060696],[-2.0254608,52.5060278],[-2.0254245,52.5060156],[-2.0252889,52.5059701]]}},{"type":"Feature","properties":{"electrified":"contact_line","frequency":"50","gauge":"1435","maxspeed":"15 mph","name":"Soho Curve","operator":"Network Rail","operator:wikidata":"Q1501071","railway":"razed","railway:aws":"yes","railway:preferred_direction":"forward","railway:tpws":"yes","razed:railway":"rail","ref":"SCL","usage":"branch","voltage":"25000","source_id":"osm-way-1476467298","dataset":"OpenStreetMap former/disused railway extract","publisher":"OpenStreetMap contributors","effective_date":"2026-09-07T10:02:26Z","licence":"ODbL-1.0"},"geometry":{"type":"LineString","coordinates":[[-1.9481522,52.4952359],[-1.9477926,52.4951466],[-1.9476269,52.4951111]]}},{"type":"Feature","properties":{"abandoned:railway":"rail","bridge":"viaduct","bridge:name":"Duddeston Viaduct","layer":"1","name":"Bordesley Disused Branch","note":"this viaduct never actually carried trains","railway":"razed","source":"visual survey;cities_revealed_aerial_imagery","source_id":"osm-way-1551173567","dataset":"OpenStreetMap former/disused railway extract","publisher":"OpenStreetMap contributors","effective_date":"2026-09-07T10:02:26Z","licence":"ODbL-1.0"},"geometry":{"type":"LineString","coordinates":[[-1.8799362,52.4785353],[-1.8796533,52.4793349],[-1.8795808,52.4798831],[-1.8796473,52.4803173],[-1.8798164,52.480722],[-1.8799675,52.4810164],[-1.8802585,52.4812549]]}}]}
