{"type":"FeatureCollection","source_url":"https://overpass-api.de/api/interpreter","query":"[out:json];way[\"railway\"~\"^(abandoned|disused|dismantled|razed)$\"](50.9449855115398,-2.36558992950093,51.7031220613336,-1.48561782031052);out geom;","retrieved_at":"2026-09-07T10:03:56.230964+00:00","features":[{"type":"Feature","properties":{"bicycle":"permissive","foot":"permissive","highway":"cycleway","horse":"permissive","name":"Colliers Way","railway":"abandoned","source":"survey","surface":"asphalt","source_id":"osm-way-2524238","dataset":"OpenStreetMap former/disused railway extract","publisher":"OpenStreetMap contributors","effective_date":"2026-09-07T10:02:26Z","licence":"ODbL-1.0"},"geometry":{"type":"LineString","coordinates":[[-2.3639723,51.2481019],[-2.3642197,51.2481405],[-2.3650596,51.2483445],[-2.3666776,51.2487364],[-2.3675061,51.2489438],[-2.3676282,51.2489744],[-2.3677538,51.2490088],[-2.3678671,51.2490375],[-2.3679894,51.2490699],[-2.3691101,51.2493667],[-2.3698474,51.2495745],[-2.3706294,51.2497682],[-2.3710525,51.2498883],[-2.3717085,51.2500228],[-2.3726488,51.2501895],[-2.3746913,51.2505289],[-2.3753264,51.2506303],[-2.3758852,51.2507182],[-2.3766133,51.2508213],[-2.3771608,51.2508773],[-2.379887,51.2512969],[-2.381295,51.2516105],[-2.3815048,51.2516157],[-2.3817523,51.251609],[-2.3819577,51.2516298],[-2.3821643,51.2516715],[-2.3823881,51.2517601],[-2.3827077,51.2518533],[-2.3828284,51.2519173],[-2.3829584,51.2519563],[-2.3831102,51.2519783],[-2.3832145,51.252008],[-2.3833127,51.2520643],[-2.3834432,51.2521003],[-2.3837684,51.2521565],[-2.3839772,51.2522195],[-2.384303,51.2523661],[-2.3845171,51.252432],[-2.3848303,51.252583],[-2.3851339,51.2526841],[-2.3854625,51.2528294],[-2.385758,51.2529332],[-2.3859483,51.253039],[-2.3861248,51.2531237],[-2.3871444,51.25347],[-2.3887002,51.2540092],[-2.3888398,51.2540287],[-2.3890376,51.2540715],[-2.3898353,51.254317],[-2.3901134,51.2543865],[-2.3903155,51.2544523],[-2.3905764,51.2545861],[-2.3910409,51.2547535],[-2.392145,51.2550746],[-2.393678,51.2554961],[-2.3941036,51.2555835],[-2.3957666,51.256013],[-2.396678,51.2562325],[-2.3974401,51.2563951],[-2.3982128,51.2565497],[-2.3988469,51.2566805],[-2.3990779,51.2567049],[-2.3992385,51.2567379],[-2.3996613,51.256845],[-2.4001256,51.2569442],[-2.4011262,51.2571536],[-2.4013288,51.2571784],[-2.4015066,51.2572104],[-2.4017793,51.2573021],[-2.4021165,51.2573796],[-2.4032324,51.2576346],[-2.4034472,51.2576888],[-2.4038817,51.2577523],[-2.4042035,51.2578316],[-2.4051448,51.2580933],[-2.4054865,51.2581806],[-2.405997,51.2582882],[-2.4062047,51.2583356],[-2.4066552,51.2584606],[-2.4070228,51.2585926],[-2.4071997,51.2586358],[-2.407477,51.2587344],[-2.4077755,51.2588113],[-2.4081568,51.2589314],[-2.4085452,51.2590689],[-2.4086697,51.2591011],[-2.4087585,51.2591102],[-2.4090857,51.2592168],[-2.4093651,51.2592859],[-2.4103251,51.2595047],[-2.4117122,51.2599038],[-2.4118505,51.2599557],[-2.4119083,51.2599948],[-2.4119494,51.2600842],[-2.4119674,51.260114],[-2.4120109,51.260135],[-2.4142429,51.2607047],[-2.4148402,51.2608837],[-2.4157008,51.2612331],[-2.4163935,51.2615673],[-2.4170118,51.2619353],[-2.4174517,51.2622476],[-2.4179388,51.2625724],[-2.4181914,51.262781],[-2.4185748,51.2632061],[-2.4188379,51.2635602],[-2.4189953,51.2638197],[-2.4191107,51.2640647],[-2.4191717,51.264236],[-2.4191887,51.2642529],[-2.4192212,51.264259],[-2.4192994,51.2642748],[-2.4193282,51.2643072],[-2.419445,51.2647377],[-2.4195515,51.2651819],[-2.4197057,51.2654991],[-2.4199392,51.2658434],[-2.4202852,51.2662309],[-2.4205066,51.266436],[-2.4207684,51.2666788],[-2.4210742,51.2669164],[-2.4215061,51.2671947],[-2.4219805,51.2674679],[-2.4226347,51.2677636],[-2.4232586,51.2679881],[-2.4239681,51.2682363]]}},{"type":"Feature","properties":{"bicycle":"designated","foot":"yes","hazard":"pedestrians","highway":"service","maxspeed":"10 mph","maxspeed:type":"sign","note":"A few traffic calming bumps & potholes","ownership":"private","railway":"abandoned","sidewalk":"no","surface":"asphalt","source_id":"osm-way-4551700","dataset":"OpenStreetMap former/disused railway extract","publisher":"OpenStreetMap contributors","effective_date":"2026-09-07T10:02:26Z","licence":"ODbL-1.0"},"geometry":{"type":"LineString","coordinates":[[-2.3225993,51.3574853],[-2.322236,51.3576248],[-2.3218879,51.3577457],[-2.3214792,51.3578448],[-2.32109,51.3579172],[-2.3206086,51.3579728]]}},{"type":"Feature","properties":{"abandoned:railway":"rail","bicycle":"designated","cutting":"yes","foot":"designated","highway":"cycleway","name":"Chiseldon & Marlborough Railway Path","old_name":"Andoversford Line","old_ref":"AND","railway":"abandoned","surface":"compacted","source_id":"osm-way-6532736","dataset":"OpenStreetMap former/disused railway extract","publisher":"OpenStreetMap contributors","effective_date":"2026-09-07T10:02:26Z","licence":"ODbL-1.0"},"geometry":{"type":"LineString","coordinates":[[-1.7175873,51.4262958],[-1.7182721,51.4266133],[-1.7188816,51.4269204],[-1.7194664,51.4272399],[-1.7202302,51.4276155],[-1.7204745,51.4277467],[-1.7207831,51.4279409],[-1.721068,51.4281256],[-1.7213,51.4283052],[-1.7215819,51.428518],[-1.7218021,51.4287077],[-1.7220999,51.4290288],[-1.7223874,51.4294121],[-1.7227731,51.4299228],[-1.7231348,51.4304378],[-1.7234874,51.4309402],[-1.7236866,51.4311907],[-1.7238683,51.4313838],[-1.7241712,51.4316452],[-1.7245031,51.4319025],[-1.725059,51.4322676],[-1.7256358,51.4326451],[-1.7259653,51.4328751],[-1.726301,51.4331301],[-1.7264629,51.433262],[-1.7264761,51.4332727],[-1.7267313,51.4335056],[-1.7271422,51.4339183],[-1.7274075,51.4342706],[-1.7276234,51.4345987],[-1.7278307,51.4350056],[-1.72798,51.4353689],[-1.7281189,51.4358194],[-1.7282146,51.4361699],[-1.7283451,51.4365784],[-1.7285691,51.437151],[-1.728739,51.4374755],[-1.7289395,51.4377934],[-1.7292457,51.4381882],[-1.7295903,51.4386041],[-1.7299466,51.4390242],[-1.7302248,51.4394205],[-1.7304063,51.4397585],[-1.7305918,51.4402271],[-1.7306996,51.4405644],[-1.7307577,51.440898],[-1.7307873,51.4411694],[-1.7308015,51.4414488],[-1.7307883,51.441781],[-1.7307554,51.4419699],[-1.7306851,51.4421879],[-1.7305939,51.4424991],[-1.730486,51.442802],[-1.7303167,51.4431198],[-1.7300991,51.4435118],[-1.7299593,51.4437685],[-1.729836,51.4439841],[-1.7295722,51.4444156],[-1.7292946,51.4448537],[-1.7291002,51.4451546],[-1.7289491,51.4453541],[-1.7287841,51.445545],[-1.7283933,51.4459354],[-1.7281238,51.4461704],[-1.7278683,51.4463762]]}},{"type":"Feature","properties":{"abandoned:railway":"rail","bicycle":"designated","embankment":"yes","foot":"designated","highway":"cycleway","name":"Chiseldon & Marlborough Railway Path","old_name":"Andoversford Line","old_ref":"AND","railway":"abandoned","surface":"compacted","source_id":"osm-way-6533813","dataset":"OpenStreetMap former/disused railway extract","publisher":"OpenStreetMap contributors","effective_date":"2026-09-07T10:02:26Z","licence":"ODbL-1.0"},"geometry":{"type":"LineString","coordinates":[[-1.711244,51.4199148],[-1.7112308,51.4199743],[-1.7112257,51.4200346],[-1.7111889,51.4201587],[-1.7111482,51.4203143],[-1.7111208,51.4204482],[-1.7111053,51.4205681]]}},{"type":"Feature","properties":{"abandoned:railway":"rail","bicycle":"designated","foot":"yes","highway":"cycleway","horse":"yes","motor_vehicle":"private","ncn":"yes","ncn_ref":"45","old_name":"Andoversford Line","old_ref":"AND","railway":"abandoned","segregated":"no","surface":"dirt","source_id":"osm-way-8055762","dataset":"OpenStreetMap former/disused railway extract","publisher":"OpenStreetMap contributors","effective_date":"2026-09-07T10:02:26Z","licence":"ODbL-1.0"},"geometry":{"type":"LineString","coordinates":[[-1.869607,51.6431893],[-1.8706564,51.64403],[-1.8712319,51.644548],[-1.8715773,51.6448508],[-1.8720015,51.6452572],[-1.8724611,51.6456668],[-1.8737873,51.6468351],[-1.8741212,51.6471219],[-1.8744784,51.6474059],[-1.8748565,51.6476927],[-1.8752534,51.6479796],[-1.8758779,51.648405],[-1.8760026,51.6484856],[-1.8766106,51.6488505],[-1.877457,51.6493306],[-1.8778246,51.6495242],[-1.8783834,51.6497973],[-1.8789047,51.6500321],[-1.8797829,51.6504171],[-1.8807171,51.6507794],[-1.8816586,51.6511135]]}},{"type":"Feature","properties":{"abandoned:railway":"rail","bicycle":"designated","designation":"public_bridleway","foot":"designated","highway":"cycleway","horse":"designated","ncn":"yes","ncn_ref":"45","old_name":"Andoversford Line","old_ref":"AND","prow_ref":"BSC 51","railway":"abandoned","source:prow_ref":"gloucestershire_county_council_prow_gis_data","surface":"gravel","source_id":"osm-way-8055763","dataset":"OpenStreetMap former/disused railway extract","publisher":"OpenStreetMap contributors","effective_date":"2026-09-07T10:02:26Z","licence":"ODbL-1.0"},"geometry":{"type":"LineString","coordinates":[[-1.9184951,51.6728274],[-1.9187328,51.6730976],[-1.9189418,51.6733109],[-1.9191471,51.6735117],[-1.9192724,51.6735932],[-1.9197154,51.6739859],[-1.9198682,51.6741168],[-1.9200524,51.6742746],[-1.9201251,51.6743369],[-1.9205727,51.6746898],[-1.9209288,51.6749254]]}},{"type":"Feature","properties":{"bicycle":"designated","foot":"yes","highway":"cycleway","horse":"yes","motor_vehicle":"no","ncn":"yes","ncn_ref":"45","railway":"abandoned","segregated":"no","surface":"gravel","source_id":"osm-way-23307877","dataset":"OpenStreetMap former/disused railway extract","publisher":"OpenStreetMap contributors","effective_date":"2026-09-07T10:02:26Z","licence":"ODbL-1.0"},"geometry":{"type":"LineString","coordinates":[[-1.8670266,51.6428375],[-1.8670381,51.642837],[-1.8670481,51.6428327],[-1.867055,51.6428236],[-1.8670635,51.642805],[-1.867075,51.6427954],[-1.8670905,51.6427868],[-1.8671113,51.6427797],[-1.8671299,51.6427788],[-1.8672359,51.6427892],[-1.8679754,51.6428744],[-1.8680134,51.6428781],[-1.868846,51.6429594],[-1.8692026,51.6430019],[-1.8692803,51.643011],[-1.8693179,51.643019],[-1.869352,51.6430312],[-1.86948,51.6431049],[-1.869607,51.6431893]]}},{"type":"Feature","properties":{"abandoned:railway":"rail","bicycle":"designated","foot":"designated","highway":"cycleway","lcn":"yes","lcn_ref":"UR;WSR","lit":"no","ncn":"yes","ncn_ref":"45","old_name":"Andoversford Line","old_ref":"AND","railway":"abandoned","segregated":"no","smoothness":"intermediate","surface":"gravel","source_id":"osm-way-23308025","dataset":"OpenStreetMap former/disused railway extract","publisher":"OpenStreetMap contributors","effective_date":"2026-09-07T10:02:26Z","licence":"ODbL-1.0"},"geometry":{"type":"LineString","coordinates":[[-1.818981,51.5675122],[-1.8190827,51.5676562],[-1.8193242,51.5679887],[-1.8194446,51.5681422],[-1.8196159,51.5684001],[-1.8199879,51.5689223],[-1.8203511,51.5694193],[-1.820593,51.5697464],[-1.8208026,51.5700397],[-1.8210725,51.5704429],[-1.8211778,51.5706086],[-1.8212546,51.5706978],[-1.8213271,51.5707834],[-1.8214022,51.570867],[-1.8215183,51.5709867],[-1.8217324,51.57119],[-1.821847,51.5713118],[-1.8219687,51.5714699],[-1.8221067,51.5716602],[-1.8222601,51.5718908],[-1.8223792,51.572093],[-1.8224071,51.5721371],[-1.8225007,51.5722641],[-1.8225823,51.5724026],[-1.8226537,51.5725404],[-1.8227325,51.5727171],[-1.8228782,51.5729853],[-1.8229564,51.5731152],[-1.8230276,51.5732319],[-1.8231573,51.5734657],[-1.8232683,51.5737063],[-1.8233165,51.5738177],[-1.8234141,51.5740954],[-1.8234933,51.5743381],[-1.8235483,51.5745385],[-1.8235777,51.5746704],[-1.8236017,51.5748],[-1.8236416,51.5750909],[-1.8236552,51.5752523]]}},{"type":"Feature","properties":{"highway":"cycleway","lit":"no","railway":"abandoned","surface":"paved","surface:note":"Shredded rubber with small amounts of gravel mixed in","source_id":"osm-way-23324632","dataset":"OpenStreetMap former/disused railway extract","publisher":"OpenStreetMap contributors","effective_date":"2026-09-07T10:02:26Z","licence":"ODbL-1.0"},"geometry":{"type":"LineString","coordinates":[[-2.2210381,51.6993421],[-2.2214104,51.6996045],[-2.2216347,51.6997666],[-2.2220215,51.7002243],[-2.222464,51.7006414],[-2.222621,51.7008305],[-2.222716,51.700936],[-2.2232241,51.7013582],[-2.2238777,51.7018402],[-2.2243056,51.7022104],[-2.2248324,51.7026417],[-2.2250935,51.7029273],[-2.2257703,51.7036485],[-2.2258644,51.7037706],[-2.2259094,51.703828]]}},{"type":"Feature","properties":{"disused:railway":"rail","electrified":"no","gauge":"1435","maxspeed":"25 mph","name":"Radstock Frome","railway":"abandoned","ref":"FNS2","source":"OS_OpenData_Streetview;survey","usage":"branch","source_id":"osm-way-25411543","dataset":"OpenStreetMap former/disused railway extract","publisher":"OpenStreetMap contributors","effective_date":"2026-09-07T10:02:26Z","licence":"ODbL-1.0"},"geometry":{"type":"LineString","coordinates":[[-2.3572313,51.2465718],[-2.3568482,51.2465192],[-2.3565297,51.2464883],[-2.3559387,51.2464572],[-2.3554143,51.2464506],[-2.3548525,51.2464556],[-2.3541218,51.2465083],[-2.3531998,51.2466222],[-2.3521288,51.2467604],[-2.3511266,51.2468851]]}},{"type":"Feature","properties":{"abandoned:railway":"rail","bicycle":"designated","foot":"designated","highway":"cycleway","layer":"-1","lcn":"yes","lcn_ref":"UR;SSR","name":"Old Town Railway Path","ncn":"yes","ncn_ref":"45","old_name":"Andoversford Line","old_ref":"AND","railway":"abandoned","segregated":"no","surface":"compacted","tunnel":"yes","source_id":"osm-way-25921960","dataset":"OpenStreetMap former/disused railway extract","publisher":"OpenStreetMap contributors","effective_date":"2026-09-07T10:02:26Z","licence":"ODbL-1.0"},"geometry":{"type":"LineString","coordinates":[[-1.779905,51.5481715],[-1.7795257,51.5484973]]}},{"type":"Feature","properties":{"abandoned:railway":"rail","bicycle":"designated","foot":"designated","highway":"cycleway","lcn":"yes","lcn_ref":"UR;SSR","name":"Old Town Railway Path","ncn":"yes","ncn_ref":"45","old_name":"Andoversford Line","old_ref":"AND","railway":"abandoned","segregated":"no","surface":"compacted","source_id":"osm-way-25921961","dataset":"OpenStreetMap former/disused railway extract","publisher":"OpenStreetMap contributors","effective_date":"2026-09-07T10:02:26Z","licence":"ODbL-1.0"},"geometry":{"type":"LineString","coordinates":[[-1.7795257,51.5484973],[-1.779324,51.5486696],[-1.7792139,51.5487568],[-1.7790896,51.5488441],[-1.7789179,51.5489455],[-1.7787506,51.5490313],[-1.7785918,51.5491056],[-1.7784216,51.5491734],[-1.7782202,51.5492443],[-1.7780334,51.5493036],[-1.7778294,51.5493604],[-1.7776272,51.5494091],[-1.7774552,51.5494461],[-1.7772615,51.5494849]]}},{"type":"Feature","properties":{"abandoned:railway":"rail","bicycle":"designated","foot":"designated","highway":"cycleway","layer":"-1","lcn":"yes","lcn_ref":"UR;SSR","name":"Old Town Railway Path","ncn":"yes","ncn_ref":"45","old_name":"Andoversford Line","old_ref":"AND","railway":"abandoned","segregated":"no","surface":"compacted","tunnel":"yes","source_id":"osm-way-25921962","dataset":"OpenStreetMap former/disused railway extract","publisher":"OpenStreetMap contributors","effective_date":"2026-09-07T10:02:26Z","licence":"ODbL-1.0"},"geometry":{"type":"LineString","coordinates":[[-1.7772615,51.5494849],[-1.7769817,51.5495382]]}},{"type":"Feature","properties":{"abandoned:railway":"rail","bicycle":"designated","foot":"designated","highway":"cycleway","lcn":"yes","lcn_ref":"UR;SSR","name":"Old Town Railway Path","ncn":"yes","ncn_ref":"45","old_name":"Andoversford Line","old_ref":"AND","railway":"abandoned","segregated":"no","surface":"compacted","source_id":"osm-way-25921964","dataset":"OpenStreetMap former/disused railway extract","publisher":"OpenStreetMap contributors","effective_date":"2026-09-07T10:02:26Z","licence":"ODbL-1.0"},"geometry":{"type":"LineString","coordinates":[[-1.7903504,51.5456595],[-1.790241,51.5456485],[-1.7898826,51.5456116],[-1.7894434,51.5455658],[-1.7891062,51.5455309],[-1.7890465,51.5455253],[-1.788757,51.545498],[-1.7884759,51.5454765],[-1.7882272,51.545466],[-1.787814,51.5454532],[-1.787544,51.5454475],[-1.7872884,51.545451],[-1.7869469,51.5454647],[-1.7866775,51.54548],[-1.7863277,51.5455047],[-1.7860182,51.5455301],[-1.7856486,51.5455741],[-1.7853459,51.5456214],[-1.7851689,51.5456509],[-1.7849199,51.5457008],[-1.7848193,51.5457206],[-1.7845723,51.5457725],[-1.7843292,51.5458301],[-1.784101,51.5458862],[-1.7837271,51.545992],[-1.7833479,51.5461107],[-1.7830277,51.5462304],[-1.7826941,51.5463744],[-1.7823794,51.5465182],[-1.7820603,51.5466749],[-1.7816557,51.546886],[-1.7812187,51.5471502],[-1.7808967,51.547375],[-1.7806901,51.5475293],[-1.7804481,51.5477206],[-1.7801294,51.5479802],[-1.779905,51.5481715]]}},{"type":"Feature","properties":{"bicycle":"designated","foot":"designated","highway":"cycleway","name":"Calne & Chippenham Railway Path","railway":"abandoned","smoothness":"intermediate","surface":"unpaved","source_id":"osm-way-26950872","dataset":"OpenStreetMap former/disused railway extract","publisher":"OpenStreetMap contributors","effective_date":"2026-09-07T10:02:26Z","licence":"ODbL-1.0"},"geometry":{"type":"LineString","coordinates":[[-2.0281426,51.4366525],[-2.0280708,51.4365105],[-2.0280209,51.4364231],[-2.0279404,51.4362993],[-2.0278497,51.4361745],[-2.0277765,51.4360737],[-2.0276682,51.4359396],[-2.0273879,51.4356227],[-2.0271229,51.4353624],[-2.0268683,51.435139],[-2.0267138,51.4350157],[-2.0265333,51.4348899],[-2.0263262,51.4347653],[-2.0260714,51.4346373],[-2.0257759,51.434506],[-2.0254627,51.4343781],[-2.0248256,51.4341365],[-2.0245261,51.4340396],[-2.0242271,51.4339503],[-2.0239174,51.433873],[-2.0236413,51.4338135],[-2.0232715,51.4337528],[-2.02293,51.4337098],[-2.0224805,51.4336546],[-2.0221743,51.4336281],[-2.021877,51.4336105],[-2.021647,51.4336061],[-2.0212453,51.433605],[-2.0208524,51.4336149],[-2.0205729,51.4336292],[-2.0202826,51.4336579],[-2.0199977,51.4336943],[-2.0196668,51.4337451],[-2.0193642,51.4337947],[-2.019205,51.43383],[-2.0190828,51.4338653],[-2.0189289,51.4339017],[-2.0186316,51.4339778],[-2.0183131,51.4340694],[-2.0180583,51.4341566],[-2.0178671,51.4342283],[-2.0176919,51.4342856],[-2.0175628,51.4343276],[-2.0174336,51.4343761],[-2.017338,51.4344169],[-2.0172531,51.4344566],[-2.0171823,51.4344897],[-2.0170089,51.4345482],[-2.0167788,51.4346232],[-2.0166302,51.4346629],[-2.016271,51.4347622],[-2.0158958,51.4348571],[-2.0157831,51.434886],[-2.0157389,51.4349011],[-2.0156812,51.434922],[-2.0156276,51.4349337],[-2.0154613,51.4349588],[-2.0150355,51.4350214],[-2.0143916,51.4351145],[-2.0142486,51.4351332],[-2.0141559,51.4351452],[-2.013931,51.4351673],[-2.013797,51.435175],[-2.0136753,51.435184],[-2.0136275,51.4351875],[-2.0134519,51.4352038],[-2.0133518,51.4352134],[-2.0131979,51.4352278],[-2.0130543,51.4352489],[-2.0129738,51.4352693],[-2.012892,51.4352948]]}},{"type":"Feature","properties":{"bicycle":"designated","bridge":"yes","foot":"designated","highway":"cycleway","layer":"1","name":"Calne & Chippenham Railway Path","railway":"abandoned","smoothness":"good","surface":"paved","source_id":"osm-way-26950873","dataset":"OpenStreetMap former/disused railway extract","publisher":"OpenStreetMap contributors","effective_date":"2026-09-07T10:02:26Z","licence":"ODbL-1.0"},"geometry":{"type":"LineString","coordinates":[[-2.0283335,51.4370551],[-2.0281426,51.4366525]]}},{"type":"Feature","properties":{"bicycle":"designated","foot":"designated","highway":"cycleway","name":"Calne & Chippenham Railway Path","ncn":"link","ncn_ref":"(403)","railway":"abandoned","smoothness":"intermediate","source":"survey","source:railway":"OS 25K:1","surface":"unpaved","source_id":"osm-way-26954925","dataset":"OpenStreetMap former/disused railway extract","publisher":"OpenStreetMap contributors","effective_date":"2026-09-07T10:02:26Z","licence":"ODbL-1.0"},"geometry":{"type":"LineString","coordinates":[[-2.0968578,51.4622624],[-2.0919275,51.4608406],[-2.090424,51.4603998],[-2.0882557,51.4597802],[-2.0826503,51.4581836],[-2.081991,51.4579922],[-2.0807381,51.4576364],[-2.0795096,51.4572794],[-2.0791222,51.457166],[-2.0735757,51.4555823],[-2.0731683,51.4554665],[-2.0727188,51.4553306],[-2.0725551,51.4552867],[-2.0723872,51.4552377],[-2.0721553,51.4551714],[-2.0720541,51.4551419],[-2.0719627,51.455114],[-2.0718488,51.4550684],[-2.0717411,51.4550241],[-2.0716516,51.4549949],[-2.0714931,51.4549455],[-2.0714524,51.4549316],[-2.0714205,51.4549183],[-2.0713728,51.4548993],[-2.071323,51.4548815],[-2.071265,51.4548657],[-2.0712122,51.4548518],[-2.0711715,51.4548391],[-2.0711258,51.4548207],[-2.0710719,51.4547954],[-2.0710099,51.4547644],[-2.0709459,51.454739],[-2.0708748,51.4547131],[-2.0707508,51.4546713],[-2.0706156,51.4546225],[-2.0704834,51.4545718],[-2.0702722,51.4544841],[-2.0700777,51.4544039],[-2.0699664,51.4543563],[-2.0698752,51.454312],[-2.0697304,51.4542426],[-2.0694688,51.4541106],[-2.0693575,51.4540621],[-2.0692489,51.4540195],[-2.0691832,51.4539886],[-2.0691054,51.4539493],[-2.0690263,51.4539134],[-2.0689525,51.4538833],[-2.0688881,51.4538523],[-2.068813,51.4538106],[-2.0687527,51.4537813],[-2.0680204,51.4534211],[-2.0679802,51.4534019],[-2.0679565,51.4533904],[-2.0679444,51.4533829],[-2.0679323,51.4533741],[-2.0679256,51.4533666],[-2.0679169,51.4533511]]}},{"type":"Feature","properties":{"bicycle":"designated","bridge":"yes","foot":"designated","highway":"cycleway","layer":"1","name":"Black Bridge","railway":"abandoned","smoothness":"good","source:railway":"OS 25K:1","surface":"metal","source_id":"osm-way-26954928","dataset":"OpenStreetMap former/disused railway extract","publisher":"OpenStreetMap contributors","effective_date":"2026-09-07T10:02:26Z","licence":"ODbL-1.0"},"geometry":{"type":"LineString","coordinates":[[-2.0977265,51.462516],[-2.0972197,51.4623955],[-2.0968578,51.4622624]]}},{"type":"Feature","properties":{"name":"Amesbury and Military Camp Light Railway","railway":"razed","razed:railway":"rail","ref":"ABY","source":"NLS-OS-1st_Series","source_id":"osm-way-28130076","dataset":"OpenStreetMap former/disused railway extract","publisher":"OpenStreetMap contributors","effective_date":"2026-09-07T10:02:26Z","licence":"ODbL-1.0"},"geometry":{"type":"LineString","coordinates":[[-1.7723407,51.178528],[-1.770903,51.1780034],[-1.7694439,51.1773712],[-1.7687726,51.1770622],[-1.7677488,51.1765909],[-1.7661472,51.1757654],[-1.7651292,51.1752406],[-1.7641206,51.1747294],[-1.7628986,51.1740776],[-1.7610956,51.1732702],[-1.7566112,51.1714234],[-1.7564549,51.1713587],[-1.7544138,51.1707517],[-1.753528,51.1704624]]}},{"type":"Feature","properties":{"abandoned:railway":"rail","name":"Amesbury and Military Camp Light Railway","railway":"abandoned","ref":"ABY","source":"NLS - OS 1:25k 1st Series 1937-61","source_id":"osm-way-28130077","dataset":"OpenStreetMap former/disused railway extract","publisher":"OpenStreetMap contributors","effective_date":"2026-09-07T10:02:26Z","licence":"ODbL-1.0"},"geometry":{"type":"LineString","coordinates":[[-1.6772167,51.1532978],[-1.6765837,51.1531808],[-1.6759701,51.1531038],[-1.6754223,51.1530576],[-1.6743184,51.1530155],[-1.6732846,51.1530569],[-1.6705595,51.1533758],[-1.669716,51.1535574],[-1.6689899,51.1538032]]}},{"type":"Feature","properties":{"disused:railway":"rail","electrified":"no","gauge":"1435","railway":"disused","service":"siding","usage":"industrial","source_id":"osm-way-28145722","dataset":"OpenStreetMap former/disused railway extract","publisher":"OpenStreetMap contributors","effective_date":"2026-09-07T10:02:26Z","licence":"ODbL-1.0"},"geometry":{"type":"LineString","coordinates":[[-1.835649,51.079783],[-1.8368043,51.0800017],[-1.8380634,51.0802076],[-1.8388546,51.0803388],[-1.8394844,51.0804473],[-1.8397908,51.0804952],[-1.8401881,51.0805837],[-1.8404145,51.0806404],[-1.8406439,51.0807011],[-1.840843,51.0807698],[-1.8410471,51.0808463],[-1.8412299,51.0809166],[-1.8413848,51.0809886],[-1.8415271,51.0810637],[-1.8416615,51.0811295],[-1.8418958,51.0813222],[-1.8420646,51.0814936],[-1.8422015,51.0817052],[-1.8422517,51.0818553],[-1.8422727,51.0819181],[-1.8422906,51.082112],[-1.8422554,51.0823478],[-1.8421474,51.0825696],[-1.8420354,51.0827395],[-1.8413941,51.0834067]]}},{"type":"Feature","properties":{"abandoned:railway":"rail","cutting":"yes","name":"Andoversford Line","railway":"abandoned","ref":"AND","source":"NPE","source_id":"osm-way-28562725","dataset":"OpenStreetMap former/disused railway extract","publisher":"OpenStreetMap contributors","effective_date":"2026-09-07T10:02:26Z","licence":"ODbL-1.0"},"geometry":{"type":"LineString","coordinates":[[-1.7340268,51.5186009],[-1.734547,51.5192451],[-1.7356512,51.5205422],[-1.7358362,51.5207993]]}},{"type":"Feature","properties":{"abandoned:railway":"rail","name":"Faringdon Branch","railway":"abandoned","ref":"FAR","source":"NPE + landsat","source_id":"osm-way-30546392","dataset":"OpenStreetMap former/disused railway extract","publisher":"OpenStreetMap contributors","effective_date":"2026-09-07T10:02:26Z","licence":"ODbL-1.0"},"geometry":{"type":"LineString","coordinates":[[-1.5491685,51.6121482],[-1.5506923,51.6122206],[-1.5514801,51.612388],[-1.5518529,51.6125041],[-1.5525591,51.6128735],[-1.5531296,51.6132436],[-1.5541624,51.6140882]]}},{"type":"Feature","properties":{"bicycle":"permissive","cycleway:est_width":"1.75","designation":"public_footpath","foot":"designated","highway":"bridleway","horse":"permissive","lit":"no","name":"Sprat & Winkle Line","railway":"abandoned","segregated":"no","smoothness":"intermediate","surface":"compacted","source_id":"osm-way-30668273","dataset":"OpenStreetMap former/disused railway extract","publisher":"OpenStreetMap contributors","effective_date":"2026-09-07T10:02:26Z","licence":"ODbL-1.0"},"geometry":{"type":"LineString","coordinates":[[-1.5075126,51.0746655],[-1.5094031,51.0728295]]}},{"type":"Feature","properties":{"abandoned:railway":"rail","alt_name":"Sprat and Winkle Line","name":"Andover Junction to Kimbridge Junction","railway":"abandoned","ref":"AKJ","source":"npe","usage":"branch","source_id":"osm-way-30730096","dataset":"OpenStreetMap former/disused railway extract","publisher":"OpenStreetMap contributors","effective_date":"2026-09-07T10:02:26Z","licence":"ODbL-1.0"},"geometry":{"type":"LineString","coordinates":[[-1.4600277,51.1537724],[-1.4615761,51.1541908],[-1.4624772,51.1544728],[-1.46284,51.1546237],[-1.4631074,51.1547666],[-1.4636571,51.1550768],[-1.463838,51.1552579],[-1.4641862,51.1556878],[-1.4647142,51.1565189],[-1.4649217,51.1571614],[-1.465025,51.1576661],[-1.4650637,51.1579293],[-1.4650972,51.1584669],[-1.4651044,51.1591276],[-1.4651636,51.1594221],[-1.4654869,51.1600211],[-1.4659475,51.1605482],[-1.4664358,51.1609108],[-1.4674877,51.1616353],[-1.4683443,51.1620012],[-1.4691286,51.1622551],[-1.4708025,51.1626189],[-1.4717173,51.1628224],[-1.4724094,51.1630199],[-1.4728829,51.1631818],[-1.4732214,51.1633397],[-1.4735221,51.1634903],[-1.4736891,51.1635735],[-1.4743974,51.1639138],[-1.4754797,51.164491],[-1.4765065,51.1652081],[-1.4765725,51.1652542],[-1.4774022,51.1658194],[-1.4801864,51.1676833],[-1.4817952,51.1689695],[-1.4825215,51.1696266],[-1.48319,51.1703005],[-1.4835099,51.1708201],[-1.4838472,51.171566],[-1.4843773,51.1725849],[-1.4846849,51.1737507],[-1.4846584,51.1741871],[-1.4845385,51.1745348],[-1.4843983,51.1747952],[-1.4843681,51.1748587],[-1.4841037,51.1753576],[-1.483018,51.1767976],[-1.4827272,51.1775678],[-1.4826545,51.1784296],[-1.4826306,51.1786998],[-1.4828224,51.1792936],[-1.48317,51.1798607],[-1.4843537,51.1810463],[-1.4852243,51.1816055],[-1.4866765,51.1822845],[-1.4881732,51.1833188],[-1.489792,51.1853599],[-1.4904585,51.1863421],[-1.4908351,51.1869718],[-1.4910214,51.1874256],[-1.4911525,51.1878777],[-1.4913264,51.1885395],[-1.491488,51.1892147],[-1.4916445,51.1896527],[-1.4917991,51.1901008],[-1.4920029,51.1905792],[-1.4922051,51.1912457],[-1.4923544,51.191734]]}},{"type":"Feature","properties":{"abandoned:railway":"rail","historic:operator":"Midland & South Western Junction Railway","name":"Andoversford Line","railway":"abandoned","ref":"AND","source":"NPE","source_id":"osm-way-30783039","dataset":"OpenStreetMap former/disused railway extract","publisher":"OpenStreetMap contributors","effective_date":"2026-09-07T10:02:26Z","licence":"ODbL-1.0"},"geometry":{"type":"LineString","coordinates":[[-1.6426814,51.3553511],[-1.6425624,51.3542996],[-1.6426831,51.3534598],[-1.6428825,51.3527945],[-1.6431803,51.3520952],[-1.6432373,51.3519737],[-1.6448026,51.3487882],[-1.6450952,51.3479973],[-1.6453506,51.3467705],[-1.6455544,51.3448304],[-1.6454688,51.3436836],[-1.6454418,51.3433225],[-1.6450448,51.3417542],[-1.6449027,51.3400519],[-1.6450927,51.3390625],[-1.6454569,51.3381176],[-1.6458464,51.337531],[-1.646305,51.3369562],[-1.6475222,51.3355809],[-1.648711,51.3342767],[-1.6498621,51.3329738],[-1.6516319,51.3311278],[-1.6524477,51.3302152],[-1.6540164,51.3284681],[-1.6548961,51.3274642],[-1.6554598,51.3267728],[-1.65664,51.3247128],[-1.6571653,51.3232622],[-1.6572435,51.3229981],[-1.6574711,51.3214854],[-1.6574447,51.3197328],[-1.656986,51.3154882],[-1.6567576,51.3140389],[-1.6564036,51.3110763],[-1.6562426,51.3095339],[-1.6560603,51.307784],[-1.6560414,51.3070355],[-1.6560663,51.3063034],[-1.6563956,51.3047259],[-1.6566778,51.3028045],[-1.6566849,51.3025963],[-1.6566611,51.3022094],[-1.6565378,51.3002032],[-1.6565348,51.3001751],[-1.6564298,51.2991648]]}},{"type":"Feature","properties":{"abandoned:railway":"rail","embankment":"yes","historic:operator":"Midland & South Western Junction Railway","name":"Andoversford Line","railway":"abandoned","ref":"AND","source":"NPE","source_id":"osm-way-30783063","dataset":"OpenStreetMap former/disused railway extract","publisher":"OpenStreetMap contributors","effective_date":"2026-09-07T10:02:26Z","licence":"ODbL-1.0"},"geometry":{"type":"LineString","coordinates":[[-1.7276251,51.4115006],[-1.727711,51.4117982],[-1.7277503,51.4120957],[-1.7277515,51.412447],[-1.7277153,51.4127867],[-1.7275518,51.4132701],[-1.7273634,51.4136506]]}},{"type":"Feature","properties":{"abandoned:railway":"rail","historic:operator":"Midland & South Western Junction Railway","layer":"-1","name":"Andoversford Line","note":"Protected bat colony","railway":"abandoned","ref":"AND","source":"NPE","tunnel":"yes","tunnel:name":"Marlborough Tunnel","source_id":"osm-way-30783064","dataset":"OpenStreetMap former/disused railway extract","publisher":"OpenStreetMap contributors","effective_date":"2026-09-07T10:02:26Z","licence":"ODbL-1.0"},"geometry":{"type":"LineString","coordinates":[[-1.7223449,51.4057297],[-1.7267711,51.4102192]]}},{"type":"Feature","properties":{"abandoned:railway":"rail","historic:operator":"Midland & South Western Junction Railway","name":"Andoversford Line","railway":"abandoned","ref":"AND","source":"NPE","source_id":"osm-way-30783065","dataset":"OpenStreetMap former/disused railway extract","publisher":"OpenStreetMap contributors","effective_date":"2026-09-07T10:02:26Z","licence":"ODbL-1.0"},"geometry":{"type":"LineString","coordinates":[[-1.6426814,51.3553511],[-1.6427276,51.3555967],[-1.6430861,51.3563797],[-1.6433267,51.3568233],[-1.6436005,51.3572636],[-1.644014,51.3577866],[-1.6444992,51.3582885],[-1.644909,51.3586696],[-1.6453297,51.3590608]]}},{"type":"Feature","properties":{"alt_name":"Berks and Hants Line","name":"Wilts, Somerset and Weymouth Railway (Devizes Branch)","railway":"razed","razed:railway":"rail","ref":"BHL","source":"NPE","wikidata":"Q16988700","wikipedia":"en:Devizes branch line","source_id":"osm-way-31278373","dataset":"OpenStreetMap former/disused railway extract","publisher":"OpenStreetMap contributors","effective_date":"2026-09-07T10:02:26Z","licence":"ODbL-1.0"},"geometry":{"type":"LineString","coordinates":[[-2.1717986,51.3548114],[-2.1612426,51.3538263],[-2.1583,51.3535866],[-2.1554604,51.3533644],[-2.1528938,51.3532148],[-2.1504653,51.3530639],[-2.148215,51.3529542],[-2.1462634,51.3528863],[-2.1432638,51.3527507],[-2.1397005,51.3526763],[-2.1336431,51.352645],[-2.1279449,51.3526535],[-2.1247147,51.3527097],[-2.1212567,51.3528618],[-2.1190025,51.352979],[-2.116991,51.3531961],[-2.1151069,51.3534595],[-2.112431,51.3537254],[-2.1064403,51.3544177],[-2.103084,51.3548149],[-2.0976374,51.3554582],[-2.0952349,51.3557773],[-2.0820056,51.3573631],[-2.0764451,51.3580364],[-2.0744191,51.3581871],[-2.073262,51.3581898]]}},{"type":"Feature","properties":{"abandoned:railway":"rail","access":"private","highway":"track","old_name":"Andoversford Line","old_ref":"AND","railway":"abandoned","smoothness":"very_bad","source":"NPE","surface":"dirt","tracktype":"grade3","source_id":"osm-way-32561784","dataset":"OpenStreetMap former/disused railway extract","publisher":"OpenStreetMap contributors","effective_date":"2026-09-07T10:02:26Z","licence":"ODbL-1.0"},"geometry":{"type":"LineString","coordinates":[[-1.9327618,51.6798317],[-1.9338041,51.6801408],[-1.9343219,51.6803041],[-1.9351513,51.6806009],[-1.9356003,51.6807541],[-1.9359385,51.680892],[-1.937271,51.6814869],[-1.9374299,51.6815619]]}},{"type":"Feature","properties":{"abandoned:railway":"rail","bicycle":"designated","bridge":"yes","foot":"designated","highway":"cycleway","layer":"1","lcn":"yes","lcn_ref":"UR;SSR","name":"Old Town Railway Path","ncn":"yes","ncn_ref":"45","old_name":"Andoversford Line","old_ref":"AND","railway":"abandoned","segregated":"no","surface":"compacted","source_id":"osm-way-33652867","dataset":"OpenStreetMap former/disused railway extract","publisher":"OpenStreetMap contributors","effective_date":"2026-09-07T10:02:26Z","licence":"ODbL-1.0"},"geometry":{"type":"LineString","coordinates":[[-1.7941621,51.5462633],[-1.7938959,51.5461817]]}},{"type":"Feature","properties":{"abandoned:railway":"rail","bicycle":"designated","foot":"designated","highway":"cycleway","lcn":"yes","lcn_ref":"UR;SSR","name":"Old Town Railway Path","ncn":"yes","ncn_ref":"45","old_name":"Andoversford Line","old_ref":"AND","railway":"abandoned","segregated":"no","surface":"compacted","source_id":"osm-way-33652875","dataset":"OpenStreetMap former/disused railway extract","publisher":"OpenStreetMap contributors","effective_date":"2026-09-07T10:02:26Z","licence":"ODbL-1.0"},"geometry":{"type":"LineString","coordinates":[[-1.7938959,51.5461817],[-1.793844,51.546167],[-1.793657,51.546115],[-1.7933731,51.5460391],[-1.79312,51.5459822],[-1.7928435,51.5459325],[-1.7926238,51.5458968],[-1.792339,51.5458599],[-1.7916013,51.5457868],[-1.7908296,51.5457064],[-1.7905642,51.5456804],[-1.7905149,51.5456755]]}},{"type":"Feature","properties":{"abandoned:railway":"rail","bicycle":"designated","bridge":"yes","bridge:name":"Skew Railway Bridge","foot":"designated","highway":"cycleway","layer":"1","lcn":"yes","lcn_ref":"UR;SSR","name":"Old Town Railway Path","ncn":"yes","ncn_ref":"45","old_name":"Andoversford Line","old_ref":"AND","railway":"abandoned","surface":"compacted","source_id":"osm-way-33652893","dataset":"OpenStreetMap former/disused railway extract","publisher":"OpenStreetMap contributors","effective_date":"2026-09-07T10:02:26Z","licence":"ODbL-1.0"},"geometry":{"type":"LineString","coordinates":[[-1.8036219,51.5498705],[-1.8031841,51.5498008]]}},{"type":"Feature","properties":{"abandoned:railway":"rail","bicycle":"designated","foot":"designated","highway":"cycleway","lcn":"yes","lcn_ref":"UR;SSR","name":"Old Town Railway Path","ncn":"yes","ncn_ref":"45","old_name":"Andoversford Line","old_ref":"AND","railway":"abandoned","segregated":"no","surface":"compacted","source_id":"osm-way-33652894","dataset":"OpenStreetMap former/disused railway extract","publisher":"OpenStreetMap contributors","effective_date":"2026-09-07T10:02:26Z","licence":"ODbL-1.0"},"geometry":{"type":"LineString","coordinates":[[-1.8031841,51.5498008],[-1.8028263,51.549737],[-1.8025287,51.5496743],[-1.8022619,51.5496091],[-1.8020471,51.5495534],[-1.8018323,51.5494966],[-1.8015424,51.5494059],[-1.8011114,51.5492433],[-1.8007605,51.5490983],[-1.8004199,51.5489509],[-1.7997905,51.5486791],[-1.7994623,51.5485366],[-1.7985211,51.5481136],[-1.7980855,51.5479271],[-1.7979134,51.5478525],[-1.7977427,51.5477774],[-1.7975837,51.5477059],[-1.797128,51.54751],[-1.7968939,51.5474082],[-1.796721,51.5473301],[-1.7962181,51.547102],[-1.7959608,51.5469909],[-1.7953981,51.5467405],[-1.7949185,51.5465371],[-1.7949072,51.5465328],[-1.7947307,51.5464662],[-1.7944692,51.5463688],[-1.7943203,51.5463161],[-1.7941621,51.5462633]]}},{"type":"Feature","properties":{"bicycle":"designated","cutting":"yes","foot":"designated","highway":"cycleway","horse":"no","lit":"no","name":"Two Tunnels Greenway","old_name":"Somerset and Dorset Joint Railway","old_ref":"SAD","railway":"abandoned","segregated":"no","source":"survey","surface":"asphalt","wikidata":"Q7559923","wikipedia":"en:Somerset and Dorset Joint Railway","source_id":"osm-way-35032996","dataset":"OpenStreetMap former/disused railway extract","publisher":"OpenStreetMap contributors","effective_date":"2026-09-07T10:02:26Z","licence":"ODbL-1.0"},"geometry":{"type":"LineString","coordinates":[[-2.358306,51.3691836],[-2.3579184,51.3691102],[-2.3575814,51.3690435],[-2.357244,51.368956],[-2.3568403,51.3688449],[-2.3564833,51.3687278],[-2.356137,51.3685933],[-2.3559431,51.3685186]]}},{"type":"Feature","properties":{"bicycle":"designated","bridge":"yes","bridge:name":"Lyncombe Vale Bridge","foot":"designated","highway":"cycleway","horse":"no","layer":"1","name":"Two Tunnels Greenway","old_name":"Somerset and Dorset Joint Railway","old_ref":"SAD","railway":"abandoned","segregated":"no","source":"survey","surface":"asphalt","wikidata":"Q7559923","wikipedia":"en:Somerset and Dorset Joint Railway","source_id":"osm-way-35032999","dataset":"OpenStreetMap former/disused railway extract","publisher":"OpenStreetMap contributors","effective_date":"2026-09-07T10:02:26Z","licence":"ODbL-1.0"},"geometry":{"type":"LineString","coordinates":[[-2.3604092,51.3694154],[-2.3601775,51.36941]]}},{"type":"Feature","properties":{"bicycle":"designated","bridge":"viaduct","foot":"designated","highway":"cycleway","horse":"no","layer":"1","lit":"no","name":"Two Tunnels Greenway","old_name":"Somerset and Dorset Joint Railway","old_ref":"SAD","railway":"abandoned","segregated":"no","source":"survey","surface":"asphalt","wikidata":"Q7559923","wikipedia":"en:Somerset and Dorset Joint Railway","source_id":"osm-way-35033001","dataset":"OpenStreetMap former/disused railway extract","publisher":"OpenStreetMap contributors","effective_date":"2026-09-07T10:02:26Z","licence":"ODbL-1.0"},"geometry":{"type":"LineString","coordinates":[[-2.3559431,51.3685186],[-2.3554989,51.3683271]]}},{"type":"Feature","properties":{"bicycle":"designated","foot":"designated","highway":"cycleway","horse":"no","lit":"no","name":"Two Tunnels Greenway","old_name":"Somerset and Dorset Joint Railway","old_ref":"SAD","railway":"abandoned","segregated":"no","source":"survey","surface":"asphalt","wikidata":"Q7559923","wikipedia":"en:Somerset and Dorset Joint Railway","source_id":"osm-way-35033003","dataset":"OpenStreetMap former/disused railway extract","publisher":"OpenStreetMap contributors","effective_date":"2026-09-07T10:02:26Z","licence":"ODbL-1.0"},"geometry":{"type":"LineString","coordinates":[[-2.3614712,51.3693847],[-2.3604092,51.3694154]]}},{"type":"Feature","properties":{"alt_name":"Berks and Hants Line","embankment":"yes","name":"Wilts, Somerset and Weymouth Railway (Devizes Branch)","railway":"razed","razed:railway":"rail","ref":"BHL","source":"NPE","wikidata":"Q16988700","wikipedia":"en:Devizes branch line","source_id":"osm-way-35593685","dataset":"OpenStreetMap former/disused railway extract","publisher":"OpenStreetMap contributors","effective_date":"2026-09-07T10:02:26Z","licence":"ODbL-1.0"},"geometry":{"type":"LineString","coordinates":[[-2.0518686,51.3539389],[-2.0485986,51.3530032],[-2.0474184,51.3526564],[-2.0456267,51.3522584],[-2.0409275,51.3514068],[-2.0356468,51.3505432]]}},{"type":"Feature","properties":{"bicycle":"designated","foot":"designated","highway":"cycleway","name":"Calne & Chippenham Railway Path","ncn":"link","ncn_ref":"(403)","railway":"abandoned","smoothness":"intermediate","source":"survey","source:railway":"OS 25K:1","surface":"unpaved","source_id":"osm-way-36327050","dataset":"OpenStreetMap former/disused railway extract","publisher":"OpenStreetMap contributors","effective_date":"2026-09-07T10:02:26Z","licence":"ODbL-1.0"},"geometry":{"type":"LineString","coordinates":[[-2.098139,51.4626226],[-2.097982,51.4625808],[-2.0978535,51.4625479],[-2.0977265,51.462516]]}},{"type":"Feature","properties":{"bicycle":"designated","bridge":"viaduct","bridge:name":"Tucking Mill Viaduct","foot":"designated","highway":"cycleway","horse":"no","layer":"1","lit":"no","name":"Two Tunnels Greenway","old_name":"Somerset and Dorset Joint Railway","old_ref":"SAD","oneway":"no","railway":"abandoned","segregated":"no","source":"survey","surface":"asphalt","wikidata":"Q7559923","wikipedia":"en:Somerset and Dorset Joint Railway","source_id":"osm-way-38036641","dataset":"OpenStreetMap former/disused railway extract","publisher":"OpenStreetMap contributors","effective_date":"2026-09-07T10:02:26Z","licence":"ODbL-1.0"},"geometry":{"type":"LineString","coordinates":[[-2.3406077,51.3534842],[-2.3405874,51.3532374],[-2.3405807,51.3529909],[-2.3405825,51.3527054]]}},{"type":"Feature","properties":{"bicycle":"designated","bridge":"viaduct","bridge:name":"Midford Viaduct","foot":"designated","highway":"cycleway","horse":"no","layer":"2","name":"Two Tunnels Greenway","old_name":"Somerset and Dorset Joint Railway","old_ref":"SAD","railway":"abandoned","segregated":"no","source":"NPE","surface":"asphalt","wikidata":"Q7559923","wikipedia":"en:Somerset and Dorset Joint Railway","source_id":"osm-way-38036731","dataset":"OpenStreetMap former/disused railway extract","publisher":"OpenStreetMap contributors","effective_date":"2026-09-07T10:02:26Z","licence":"ODbL-1.0"},"geometry":{"type":"LineString","coordinates":[[-2.3444948,51.3430757],[-2.3446325,51.3433152],[-2.3447311,51.3434973],[-2.3448317,51.3437099],[-2.3449102,51.3439293],[-2.3449677,51.3441084],[-2.3450082,51.344273],[-2.3450245,51.3443837]]}},{"type":"Feature","properties":{"bicycle":"designated","designation":"public_footpath","foot":"designated","highway":"cycleway","horse":"no","lit":"no","name":"Two Tunnels Greenway","old_name":"Somerset and Dorset Joint Railway","old_ref":"SAD","oneway":"no","prow_ref":"BA22/19","railway":"abandoned","segregated":"no","source":"survey","surface":"asphalt","wikidata":"Q7559923","wikipedia":"en:Somerset and Dorset Joint Railway","source_id":"osm-way-38036732","dataset":"OpenStreetMap former/disused railway extract","publisher":"OpenStreetMap contributors","effective_date":"2026-09-07T10:02:26Z","licence":"ODbL-1.0"},"geometry":{"type":"LineString","coordinates":[[-2.3450499,51.3447752],[-2.3450851,51.3452332],[-2.3450784,51.3454036],[-2.3450076,51.3457671],[-2.3449112,51.3460739],[-2.3446082,51.3470019],[-2.3444469,51.3474147],[-2.3442752,51.3477704],[-2.3441395,51.3479857]]}},{"type":"Feature","properties":{"abandoned:railway":"rail","bicycle":"designated","embankment":"yes","foot":"designated","highway":"cycleway","lcn":"yes","lcn_ref":"UR;SSR","name":"Old Town Railway Path","ncn":"yes","ncn_ref":"45","old_name":"Andoversford Line","old_ref":"AND","railway":"abandoned","ref":"AND","segregated":"no","surface":"compacted","source_id":"osm-way-38079491","dataset":"OpenStreetMap former/disused railway extract","publisher":"OpenStreetMap contributors","effective_date":"2026-09-07T10:02:26Z","licence":"ODbL-1.0"},"geometry":{"type":"LineString","coordinates":[[-1.8060919,51.5503723],[-1.8062281,51.5504108],[-1.8065671,51.5505141],[-1.8068506,51.5506045],[-1.8068675,51.5506102]]}},{"type":"Feature","properties":{"abandoned:railway":"rail","bicycle":"designated","embankment":"yes","foot":"designated","highway":"cycleway","lcn":"yes","lcn_ref":"UR;SSR","name":"Old Town Railway Path","ncn":"yes","ncn_ref":"45","railway":"abandoned","ref":"AND","surface":"compacted","source_id":"osm-way-38124831","dataset":"OpenStreetMap former/disused railway extract","publisher":"OpenStreetMap contributors","effective_date":"2026-09-07T10:02:26Z","licence":"ODbL-1.0"},"geometry":{"type":"LineString","coordinates":[[-1.8041557,51.5499522],[-1.8044286,51.5499965],[-1.8047229,51.5500508],[-1.8048591,51.5500783],[-1.8053684,51.550185],[-1.8056322,51.5502472],[-1.8060919,51.5503723]]}},{"type":"Feature","properties":{"bicycle":"designated","foot":"designated","highway":"cycleway","horse":"no","lit":"no","name":"Two Tunnels Greenway","old_name":"Somerset and Dorset Joint Railway","old_ref":"SAD","oneway":"no","railway":"abandoned","segregated":"no","source":"survey","surface":"asphalt","wikidata":"Q7559923","wikipedia":"en:Somerset and Dorset Joint Railway","source_id":"osm-way-38209720","dataset":"OpenStreetMap former/disused railway extract","publisher":"OpenStreetMap contributors","effective_date":"2026-09-07T10:02:26Z","licence":"ODbL-1.0"},"geometry":{"type":"LineString","coordinates":[[-2.3412833,51.3555384],[-2.3409952,51.3548963],[-2.3408336,51.3544391],[-2.3407018,51.3540781],[-2.3406515,51.3539004],[-2.3406207,51.3537284],[-2.3406077,51.3534842]]}},{"type":"Feature","properties":{"abandoned:railway":"rail","railway":"abandoned","ref":"CMZ","source_id":"osm-way-38331304","dataset":"OpenStreetMap former/disused railway extract","publisher":"OpenStreetMap contributors","effective_date":"2026-09-07T10:02:26Z","licence":"ODbL-1.0"},"geometry":{"type":"LineString","coordinates":[[-2.3431429,51.3450581],[-2.3427235,51.3455433],[-2.3409837,51.3475759]]}},{"type":"Feature","properties":{"abandoned:railway":"rail","railway":"abandoned","ref":"CMZ","source_id":"osm-way-38331305","dataset":"OpenStreetMap former/disused railway extract","publisher":"OpenStreetMap contributors","effective_date":"2026-09-07T10:02:26Z","licence":"ODbL-1.0"},"geometry":{"type":"LineString","coordinates":[[-2.3432625,51.3449239],[-2.3437419,51.3443757],[-2.343828,51.3442782],[-2.3440118,51.3440915],[-2.3441538,51.3439751],[-2.3443355,51.3438559],[-2.3445399,51.3437405]]}},{"type":"Feature","properties":{"bicycle":"designated","foot":"designated","highway":"cycleway","horse":"permissive","old_name":"Somerset and Dorset Joint Railway","old_ref":"SAD","railway":"abandoned","segregated":"no","source":"NPE","surface":"compacted","wikidata":"Q7559923","wikipedia":"en:Somerset and Dorset Joint Railway","source_id":"osm-way-38358534","dataset":"OpenStreetMap former/disused railway extract","publisher":"OpenStreetMap contributors","effective_date":"2026-09-07T10:02:26Z","licence":"ODbL-1.0"},"geometry":{"type":"LineString","coordinates":[[-2.3500877,51.3334008],[-2.3495651,51.3337866],[-2.3490942,51.3341246],[-2.3487394,51.3343256],[-2.3475843,51.3349413],[-2.3469651,51.3353744],[-2.3463196,51.3359547],[-2.345958,51.3363948],[-2.345743,51.3366842],[-2.3455087,51.3371158],[-2.3453237,51.3375048],[-2.345051,51.3383233],[-2.3448385,51.3388322],[-2.3445129,51.339475]]}},{"type":"Feature","properties":{"bicycle":"designated","bridge":"yes","foot":"designated","highway":"cycleway","horse":"permissive","layer":"1","old_name":"Somerset and Dorset Joint Railway","old_ref":"SAD","railway":"abandoned","segregated":"no","source":"NPE","surface":"compacted","wikidata":"Q7559923","wikipedia":"en:Somerset and Dorset Joint Railway","source_id":"osm-way-38358535","dataset":"OpenStreetMap former/disused railway extract","publisher":"OpenStreetMap contributors","effective_date":"2026-09-07T10:02:26Z","licence":"ODbL-1.0"},"geometry":{"type":"LineString","coordinates":[[-2.3501902,51.333322],[-2.3500877,51.3334008]]}},{"type":"Feature","properties":{"abandoned:railway":"rail","bridge":"yes","layer":"1","name":"Camerton & Limpleystoke","railway":"abandoned","ref":"CMZ","source_id":"osm-way-38358983","dataset":"OpenStreetMap former/disused railway extract","publisher":"OpenStreetMap contributors","effective_date":"2026-09-07T10:02:26Z","licence":"ODbL-1.0"},"geometry":{"type":"LineString","coordinates":[[-2.3498855,51.3423308],[-2.3504178,51.3423021]]}},{"type":"Feature","properties":{"abandoned:railway":"rail","railway":"abandoned","ref":"CMZ","source":"NPE","source_id":"osm-way-38358984","dataset":"OpenStreetMap former/disused railway extract","publisher":"OpenStreetMap contributors","effective_date":"2026-09-07T10:02:26Z","licence":"ODbL-1.0"},"geometry":{"type":"LineString","coordinates":[[-2.3504178,51.3423021],[-2.3514229,51.3422493],[-2.3522615,51.3422025],[-2.3528285,51.3421922],[-2.3540805,51.3423663],[-2.3549275,51.3425079],[-2.3555989,51.3425443],[-2.3561805,51.3425351],[-2.3567334,51.3425601],[-2.3574658,51.3425953],[-2.3579197,51.3425471],[-2.3581978,51.3424884],[-2.3585622,51.3424114],[-2.3590548,51.342255],[-2.3594597,51.3420964],[-2.3598641,51.3419025],[-2.3602454,51.3417344],[-2.3607604,51.3415199],[-2.3610716,51.3414127],[-2.3613612,51.341339],[-2.3616187,51.3412921],[-2.3621337,51.3412854],[-2.3626165,51.3413189],[-2.363389,51.3414127],[-2.3640542,51.3415266],[-2.3644731,51.3416362],[-2.3652343,51.3418818]]}},{"type":"Feature","properties":{"abandoned:railway":"rail","railway":"abandoned","ref":"CMZ","source_id":"osm-way-38359352","dataset":"OpenStreetMap former/disused railway extract","publisher":"OpenStreetMap contributors","effective_date":"2026-09-07T10:02:26Z","licence":"ODbL-1.0"},"geometry":{"type":"LineString","coordinates":[[-2.3483106,51.3424454],[-2.3488006,51.3423964],[-2.3498855,51.3423308]]}},{"type":"Feature","properties":{"bicycle":"designated","foot":"designated","highway":"cycleway","horse":"no","incline":"-1%","layer":"-1","length":"1672","lit":"yes","name":"Two Tunnels Greenway","note:lit":"05:00-23:00","old_name":"Somerset and Dorset Joint Railway","old_ref":"SAD","railway":"abandoned","segregated":"no","source":"survey","surface":"asphalt","tunnel":"yes","tunnel:name":"Combe Down Tunnel","wikidata":"Q7559923","wikipedia":"en:Somerset and Dorset Joint Railway","source_id":"osm-way-39040589","dataset":"OpenStreetMap former/disused railway extract","publisher":"OpenStreetMap contributors","effective_date":"2026-09-07T10:02:26Z","licence":"ODbL-1.0"},"geometry":{"type":"LineString","coordinates":[[-2.3551737,51.3681457],[-2.354957,51.3680304],[-2.3546017,51.3678196],[-2.3542108,51.3675525],[-2.3537266,51.367177],[-2.3450885,51.360198],[-2.3440495,51.3592642],[-2.3434569,51.358668],[-2.3430578,51.3582231],[-2.3423124,51.3572175],[-2.3415025,51.3559244]]}},{"type":"Feature","properties":{"bicycle":"designated","cutting":"yes","foot":"designated","highway":"cycleway","horse":"no","lit":"no","name":"Two Tunnels Greenway","old_name":"Somerset and Dorset Joint Railway","old_ref":"SAD","railway":"abandoned","segregated":"no","source":"survey","surface":"asphalt","wikidata":"Q7559923","wikipedia":"en:Somerset and Dorset Joint Railway","source_id":"osm-way-39042115","dataset":"OpenStreetMap former/disused railway extract","publisher":"OpenStreetMap contributors","effective_date":"2026-09-07T10:02:26Z","licence":"ODbL-1.0"},"geometry":{"type":"LineString","coordinates":[[-2.3554989,51.3683271],[-2.3551737,51.3681457]]}},{"type":"Feature","properties":{"bicycle":"designated","foot":"designated","highway":"cycleway","horse":"no","incline":"2%","layer":"-1","length":"407","lit":"yes","name":"Two Tunnels Greenway","old_name":"Somerset and Dorset Joint Railway","old_ref":"SAD","railway":"abandoned","segregated":"no","source":"survey","surface":"asphalt","tunnel":"yes","tunnel:name":"Devonshire Tunnel","tunnel:wikipedia":"en:Devonshire Tunnel","wikidata":"Q16960408","source_id":"osm-way-39042117","dataset":"OpenStreetMap former/disused railway extract","publisher":"OpenStreetMap contributors","effective_date":"2026-09-07T10:02:26Z","licence":"ODbL-1.0"},"geometry":{"type":"LineString","coordinates":[[-2.368789,51.3704043],[-2.3679728,51.3701304],[-2.3673497,51.3699502],[-2.3667582,51.3698021],[-2.3662818,51.3696964],[-2.3658691,51.3696174],[-2.3652614,51.3695151],[-2.3648507,51.3694655],[-2.364445,51.3694274],[-2.3641401,51.3694037],[-2.3638352,51.3693861],[-2.3632742,51.3693756]]}},{"type":"Feature","properties":{"bicycle":"designated","foot":"designated","highway":"cycleway","horse":"no","lit":"no","name":"Two Tunnels Greenway","old_name":"Somerset and Dorset Joint Railway","old_ref":"SAD","oneway":"no","railway":"abandoned","segregated":"no","source":"survey","surface":"asphalt","wikidata":"Q7559923","wikipedia":"en:Somerset and Dorset Joint Railway","source_id":"osm-way-39042304","dataset":"OpenStreetMap former/disused railway extract","publisher":"OpenStreetMap contributors","effective_date":"2026-09-07T10:02:26Z","licence":"ODbL-1.0"},"geometry":{"type":"LineString","coordinates":[[-2.3405825,51.3527054],[-2.3405948,51.3525612]]}},{"type":"Feature","properties":{"abandoned:railway":"rail","historic:operator":"Great Western Railway","name":"Marlborough Branch","railway":"abandoned","ref":"MBO","source":"NPE","source_id":"osm-way-42772557","dataset":"OpenStreetMap former/disused railway extract","publisher":"OpenStreetMap contributors","effective_date":"2026-09-07T10:02:26Z","licence":"ODbL-1.0"},"geometry":{"type":"LineString","coordinates":[[-1.7236843,51.4161494],[-1.7239903,51.4160185],[-1.7243154,51.4158733],[-1.7250529,51.415518],[-1.7251628,51.415465],[-1.7262017,51.4148968],[-1.7271273,51.4143566],[-1.7277373,51.4139719],[-1.7307274,51.4121377],[-1.7318219,51.4114433],[-1.7326453,51.4109264],[-1.7335709,51.4103791],[-1.7349224,51.4095479],[-1.7375887,51.4078195],[-1.7386483,51.407081],[-1.7396432,51.4061163],[-1.7397076,51.4060494],[-1.7400966,51.4055015],[-1.7408234,51.4044833],[-1.7412127,51.4033547],[-1.7413759,51.4025691],[-1.7414242,51.4019734],[-1.7412446,51.4008459],[-1.7410702,51.4002264],[-1.7407937,51.3996037],[-1.7400379,51.3984785],[-1.7383198,51.3966572],[-1.7359916,51.3946451],[-1.7339802,51.393344],[-1.7317218,51.3920644],[-1.7302972,51.3914495],[-1.7290753,51.3909383],[-1.727187,51.3902788],[-1.7245291,51.3893854],[-1.7212274,51.3883553],[-1.7172843,51.3869848],[-1.7151758,51.3861737],[-1.7149424,51.3860851],[-1.7128319,51.3852172],[-1.7108363,51.3842932],[-1.7077728,51.3827487],[-1.7031186,51.3794448],[-1.7004419,51.3780764],[-1.6998828,51.3778437],[-1.6990488,51.3775295],[-1.6985392,51.3773583],[-1.6979712,51.3772],[-1.6972674,51.3770246],[-1.6965018,51.3768706],[-1.6957997,51.3767533]]}},{"type":"Feature","properties":{"bicycle":"permissive","cycleway:est_width":"1.6","foot":"permissive","highway":"path","horse":"permissive","motor_vehicle":"no","note":"permissive bridleway","railway":"abandoned","source":"survey","surface":"compacted","source_id":"osm-way-45834141","dataset":"OpenStreetMap former/disused railway extract","publisher":"OpenStreetMap contributors","effective_date":"2026-09-07T10:02:26Z","licence":"ODbL-1.0"},"geometry":{"type":"LineString","coordinates":[[-1.4935567,51.1939497],[-1.493122,51.1939748],[-1.4930313,51.1939792]]}},{"type":"Feature","properties":{"access":"private","highway":"track","old_name":"Somerset and Dorset Joint Railway","old_ref":"SAD","railway":"abandoned","tracktype":"grade1","wikidata":"Q7559923","wikipedia":"en:Somerset and Dorset Joint Railway","source_id":"osm-way-49772045","dataset":"OpenStreetMap former/disused railway extract","publisher":"OpenStreetMap contributors","effective_date":"2026-09-07T10:02:26Z","licence":"ODbL-1.0"},"geometry":{"type":"LineString","coordinates":[[-2.3648711,51.3234324],[-2.3678677,51.3232971]]}},{"type":"Feature","properties":{"abandoned:railway":"rail","electrified":"no","gauge":"1435","railway":"abandoned","service":"siding","usage":"military","source_id":"osm-way-55046989","dataset":"OpenStreetMap former/disused railway extract","publisher":"OpenStreetMap contributors","effective_date":"2026-09-07T10:02:26Z","licence":"ODbL-1.0"},"geometry":{"type":"LineString","coordinates":[[-1.6306319,51.2497024],[-1.6303877,51.2498509],[-1.6302316,51.2499239],[-1.6299674,51.250033]]}},{"type":"Feature","properties":{"abandoned:railway":"rail","electrified":"no","gauge":"1435","railway":"abandoned","service":"siding","usage":"military","source_id":"osm-way-55046998","dataset":"OpenStreetMap former/disused railway extract","publisher":"OpenStreetMap contributors","effective_date":"2026-09-07T10:02:26Z","licence":"ODbL-1.0"},"geometry":{"type":"LineString","coordinates":[[-1.6291949,51.2504074],[-1.6297709,51.2501009],[-1.6303154,51.2497783],[-1.6307955,51.2495095]]}},{"type":"Feature","properties":{"disused:railway":"rail","electrified":"no","gauge":"1435","railway":"razed","service":"siding","source_id":"osm-way-55047001","dataset":"OpenStreetMap former/disused railway extract","publisher":"OpenStreetMap contributors","effective_date":"2026-09-07T10:02:26Z","licence":"ODbL-1.0"},"geometry":{"type":"LineString","coordinates":[[-1.6291084,51.2566725],[-1.6299453,51.2565114],[-1.6304891,51.2563769],[-1.6309625,51.2562121],[-1.6315331,51.2559339],[-1.6330566,51.2552222],[-1.6336072,51.2549331]]}},{"type":"Feature","properties":{"disused:railway":"rail","electrified":"no","gauge":"1435","railway":"razed","service":"siding","source_id":"osm-way-55047003","dataset":"OpenStreetMap former/disused railway extract","publisher":"OpenStreetMap contributors","effective_date":"2026-09-07T10:02:26Z","licence":"ODbL-1.0"},"geometry":{"type":"LineString","coordinates":[[-1.6338077,51.2550342],[-1.6336145,51.2551282],[-1.6332927,51.2551953],[-1.6330566,51.2552222]]}},{"type":"Feature","properties":{"abandoned:railway":"rail","highway":"trunk","lanes":"2","lit":"no","maxspeed":"60 mph","maxspeed:type":"GB:nsl_single","old_name":"Andoversford Line","old_ref":"AND","railway":"abandoned","ref":"A346","surface":"asphalt","source_id":"osm-way-57961408","dataset":"OpenStreetMap former/disused railway extract","publisher":"OpenStreetMap contributors","effective_date":"2026-09-07T10:02:26Z","licence":"ODbL-1.0"},"geometry":{"type":"LineString","coordinates":[[-1.7088474,51.4671543],[-1.7087201,51.4668546],[-1.7086471,51.4666829],[-1.7085834,51.4665043],[-1.7085373,51.4663844],[-1.7084912,51.4662419],[-1.7084457,51.4660853],[-1.7084027,51.4658703]]}},{"type":"Feature","properties":{"abandoned:railway":"rail","bridge":"yes","highway":"trunk","lanes":"2","layer":"1","maxspeed":"60 mph","maxspeed:type":"GB:nsl_single","maxweight:signed":"no","old_name":"Andoversford Line","old_ref":"AND","railway":"abandoned","ref":"A346","surface":"asphalt","source_id":"osm-way-57961437","dataset":"OpenStreetMap former/disused railway extract","publisher":"OpenStreetMap contributors","effective_date":"2026-09-07T10:02:26Z","licence":"ODbL-1.0"},"geometry":{"type":"LineString","coordinates":[[-1.7089904,51.4674632],[-1.7088474,51.4671543]]}},{"type":"Feature","properties":{"name":"Andoversford Line","railway":"razed","razed:railway":"rail","ref":"AND","source":"NPE","source_id":"osm-way-60359798","dataset":"OpenStreetMap former/disused railway extract","publisher":"OpenStreetMap contributors","effective_date":"2026-09-07T10:02:26Z","licence":"ODbL-1.0"},"geometry":{"type":"LineString","coordinates":[[-1.952508,51.6926852],[-1.9530308,51.6932745],[-1.953222,51.6935889],[-1.9533488,51.6938434],[-1.9536297,51.6944598]]}},{"type":"Feature","properties":{"abandoned:railway":"rail","name":"Wilts, Somerset and Weymouth Railway (Devizes Branch)","railway":"abandoned","ref":"BHL","wikidata":"Q16988700","wikipedia":"en:Devizes branch line","source_id":"osm-way-61563539","dataset":"OpenStreetMap former/disused railway extract","publisher":"OpenStreetMap contributors","effective_date":"2026-09-07T10:02:26Z","licence":"ODbL-1.0"},"geometry":{"type":"LineString","coordinates":[[-1.9153193,51.3301638],[-1.9196842,51.3302116],[-1.9241827,51.3302984],[-1.9350348,51.3309947],[-1.935315,51.3310127],[-1.9413875,51.3316831],[-1.9475115,51.3324381],[-1.9526431,51.3334448],[-1.9590214,51.3351194],[-1.9659222,51.3370069],[-1.9721293,51.33862],[-1.9723445,51.3386759],[-1.9760416,51.3397617],[-1.9782042,51.3404177],[-1.9789263,51.340713]]}},{"type":"Feature","properties":{"abandoned:railway":"rail","highway":"footway","old_name":"Andoversford Line","old_ref":"AND","railway":"abandoned","source":"NPE","surface":"dirt","source_id":"osm-way-62001739","dataset":"OpenStreetMap former/disused railway extract","publisher":"OpenStreetMap contributors","effective_date":"2026-09-07T10:02:26Z","licence":"ODbL-1.0"},"geometry":{"type":"LineString","coordinates":[[-1.8278301,51.5884465],[-1.8278542,51.5884992],[-1.8278461,51.588552],[-1.8278943,51.5886508],[-1.828066,51.5889514],[-1.8281381,51.5891458],[-1.828228,51.5893032],[-1.8283056,51.5894176],[-1.82833,51.5895242],[-1.828395,51.5896737],[-1.8284704,51.5898865]]}},{"type":"Feature","properties":{"abandoned:railway":"rail","name":"Andoversford Line","railway":"abandoned","ref":"AND","source":"NPE","source_id":"osm-way-62001844","dataset":"OpenStreetMap former/disused railway extract","publisher":"OpenStreetMap contributors","effective_date":"2026-09-07T10:02:26Z","licence":"ODbL-1.0"},"geometry":{"type":"LineString","coordinates":[[-1.8533154,51.6283543],[-1.8535457,51.6289339],[-1.8537668,51.6295974],[-1.85384,51.6299709],[-1.8539057,51.6306977],[-1.8539736,51.6312461],[-1.854058,51.6321848],[-1.8541878,51.6330226],[-1.854279,51.6334185]]}},{"type":"Feature","properties":{"abandoned:railway":"rail","railway":"abandoned","ref":"CMZ","source":"NPE","source_id":"osm-way-74763376","dataset":"OpenStreetMap former/disused railway extract","publisher":"OpenStreetMap contributors","effective_date":"2026-09-07T10:02:26Z","licence":"ODbL-1.0"},"geometry":{"type":"LineString","coordinates":[[-2.3287354,51.3546264],[-2.3294328,51.3544441],[-2.3298334,51.354299],[-2.3303638,51.3539888],[-2.3321144,51.3528584],[-2.3331518,51.3522512],[-2.3337834,51.3519389]]}},{"type":"Feature","properties":{"abandoned:railway":"rail","railway":"razed","ref":"CMZ","source":"NPE","source_id":"osm-way-74763475","dataset":"OpenStreetMap former/disused railway extract","publisher":"OpenStreetMap contributors","effective_date":"2026-09-07T10:02:26Z","licence":"ODbL-1.0"},"geometry":{"type":"LineString","coordinates":[[-2.3137197,51.3570233],[-2.313648,51.3569749],[-2.3133368,51.3567484],[-2.3130684,51.3565151],[-2.3127972,51.3562171],[-2.3125834,51.3557993],[-2.3124871,51.3553745]]}},{"type":"Feature","properties":{"abandoned:railway":"rail","name":"Broadstone Junction to Templecombe Lower Line","railway":"abandoned","ref":"BJT","source":"npe","source_id":"osm-way-80186278","dataset":"OpenStreetMap former/disused railway extract","publisher":"OpenStreetMap contributors","effective_date":"2026-09-07T10:02:26Z","licence":"ODbL-1.0"},"geometry":{"type":"LineString","coordinates":[[-2.3994003,50.988936],[-2.3981416,50.9875863],[-2.3968253,50.9860759],[-2.3960004,50.9851292],[-2.3945954,50.983561],[-2.3931748,50.9819834],[-2.3925979,50.9812989],[-2.3920906,50.9807006],[-2.3915273,50.9801095],[-2.3907334,50.9792027],[-2.3897114,50.9780847],[-2.3892877,50.9776018],[-2.3890819,50.9773854],[-2.3889125,50.9772375],[-2.3885477,50.9767917],[-2.3876013,50.9757492],[-2.3866744,50.9747214],[-2.384858,50.9726582],[-2.3836301,50.9712945],[-2.3830148,50.9705949],[-2.3818233,50.9692328],[-2.3797628,50.9671775],[-2.3797131,50.9671403],[-2.376762,50.9649319],[-2.3760356,50.9643542],[-2.3738485,50.962675],[-2.3735106,50.9624155],[-2.3726207,50.9617866],[-2.3712642,50.960828],[-2.3683666,50.9588853],[-2.3671815,50.9582645],[-2.3662922,50.9577987],[-2.361293,50.9555385],[-2.3601018,50.9549999],[-2.3530554,50.9523986],[-2.3521967,50.9520833],[-2.3488407,50.950851],[-2.3463565,50.9500706],[-2.3416805,50.9483932],[-2.3385489,50.9472658]]}},{"type":"Feature","properties":{"abandoned:railway":"rail","name":"Somerset Coal Canal Tramway","railway":"abandoned","source_id":"osm-way-89097548","dataset":"OpenStreetMap former/disused railway extract","publisher":"OpenStreetMap contributors","effective_date":"2026-09-07T10:02:26Z","licence":"ODbL-1.0"},"geometry":{"type":"LineString","coordinates":[[-2.3439922,51.3424349],[-2.3437347,51.3423411],[-2.3435094,51.3422338],[-2.3433163,51.342073],[-2.3431876,51.3419188],[-2.3431232,51.3417513],[-2.3431554,51.3415971],[-2.3432519,51.3414162],[-2.3433699,51.3412486],[-2.3435738,51.3410677],[-2.3438098,51.3408934]]}},{"type":"Feature","properties":{"abandoned:railway":"rail","name":"Somerset Coal Canal Radstock Tramway","railway":"abandoned","source":"survey","source_id":"osm-way-89098731","dataset":"OpenStreetMap former/disused railway extract","publisher":"OpenStreetMap contributors","effective_date":"2026-09-07T10:02:26Z","licence":"ODbL-1.0"},"geometry":{"type":"LineString","coordinates":[[-2.3519959,51.3304704],[-2.351953,51.3308257],[-2.3519304,51.3312691],[-2.3519089,51.3317383],[-2.3519411,51.3322076],[-2.3521235,51.3327975]]}},{"type":"Feature","properties":{"abandoned:railway":"rail","name":"Somerset Coal Canal Tramway","railway":"abandoned","source":"survey","source_id":"osm-way-89101061","dataset":"OpenStreetMap former/disused railway extract","publisher":"OpenStreetMap contributors","effective_date":"2026-09-07T10:02:26Z","licence":"ODbL-1.0"},"geometry":{"type":"LineString","coordinates":[[-2.3447003,51.3425823],[-2.3450436,51.3426225],[-2.3456337,51.3426628],[-2.3460629,51.3426628]]}},{"type":"Feature","properties":{"abandoned:railway":"rail","name":"Somerset Coal Canal Tramway","railway":"abandoned","source":"survey","source_id":"osm-way-89124621","dataset":"OpenStreetMap former/disused railway extract","publisher":"OpenStreetMap contributors","effective_date":"2026-09-07T10:02:26Z","licence":"ODbL-1.0"},"geometry":{"type":"LineString","coordinates":[[-2.3521986,51.3327908],[-2.3523488,51.3328042],[-2.3523917,51.3328913],[-2.3523703,51.333079],[-2.3521986,51.3333539],[-2.3519196,51.3335348],[-2.3515656,51.3335952],[-2.3511043,51.3336354],[-2.3506858,51.3337091],[-2.3504283,51.3338164]]}},{"type":"Feature","properties":{"abandoned:railway":"rail","name":"Somerset Coal Canal Tramway","railway":"abandoned","source":"survey","source_id":"osm-way-89124691","dataset":"OpenStreetMap former/disused railway extract","publisher":"OpenStreetMap contributors","effective_date":"2026-09-07T10:02:26Z","licence":"ODbL-1.0"},"geometry":{"type":"LineString","coordinates":[[-2.3502459,51.3338968],[-2.3496773,51.3341582],[-2.3488083,51.3347146],[-2.3479071,51.3351369],[-2.3474994,51.3353112]]}},{"type":"Feature","properties":{"abandoned:railway":"rail","name":"Somerset Coal Canal Tramway","railway":"abandoned","source_id":"osm-way-89856561","dataset":"OpenStreetMap former/disused railway extract","publisher":"OpenStreetMap contributors","effective_date":"2026-09-07T10:02:26Z","licence":"ODbL-1.0"},"geometry":{"type":"LineString","coordinates":[[-2.3485881,51.3428959],[-2.3484487,51.3428423],[-2.3481697,51.3428021],[-2.3476869,51.3427217],[-2.3472578,51.3426949]]}},{"type":"Feature","properties":{"abandoned:railway":"rail","railway":"abandoned","service":"siding","source_id":"osm-way-92266816","dataset":"OpenStreetMap former/disused railway extract","publisher":"OpenStreetMap contributors","effective_date":"2026-09-07T10:02:26Z","licence":"ODbL-1.0"},"geometry":{"type":"LineString","coordinates":[[-1.7614305,51.5798106],[-1.7614227,51.5800385],[-1.7614012,51.5801768],[-1.7613878,51.5802418],[-1.7613636,51.5803035],[-1.7613154,51.5803769],[-1.7612567,51.58045],[-1.7611813,51.5805185],[-1.7610713,51.5805919],[-1.7610042,51.5806285],[-1.7609425,51.5806585],[-1.7608406,51.5807019],[-1.7607253,51.5807402],[-1.7606126,51.5807669],[-1.7604329,51.5808069],[-1.7602371,51.5808419],[-1.7600681,51.5808669],[-1.7599233,51.5808869],[-1.7597972,51.5808986],[-1.7597278,51.5809033],[-1.7585952,51.5809366]]}},{"type":"Feature","properties":{"railway":"razed","razed:railway":"rail","service":"siding","source_id":"osm-way-92266818","dataset":"OpenStreetMap former/disused railway extract","publisher":"OpenStreetMap contributors","effective_date":"2026-09-07T10:02:26Z","licence":"ODbL-1.0"},"geometry":{"type":"LineString","coordinates":[[-1.7614305,51.5798106],[-1.7614012,51.5799452],[-1.7613663,51.5800268],[-1.7613341,51.5800918],[-1.7612778,51.5801768],[-1.7612161,51.5802452],[-1.7611196,51.5803352],[-1.761015,51.5804052],[-1.7609506,51.5804419],[-1.7608597,51.58048],[-1.7606743,51.5805519],[-1.7604544,51.5806285],[-1.7603095,51.5806735],[-1.760162,51.5807085],[-1.7600199,51.5807352],[-1.7598804,51.5807569],[-1.7597109,51.5807732]]}},{"type":"Feature","properties":{"bicycle":"permissive","bridge":"yes","cycleway:est_width":"1.5","designation":"public_footpath","foot":"designated","highway":"path","horse":"permissive","layer":"1","motor_vehicle":"no","note":"permissive bridleway","railway":"abandoned","source":"survey","surface":"compacted","source_id":"osm-way-97595492","dataset":"OpenStreetMap former/disused railway extract","publisher":"OpenStreetMap contributors","effective_date":"2026-09-07T10:02:26Z","licence":"ODbL-1.0"},"geometry":{"type":"LineString","coordinates":[[-1.4948286,51.1953937],[-1.4947688,51.195212]]}},{"type":"Feature","properties":{"bicycle":"permissive","cycleway:est_width":"1.5","designation":"public_footpath","foot":"designated","highway":"path","horse":"permissive","motor_vehicle":"no","note":"permissive bridleway","railway":"abandoned","source":"survey","surface":"compacted","source_id":"osm-way-97595512","dataset":"OpenStreetMap former/disused railway extract","publisher":"OpenStreetMap contributors","effective_date":"2026-09-07T10:02:26Z","licence":"ODbL-1.0"},"geometry":{"type":"LineString","coordinates":[[-1.4947688,51.195212],[-1.4946055,51.1949733],[-1.494437,51.1947546]]}},{"type":"Feature","properties":{"bridge":"yes","disused:railway":"rail","electrified":"no","gauge":"1435","layer":"1","maxspeed":"25 mph","name":"Radstock Frome","railway":"abandoned","ref":"FNS2","usage":"branch","source_id":"osm-way-101589488","dataset":"OpenStreetMap former/disused railway extract","publisher":"OpenStreetMap contributors","effective_date":"2026-09-07T10:02:26Z","licence":"ODbL-1.0"},"geometry":{"type":"LineString","coordinates":[[-2.3572313,51.2465718],[-2.3573824,51.2465926]]}},{"type":"Feature","properties":{"disused:railway":"rail","electrified":"no","gauge":"1435","maxspeed":"25 mph","name":"Radstock Frome","railway":"abandoned","ref":"FNS2","source":"OS_OpenData_Streetview;survey","usage":"branch","source_id":"osm-way-101726417","dataset":"OpenStreetMap former/disused railway extract","publisher":"OpenStreetMap contributors","effective_date":"2026-09-07T10:02:26Z","licence":"ODbL-1.0"},"geometry":{"type":"LineString","coordinates":[[-2.3573824,51.2465926],[-2.3582499,51.2467263],[-2.3588518,51.246853],[-2.361359,51.2474972],[-2.3628554,51.2478896],[-2.3629013,51.2479016],[-2.3633037,51.248004],[-2.3638566,51.2481448],[-2.3656972,51.2486075],[-2.3668131,51.2488893],[-2.3677469,51.2491298],[-2.3686594,51.2493646],[-2.3696875,51.2496175],[-2.3702319,51.2497531],[-2.3708533,51.2498825],[-2.3716018,51.2500316],[-2.3726558,51.250221],[-2.3738214,51.2504172],[-2.3757616,51.2507189],[-2.3776042,51.250991],[-2.3786398,51.2511454],[-2.379807,51.2513394],[-2.3811959,51.2516046],[-2.3818777,51.2517803],[-2.3824242,51.2519283],[-2.3832428,51.2521751],[-2.3838596,51.2523635],[-2.3845641,51.2526067],[-2.3853237,51.2528773],[-2.3861173,51.2531541],[-2.3871467,51.2535212],[-2.3885514,51.2539947],[-2.3889126,51.2541217],[-2.3900501,51.2544854],[-2.3917195,51.2550101],[-2.3931505,51.255411],[-2.3943471,51.2557174],[-2.395551,51.2560094],[-2.3966274,51.2562585],[-2.3978336,51.2565086],[-2.3991505,51.2567814],[-2.3999501,51.2569405],[-2.4010414,51.2571709],[-2.4021711,51.2574282],[-2.4032323,51.2576807],[-2.4049446,51.2581299],[-2.4058435,51.2583737],[-2.4073147,51.2587888],[-2.4085362,51.2591386],[-2.4089237,51.2592364],[-2.4093327,51.2593397],[-2.4094668,51.259378],[-2.4102878,51.2596124],[-2.4119494,51.2600842],[-2.4129916,51.2603466],[-2.4141093,51.2606285],[-2.4148599,51.2608637],[-2.4158226,51.2612499],[-2.4164773,51.2615742],[-2.4170288,51.2618915],[-2.4175208,51.2622243],[-2.4178551,51.2624594],[-2.4180757,51.2626282],[-2.4182431,51.2627602],[-2.4186055,51.263151],[-2.4187492,51.2633545],[-2.4188867,51.2635503],[-2.4190623,51.2638596],[-2.4192212,51.264259],[-2.4193877,51.2647927],[-2.4194817,51.265159],[-2.4196522,51.2655028],[-2.4198594,51.265816],[-2.4200175,51.2660333],[-2.4201633,51.2662198],[-2.4204915,51.2665549],[-2.4207912,51.2668047],[-2.4212194,51.2671158],[-2.4218218,51.2674826],[-2.4224787,51.2677876],[-2.4230892,51.2680169],[-2.4239254,51.2682607]]}},{"type":"Feature","properties":{"name":"Dursley Branch","railway":"razed","razed:railway":"rail","ref":"DLY","source_id":"osm-way-107279260","dataset":"OpenStreetMap former/disused railway extract","publisher":"OpenStreetMap contributors","effective_date":"2026-09-07T10:02:26Z","licence":"ODbL-1.0"},"geometry":{"type":"LineString","coordinates":[[-2.3582607,51.6985385],[-2.3570118,51.6969664],[-2.3566012,51.6962986],[-2.3562434,51.695651],[-2.3560402,51.6952427],[-2.3560018,51.6950507],[-2.3560019,51.6948633],[-2.3560407,51.6942306],[-2.356038,51.6939767],[-2.3560385,51.6935201],[-2.3559672,51.6928088],[-2.3559064,51.6924111],[-2.3558944,51.6923174],[-2.355786,51.6918277],[-2.3556571,51.6913924],[-2.3554481,51.690687],[-2.3549149,51.6896648],[-2.3545501,51.6889737],[-2.3542465,51.6879601],[-2.3536274,51.6869251],[-2.3525331,51.685382],[-2.3513304,51.6840656]]}},{"type":"Feature","properties":{"abandoned:railway":"rail","bicycle":"designated","foot":"designated","highway":"cycleway","ncn":"yes","ncn_ref":"45","old_name":"Andoversford Line","old_ref":"AND","railway":"abandoned","segregated":"no","smoothness":"good","surface":"asphalt","source_id":"osm-way-129115353","dataset":"OpenStreetMap former/disused railway extract","publisher":"OpenStreetMap contributors","effective_date":"2026-09-07T10:02:26Z","licence":"ODbL-1.0"},"geometry":{"type":"LineString","coordinates":[[-1.738772,51.5276145],[-1.7386786,51.5275302],[-1.7383838,51.5273145],[-1.7383193,51.5272673],[-1.7379667,51.5269931],[-1.7377326,51.526803],[-1.7376764,51.5267468],[-1.7375141,51.5265108],[-1.7374563,51.5264267],[-1.737154,51.5260159],[-1.7369352,51.5257366],[-1.7366241,51.5252802],[-1.736431,51.5249639],[-1.7363713,51.5248401],[-1.7363454,51.524735],[-1.7363338,51.5245781],[-1.7363207,51.524513]]}},{"type":"Feature","properties":{"abandoned:railway":"rail","historic:operator":"Midland & South Western Junction Railway","name":"Andoversford Line","railway":"abandoned","ref":"AND","source":"OS 1:25k","source_id":"osm-way-129115354","dataset":"OpenStreetMap former/disused railway extract","publisher":"OpenStreetMap contributors","effective_date":"2026-09-07T10:02:26Z","licence":"ODbL-1.0"},"geometry":{"type":"LineString","coordinates":[[-1.7273634,51.4136506],[-1.7270694,51.4140468],[-1.7268491,51.4142973],[-1.7265694,51.4145372],[-1.7260176,51.4148828],[-1.7254333,51.4152177],[-1.7253407,51.4152659],[-1.7245266,51.4156895],[-1.7239469,51.4159491],[-1.7234047,51.4161111],[-1.7229407,51.4161888],[-1.7225263,51.4162357],[-1.7220382,51.4162741],[-1.7216144,51.4162854],[-1.7212827,51.4162875],[-1.7209563,51.4162695],[-1.7203424,51.416208]]}},{"type":"Feature","properties":{"abandoned:railway":"rail","bicycle":"designated","foot":"designated","highway":"cycleway","name":"Chiseldon & Marlborough Railway Path","old_name":"Andoversford Line","old_ref":"AND","railway":"abandoned","surface":"compacted","source_id":"osm-way-129115355","dataset":"OpenStreetMap former/disused railway extract","publisher":"OpenStreetMap contributors","effective_date":"2026-09-07T10:02:26Z","licence":"ODbL-1.0"},"geometry":{"type":"LineString","coordinates":[[-1.7105473,51.4705223],[-1.710616,51.4706682],[-1.7107917,51.4710079],[-1.7109858,51.4713169],[-1.7113183,51.4718427],[-1.7116444,51.4723032],[-1.7122275,51.4731813],[-1.7124995,51.4735986],[-1.7127621,51.4740682],[-1.7129651,51.4744518],[-1.713145,51.4748307],[-1.7132338,51.4750587],[-1.7132614,51.4751106],[-1.7132931,51.4751498],[-1.7133033,51.4751713],[-1.713316,51.4752275],[-1.7133286,51.4752615],[-1.713424,51.4754964],[-1.7135596,51.4758468],[-1.7136489,51.4760999],[-1.7137298,51.4763416],[-1.7138301,51.4766916],[-1.7139099,51.4769981],[-1.7140624,51.4775786],[-1.7141229,51.4777918],[-1.7141727,51.4780094],[-1.7142412,51.4782336],[-1.7143167,51.4784788],[-1.7143852,51.4787196],[-1.714434,51.4789052],[-1.7145255,51.4791879],[-1.7145943,51.4794446]]}},{"type":"Feature","properties":{"abandoned:railway":"rail","bicycle":"designated","embankment":"yes","foot":"designated","highway":"cycleway","ncn":"yes","ncn_ref":"45","old_name":"Andoversford Line","old_ref":"AND","railway":"abandoned","segregated":"no","smoothness":"good","surface":"asphalt","source_id":"osm-way-129115358","dataset":"OpenStreetMap former/disused railway extract","publisher":"OpenStreetMap contributors","effective_date":"2026-09-07T10:02:26Z","licence":"ODbL-1.0"},"geometry":{"type":"LineString","coordinates":[[-1.7358362,51.5207993],[-1.7359144,51.5209431],[-1.7359893,51.5210851],[-1.736082,51.5212999],[-1.7361364,51.5214407],[-1.7361724,51.5215451],[-1.7362058,51.5216596],[-1.7362408,51.5218056],[-1.7362631,51.5219562],[-1.7362825,51.5221446],[-1.7363082,51.522481]]}},{"type":"Feature","properties":{"name":"Andoversford Line","railway":"razed","razed:railway":"rail","ref":"AND","source":"OS 1:25k","source_id":"osm-way-129116559","dataset":"OpenStreetMap former/disused railway extract","publisher":"OpenStreetMap contributors","effective_date":"2026-09-07T10:02:26Z","licence":"ODbL-1.0"},"geometry":{"type":"LineString","coordinates":[[-1.9311926,51.6793863],[-1.9327618,51.6798317]]}},{"type":"Feature","properties":{"cycleway:both":"no","highway":"secondary","lanes":"2","lit":"yes","maxspeed":"30 mph","maxspeed:type":"GB:nsl_restricted","old_name":"Andoversford Line","old_ref":"AND","railway":"razed","razed:railway":"rail","ref":"B4040","sidewalk:both":"no","surface":"asphalt","source_id":"osm-way-129116564","dataset":"OpenStreetMap former/disused railway extract","publisher":"OpenStreetMap contributors","effective_date":"2026-09-07T10:02:26Z","licence":"ODbL-1.0"},"geometry":{"type":"LineString","coordinates":[[-1.8645334,51.6407167],[-1.8644263,51.6407035],[-1.8641331,51.6406644],[-1.8639345,51.6406323],[-1.8637495,51.6405995],[-1.863606,51.6405715],[-1.8633509,51.6405191],[-1.8630982,51.6404616],[-1.862811,51.6403907],[-1.862567,51.6403275],[-1.8621744,51.6402133],[-1.8618065,51.6400969],[-1.8615574,51.640015],[-1.8613603,51.639945],[-1.861004,51.6398071],[-1.8608006,51.6397237],[-1.8605956,51.6396363],[-1.8602889,51.6394972],[-1.8600792,51.6393943],[-1.859879,51.6392937],[-1.859473,51.6390883],[-1.859448,51.6390755],[-1.8591766,51.6389389],[-1.8588919,51.6387978],[-1.858233,51.6384596],[-1.8581378,51.638413]]}},{"type":"Feature","properties":{"name":"Andoversford Line","railway":"razed","razed:railway":"rail","ref":"AND","source":"NPE","source_id":"osm-way-129116567","dataset":"OpenStreetMap former/disused railway extract","publisher":"OpenStreetMap contributors","effective_date":"2026-09-07T10:02:26Z","licence":"ODbL-1.0"},"geometry":{"type":"LineString","coordinates":[[-1.9163612,51.6703786],[-1.9184951,51.6728274]]}},{"type":"Feature","properties":{"abandoned:railway":"rail","name":"Andoversford Line","railway":"abandoned","ref":"AND","source_id":"osm-way-133611704","dataset":"OpenStreetMap former/disused railway extract","publisher":"OpenStreetMap contributors","effective_date":"2026-09-07T10:02:26Z","licence":"ODbL-1.0"},"geometry":{"type":"LineString","coordinates":[[-1.6463356,51.3601361],[-1.6468673,51.3607059],[-1.6474955,51.3613124],[-1.6477743,51.3615694],[-1.6482517,51.3619637],[-1.6486178,51.3621937],[-1.6487299,51.3622565],[-1.6491235,51.3624611],[-1.6506077,51.3632998],[-1.6529447,51.364567],[-1.6550794,51.3657846]]}},{"type":"Feature","properties":{"electrified":"no","railway":"razed","razed:railway":"rail","service":"siding","source":"OS_OpenData_StreetView","source_id":"osm-way-134497467","dataset":"OpenStreetMap former/disused railway extract","publisher":"OpenStreetMap contributors","effective_date":"2026-09-07T10:02:26Z","licence":"ODbL-1.0"},"geometry":{"type":"LineString","coordinates":[[-2.3102105,51.2256494],[-2.3102627,51.22554],[-2.3103098,51.2254017]]}},{"type":"Feature","properties":{"electrified":"no","railway":"razed","razed:railway":"rail","service":"siding","source":"OS_OpenData_StreetView","source_id":"osm-way-134497468","dataset":"OpenStreetMap former/disused railway extract","publisher":"OpenStreetMap contributors","effective_date":"2026-09-07T10:02:26Z","licence":"ODbL-1.0"},"geometry":{"type":"LineString","coordinates":[[-2.3102663,51.2256535],[-2.3103098,51.2254017],[-2.3103287,51.225291],[-2.3104036,51.2249818]]}},{"type":"Feature","properties":{"electrified":"no","operator":"Network Rail","operator:wikidata":"Q1501071","railway":"razed","railway:aws":"yes","railway:tpws":"yes","razed:railway":"rail","service":"siding","source_id":"osm-way-134497469","dataset":"OpenStreetMap former/disused railway extract","publisher":"OpenStreetMap contributors","effective_date":"2026-09-07T10:02:26Z","licence":"ODbL-1.0"},"geometry":{"type":"LineString","coordinates":[[-2.310377,51.2255733],[-2.3103624,51.2254476],[-2.3103723,51.2253061],[-2.3103822,51.2251801],[-2.3104036,51.2249818],[-2.3104304,51.2246598],[-2.3104564,51.2241607]]}},{"type":"Feature","properties":{"electrified":"no","railway":"razed","razed:railway":"rail","service":"siding","source":"OS_OpenData_StreetView","source_id":"osm-way-134497470","dataset":"OpenStreetMap former/disused railway extract","publisher":"OpenStreetMap contributors","effective_date":"2026-09-07T10:02:26Z","licence":"ODbL-1.0"},"geometry":{"type":"LineString","coordinates":[[-2.3103218,51.2258506],[-2.3104562,51.225529],[-2.3104793,51.2254293],[-2.3104944,51.2253062],[-2.3105047,51.2252219],[-2.3105349,51.224971],[-2.3105614,51.2247243],[-2.3105788,51.2242004]]}},{"type":"Feature","properties":{"disused:railway":"rail","electrified":"no","gauge":"1435","railway":"disused","service":"siding","source":"Bing","source_id":"osm-way-137883114","dataset":"OpenStreetMap former/disused railway extract","publisher":"OpenStreetMap contributors","effective_date":"2026-09-07T10:02:26Z","licence":"ODbL-1.0"},"geometry":{"type":"LineString","coordinates":[[-1.7982499,51.0746211],[-1.7985007,51.074454]]}},{"type":"Feature","properties":{"bridge":"yes","name":"West of England Line","railway":"abandoned","ref":"BAE2","source_id":"osm-way-138637330","dataset":"OpenStreetMap former/disused railway extract","publisher":"OpenStreetMap contributors","effective_date":"2026-09-07T10:02:26Z","licence":"ODbL-1.0"},"geometry":{"type":"LineString","coordinates":[[-2.2770415,51.0325799],[-2.2775322,51.032431]]}},{"type":"Feature","properties":{"disused:railway":"rail","electrified":"no","gauge":"1435","railway":"disused","railway:tpws":"yes","service":"siding","source_id":"osm-way-138826223","dataset":"OpenStreetMap former/disused railway extract","publisher":"OpenStreetMap contributors","effective_date":"2026-09-07T10:02:26Z","licence":"ODbL-1.0"},"geometry":{"type":"LineString","coordinates":[[-1.7737614,51.569303],[-1.773559,51.5693654],[-1.7733794,51.5694268],[-1.7732224,51.5694858],[-1.7731089,51.569527],[-1.7729777,51.5695687],[-1.7728479,51.5696062],[-1.7726154,51.5696654],[-1.7724072,51.5697179],[-1.7721679,51.5697763],[-1.7714512,51.5699564],[-1.7709321,51.5700856],[-1.7704305,51.5702112],[-1.7700779,51.5702979],[-1.7699141,51.5703381],[-1.7697616,51.5703702],[-1.7694794,51.5704238],[-1.7694404,51.5704299],[-1.7691275,51.570482],[-1.7690292,51.5704992],[-1.7689275,51.5705211],[-1.7687585,51.5705593]]}},{"type":"Feature","properties":{"abandoned:railway":"rail","name":"Andoversford Line","railway":"abandoned","ref":"AND","source_id":"osm-way-138912037","dataset":"OpenStreetMap former/disused railway extract","publisher":"OpenStreetMap contributors","effective_date":"2026-09-07T10:02:26Z","licence":"ODbL-1.0"},"geometry":{"type":"LineString","coordinates":[[-1.8100686,51.55368],[-1.810396,51.5549344]]}},{"type":"Feature","properties":{"abandoned:railway":"rail","name":"Bradford on Avon Loop","railway":"abandoned","ref":"BFL","source":"Bing","source_id":"osm-way-140819535","dataset":"OpenStreetMap former/disused railway extract","publisher":"OpenStreetMap contributors","effective_date":"2026-09-07T10:02:26Z","licence":"ODbL-1.0"},"geometry":{"type":"LineString","coordinates":[[-2.2151495,51.339105],[-2.2146024,51.3391286],[-2.2140741,51.3391544],[-2.2136033,51.3392285],[-2.2129494,51.3393817],[-2.2123515,51.339593],[-2.2116167,51.3399374],[-2.2112204,51.3401654],[-2.2106737,51.3405696],[-2.2105009,51.3407663],[-2.2101364,51.3411068]]}},{"type":"Feature","properties":{"abandoned:railway":"rail","bicycle":"designated","cutting":"yes","designation":"public_footpath","foot":"designated","highway":"cycleway","lcn":"yes","lcn_ref":"UR","lit":"no","ncn":"yes","ncn_ref":"45","old_name":"Andoversford Line","old_ref":"AND","prow_ref":"CN22","railway":"abandoned","segregated":"no","smoothness":"intermediate","surface":"gravel","source_id":"osm-way-143601295","dataset":"OpenStreetMap former/disused railway extract","publisher":"OpenStreetMap contributors","effective_date":"2026-09-07T10:02:26Z","licence":"ODbL-1.0"},"geometry":{"type":"LineString","coordinates":[[-1.8224048,51.579476],[-1.8223603,51.5796427],[-1.8223268,51.5797416],[-1.8223053,51.5798143],[-1.8222756,51.579947],[-1.8222474,51.5800874],[-1.8222267,51.5802759],[-1.8222215,51.5805104],[-1.8221969,51.5808734],[-1.8221967,51.5810178],[-1.8221991,51.5810946],[-1.8222169,51.5812726],[-1.8222489,51.581438],[-1.8223053,51.5816886],[-1.8223361,51.5818234],[-1.8223669,51.5819311]]}},{"type":"Feature","properties":{"abandoned:railway":"rail","name":"Alderbury Junction to West Moors","railway":"abandoned","ref":"AWM","source_id":"osm-way-143861449","dataset":"OpenStreetMap former/disused railway extract","publisher":"OpenStreetMap contributors","effective_date":"2026-09-07T10:02:26Z","licence":"ODbL-1.0"},"geometry":{"type":"LineString","coordinates":[[-1.7247148,51.0452485],[-1.7237274,51.044716],[-1.7231598,51.0443278],[-1.7226556,51.0439038],[-1.7222152,51.043437],[-1.7217576,51.0428468],[-1.721447,51.0422323],[-1.7211265,51.0414457],[-1.7209235,51.0407438],[-1.7207217,51.0399684],[-1.7204412,51.0387783],[-1.7203532,51.0379398],[-1.7203961,51.0369187],[-1.7205366,51.0360568],[-1.7209132,51.0348522],[-1.721462,51.0337248],[-1.7217496,51.0333346],[-1.7218685,51.0331732],[-1.7219036,51.0331195],[-1.7219581,51.0330359],[-1.7219849,51.0329836],[-1.7220824,51.0328415],[-1.7221365,51.0327787],[-1.7224576,51.0323738],[-1.7225275,51.0322868],[-1.7234318,51.0311399],[-1.7235257,51.0310332],[-1.7242707,51.0299896],[-1.7244451,51.0296895],[-1.7246455,51.0292476],[-1.7247538,51.0289649],[-1.7248551,51.0285689],[-1.7249,51.0283937],[-1.7250067,51.0277226],[-1.7250015,51.0270623],[-1.7247887,51.0260103],[-1.7241836,51.0244643],[-1.7240355,51.0236502],[-1.723954,51.0221367],[-1.7239306,51.0205617],[-1.7238142,51.0183319],[-1.7236749,51.0142044],[-1.7236736,51.0141161]]}},{"type":"Feature","properties":{"abandoned:railway":"rail","name":"Rushey Platt Curve","railway":"razed","ref":"RUS","source_id":"osm-way-144329532","dataset":"OpenStreetMap former/disused railway extract","publisher":"OpenStreetMap contributors","effective_date":"2026-09-07T10:02:26Z","licence":"ODbL-1.0"},"geometry":{"type":"LineString","coordinates":[[-1.8085709,51.5547816],[-1.808795,51.5545161],[-1.8089785,51.55428],[-1.8091308,51.5540737],[-1.8092843,51.5537028],[-1.8093801,51.553423],[-1.8093954,51.5531405],[-1.8093906,51.5527649],[-1.8093344,51.5525077],[-1.809263,51.5522915],[-1.8091701,51.5521265],[-1.8090601,51.5519718],[-1.8090074,51.5519045]]}},{"type":"Feature","properties":{"name":"Calne & Chippenham Line","railway":"razed","source_id":"osm-way-145807453","dataset":"OpenStreetMap former/disused railway extract","publisher":"OpenStreetMap contributors","effective_date":"2026-09-07T10:02:26Z","licence":"ODbL-1.0"},"geometry":{"type":"LineString","coordinates":[[-2.0679169,51.4533511],[-2.0646569,51.4517673],[-2.0640227,51.4513622]]}},{"type":"Feature","properties":{"abandoned:railway":"rail","bicycle":"designated","foot":"designated","highway":"cycleway","lcn":"yes","lit":"no","old_name":"Andoversford Line","old_ref":"AND","railway":"abandoned","segregated":"no","surface":"gravel","source_id":"osm-way-146526932","dataset":"OpenStreetMap former/disused railway extract","publisher":"OpenStreetMap contributors","effective_date":"2026-09-07T10:02:26Z","licence":"ODbL-1.0"},"geometry":{"type":"LineString","coordinates":[[-1.8169881,51.5646639],[-1.8180377,51.5661783]]}},{"type":"Feature","properties":{"abandoned:railway":"rail","bicycle":"designated","bridge":"yes","foot":"designated","highway":"cycleway","lcn":"yes","lcn_ref":"UR;SSR","name":"Old Town Railway Path","ncn":"yes","ncn_ref":"45","old_name":"Andoversford Line","old_ref":"AND","railway":"abandoned","segregated":"no","surface":"compacted","source_id":"osm-way-147297636","dataset":"OpenStreetMap former/disused railway extract","publisher":"OpenStreetMap contributors","effective_date":"2026-09-07T10:02:26Z","licence":"ODbL-1.0"},"geometry":{"type":"LineString","coordinates":[[-1.7905149,51.5456755],[-1.7903504,51.5456595]]}},{"type":"Feature","properties":{"abandoned:railway":"rail","name":"Cirencester Branch","railway":"abandoned","ref":"CIR","source":"NPE","source_id":"osm-way-149196628","dataset":"OpenStreetMap former/disused railway extract","publisher":"OpenStreetMap contributors","effective_date":"2026-09-07T10:02:26Z","licence":"ODbL-1.0"},"geometry":{"type":"LineString","coordinates":[[-2.0223229,51.6773051],[-2.0215939,51.6778805],[-2.0208215,51.678253],[-2.0162295,51.6795303],[-2.0151953,51.6798451]]}},{"type":"Feature","properties":{"abandoned:railway":"rail","bicycle":"yes","bridge":"yes","highway":"footway","old_name":"Andoversford Line","old_ref":"AND","railway":"abandoned","surface":"asphalt","source_id":"osm-way-152247552","dataset":"OpenStreetMap former/disused railway extract","publisher":"OpenStreetMap contributors","effective_date":"2026-09-07T10:02:26Z","licence":"ODbL-1.0"},"geometry":{"type":"LineString","coordinates":[[-1.7720479,51.5474879],[-1.7720991,51.5475551]]}},{"type":"Feature","properties":{"abandoned:railway":"rail","bicycle":"yes","highway":"footway","old_name":"Andoversford Line","old_ref":"AND","railway":"abandoned","surface":"woodchips","source_id":"osm-way-152247556","dataset":"OpenStreetMap former/disused railway extract","publisher":"OpenStreetMap contributors","effective_date":"2026-09-07T10:02:26Z","licence":"ODbL-1.0"},"geometry":{"type":"LineString","coordinates":[[-1.7715158,51.5464192],[-1.7715697,51.5466298],[-1.7716011,51.5467335],[-1.7716402,51.5468191],[-1.7716624,51.5468564],[-1.7717576,51.5470166],[-1.7718018,51.5470909],[-1.7718507,51.5472157],[-1.7719499,51.5473528],[-1.7719859,51.5474025],[-1.7720479,51.5474879]]}},{"type":"Feature","properties":{"abandoned:railway":"rail","name":"Andoversford Line","railway":"abandoned","ref":"AND","source":"NPE","source_id":"osm-way-152247558","dataset":"OpenStreetMap former/disused railway extract","publisher":"OpenStreetMap contributors","effective_date":"2026-09-07T10:02:26Z","licence":"ODbL-1.0"},"geometry":{"type":"LineString","coordinates":[[-1.7715158,51.5464192],[-1.771422,51.5462698],[-1.7713247,51.5461514],[-1.7712099,51.5460387],[-1.7710717,51.545926],[-1.7699558,51.5452139],[-1.7645484,51.5415573],[-1.7625964,51.5401927],[-1.7613899,51.5393646],[-1.760433,51.5385598],[-1.7599039,51.5379032],[-1.7563938,51.5334404],[-1.7556455,51.5325798]]}},{"type":"Feature","properties":{"abandoned:railway":"rail","alt_name":"Sprat and Winkle Line","name":"Andover Junction to Kimbridge Junction","railway":"abandoned","ref":"AKJ","usage":"branch","source_id":"osm-way-157711686","dataset":"OpenStreetMap former/disused railway extract","publisher":"OpenStreetMap contributors","effective_date":"2026-09-07T10:02:26Z","licence":"ODbL-1.0"},"geometry":{"type":"LineString","coordinates":[[-1.4892921,51.1125558],[-1.4886288,51.1135351],[-1.4885074,51.1137847],[-1.4883986,51.1140083],[-1.4879726,51.1148018]]}},{"type":"Feature","properties":{"abandoned:railway":"rail","access":"private","alt_name":"Sprat & Winkle Line","bridge":"yes","layer":"1","name":"Andover Junction to Kimbridge Junction","railway":"abandoned","ref":"AKJ","source":"npe","usage":"branch","source_id":"osm-way-157965671","dataset":"OpenStreetMap former/disused railway extract","publisher":"OpenStreetMap contributors","effective_date":"2026-09-07T10:02:26Z","licence":"ODbL-1.0"},"geometry":{"type":"LineString","coordinates":[[-1.5288229,51.0354166],[-1.5290066,51.035255],[-1.5290546,51.0352128]]}},{"type":"Feature","properties":{"abandoned:railway":"rail","access":"private","alt_name":"Sprat and Winkle Line","name":"Andover Junction to Kimbridge Junction","railway":"abandoned","ref":"AKJ","source":"npe","usage":"branch","source_id":"osm-way-157965672","dataset":"OpenStreetMap former/disused railway extract","publisher":"OpenStreetMap contributors","effective_date":"2026-09-07T10:02:26Z","licence":"ODbL-1.0"},"geometry":{"type":"LineString","coordinates":[[-1.5232022,51.0408837],[-1.5233735,51.0407082],[-1.5235127,51.0405518],[-1.5246986,51.0392747],[-1.5252586,51.0387579],[-1.5267307,51.0373091],[-1.527214,51.0368626],[-1.5273801,51.036712],[-1.5276654,51.0364534],[-1.5283933,51.0357461],[-1.5284813,51.0356671],[-1.5288229,51.0354166]]}},{"type":"Feature","properties":{"abandoned:railway":"rail","access":"private","alt_name":"Sprat & Winkle Line","name":"Andover Junction to Kimbridge Junction","railway":"abandoned","ref":"AKJ","source":"npe","usage":"branch","source_id":"osm-way-157965674","dataset":"OpenStreetMap former/disused railway extract","publisher":"OpenStreetMap contributors","effective_date":"2026-09-07T10:02:26Z","licence":"ODbL-1.0"},"geometry":{"type":"LineString","coordinates":[[-1.5290546,51.0352128],[-1.5326304,51.032065],[-1.5334876,51.0313335],[-1.5337498,51.0311097],[-1.5340051,51.0308918],[-1.5344672,51.0304024],[-1.53454,51.0302647],[-1.5346209,51.0300312],[-1.5346842,51.029625],[-1.5345867,51.029205],[-1.5344395,51.0287606],[-1.5342218,51.028451],[-1.5339246,51.0281074],[-1.5338616,51.0280528]]}},{"type":"Feature","properties":{"abandoned:railway":"rail","name":"Malmesbury Branch","railway":"abandoned","ref":"MAL2","source":"OS 1:25k","source_id":"osm-way-159094070","dataset":"OpenStreetMap former/disused railway extract","publisher":"OpenStreetMap contributors","effective_date":"2026-09-07T10:02:26Z","licence":"ODbL-1.0"},"geometry":{"type":"LineString","coordinates":[[-2.06029,51.5581746],[-2.05975,51.5575884],[-2.0593311,51.5572991],[-2.0589264,51.5570802],[-2.0583945,51.5568009],[-2.0577918,51.5565657],[-2.0571332,51.5563656],[-2.0564888,51.5562667],[-2.0557759,51.5561987],[-2.0547027,51.5561074]]}},{"type":"Feature","properties":{"railway":"razed","razed:railway":"rail","source":"OS 1:25k","source_id":"osm-way-159094071","dataset":"OpenStreetMap former/disused railway extract","publisher":"OpenStreetMap contributors","effective_date":"2026-09-07T10:02:26Z","licence":"ODbL-1.0"},"geometry":{"type":"LineString","coordinates":[[-2.0462256,51.556529],[-2.0448405,51.5565736],[-2.0435825,51.5563008]]}},{"type":"Feature","properties":{"abandoned:railway":"rail","name":"Highworth Branch","railway":"abandoned","ref":"HIW","source":"OS7","source_id":"osm-way-160503584","dataset":"OpenStreetMap former/disused railway extract","publisher":"OpenStreetMap contributors","effective_date":"2026-09-07T10:02:26Z","licence":"ODbL-1.0"},"geometry":{"type":"LineString","coordinates":[[-1.7549922,51.5880511],[-1.7545761,51.5884123],[-1.7540084,51.588893],[-1.7526421,51.5901495],[-1.7512853,51.5913884],[-1.7509753,51.5917376],[-1.750526,51.5922266],[-1.7503815,51.5923878],[-1.7502692,51.5925798],[-1.7501699,51.5927465],[-1.7500192,51.5930433],[-1.74992,51.5932557],[-1.7498428,51.5934452],[-1.7497436,51.593774],[-1.7496537,51.5941791],[-1.7496039,51.5944658],[-1.749523,51.5947718],[-1.7494164,51.5951965],[-1.7493032,51.5955316],[-1.7486556,51.596845],[-1.7478182,51.5983507],[-1.7477603,51.5984526],[-1.7477024,51.5987981],[-1.747813,51.599184],[-1.7479982,51.599506],[-1.7486692,51.6002012],[-1.7490124,51.6005319],[-1.7492901,51.6009076],[-1.7494923,51.6013996],[-1.74973,51.6023021],[-1.7502464,51.6042372],[-1.7505696,51.6055173],[-1.7510426,51.6072769],[-1.7514758,51.6090192],[-1.7515174,51.6093091],[-1.7513942,51.6099806],[-1.7510923,51.6106635],[-1.7506535,51.6112025],[-1.7503394,51.6116509],[-1.750297,51.6120907],[-1.7504311,51.6128969],[-1.7504525,51.6133749],[-1.7505138,51.6139277],[-1.750106,51.6156965],[-1.7497551,51.6164877],[-1.7492526,51.6172367],[-1.7484114,51.618238],[-1.7475453,51.6191069],[-1.7473438,51.6193788],[-1.7471087,51.6200555],[-1.7471078,51.6202966],[-1.7471709,51.6206809],[-1.7471823,51.6207837],[-1.7471929,51.6209409],[-1.747179,51.6211081],[-1.7470669,51.6214607],[-1.7466795,51.6226004],[-1.7463149,51.6234145],[-1.7460766,51.6237743],[-1.745849,51.6240926],[-1.7454073,51.6244903],[-1.7450111,51.6246817],[-1.7446162,51.6248691],[-1.7442083,51.6250188],[-1.743975,51.6250748],[-1.7436625,51.6251318],[-1.7430362,51.6251905],[-1.7411372,51.6251688],[-1.7402168,51.6252103],[-1.7393316,51.6252786],[-1.7381117,51.6255102],[-1.7373528,51.6257254],[-1.7363495,51.6259964],[-1.7350459,51.6262894],[-1.7344022,51.6265192],[-1.7337745,51.6269388],[-1.7335063,51.6272252],[-1.7332971,51.6277147],[-1.7332757,51.6281709],[-1.7333132,51.6283341],[-1.7333508,51.6284207],[-1.7335653,51.6289335],[-1.7335707,51.6291233],[-1.7335492,51.6292499],[-1.7334509,51.6297151],[-1.7331931,51.6301193],[-1.7328787,51.6304952],[-1.7322296,51.6309081],[-1.7317307,51.631058],[-1.7310762,51.6311879],[-1.7301053,51.6312911],[-1.7289788,51.6311845],[-1.7279059,51.6309514],[-1.7274177,51.6309315],[-1.7272729,51.6309315],[-1.7272095,51.6309371],[-1.7270851,51.6309481],[-1.7260766,51.6311013],[-1.7255026,51.6312644],[-1.7250164,51.6314446],[-1.724757,51.6315408],[-1.7243967,51.6316247],[-1.7235452,51.6316739],[-1.7230014,51.6316315],[-1.7225153,51.631524],[-1.7222086,51.6314346],[-1.7211636,51.6311298]]}},{"type":"Feature","properties":{"name":"Highworth Branch","railway":"razed","razed:railway":"rail","ref":"HIW","source":"OS7","source_id":"osm-way-160503585","dataset":"OpenStreetMap former/disused railway extract","publisher":"OpenStreetMap contributors","effective_date":"2026-09-07T10:02:26Z","licence":"ODbL-1.0"},"geometry":{"type":"LineString","coordinates":[[-1.759798,51.5841646],[-1.7561733,51.5870258],[-1.7549922,51.5880511]]}},{"type":"Feature","properties":{"access":"private","highway":"track","railway":"abandoned","smoothness":"very_bad","surface":"dirt","tracktype":"grade3","source_id":"osm-way-160503586","dataset":"OpenStreetMap former/disused railway extract","publisher":"OpenStreetMap contributors","effective_date":"2026-09-07T10:02:26Z","licence":"ODbL-1.0"},"geometry":{"type":"LineString","coordinates":[[-1.7335312,51.6291301],[-1.7335342,51.6290854],[-1.7335199,51.6289826],[-1.7334932,51.6288842],[-1.733438,51.628735],[-1.7333336,51.6284479],[-1.7332878,51.6283589],[-1.733269,51.6282932],[-1.7332572,51.6282269],[-1.7332326,51.6280336],[-1.7332337,51.6279454],[-1.7332502,51.6277696],[-1.7332643,51.6276828],[-1.7332937,51.6275939],[-1.7333501,51.6274589],[-1.7334088,51.6273539],[-1.7334805,51.6272401],[-1.7335686,51.6271205],[-1.7336649,51.6270053],[-1.733753,51.6269214],[-1.7338564,51.6268427],[-1.7340256,51.6267252],[-1.7341748,51.6266297],[-1.7343028,51.6265553],[-1.7344262,51.6264984],[-1.734593,51.6264277],[-1.7347963,51.6263518],[-1.7349913,51.6262906],[-1.7351053,51.626265],[-1.7352592,51.6262322],[-1.7362343,51.6260295],[-1.7370003,51.6258617],[-1.7371589,51.6258231],[-1.7372411,51.6258056],[-1.7373139,51.625799],[-1.7373833,51.6258019],[-1.737442,51.6258085],[-1.737516,51.6258326],[-1.7375595,51.6258406],[-1.7376323,51.6258464],[-1.7377287,51.6258471],[-1.737866,51.6258502],[-1.7379296,51.6258545],[-1.7379567,51.6258593],[-1.7379908,51.6258723],[-1.7380304,51.625894],[-1.7381629,51.6259835],[-1.7381741,51.6259891]]}},{"type":"Feature","properties":{"name":"Highworth Branch","railway":"razed","razed:railway":"rail","ref":"HIW","source_id":"osm-way-160503587","dataset":"OpenStreetMap former/disused railway extract","publisher":"OpenStreetMap contributors","effective_date":"2026-09-07T10:02:26Z","licence":"ODbL-1.0"},"geometry":{"type":"LineString","coordinates":[[-1.7211636,51.6311298],[-1.7203779,51.6309243],[-1.7195144,51.6307808],[-1.7183099,51.6309326],[-1.7173901,51.6314441]]}},{"type":"Feature","properties":{"alt_name":"Berks and Hants Line","embankment":"yes","name":"Wilts, Somerset and Weymouth Railway (Devizes Branch)","railway":"razed","razed:railway":"rail","ref":"BHL","source":"NPE","wikidata":"Q16988700","wikipedia":"en:Devizes branch line","source_id":"osm-way-162081847","dataset":"OpenStreetMap former/disused railway extract","publisher":"OpenStreetMap contributors","effective_date":"2026-09-07T10:02:26Z","licence":"ODbL-1.0"},"geometry":{"type":"LineString","coordinates":[[-2.0637131,51.3569662],[-2.0613492,51.3562586],[-2.0554116,51.3548532],[-2.0529039,51.3541963],[-2.0523773,51.3540745]]}},{"type":"Feature","properties":{"abandoned:railway":"rail","embankment":"yes","railway":"abandoned","service":"spur","source":"NPE","source_id":"osm-way-162569284","dataset":"OpenStreetMap former/disused railway extract","publisher":"OpenStreetMap contributors","effective_date":"2026-09-07T10:02:26Z","licence":"ODbL-1.0"},"geometry":{"type":"LineString","coordinates":[[-2.0976374,51.3554582],[-2.0982514,51.35524],[-2.0985538,51.3550829],[-2.0989036,51.3548392],[-2.0991901,51.3545534],[-2.09944,51.3542429],[-2.0996011,51.353899],[-2.0996502,51.3536416],[-2.099643,51.3533383],[-2.0995258,51.3530033],[-2.0994094,51.3527619],[-2.0991503,51.3524271],[-2.0984368,51.3518133]]}},{"type":"Feature","properties":{"abandoned:railway":"rail","alt_name":"Berks and Hants Line","historic:bridge":"yes","name":"Wilts, Somerset and Weymouth Railway (Devizes Branch)","railway":"dismantled","ref":"BHL","source":"NPE","wikidata":"Q16988700","wikipedia":"en:Devizes branch line","source_id":"osm-way-168462418","dataset":"OpenStreetMap former/disused railway extract","publisher":"OpenStreetMap contributors","effective_date":"2026-09-07T10:02:26Z","licence":"ODbL-1.0"},"geometry":{"type":"LineString","coordinates":[[-2.027691,51.3494416],[-2.0273858,51.3494171]]}},{"type":"Feature","properties":{"alt_name":"Berks and Hants Line","cutting":"yes","name":"Wilts, Somerset and Weymouth Railway (Devizes Branch)","railway":"razed","razed:railway":"rail","ref":"BHL","source":"NPE","wikidata":"Q16988700","wikipedia":"en:Devizes branch line","source_id":"osm-way-168463031","dataset":"OpenStreetMap former/disused railway extract","publisher":"OpenStreetMap contributors","effective_date":"2026-09-07T10:02:26Z","licence":"ODbL-1.0"},"geometry":{"type":"LineString","coordinates":[[-2.0239351,51.349233],[-2.0218518,51.3492247],[-2.019234,51.3492783],[-2.0177333,51.3493596],[-2.0155862,51.3496],[-2.0139125,51.3499484],[-2.012668,51.3503505],[-2.0112947,51.3508329],[-2.0097068,51.3513958],[-2.0080758,51.3518631],[-2.0061017,51.3522886],[-2.0044065,51.3524909],[-2.002883,51.352505],[-2.001528,51.352428],[-2.0008628,51.3524025]]}},{"type":"Feature","properties":{"alt_name":"Berks and Hants Line","embankment":"yes","name":"Wilts, Somerset and Weymouth Railway (Devizes Branch)","railway":"razed","razed:railway":"rail","ref":"BHL","source":"NPE","wikidata":"Q16988700","wikipedia":"en:Devizes branch line","source_id":"osm-way-168463032","dataset":"OpenStreetMap former/disused railway extract","publisher":"OpenStreetMap contributors","effective_date":"2026-09-07T10:02:26Z","licence":"ODbL-1.0"},"geometry":{"type":"LineString","coordinates":[[-2.0300476,51.3496867],[-2.027691,51.3494416]]}},{"type":"Feature","properties":{"abandoned:bridge":"yes","abandoned:railway":"rail","alt_name":"Berks and Hants Line","historic:bridge":"yes","historic:bridge:ref":"147","name":"Wilts, Somerset and Weymouth Railway (Devizes Branch)","railway":"dismantled","ref":"BHL","source":"NPE","wikidata":"Q16988700","wikipedia":"en:Devizes branch line","source_id":"osm-way-168508862","dataset":"OpenStreetMap former/disused railway extract","publisher":"OpenStreetMap contributors","effective_date":"2026-09-07T10:02:26Z","licence":"ODbL-1.0"},"geometry":{"type":"LineString","coordinates":[[-2.0523773,51.3540745],[-2.0518686,51.3539389]]}},{"type":"Feature","properties":{"alt_name":"Berks and Hants Line","embankment":"yes","layer":"1","name":"Wilts, Somerset and Weymouth Railway (Devizes Branch)","railway":"razed","razed:bridge":"yes","razed:railway":"rail","ref":"BHL","source":"NPE","wikidata":"Q16988700","wikipedia":"en:Devizes branch line","source_id":"osm-way-168509559","dataset":"OpenStreetMap former/disused railway extract","publisher":"OpenStreetMap contributors","effective_date":"2026-09-07T10:02:26Z","licence":"ODbL-1.0"},"geometry":{"type":"LineString","coordinates":[[-2.073262,51.3581898],[-2.072747,51.358191]]}},{"type":"Feature","properties":{"alt_name":"Berks and Hants Line","cutting":"yes","embankment":"yes","name":"Wilts, Somerset and Weymouth Railway (Devizes Branch)","railway":"razed","razed:railway":"rail","ref":"BHL","source":"NPE","wikidata":"Q16988700","wikipedia":"en:Devizes branch line","source_id":"osm-way-168509560","dataset":"OpenStreetMap former/disused railway extract","publisher":"OpenStreetMap contributors","effective_date":"2026-09-07T10:02:26Z","licence":"ODbL-1.0"},"geometry":{"type":"LineString","coordinates":[[-2.072747,51.358191],[-2.0715143,51.3581938],[-2.0700053,51.3581212],[-2.0688844,51.3579659],[-2.0678501,51.3578028],[-2.0667762,51.3576663]]}},{"type":"Feature","properties":{"alt_name":"Berks and Hants Line","embankment":"yes","name":"Wilts, Somerset and Weymouth Railway (Devizes Branch)","railway":"razed","razed:railway":"rail","ref":"BHL","source":"NPE","wikidata":"Q16988700","wikipedia":"en:Devizes branch line","source_id":"osm-way-168875915","dataset":"OpenStreetMap former/disused railway extract","publisher":"OpenStreetMap contributors","effective_date":"2026-09-07T10:02:26Z","licence":"ODbL-1.0"},"geometry":{"type":"LineString","coordinates":[[-2.0342568,51.3503155],[-2.0305811,51.3497564]]}},{"type":"Feature","properties":{"disused:railway":"rail","railway":"disused","railway:tpws":"yes","service":"yard","source_id":"osm-way-169024549","dataset":"OpenStreetMap former/disused railway extract","publisher":"OpenStreetMap contributors","effective_date":"2026-09-07T10:02:26Z","licence":"ODbL-1.0"},"geometry":{"type":"LineString","coordinates":[[-1.7646904,51.5712449],[-1.7649425,51.5711746],[-1.7651148,51.5711206],[-1.7656314,51.5709996],[-1.7666278,51.5707478],[-1.7670039,51.570643],[-1.7672514,51.5705617],[-1.767555,51.5704327]]}},{"type":"Feature","properties":{"electrified":"no","gauge":"1435","railway":"razed","railway:aws":"yes","railway:tpws":"yes","service":"yard","source_id":"osm-way-169024550","dataset":"OpenStreetMap former/disused railway extract","publisher":"OpenStreetMap contributors","effective_date":"2026-09-07T10:02:26Z","licence":"ODbL-1.0"},"geometry":{"type":"LineString","coordinates":[[-1.7678396,51.5705484],[-1.7685504,51.5703864],[-1.7692096,51.5702319],[-1.7700406,51.5700324],[-1.7709614,51.5698188],[-1.7718497,51.5695924],[-1.7726894,51.5693795],[-1.7730784,51.5692666],[-1.7734334,51.5691543]]}},{"type":"Feature","properties":{"electrified":"no","gauge":"1435","railway":"razed","railway:aws":"yes","railway:tpws":"yes","service":"yard","source_id":"osm-way-169024551","dataset":"OpenStreetMap former/disused railway extract","publisher":"OpenStreetMap contributors","effective_date":"2026-09-07T10:02:26Z","licence":"ODbL-1.0"},"geometry":{"type":"LineString","coordinates":[[-1.7735244,51.5690494],[-1.7733561,51.5690913],[-1.7728731,51.5692156],[-1.7722917,51.5693667],[-1.7715784,51.5695488],[-1.7709041,51.5697194],[-1.770046,51.5699269],[-1.7692701,51.5701143],[-1.7686217,51.5702601],[-1.7682067,51.5703609]]}},{"type":"Feature","properties":{"electrified":"no","gauge":"1435","railway":"razed","railway:aws":"yes","railway:tpws":"yes","service":"yard","source_id":"osm-way-169024552","dataset":"OpenStreetMap former/disused railway extract","publisher":"OpenStreetMap contributors","effective_date":"2026-09-07T10:02:26Z","licence":"ODbL-1.0"},"geometry":{"type":"LineString","coordinates":[[-1.7685036,51.5702707],[-1.7689148,51.5701688],[-1.7694624,51.5700358],[-1.7705064,51.5697832],[-1.7714023,51.5695656],[-1.772175,51.5693667],[-1.772792,51.5692015],[-1.7731411,51.5691155],[-1.7733428,51.569067]]}},{"type":"Feature","properties":{"disused:railway":"rail","railway":"disused","service":"spur","source":"npe","source_id":"osm-way-169024566","dataset":"OpenStreetMap former/disused railway extract","publisher":"OpenStreetMap contributors","effective_date":"2026-09-07T10:02:26Z","licence":"ODbL-1.0"},"geometry":{"type":"LineString","coordinates":[[-1.7643744,51.5715867],[-1.764178,51.5716764],[-1.7639662,51.5717443]]}},{"type":"Feature","properties":{"electrified":"no","gauge":"1435","railway":"razed","razed:railway":"rail","service":"yard","source_id":"osm-way-169024570","dataset":"OpenStreetMap former/disused railway extract","publisher":"OpenStreetMap contributors","effective_date":"2026-09-07T10:02:26Z","licence":"ODbL-1.0"},"geometry":{"type":"LineString","coordinates":[[-1.7678371,51.5704327],[-1.7682359,51.570287],[-1.7685666,51.5701661],[-1.7691026,51.5699813]]}},{"type":"Feature","properties":{"electrified":"no","gauge":"1435","railway":"razed","razed:railway":"rail","service":"yard","source_id":"osm-way-169024571","dataset":"OpenStreetMap former/disused railway extract","publisher":"OpenStreetMap contributors","effective_date":"2026-09-07T10:02:26Z","licence":"ODbL-1.0"},"geometry":{"type":"LineString","coordinates":[[-1.7689556,51.569806],[-1.7687568,51.5699075],[-1.7684401,51.5700633],[-1.7681433,51.5702045]]}},{"type":"Feature","properties":{"electrified":"no","gauge":"1435","railway":"razed","razed:railway":"rail","service":"yard","source_id":"osm-way-169024572","dataset":"OpenStreetMap former/disused railway extract","publisher":"OpenStreetMap contributors","effective_date":"2026-09-07T10:02:26Z","licence":"ODbL-1.0"},"geometry":{"type":"LineString","coordinates":[[-1.7689329,51.5698692],[-1.7686206,51.5700183],[-1.7683212,51.5701822],[-1.7680478,51.5703306],[-1.7678371,51.5704327],[-1.7675081,51.5705391]]}},{"type":"Feature","properties":{"railway":"razed","razed:railway":"rail","service":"yard","source_id":"osm-way-169024573","dataset":"OpenStreetMap former/disused railway extract","publisher":"OpenStreetMap contributors","effective_date":"2026-09-07T10:02:26Z","licence":"ODbL-1.0"},"geometry":{"type":"LineString","coordinates":[[-1.7723544,51.5686614],[-1.7708911,51.5690215],[-1.7701314,51.5692095],[-1.7696743,51.5693298],[-1.7694246,51.5694151],[-1.7690961,51.569542],[-1.7687887,51.5696821]]}},{"type":"Feature","properties":{"railway":"razed","razed:railway":"rail","service":"yard","source_id":"osm-way-169024575","dataset":"OpenStreetMap former/disused railway extract","publisher":"OpenStreetMap contributors","effective_date":"2026-09-07T10:02:26Z","licence":"ODbL-1.0"},"geometry":{"type":"LineString","coordinates":[[-1.7690469,51.5695344],[-1.7692463,51.5694433],[-1.7696029,51.569313],[-1.7700449,51.5691887],[-1.7707182,51.5690248],[-1.771475,51.568843],[-1.7722279,51.5686547]]}},{"type":"Feature","properties":{"electrified":"no","gauge":"1435","railway":"razed","railway:aws":"yes","railway:tpws":"yes","service":"yard","source_id":"osm-way-169024576","dataset":"OpenStreetMap former/disused railway extract","publisher":"OpenStreetMap contributors","effective_date":"2026-09-07T10:02:26Z","licence":"ODbL-1.0"},"geometry":{"type":"LineString","coordinates":[[-1.7730495,51.5690951],[-1.7727445,51.5691773],[-1.7724278,51.5692586],[-1.771974,51.5693768],[-1.7708998,51.5696502],[-1.7698039,51.5699155],[-1.7693012,51.570046],[-1.7689482,51.5701355]]}},{"type":"Feature","properties":{"alt_name":"Berks and Hants Line","name":"Wilts, Somerset and Weymouth Railway (Devizes Branch)","railway":"razed","razed:railway":"rail","ref":"BHL","wikidata":"Q16988700","wikipedia":"en:Devizes branch line","source_id":"osm-way-169674264","dataset":"OpenStreetMap former/disused railway extract","publisher":"OpenStreetMap contributors","effective_date":"2026-09-07T10:02:26Z","licence":"ODbL-1.0"},"geometry":{"type":"LineString","coordinates":[[-2.0008628,51.3524025],[-1.9999154,51.3523904],[-1.9996012,51.3523349],[-1.9990732,51.3522417],[-1.9981852,51.3518531]]}},{"type":"Feature","properties":{"abandoned:railway":"rail","bicycle":"designated","foot":"designated","highway":"cycleway","old_name":"Andoversford Line","old_ref":"AND","railway":"abandoned","segregated":"no","surface":"gravel","source_id":"osm-way-169702839","dataset":"OpenStreetMap former/disused railway extract","publisher":"OpenStreetMap contributors","effective_date":"2026-09-07T10:02:26Z","licence":"ODbL-1.0"},"geometry":{"type":"LineString","coordinates":[[-1.8260375,51.5863412],[-1.8261304,51.5864325],[-1.8262478,51.5865475],[-1.8264217,51.5866959],[-1.8267265,51.5870271],[-1.8269588,51.5872887],[-1.827134,51.5874764],[-1.8272005,51.5875645],[-1.8272764,51.5876642],[-1.8274463,51.5879279],[-1.8275321,51.5880611],[-1.8276238,51.588199],[-1.8277319,51.5883731],[-1.8277771,51.5884058],[-1.8278056,51.5884153],[-1.8278301,51.5884465]]}},{"type":"Feature","properties":{"abandoned:railway":"rail","name":"Stratton Factory Branch","railway":"abandoned","ref":"SNY","source":"OS7","source_id":"osm-way-169854000","dataset":"OpenStreetMap former/disused railway extract","publisher":"OpenStreetMap contributors","effective_date":"2026-09-07T10:02:26Z","licence":"ODbL-1.0"},"geometry":{"type":"LineString","coordinates":[[-1.7477024,51.5987981],[-1.7475567,51.5991357],[-1.7472195,51.5995965],[-1.746912,51.5998819],[-1.7455405,51.6008577],[-1.7449516,51.6013008]]}},{"type":"Feature","properties":{"abandoned:railway":"rail","name":"Highworth Branch","railway":"abandoned","ref":"HIW","source":"npe","source_id":"osm-way-169854005","dataset":"OpenStreetMap former/disused railway extract","publisher":"OpenStreetMap contributors","effective_date":"2026-09-07T10:02:26Z","licence":"ODbL-1.0"},"geometry":{"type":"LineString","coordinates":[[-1.7611183,51.5785747],[-1.7611676,51.578947],[-1.7612398,51.579171],[-1.7613313,51.5794847],[-1.7614305,51.5798106],[-1.76161,51.5804248],[-1.7616722,51.580957],[-1.7614715,51.5818714],[-1.7612033,51.5825364],[-1.7609498,51.5829176],[-1.7606778,51.583306],[-1.7603948,51.5836004],[-1.759798,51.5841646]]}},{"type":"Feature","properties":{"name":"Malmesbury Branch","railway":"razed","razed:railway":"rail","ref":"MAL2","source_id":"osm-way-172154161","dataset":"OpenStreetMap former/disused railway extract","publisher":"OpenStreetMap contributors","effective_date":"2026-09-07T10:02:26Z","licence":"ODbL-1.0"},"geometry":{"type":"LineString","coordinates":[[-2.0998518,51.5886869],[-2.0996538,51.5881494],[-2.0994192,51.5876712],[-2.0991186,51.5872931],[-2.0987081,51.5869242],[-2.0982096,51.5865734],[-2.0976891,51.58625],[-2.0967947,51.5858719],[-2.0958036,51.5854948]]}},{"type":"Feature","properties":{"abandoned:railway":"rail","name":"Malmesbury Branch","railway":"abandoned","ref":"MAL2","source":"OS 1:25k","source_id":"osm-way-172154162","dataset":"OpenStreetMap former/disused railway extract","publisher":"OpenStreetMap contributors","effective_date":"2026-09-07T10:02:26Z","licence":"ODbL-1.0"},"geometry":{"type":"LineString","coordinates":[[-2.0943196,51.5847128],[-2.0927984,51.5835547],[-2.0924025,51.5832827],[-2.0918543,51.5830081],[-2.0912749,51.5827414],[-2.0903308,51.5824614],[-2.0894939,51.5822881],[-2.0847421,51.5816161],[-2.0842659,51.5815349],[-2.0837314,51.5814439],[-2.0834118,51.5813894],[-2.0829064,51.581248],[-2.0825145,51.5811077],[-2.082296,51.5810294],[-2.0822568,51.5810105],[-2.0819194,51.580848],[-2.081689,51.5807302],[-2.0813089,51.580536],[-2.080987,51.5802967],[-2.0805793,51.5798433],[-2.080451,51.5796792],[-2.0803744,51.5795813],[-2.0803279,51.5795085],[-2.0802048,51.5793161],[-2.0800644,51.5790966],[-2.0800069,51.5789395],[-2.0799571,51.5788032],[-2.0798498,51.5783365],[-2.0798069,51.5779631],[-2.0799356,51.5774697],[-2.0800214,51.5771764],[-2.0803004,51.576723],[-2.0810729,51.5756028],[-2.0812874,51.5752294],[-2.0814376,51.574896],[-2.081502,51.5744292],[-2.0814806,51.5740958],[-2.0814591,51.5736157],[-2.0813947,51.5733224],[-2.081266,51.5728556],[-2.0811158,51.5725222],[-2.0807725,51.5720821],[-2.0791942,51.5704596],[-2.0787866,51.5700195],[-2.0785409,51.5697081],[-2.0782405,51.5692279],[-2.0770817,51.5668938],[-2.0768886,51.5665737],[-2.0766311,51.5661069],[-2.0761591,51.5653999],[-2.0756226,51.5647197],[-2.074936,51.5640394],[-2.0741088,51.5634705],[-2.0731764,51.5629189],[-2.0722634,51.56247],[-2.0711905,51.5620699],[-2.0700007,51.5617717],[-2.0665246,51.5610114],[-2.0640022,51.5604424],[-2.0628435,51.5600689],[-2.0618683,51.5595573],[-2.0609338,51.5588949],[-2.06029,51.5581746]]}},{"type":"Feature","properties":{"railway":"razed","razed:railway":"rail","source":"OS 1:25k","source_id":"osm-way-174643775","dataset":"OpenStreetMap former/disused railway extract","publisher":"OpenStreetMap contributors","effective_date":"2026-09-07T10:02:26Z","licence":"ODbL-1.0"},"geometry":{"type":"LineString","coordinates":[[-2.1099918,51.4648573],[-2.1089985,51.4652082],[-2.1082161,51.4653573],[-2.1074794,51.4654241],[-2.1070117,51.4654306],[-2.1065235,51.4653981],[-2.1061385,51.4653277],[-2.1056615,51.4651695]]}},{"type":"Feature","properties":{"bicycle":"designated","foot":"designated","highway":"cycleway","name":"Calne & Chippenham Railway Path","railway":"abandoned","smoothness":"intermediate","surface":"unpaved","source_id":"osm-way-174643960","dataset":"OpenStreetMap former/disused railway extract","publisher":"OpenStreetMap contributors","effective_date":"2026-09-07T10:02:26Z","licence":"ODbL-1.0"},"geometry":{"type":"LineString","coordinates":[[-2.0607018,51.4493862],[-2.0605492,51.449305],[-2.0604999,51.4492787],[-2.0603934,51.4492243],[-2.0601797,51.4491224],[-2.0597244,51.4489114],[-2.0595306,51.4488314],[-2.0591185,51.4486706],[-2.0589118,51.4485978],[-2.0586713,51.4485338],[-2.0583152,51.4484494],[-2.0575715,51.4482842],[-2.057108,51.4482049],[-2.0568138,51.4481569],[-2.0565336,51.4481191],[-2.0561834,51.4480783],[-2.0558693,51.4480514],[-2.0555856,51.4480376],[-2.0552856,51.4480288],[-2.0549785,51.4480266],[-2.0547403,51.4480354],[-2.0543667,51.4480558],[-2.053734,51.4481001],[-2.0534304,51.44813],[-2.0531409,51.4481663],[-2.052842,51.44821],[-2.0526178,51.4482529],[-2.0522209,51.4483301],[-2.0518858,51.4484028],[-2.0516208,51.4484625],[-2.0514095,51.4485083],[-2.0512986,51.4485309],[-2.0510791,51.448568],[-2.0507708,51.4486153],[-2.0505315,51.4486488],[-2.050249,51.4486873],[-2.0499688,51.4487215],[-2.049824,51.4487353],[-2.049594,51.4487572],[-2.0487614,51.4487791],[-2.0478709,51.4487657],[-2.0470555,51.4487055],[-2.0462509,51.4485852],[-2.0455428,51.4484314],[-2.0448722,51.4482308],[-2.0443036,51.4480269],[-2.0437993,51.4478196],[-2.043102,51.4474886],[-2.0428132,51.4473427],[-2.0426581,51.4472524],[-2.0425463,51.4471828],[-2.0424456,51.4471135],[-2.0423878,51.4470738],[-2.0421946,51.4469497],[-2.0419589,51.4467736],[-2.0417899,51.4466347],[-2.0416275,51.4465012],[-2.0413734,51.4462921],[-2.0409567,51.4459716],[-2.0407006,51.4457778],[-2.0404221,51.4455789],[-2.0402351,51.4454522],[-2.0400339,51.4453255],[-2.0398184,51.4452001],[-2.0394748,51.4450062],[-2.0391455,51.4448327],[-2.0388467,51.4446908],[-2.0384971,51.4445286],[-2.0381089,51.4443626],[-2.0378141,51.4442511],[-2.0371474,51.4439914],[-2.0367534,51.4438247],[-2.0363832,51.4436341],[-2.0357341,51.4433164],[-2.0350797,51.4429854],[-2.0347659,51.4428065],[-2.0341221,51.4424103],[-2.0328266,51.4416446],[-2.0324511,51.4414072],[-2.03214,51.4412166],[-2.0319308,51.4410712],[-2.0316786,51.4408889],[-2.0314855,51.4407301],[-2.0313782,51.4406331],[-2.0313058,51.4405847],[-2.0312414,51.4405562],[-2.0311851,51.4405228],[-2.0311395,51.4404777],[-2.031102,51.4404342],[-2.0310295,51.4403707],[-2.0307721,51.440155],[-2.0304931,51.4398992],[-2.0303456,51.4397403],[-2.0301498,51.4395514],[-2.0299781,51.4393943],[-2.029726,51.4391234],[-2.0295275,51.438891],[-2.0291976,51.4384713],[-2.0290772,51.4383215],[-2.0289618,51.4381676],[-2.0288572,51.4380188],[-2.0287553,51.4378617],[-2.0285541,51.4375289],[-2.0283335,51.4370551]]}},{"type":"Feature","properties":{"highway":"service","railway":"razed","sidewalk":"no","surface":"asphalt","source_id":"osm-way-174675399","dataset":"OpenStreetMap former/disused railway extract","publisher":"OpenStreetMap contributors","effective_date":"2026-09-07T10:02:26Z","licence":"ODbL-1.0"},"geometry":{"type":"LineString","coordinates":[[-2.3240703,51.3567539],[-2.3237757,51.3569195]]}},{"type":"Feature","properties":{"abandoned:railway":"rail","alt_name":"Sprat and Winkle Line","name":"Andover Junction to Kimbridge Junction","railway":"abandoned","ref":"AKJ","source":"OS 1:25k","usage":"branch","source_id":"osm-way-184422493","dataset":"OpenStreetMap former/disused railway extract","publisher":"OpenStreetMap contributors","effective_date":"2026-09-07T10:02:26Z","licence":"ODbL-1.0"},"geometry":{"type":"LineString","coordinates":[[-1.4849462,51.1232733],[-1.4849526,51.1232547],[-1.4853149,51.1219617],[-1.4853905,51.1215595],[-1.4854513,51.1203882],[-1.4857946,51.1185565],[-1.4864169,51.1173038],[-1.4879726,51.1148018]]}},{"type":"Feature","properties":{"bicycle":"designated","foot":"designated","highway":"cycleway","horse":"permissive","old_name":"Somerset and Dorset Joint Railway","old_ref":"SAD","railway":"abandoned","segregated":"no","source":"NPE","surface":"asphalt","wikidata":"Q7559923","wikipedia":"en:Somerset and Dorset Joint Railway","source_id":"osm-way-189173695","dataset":"OpenStreetMap former/disused railway extract","publisher":"OpenStreetMap contributors","effective_date":"2026-09-07T10:02:26Z","licence":"ODbL-1.0"},"geometry":{"type":"LineString","coordinates":[[-2.3648711,51.3234324],[-2.3644225,51.3235082],[-2.3640577,51.3235832],[-2.3639521,51.3236148],[-2.3638608,51.3236142],[-2.3637719,51.3236282],[-2.3634687,51.3237059],[-2.3627932,51.3238361],[-2.3623151,51.3239521],[-2.360885,51.3243224],[-2.3597774,51.3246105],[-2.3592469,51.3247461],[-2.3586928,51.32493],[-2.3583516,51.3250526],[-2.3578843,51.3252323],[-2.3573358,51.3255047],[-2.3566593,51.3258711]]}},{"type":"Feature","properties":{"abandoned:railway":"rail","name":"Salisbury & Dorset Line","railway":"abandoned","ref":"AWM","source_id":"osm-way-190003563","dataset":"OpenStreetMap former/disused railway extract","publisher":"OpenStreetMap contributors","effective_date":"2026-09-07T10:02:26Z","licence":"ODbL-1.0"},"geometry":{"type":"LineString","coordinates":[[-1.8048229,50.9302181],[-1.8035523,50.9308985],[-1.8028881,50.9312888],[-1.7989855,50.9335634],[-1.7958962,50.93539],[-1.7951652,50.9357726],[-1.7948172,50.9359548],[-1.7934857,50.9366691],[-1.7917774,50.937615],[-1.7905449,50.9383421],[-1.7900585,50.938651],[-1.7883851,50.9397137],[-1.7866612,50.9412801],[-1.7848538,50.9429353],[-1.783027,50.9448364],[-1.7818273,50.9461389],[-1.7813512,50.9466723],[-1.7807235,50.947421],[-1.779935,50.948222],[-1.7791491,50.9489368],[-1.7786663,50.9494217],[-1.7782639,50.9498459],[-1.7778428,50.9504035],[-1.7773439,50.9511318],[-1.7768665,50.9519479],[-1.7762523,50.9530141],[-1.7757051,50.9538556],[-1.7749782,50.9551296],[-1.7740261,50.9566907],[-1.773318,50.9579612],[-1.773157,50.95824]]}},{"type":"Feature","properties":{"abandoned:railway":"rail","gauge":"1435","name":"Amesbury and Military Camp Light Railway","railway":"abandoned","source":"NLS-OS-1st_Series","source_id":"osm-way-192898274","dataset":"OpenStreetMap former/disused railway extract","publisher":"OpenStreetMap contributors","effective_date":"2026-09-07T10:02:26Z","licence":"ODbL-1.0"},"geometry":{"type":"LineString","coordinates":[[-1.7687726,51.1770622],[-1.7690577,51.1773039],[-1.7693774,51.1777821],[-1.7694866,51.178094],[-1.7695297,51.1784742],[-1.7695059,51.1789623],[-1.7693253,51.1802884],[-1.7693451,51.1807025],[-1.7694218,51.1811167],[-1.7694686,51.1814545],[-1.7697995,51.1822758],[-1.7707421,51.1837551],[-1.7709189,51.1844711],[-1.7709725,51.184782],[-1.7709484,51.1849855],[-1.7708915,51.1851929],[-1.7707794,51.1854155],[-1.7706335,51.1856768],[-1.7704007,51.1859345],[-1.7701749,51.1861391],[-1.7697393,51.1863708],[-1.7689743,51.186671],[-1.7683193,51.1868153],[-1.7677051,51.1869091],[-1.7671933,51.186943],[-1.7663672,51.1869061],[-1.7655523,51.1868465],[-1.7648013,51.1868486],[-1.7643276,51.1868499],[-1.7636185,51.1869101],[-1.762979,51.1870204],[-1.7617323,51.1872988],[-1.7606943,51.1876129],[-1.7597137,51.1881132],[-1.7586344,51.1888173],[-1.7576286,51.1895199],[-1.7558696,51.1905279],[-1.7542399,51.1912931],[-1.7515625,51.1923419],[-1.748986,51.1934275],[-1.7464311,51.1946778],[-1.7435633,51.1958059],[-1.7406185,51.196834],[-1.7390579,51.1974373],[-1.737472,51.1982093],[-1.7366336,51.1985159],[-1.7358267,51.1986462],[-1.7350363,51.1986462],[-1.7341931,51.1984964],[-1.7334133,51.1982082],[-1.7325905,51.1978017],[-1.7314347,51.1973363],[-1.7302974,51.1970431],[-1.7294659,51.1967991]]}},{"type":"Feature","properties":{"abandoned:railway":"rail","alt_name":"Berks and Hants Line","name":"Wilts, Somerset and Weymouth Railway (Devizes Branch)","railway":"abandoned","ref":"BHL","wikidata":"Q16988700","wikipedia":"en:Devizes branch line","source_id":"osm-way-193891335","dataset":"OpenStreetMap former/disused railway extract","publisher":"OpenStreetMap contributors","effective_date":"2026-09-07T10:02:26Z","licence":"ODbL-1.0"},"geometry":{"type":"LineString","coordinates":[[-1.9795096,51.3409511],[-1.9817923,51.3418981],[-1.9860695,51.3439297],[-1.9886943,51.3451108],[-1.9892901,51.3453949],[-1.9898686,51.3456912],[-1.9907723,51.3462115],[-1.9934631,51.3480632],[-1.9941174,51.3485905],[-1.9951894,51.3495058],[-1.9965283,51.3507023]]}},{"type":"Feature","properties":{"abandoned:railway":"rail","alt_name":"Berks and Hants Line","layer":"-1","name":"Wilts, Somerset and Weymouth Railway (Devizes Branch)","railway":"abandoned","ref":"BHL","tunnel":"yes","wikidata":"Q16988700","wikipedia":"en:Devizes branch line","source_id":"osm-way-193985929","dataset":"OpenStreetMap former/disused railway extract","publisher":"OpenStreetMap contributors","effective_date":"2026-09-07T10:02:26Z","licence":"ODbL-1.0"},"geometry":{"type":"LineString","coordinates":[[-1.9981852,51.3518531],[-1.9972263,51.3512637],[-1.9965283,51.3507023]]}},{"type":"Feature","properties":{"bicycle":"designated","bridge":"yes","bridge:name":"Lyn Brook Bridge","foot":"designated","highway":"cycleway","horse":"no","layer":"1","lit":"no","name":"Two Tunnels Greenway","old_name":"Somerset and Dorset Joint Railway","old_ref":"SAD","railway":"abandoned","segregated":"no","source":"survey","surface":"asphalt","wikidata":"Q7559923","wikipedia":"en:Somerset and Dorset Joint Railway","source_id":"osm-way-206905949","dataset":"OpenStreetMap former/disused railway extract","publisher":"OpenStreetMap contributors","effective_date":"2026-09-07T10:02:26Z","licence":"ODbL-1.0"},"geometry":{"type":"LineString","coordinates":[[-2.3615436,51.3693826],[-2.3614712,51.3693847]]}},{"type":"Feature","properties":{"bicycle":"designated","foot":"designated","highway":"cycleway","horse":"no","lit":"no","name":"Two Tunnels Greenway","old_name":"Somerset and Dorset Joint Railway","old_ref":"SAD","railway":"abandoned","segregated":"no","source":"survey","surface":"asphalt","wikidata":"Q7559923","wikipedia":"en:Somerset and Dorset Joint Railway","source_id":"osm-way-206905950","dataset":"OpenStreetMap former/disused railway extract","publisher":"OpenStreetMap contributors","effective_date":"2026-09-07T10:02:26Z","licence":"ODbL-1.0"},"geometry":{"type":"LineString","coordinates":[[-2.3632742,51.3693756],[-2.3623134,51.369363],[-2.3615436,51.3693826]]}},{"type":"Feature","properties":{"railway":"razed","razed:railway":"rail","source":"OS 1:25k","source_id":"osm-way-210809512","dataset":"OpenStreetMap former/disused railway extract","publisher":"OpenStreetMap contributors","effective_date":"2026-09-07T10:02:26Z","licence":"ODbL-1.0"},"geometry":{"type":"LineString","coordinates":[[-1.7154976,51.1274451],[-1.7104529,51.1286382],[-1.7084359,51.1288267],[-1.7077278,51.128921],[-1.7066764,51.1292442],[-1.706097,51.129527],[-1.7052205,51.1297074],[-1.7042978,51.1298421],[-1.7025383,51.1299902],[-1.7005856,51.1299498],[-1.6965301,51.1299633],[-1.6960366,51.1299902],[-1.6954326,51.1301464],[-1.6948317,51.1303753],[-1.6944487,51.1306635],[-1.6942771,51.1309059],[-1.6942309,51.1312506],[-1.6942738,51.1316276]]}},{"type":"Feature","properties":{"abandoned:railway":"rail","bicycle":"designated","foot":"designated","highway":"cycleway","lit":"no","name":"Chiseldon & Marlborough Railway Path","old_name":"Andoversford Line","old_ref":"AND","railway":"abandoned","surface":"fine_gravel","width":"1.7","source_id":"osm-way-212284792","dataset":"OpenStreetMap former/disused railway extract","publisher":"OpenStreetMap contributors","effective_date":"2026-09-07T10:02:26Z","licence":"ODbL-1.0"},"geometry":{"type":"LineString","coordinates":[[-1.7200533,51.4994994],[-1.7200661,51.4995419],[-1.7202833,51.5003059],[-1.7205478,51.5012641],[-1.7207979,51.5022045],[-1.7208545,51.5024076],[-1.7209097,51.502588],[-1.7209516,51.5027393],[-1.7210892,51.5032308],[-1.7212851,51.503948],[-1.7217631,51.5056712],[-1.7219947,51.5063788],[-1.7222591,51.5074907],[-1.7226165,51.508889],[-1.7229221,51.5099046],[-1.7231384,51.510781],[-1.7231986,51.5110874],[-1.7232316,51.511293],[-1.7232705,51.5114648],[-1.7232816,51.5115321],[-1.7232941,51.5115806],[-1.7233407,51.5118457],[-1.7233951,51.5120919],[-1.7234326,51.5121884],[-1.7234802,51.5122922],[-1.723512,51.512423],[-1.7235506,51.512574],[-1.7236277,51.512749],[-1.7236549,51.5127916]]}},{"type":"Feature","properties":{"abandoned:railway":"rail","bicycle":"designated","foot":"designated","highway":"cycleway","name":"Chiseldon & Marlborough Railway Path","old_name":"Andoversford Line","old_ref":"AND","railway":"abandoned","surface":"gravel","source_id":"osm-way-212284793","dataset":"OpenStreetMap former/disused railway extract","publisher":"OpenStreetMap contributors","effective_date":"2026-09-07T10:02:26Z","licence":"ODbL-1.0"},"geometry":{"type":"LineString","coordinates":[[-1.7171306,51.4887397],[-1.7171513,51.488848],[-1.7171813,51.4889623],[-1.7172876,51.4893319],[-1.7175288,51.4902077],[-1.7176517,51.4907397],[-1.7177532,51.4911058],[-1.7178737,51.4915017],[-1.7181446,51.4924795],[-1.7183115,51.4930384],[-1.7184658,51.4936102],[-1.7188473,51.4951005],[-1.7191114,51.4960374],[-1.7191206,51.4960693],[-1.7192596,51.4965534],[-1.7194061,51.4971388]]}},{"type":"Feature","properties":{"abandoned:railway":"rail","railway":"abandoned","service":"siding","source":"Bing","source_id":"osm-way-213433992","dataset":"OpenStreetMap former/disused railway extract","publisher":"OpenStreetMap contributors","effective_date":"2026-09-07T10:02:26Z","licence":"ODbL-1.0"},"geometry":{"type":"LineString","coordinates":[[-2.1449278,51.4347112],[-2.1436588,51.4356165],[-2.1431545,51.4359877],[-2.1427846,51.4363132],[-2.1426147,51.4364648]]}},{"type":"Feature","properties":{"abandoned:railway":"rail","railway":"abandoned","service":"siding","source":"Bing","source_id":"osm-way-213433995","dataset":"OpenStreetMap former/disused railway extract","publisher":"OpenStreetMap contributors","effective_date":"2026-09-07T10:02:26Z","licence":"ODbL-1.0"},"geometry":{"type":"LineString","coordinates":[[-2.1461267,51.4342231],[-2.1442489,51.435563],[-2.1433423,51.436302],[-2.1430368,51.4364871],[-2.1427683,51.4366331]]}},{"type":"Feature","properties":{"disused:railway":"rail","railway":"disused","service":"siding","source":"Bing","source_id":"osm-way-213433998","dataset":"OpenStreetMap former/disused railway extract","publisher":"OpenStreetMap contributors","effective_date":"2026-09-07T10:02:26Z","licence":"ODbL-1.0"},"geometry":{"type":"LineString","coordinates":[[-2.1431246,51.4359039],[-2.1424797,51.4363925],[-2.142157,51.436641],[-2.1414832,51.4371562]]}},{"type":"Feature","properties":{"abandoned:railway":"rail","railway":"abandoned","service":"siding","source":"Bing","source_id":"osm-way-213433999","dataset":"OpenStreetMap former/disused railway extract","publisher":"OpenStreetMap contributors","effective_date":"2026-09-07T10:02:26Z","licence":"ODbL-1.0"},"geometry":{"type":"LineString","coordinates":[[-2.1421678,51.4369358],[-2.1427683,51.4366331],[-2.1432192,51.4364838],[-2.1436108,51.4362932],[-2.1449519,51.4353167]]}},{"type":"Feature","properties":{"abandoned:railway":"rail","railway":"abandoned","service":"siding","source":"Bing","source_id":"osm-way-213434004","dataset":"OpenStreetMap former/disused railway extract","publisher":"OpenStreetMap contributors","effective_date":"2026-09-07T10:02:26Z","licence":"ODbL-1.0"},"geometry":{"type":"LineString","coordinates":[[-2.1462447,51.4338519],[-2.1448091,51.4348569],[-2.1442059,51.4352888],[-2.1430097,51.4362184],[-2.1422397,51.4368632]]}},{"type":"Feature","properties":{"abandoned:railway":"rail","railway":"abandoned","service":"siding","source":"Bing","source_id":"osm-way-213434005","dataset":"OpenStreetMap former/disused railway extract","publisher":"OpenStreetMap contributors","effective_date":"2026-09-07T10:02:26Z","licence":"ODbL-1.0"},"geometry":{"type":"LineString","coordinates":[[-2.1409822,51.4377805],[-2.1412316,51.4375306],[-2.141741,51.4370497]]}},{"type":"Feature","properties":{"disused:railway":"rail","railway":"disused","service":"siding","source":"Bing","source_id":"osm-way-213434008","dataset":"OpenStreetMap former/disused railway extract","publisher":"OpenStreetMap contributors","effective_date":"2026-09-07T10:02:26Z","licence":"ODbL-1.0"},"geometry":{"type":"LineString","coordinates":[[-2.1428741,51.4361676],[-2.1431246,51.4359039],[-2.143659,51.435504],[-2.1442062,51.4351127],[-2.1449099,51.4346483],[-2.1456339,51.4341358],[-2.1461113,51.4337974]]}},{"type":"Feature","properties":{"abandoned:railway":"rail","railway":"abandoned","service":"siding","source":"Bing","source_id":"osm-way-213434009","dataset":"OpenStreetMap former/disused railway extract","publisher":"OpenStreetMap contributors","effective_date":"2026-09-07T10:02:26Z","licence":"ODbL-1.0"},"geometry":{"type":"LineString","coordinates":[[-2.1456339,51.4341358],[-2.1452415,51.4344606],[-2.1448091,51.4348569]]}},{"type":"Feature","properties":{"electrified":"no","gauge":"1435","name":"Romsey Up Sidings","operator":"Network Rail","operator:wikidata":"Q1501071","railway":"abandoned","railway:aws":"yes","railway:tpws":"yes","service":"siding","source_id":"osm-way-215108995","dataset":"OpenStreetMap former/disused railway extract","publisher":"OpenStreetMap contributors","effective_date":"2026-09-07T10:02:26Z","licence":"ODbL-1.0"},"geometry":{"type":"LineString","coordinates":[[-1.4973484,50.9949274],[-1.4967814,50.9945384],[-1.4962315,50.9941922],[-1.4957298,50.9939063],[-1.4951679,50.9935971],[-1.4949862,50.9934783]]}},{"type":"Feature","properties":{"electrified":"no","gauge":"1435","name":"Dean Engineers Siding","railway":"razed","railway:aws":"yes","railway:tpws":"yes","razed:railway":"rail","service":"siding","source_id":"osm-way-215109228","dataset":"OpenStreetMap former/disused railway extract","publisher":"OpenStreetMap contributors","effective_date":"2026-09-07T10:02:26Z","licence":"ODbL-1.0"},"geometry":{"type":"LineString","coordinates":[[-1.6270056,51.0417593],[-1.6320285,51.0421656],[-1.6325094,51.0422066]]}},{"type":"Feature","properties":{"bicycle":"designated","foot":"designated","highway":"cycleway","horse":"permissive","name":"Two Tunnels Greenway","old_name":"Somerset and Dorset Joint Railway","old_ref":"SAD","railway":"abandoned","segregated":"no","source":"NPE","surface":"asphalt","wikidata":"Q7559923","wikipedia":"en:Somerset and Dorset Joint Railway","source_id":"osm-way-215903966","dataset":"OpenStreetMap former/disused railway extract","publisher":"OpenStreetMap contributors","effective_date":"2026-09-07T10:02:26Z","licence":"ODbL-1.0"},"geometry":{"type":"LineString","coordinates":[[-2.3445129,51.339475],[-2.3442387,51.3400882],[-2.3440719,51.340734],[-2.3440197,51.3409971],[-2.3440044,51.3412453],[-2.3439958,51.3416097],[-2.3440359,51.3419571],[-2.3440516,51.3419953],[-2.3441305,51.3422832],[-2.3442324,51.3426031],[-2.3444948,51.3430757]]}},{"type":"Feature","properties":{"bicycle":"designated","foot":"designated","highway":"cycleway","horse":"permissive","old_name":"Somerset and Dorset Joint Railway","old_ref":"SAD","railway":"abandoned","segregated":"no","source":"NPE","surface":"compacted","wikidata":"Q7559923","wikipedia":"en:Somerset and Dorset Joint Railway","source_id":"osm-way-215903968","dataset":"OpenStreetMap former/disused railway extract","publisher":"OpenStreetMap contributors","effective_date":"2026-09-07T10:02:26Z","licence":"ODbL-1.0"},"geometry":{"type":"LineString","coordinates":[[-2.3566593,51.3258711],[-2.3561202,51.3262566],[-2.3547962,51.3272537],[-2.3535997,51.3281545],[-2.3531682,51.3285057],[-2.3528554,51.3288309],[-2.3522157,51.3296768],[-2.3518962,51.330215],[-2.351862,51.3302785],[-2.3517986,51.3304868],[-2.351549,51.3313329],[-2.3514028,51.3317547],[-2.3512831,51.3319897],[-2.350878,51.3325997],[-2.3507013,51.3328422],[-2.3505042,51.3330435],[-2.3503396,51.3332071],[-2.3502418,51.3332844],[-2.3501902,51.333322]]}},{"type":"Feature","properties":{"designation":"public_bridleway","highway":"bridleway","old_name":"Fairford Branch","railway":"abandoned","railway:ref":"FFD","source_id":"osm-way-230424751","dataset":"OpenStreetMap former/disused railway extract","publisher":"OpenStreetMap contributors","effective_date":"2026-09-07T10:02:26Z","licence":"ODbL-1.0"},"geometry":{"type":"LineString","coordinates":[[-1.6508773,51.7063321],[-1.6549319,51.7049899],[-1.656386,51.7045119],[-1.6582389,51.7039943],[-1.6598069,51.7035826],[-1.6610381,51.7033059],[-1.6621608,51.7030556]]}},{"type":"Feature","properties":{"abandoned:railway":"rail","bicycle":"designated","designation":"public_footpath","foot":"designated","highway":"cycleway","lcn":"yes","lcn_ref":"UR","ncn":"yes","ncn_ref":"45","old_name":"Andoversford Line","old_ref":"AND","prow_ref":"CN22","railway":"abandoned","segregated":"no","smoothness":"intermediate","surface":"gravel","source_id":"osm-way-232068374","dataset":"OpenStreetMap former/disused railway extract","publisher":"OpenStreetMap contributors","effective_date":"2026-09-07T10:02:26Z","licence":"ODbL-1.0"},"geometry":{"type":"LineString","coordinates":[[-1.8231714,51.577683],[-1.8231101,51.5778031],[-1.823018,51.5779741],[-1.8229144,51.57822],[-1.8228488,51.5783618],[-1.8227055,51.578636],[-1.8226287,51.5788065],[-1.8225739,51.57895],[-1.8225143,51.579127],[-1.8224364,51.5793547],[-1.8224262,51.5793966]]}},{"type":"Feature","properties":{"railway":"abandoned","source_id":"osm-way-234989002","dataset":"OpenStreetMap former/disused railway extract","publisher":"OpenStreetMap contributors","effective_date":"2026-09-07T10:02:26Z","licence":"ODbL-1.0"},"geometry":{"type":"LineString","coordinates":[[-2.1172929,51.46177],[-2.1172762,51.461776],[-2.1165366,51.4620424],[-2.1154749,51.4624394],[-2.1148392,51.4626918],[-2.1142957,51.4629057],[-2.1141414,51.4629664],[-2.1134816,51.4632388],[-2.1127605,51.463559]]}},{"type":"Feature","properties":{"railway":"abandoned","source_id":"osm-way-234989003","dataset":"OpenStreetMap former/disused railway extract","publisher":"OpenStreetMap contributors","effective_date":"2026-09-07T10:02:26Z","licence":"ODbL-1.0"},"geometry":{"type":"LineString","coordinates":[[-2.1174297,51.4618602],[-2.1167167,51.462137],[-2.1162795,51.4623007],[-2.1153247,51.4626734],[-2.1145169,51.4629998],[-2.1137878,51.4632967]]}},{"type":"Feature","properties":{"railway":"abandoned","source_id":"osm-way-234989004","dataset":"OpenStreetMap former/disused railway extract","publisher":"OpenStreetMap contributors","effective_date":"2026-09-07T10:02:26Z","licence":"ODbL-1.0"},"geometry":{"type":"LineString","coordinates":[[-2.1149407,51.4625386],[-2.1146648,51.4627101],[-2.1142957,51.4629057]]}},{"type":"Feature","properties":{"abandoned:railway":"rail","electrified":"no","gauge":"1435","railway":"abandoned","service":"spur","source_id":"osm-way-238426638","dataset":"OpenStreetMap former/disused railway extract","publisher":"OpenStreetMap contributors","effective_date":"2026-09-07T10:02:26Z","licence":"ODbL-1.0"},"geometry":{"type":"LineString","coordinates":[[-1.5987545,51.0387759],[-1.5990153,51.0388797],[-1.5993368,51.0390285],[-1.5997633,51.0392098],[-1.6000067,51.0392822],[-1.6006649,51.0394178]]}},{"type":"Feature","properties":{"abandoned:railway":"narrow_gauge","name":"RNAD Dean Hill","railway":"abandoned","source_id":"osm-way-238429283","dataset":"OpenStreetMap former/disused railway extract","publisher":"OpenStreetMap contributors","effective_date":"2026-09-07T10:02:26Z","licence":"ODbL-1.0"},"geometry":{"type":"LineString","coordinates":[[-1.6224594,51.0374747],[-1.622568,51.0374832],[-1.622686,51.0375076],[-1.6230465,51.0376362]]}},{"type":"Feature","properties":{"abandoned:railway":"narrow_gauge","name":"RNAD Dean Hill","railway":"abandoned","source_id":"osm-way-238429285","dataset":"OpenStreetMap former/disused railway extract","publisher":"OpenStreetMap contributors","effective_date":"2026-09-07T10:02:26Z","licence":"ODbL-1.0"},"geometry":{"type":"LineString","coordinates":[[-1.6207903,51.0375051],[-1.6208863,51.0375093],[-1.6209788,51.0375262],[-1.6210619,51.0375321],[-1.6214576,51.0375245]]}},{"type":"Feature","properties":{"abandoned:railway":"narrow_gauge","name":"RNAD Dean Hill","railway":"abandoned","source_id":"osm-way-238429295","dataset":"OpenStreetMap former/disused railway extract","publisher":"OpenStreetMap contributors","effective_date":"2026-09-07T10:02:26Z","licence":"ODbL-1.0"},"geometry":{"type":"LineString","coordinates":[[-1.6167658,51.0375905],[-1.6168743,51.0376215],[-1.6170004,51.0376434],[-1.617168,51.0376489]]}},{"type":"Feature","properties":{"abandoned:railway":"narrow_gauge","name":"RNAD Dean Hill","railway":"abandoned","source_id":"osm-way-238429299","dataset":"OpenStreetMap former/disused railway extract","publisher":"OpenStreetMap contributors","effective_date":"2026-09-07T10:02:26Z","licence":"ODbL-1.0"},"geometry":{"type":"LineString","coordinates":[[-1.6119709,51.0384653],[-1.6114113,51.0385211]]}},{"type":"Feature","properties":{"abandoned:railway":"narrow_gauge","name":"RNAD Dean Hill","railway":"abandoned","source_id":"osm-way-238429300","dataset":"OpenStreetMap former/disused railway extract","publisher":"OpenStreetMap contributors","effective_date":"2026-09-07T10:02:26Z","licence":"ODbL-1.0"},"geometry":{"type":"LineString","coordinates":[[-1.6219434,51.0374839],[-1.6220892,51.0374975],[-1.6222502,51.0375059],[-1.6225063,51.0375026]]}},{"type":"Feature","properties":{"abandoned:railway":"narrow_gauge","name":"RNAD Dean Hill","railway":"abandoned","source_id":"osm-way-238429302","dataset":"OpenStreetMap former/disused railway extract","publisher":"OpenStreetMap contributors","effective_date":"2026-09-07T10:02:26Z","licence":"ODbL-1.0"},"geometry":{"type":"LineString","coordinates":[[-1.6194745,51.0375301],[-1.6196015,51.0375414],[-1.6197477,51.0375759],[-1.6198871,51.0376038],[-1.620036,51.0376097],[-1.6204477,51.0376012]]}},{"type":"Feature","properties":{"abandoned:railway":"narrow_gauge","name":"RNAD Dean Hill","railway":"abandoned","source_id":"osm-way-238429309","dataset":"OpenStreetMap former/disused railway extract","publisher":"OpenStreetMap contributors","effective_date":"2026-09-07T10:02:26Z","licence":"ODbL-1.0"},"geometry":{"type":"LineString","coordinates":[[-1.6183024,51.037552],[-1.6184213,51.0375599],[-1.6186775,51.0376198]]}},{"type":"Feature","properties":{"abandoned:railway":"narrow_gauge","name":"RNAD Dean Hill","railway":"abandoned","source_id":"osm-way-238429319","dataset":"OpenStreetMap former/disused railway extract","publisher":"OpenStreetMap contributors","effective_date":"2026-09-07T10:02:26Z","licence":"ODbL-1.0"},"geometry":{"type":"LineString","coordinates":[[-1.6161468,51.0376383],[-1.6163211,51.0376527],[-1.6164633,51.0376544],[-1.6167047,51.0376493]]}},{"type":"Feature","properties":{"abandoned:railway":"narrow_gauge","name":"RNAD Dean Hill","railway":"abandoned","source_id":"osm-way-238429327","dataset":"OpenStreetMap former/disused railway extract","publisher":"OpenStreetMap contributors","effective_date":"2026-09-07T10:02:26Z","licence":"ODbL-1.0"},"geometry":{"type":"LineString","coordinates":[[-1.62315,51.0375228],[-1.6232399,51.0375675],[-1.6233606,51.0376493],[-1.6234424,51.0376881],[-1.6237061,51.0377772],[-1.6238313,51.0378028],[-1.623956,51.0378087],[-1.6241653,51.0378019],[-1.6242873,51.0378087],[-1.6244201,51.0378213],[-1.6245046,51.0378247],[-1.624703,51.0378197]]}},{"type":"Feature","properties":{"abandoned:railway":"narrow_gauge","name":"RNAD Dean Hill","railway":"abandoned","source_id":"osm-way-238429336","dataset":"OpenStreetMap former/disused railway extract","publisher":"OpenStreetMap contributors","effective_date":"2026-09-07T10:02:26Z","licence":"ODbL-1.0"},"geometry":{"type":"LineString","coordinates":[[-1.6159498,51.0376543],[-1.6160475,51.0376426],[-1.6161468,51.0376383],[-1.616706,51.0376299]]}},{"type":"Feature","properties":{"abandoned:railway":"narrow_gauge","name":"RNAD Dean Hill","railway":"abandoned","source_id":"osm-way-238430073","dataset":"OpenStreetMap former/disused railway extract","publisher":"OpenStreetMap contributors","effective_date":"2026-09-07T10:02:26Z","licence":"ODbL-1.0"},"geometry":{"type":"LineString","coordinates":[[-1.6395651,51.0351868],[-1.6395263,51.0350773],[-1.6394391,51.0348132],[-1.6393747,51.0346909],[-1.6393117,51.0346133],[-1.6392366,51.0345256],[-1.6391844,51.0344742]]}},{"type":"Feature","properties":{"disused:railway":"narrow_gauge","name":"RNAD Dean Hill","railway":"disused","source_id":"osm-way-238430488","dataset":"OpenStreetMap former/disused railway extract","publisher":"OpenStreetMap contributors","effective_date":"2026-09-07T10:02:26Z","licence":"ODbL-1.0"},"geometry":{"type":"LineString","coordinates":[[-1.6391505,51.0344479],[-1.6391326,51.0344341],[-1.6390022,51.0343782],[-1.6388122,51.0342793],[-1.6386942,51.034236],[-1.6385368,51.0341991],[-1.6384041,51.034185],[-1.6379937,51.0341517],[-1.6376658,51.0341253],[-1.6371985,51.0340769],[-1.636188,51.0339866],[-1.6359408,51.0339728],[-1.6345807,51.0339241],[-1.6343222,51.0339153],[-1.633417,51.0338819],[-1.6325047,51.0338467],[-1.6316671,51.0338047],[-1.6312667,51.0337854],[-1.6300855,51.0337251],[-1.6292199,51.0336519],[-1.628725,51.0336241],[-1.6285131,51.0336182],[-1.6282959,51.0336215],[-1.6280296,51.0336277],[-1.6277433,51.0336409],[-1.6274389,51.0336629],[-1.627202,51.0337048],[-1.6260145,51.0337985],[-1.6259479,51.033806],[-1.6250665,51.0338714],[-1.624186,51.0339442],[-1.6237394,51.0339821],[-1.6235152,51.0339977],[-1.6233006,51.0340038],[-1.6230633,51.0340047],[-1.6217363,51.0339933],[-1.6208318,51.0339847],[-1.6199695,51.0339803],[-1.6196,51.0339738],[-1.6193538,51.0339752],[-1.619116,51.0339933],[-1.6185684,51.0340385],[-1.6176328,51.0341209],[-1.6174078,51.0341576],[-1.6163578,51.0343397],[-1.6160752,51.0343886],[-1.615941,51.0344235],[-1.6158131,51.0344637],[-1.615732,51.0345034],[-1.615609,51.0345692],[-1.6145952,51.0351218],[-1.6145173,51.0351707],[-1.6145046,51.0351829],[-1.6144528,51.0352327],[-1.6140269,51.0356891]]}},{"type":"Feature","properties":{"disused:railway":"narrow_gauge","name":"RNAD Dean Hill","railway":"disused","source_id":"osm-way-238430489","dataset":"OpenStreetMap former/disused railway extract","publisher":"OpenStreetMap contributors","effective_date":"2026-09-07T10:02:26Z","licence":"ODbL-1.0"},"geometry":{"type":"LineString","coordinates":[[-1.6392168,51.0345812],[-1.6391677,51.0345227],[-1.6391386,51.0344726],[-1.6391326,51.0344341],[-1.6391388,51.0344054],[-1.6391669,51.0343153],[-1.6391989,51.0342099]]}},{"type":"Feature","properties":{"abandoned:railway":"narrow_gauge","name":"RNAD Dean Hill","railway":"abandoned","source_id":"osm-way-238430491","dataset":"OpenStreetMap former/disused railway extract","publisher":"OpenStreetMap contributors","effective_date":"2026-09-07T10:02:26Z","licence":"ODbL-1.0"},"geometry":{"type":"LineString","coordinates":[[-1.6396322,51.0356287],[-1.6395537,51.0353293],[-1.6393841,51.0347951],[-1.6393506,51.034728],[-1.6393036,51.0346538],[-1.6392309,51.034593]]}},{"type":"Feature","properties":{"disused:railway":"narrow_gauge","name":"RNAD Dean Hill","railway":"disused","source_id":"osm-way-238431379","dataset":"OpenStreetMap former/disused railway extract","publisher":"OpenStreetMap contributors","effective_date":"2026-09-07T10:02:26Z","licence":"ODbL-1.0"},"geometry":{"type":"LineString","coordinates":[[-1.6376658,51.0341253],[-1.6378209,51.0341192],[-1.6379538,51.0340784],[-1.6380365,51.0340297],[-1.6380985,51.0339671],[-1.6381383,51.0338959]]}},{"type":"Feature","properties":{"disused:railway":"narrow_gauge","name":"RNAD Dean Hill","railway":"disused","source_id":"osm-way-238431380","dataset":"OpenStreetMap former/disused railway extract","publisher":"OpenStreetMap contributors","effective_date":"2026-09-07T10:02:26Z","licence":"ODbL-1.0"},"geometry":{"type":"LineString","coordinates":[[-1.636188,51.0339866],[-1.6360908,51.033951],[-1.636018,51.0339057],[-1.6359356,51.0338457],[-1.6358841,51.0337856]]}},{"type":"Feature","properties":{"disused:railway":"narrow_gauge","name":"RNAD Dean Hill","railway":"disused","source_id":"osm-way-238431381","dataset":"OpenStreetMap former/disused railway extract","publisher":"OpenStreetMap contributors","effective_date":"2026-09-07T10:02:26Z","licence":"ODbL-1.0"},"geometry":{"type":"LineString","coordinates":[[-1.6371985,51.0340769],[-1.6370596,51.0340457],[-1.6369728,51.0340016],[-1.6369231,51.0339753],[-1.6368778,51.0339179],[-1.6368594,51.0338555]]}},{"type":"Feature","properties":{"disused:railway":"narrow_gauge","name":"RNAD Dean Hill","railway":"disused","source_id":"osm-way-238431382","dataset":"OpenStreetMap former/disused railway extract","publisher":"OpenStreetMap contributors","effective_date":"2026-09-07T10:02:26Z","licence":"ODbL-1.0"},"geometry":{"type":"LineString","coordinates":[[-1.6359408,51.0339728],[-1.6356679,51.0339176],[-1.6347895,51.0338875],[-1.6345807,51.0339241]]}},{"type":"Feature","properties":{"disused:railway":"narrow_gauge","name":"RNAD Dean Hill","railway":"disused","source_id":"osm-way-238431383","dataset":"OpenStreetMap former/disused railway extract","publisher":"OpenStreetMap contributors","effective_date":"2026-09-07T10:02:26Z","licence":"ODbL-1.0"},"geometry":{"type":"LineString","coordinates":[[-1.6343222,51.0339153],[-1.6341813,51.0338901],[-1.6340769,51.0338402],[-1.6339917,51.0337676],[-1.6339406,51.033707]]}},{"type":"Feature","properties":{"disused:railway":"narrow_gauge","name":"RNAD Dean Hill","railway":"disused","source_id":"osm-way-238434813","dataset":"OpenStreetMap former/disused railway extract","publisher":"OpenStreetMap contributors","effective_date":"2026-09-07T10:02:26Z","licence":"ODbL-1.0"},"geometry":{"type":"LineString","coordinates":[[-1.618705,51.0338091],[-1.6187946,51.0339001],[-1.6188736,51.0339437],[-1.6189752,51.0339789],[-1.619116,51.0339933]]}},{"type":"Feature","properties":{"disused:railway":"narrow_gauge","layer":"-1","name":"RNAD Dean Hill","railway":"disused","source_id":"osm-way-238434815","dataset":"OpenStreetMap former/disused railway extract","publisher":"OpenStreetMap contributors","effective_date":"2026-09-07T10:02:26Z","licence":"ODbL-1.0"},"geometry":{"type":"LineString","coordinates":[[-1.6174078,51.0341576],[-1.617614,51.0340812],[-1.6176837,51.0340601],[-1.6177772,51.03404],[-1.6182684,51.0340027],[-1.6184005,51.0340211],[-1.6185684,51.0340385]]}},{"type":"Feature","properties":{"disused:railway":"narrow_gauge","name":"RNAD Dean Hill","railway":"disused","source_id":"osm-way-238434817","dataset":"OpenStreetMap former/disused railway extract","publisher":"OpenStreetMap contributors","effective_date":"2026-09-07T10:02:26Z","licence":"ODbL-1.0"},"geometry":{"type":"LineString","coordinates":[[-1.6195995,51.0337774],[-1.6196427,51.0338224],[-1.6197418,51.0339069],[-1.6198246,51.0339505],[-1.6199695,51.0339803]]}},{"type":"Feature","properties":{"disused:railway":"narrow_gauge","name":"RNAD Dean Hill","railway":"disused","source_id":"osm-way-238434818","dataset":"OpenStreetMap former/disused railway extract","publisher":"OpenStreetMap contributors","effective_date":"2026-09-07T10:02:26Z","licence":"ODbL-1.0"},"geometry":{"type":"LineString","coordinates":[[-1.6204715,51.0337882],[-1.6205609,51.0338761],[-1.6206531,51.0339339],[-1.6207301,51.0339645],[-1.6208318,51.0339847]]}},{"type":"Feature","properties":{"disused:railway":"narrow_gauge","railway":"disused","source_id":"osm-way-238434819","dataset":"OpenStreetMap former/disused railway extract","publisher":"OpenStreetMap contributors","effective_date":"2026-09-07T10:02:26Z","licence":"ODbL-1.0"},"geometry":{"type":"LineString","coordinates":[[-1.6230633,51.0340047],[-1.6228994,51.0339793],[-1.6219713,51.0339715],[-1.6217363,51.0339933]]}},{"type":"Feature","properties":{"disused:railway":"narrow_gauge","name":"RNAD Dean Hill","railway":"disused","source_id":"osm-way-238434820","dataset":"OpenStreetMap former/disused railway extract","publisher":"OpenStreetMap contributors","effective_date":"2026-09-07T10:02:26Z","licence":"ODbL-1.0"},"geometry":{"type":"LineString","coordinates":[[-1.6141706,51.0351322],[-1.6142765,51.0351512],[-1.6143934,51.0351609],[-1.614496,51.0351514],[-1.6145952,51.0351218]]}},{"type":"Feature","properties":{"disused:railway":"narrow_gauge","name":"RNAD Dean Hill","railway":"disused","source_id":"osm-way-238434821","dataset":"OpenStreetMap former/disused railway extract","publisher":"OpenStreetMap contributors","effective_date":"2026-09-07T10:02:26Z","licence":"ODbL-1.0"},"geometry":{"type":"LineString","coordinates":[[-1.6213134,51.0337711],[-1.6213659,51.0338305],[-1.6214424,51.0338989],[-1.6215155,51.0339407],[-1.6216059,51.0339735],[-1.6217363,51.0339933]]}},{"type":"Feature","properties":{"disused:railway":"narrow_gauge","name":"RNAD Dean Hill","railway":"disused","source_id":"osm-way-238434822","dataset":"OpenStreetMap former/disused railway extract","publisher":"OpenStreetMap contributors","effective_date":"2026-09-07T10:02:26Z","licence":"ODbL-1.0"},"geometry":{"type":"LineString","coordinates":[[-1.6169079,51.0339393],[-1.616966,51.034022],[-1.6170222,51.0340647],[-1.6170906,51.0341089],[-1.6171767,51.0341391],[-1.6172826,51.0341556],[-1.6174078,51.0341576]]}},{"type":"Feature","properties":{"disused:railway":"narrow_gauge","name":"RNAD Dean Hill","railway":"disused","source_id":"osm-way-238434823","dataset":"OpenStreetMap former/disused railway extract","publisher":"OpenStreetMap contributors","effective_date":"2026-09-07T10:02:26Z","licence":"ODbL-1.0"},"geometry":{"type":"LineString","coordinates":[[-1.6149116,51.03456],[-1.6150994,51.0346084],[-1.6152203,51.0346311],[-1.6153312,51.0346411],[-1.6154591,51.0346259],[-1.615609,51.0345692]]}},{"type":"Feature","properties":{"disused:railway":"narrow_gauge","name":"RNAD Dean Hill","railway":"disused","source_id":"osm-way-238434824","dataset":"OpenStreetMap former/disused railway extract","publisher":"OpenStreetMap contributors","effective_date":"2026-09-07T10:02:26Z","licence":"ODbL-1.0"},"geometry":{"type":"LineString","coordinates":[[-1.6157643,51.0341581],[-1.6159006,51.0342289],[-1.616095,51.0343194],[-1.616199,51.0343448],[-1.6163578,51.0343397]]}},{"type":"Feature","properties":{"disused:railway":"narrow_gauge","name":"RNAD Dean Hill","railway":"disused","source_id":"osm-way-238434827","dataset":"OpenStreetMap former/disused railway extract","publisher":"OpenStreetMap contributors","effective_date":"2026-09-07T10:02:26Z","licence":"ODbL-1.0"},"geometry":{"type":"LineString","coordinates":[[-1.6140005,51.0356751],[-1.6143162,51.0352956],[-1.6144528,51.0352327]]}},{"type":"Feature","properties":{"disused:railway":"narrow_gauge","name":"RNAD Dean Hill","railway":"disused","source_id":"osm-way-238435684","dataset":"OpenStreetMap former/disused railway extract","publisher":"OpenStreetMap contributors","effective_date":"2026-09-07T10:02:26Z","licence":"ODbL-1.0"},"geometry":{"type":"LineString","coordinates":[[-1.6300855,51.0337251],[-1.6299937,51.0336823],[-1.6299065,51.0336468],[-1.6298314,51.0335979],[-1.6296349,51.0334324]]}},{"type":"Feature","properties":{"disused:railway":"narrow_gauge","name":"RNAD Dean Hill","railway":"disused","source_id":"osm-way-238435685","dataset":"OpenStreetMap former/disused railway extract","publisher":"OpenStreetMap contributors","effective_date":"2026-09-07T10:02:26Z","licence":"ODbL-1.0"},"geometry":{"type":"LineString","coordinates":[[-1.6316671,51.0338047],[-1.6314937,51.0337719],[-1.6314038,51.0337249],[-1.6312822,51.0336233],[-1.6311811,51.0335339]]}},{"type":"Feature","properties":{"disused:railway":"narrow_gauge","name":"RNAD Dean Hill","railway":"disused","source_id":"osm-way-238435686","dataset":"OpenStreetMap former/disused railway extract","publisher":"OpenStreetMap contributors","effective_date":"2026-09-07T10:02:26Z","licence":"ODbL-1.0"},"geometry":{"type":"LineString","coordinates":[[-1.6260145,51.0337985],[-1.6260962,51.033771],[-1.6267598,51.0337009],[-1.6269639,51.0336975],[-1.627202,51.0337048]]}},{"type":"Feature","properties":{"disused:railway":"narrow_gauge","layer":"-1","name":"RNAD Dean Hill","railway":"disused","source_id":"osm-way-238435687","dataset":"OpenStreetMap former/disused railway extract","publisher":"OpenStreetMap contributors","effective_date":"2026-09-07T10:02:26Z","licence":"ODbL-1.0"},"geometry":{"type":"LineString","coordinates":[[-1.6300855,51.0337251],[-1.6302123,51.0337008],[-1.630308,51.0336862],[-1.6304021,51.0336787],[-1.6309848,51.0337101],[-1.6311056,51.0337338],[-1.631187,51.0337557],[-1.6312667,51.0337854]]}},{"type":"Feature","properties":{"disused:railway":"narrow_gauge","name":"RNAD Dean Hill","railway":"disused","source_id":"osm-way-238435688","dataset":"OpenStreetMap former/disused railway extract","publisher":"OpenStreetMap contributors","effective_date":"2026-09-07T10:02:26Z","licence":"ODbL-1.0"},"geometry":{"type":"LineString","coordinates":[[-1.6264971,51.0336827],[-1.6263411,51.033648],[-1.6261325,51.0335773]]}},{"type":"Feature","properties":{"disused:railway":"narrow_gauge","name":"RNAD Dean Hill","railway":"disused","source_id":"osm-way-238435689","dataset":"OpenStreetMap former/disused railway extract","publisher":"OpenStreetMap contributors","effective_date":"2026-09-07T10:02:26Z","licence":"ODbL-1.0"},"geometry":{"type":"LineString","coordinates":[[-1.633417,51.0338819],[-1.6333051,51.0338593],[-1.6332014,51.0338143],[-1.6330951,51.0337331],[-1.6330262,51.0336587]]}},{"type":"Feature","properties":{"disused:railway":"narrow_gauge","name":"RNAD Dean Hill","railway":"disused","source_id":"osm-way-238435690","dataset":"OpenStreetMap former/disused railway extract","publisher":"OpenStreetMap contributors","effective_date":"2026-09-07T10:02:26Z","licence":"ODbL-1.0"},"geometry":{"type":"LineString","coordinates":[[-1.6325047,51.0338467],[-1.6323734,51.0338199],[-1.6322803,51.0337644],[-1.632178,51.0336806],[-1.6320919,51.0335948]]}},{"type":"Feature","properties":{"disused:railway":"narrow_gauge","name":"RNAD Dean Hill","railway":"disused","source_id":"osm-way-238435691","dataset":"OpenStreetMap former/disused railway extract","publisher":"OpenStreetMap contributors","effective_date":"2026-09-07T10:02:26Z","licence":"ODbL-1.0"},"geometry":{"type":"LineString","coordinates":[[-1.6250665,51.0338714],[-1.6248823,51.0338574],[-1.6247869,51.0338253],[-1.624706,51.0337648],[-1.624616,51.0336905]]}},{"type":"Feature","properties":{"disused:railway":"narrow_gauge","name":"RNAD Dean Hill","railway":"disused","source_id":"osm-way-238435692","dataset":"OpenStreetMap former/disused railway extract","publisher":"OpenStreetMap contributors","effective_date":"2026-09-07T10:02:26Z","licence":"ODbL-1.0"},"geometry":{"type":"LineString","coordinates":[[-1.6292199,51.0336519],[-1.6290911,51.0336342],[-1.6289959,51.0336021],[-1.6289262,51.0335583],[-1.6287489,51.0334063]]}},{"type":"Feature","properties":{"disused:railway":"narrow_gauge","name":"RNAD Dean Hill","railway":"disused","source_id":"osm-way-238435693","dataset":"OpenStreetMap former/disused railway extract","publisher":"OpenStreetMap contributors","effective_date":"2026-09-07T10:02:26Z","licence":"ODbL-1.0"},"geometry":{"type":"LineString","coordinates":[[-1.6267598,51.0337009],[-1.6266128,51.0336966],[-1.6264971,51.0336827],[-1.6263493,51.0336281],[-1.626162,51.0335478]]}},{"type":"Feature","properties":{"disused:railway":"narrow_gauge","name":"RNAD Dean Hill","railway":"disused","source_id":"osm-way-238435694","dataset":"OpenStreetMap former/disused railway extract","publisher":"OpenStreetMap contributors","effective_date":"2026-09-07T10:02:26Z","licence":"ODbL-1.0"},"geometry":{"type":"LineString","coordinates":[[-1.624186,51.0339442],[-1.6240457,51.0339338],[-1.6239564,51.033904],[-1.6238718,51.0338552],[-1.6237789,51.0337748],[-1.6237481,51.0337414]]}},{"type":"Feature","properties":{"disused:railway":"narrow_gauge","name":"RNAD Dean Hill","railway":"disused","source_id":"osm-way-238435695","dataset":"OpenStreetMap former/disused railway extract","publisher":"OpenStreetMap contributors","effective_date":"2026-09-07T10:02:26Z","licence":"ODbL-1.0"},"geometry":{"type":"LineString","coordinates":[[-1.6282959,51.0336215],[-1.6281698,51.0336139],[-1.6280679,51.0335895],[-1.6279834,51.0335498],[-1.627911,51.0334959],[-1.6278083,51.0334119]]}},{"type":"Feature","properties":{"disused:railway":"narrow_gauge","name":"RNAD Dean Hill","railway":"disused","source_id":"osm-way-238435696","dataset":"OpenStreetMap former/disused railway extract","publisher":"OpenStreetMap contributors","effective_date":"2026-09-07T10:02:26Z","licence":"ODbL-1.0"},"geometry":{"type":"LineString","coordinates":[[-1.6274389,51.0336629],[-1.6273142,51.0336645],[-1.6272404,51.0336511],[-1.6271573,51.0336283],[-1.6270848,51.0335954],[-1.6270299,51.0335583],[-1.6269751,51.033507]]}},{"type":"Feature","properties":{"disused:railway":"narrow_gauge","name":"RNAD Dean Hill","railway":"disused","source_id":"osm-way-238435697","dataset":"OpenStreetMap former/disused railway extract","publisher":"OpenStreetMap contributors","effective_date":"2026-09-07T10:02:26Z","licence":"ODbL-1.0"},"geometry":{"type":"LineString","coordinates":[[-1.6233006,51.0340038],[-1.6231711,51.0339885],[-1.623079,51.0339601],[-1.6230056,51.0339106],[-1.6229516,51.0338636],[-1.6228757,51.033794]]}},{"type":"Feature","properties":{"disused:railway":"narrow_gauge","name":"RNAD Dean Hill","railway":"disused","source_id":"osm-way-238435698","dataset":"OpenStreetMap former/disused railway extract","publisher":"OpenStreetMap contributors","effective_date":"2026-09-07T10:02:26Z","licence":"ODbL-1.0"},"geometry":{"type":"LineString","coordinates":[[-1.6259479,51.033806],[-1.6257886,51.0337952],[-1.6256657,51.0337553],[-1.6255903,51.0337118],[-1.6255138,51.0336459],[-1.625469,51.0335987]]}},{"type":"Feature","properties":{"electrified":"no","gauge":"1435","name":"Dean Engineers Siding","railway":"razed","railway:aws":"yes","railway:tpws":"yes","razed:railway":"rail","service":"siding","source_id":"osm-way-238448547","dataset":"OpenStreetMap former/disused railway extract","publisher":"OpenStreetMap contributors","effective_date":"2026-09-07T10:02:26Z","licence":"ODbL-1.0"},"geometry":{"type":"LineString","coordinates":[[-1.6320285,51.0421656],[-1.6322424,51.0421947],[-1.6325277,51.042237]]}},{"type":"Feature","properties":{"bridge":"yes","disused:railway":"rail","electrified":"no","gauge":"1435","layer":"1","name":"Salisbury Easy Yard Spur","railway":"disused","service":"siding","source":"Bing","source_id":"osm-way-238775028","dataset":"OpenStreetMap former/disused railway extract","publisher":"OpenStreetMap contributors","effective_date":"2026-09-07T10:02:26Z","licence":"ODbL-1.0"},"geometry":{"type":"LineString","coordinates":[[-1.7985007,51.074454],[-1.7987999,51.0742252]]}},{"type":"Feature","properties":{"disused:railway":"rail","electrified":"no","gauge":"1435","name":"Salisbury East Carriage Sidings","railway":"disused","service":"siding","source":"Bing","source_id":"osm-way-238775831","dataset":"OpenStreetMap former/disused railway extract","publisher":"OpenStreetMap contributors","effective_date":"2026-09-07T10:02:26Z","licence":"ODbL-1.0"},"geometry":{"type":"LineString","coordinates":[[-1.7997816,51.072614],[-1.7995563,51.0727975],[-1.7993525,51.0729859],[-1.7986148,51.073857]]}},{"type":"Feature","properties":{"disused:railway":"rail","electrified":"no","gauge":"1435","name":"Salisbury East Carriage Sidings","railway":"disused","service":"siding","source":"Bing","source_id":"osm-way-238775833","dataset":"OpenStreetMap former/disused railway extract","publisher":"OpenStreetMap contributors","effective_date":"2026-09-07T10:02:26Z","licence":"ODbL-1.0"},"geometry":{"type":"LineString","coordinates":[[-1.7999653,51.0724556],[-1.7997816,51.072614],[-1.7995322,51.0728718],[-1.7986066,51.0739351]]}},{"type":"Feature","properties":{"abandoned:railway":"rail","electrified":"no","gauge":"1435","railway":"abandoned","service":"siding","usage":"military","source_id":"osm-way-240674262","dataset":"OpenStreetMap former/disused railway extract","publisher":"OpenStreetMap contributors","effective_date":"2026-09-07T10:02:26Z","licence":"ODbL-1.0"},"geometry":{"type":"LineString","coordinates":[[-1.6306594,51.2496294],[-1.6299674,51.250033],[-1.6297709,51.2501009]]}},{"type":"Feature","properties":{"abandoned:railway":"rail","electrified":"no","gauge":"1435","railway":"abandoned","service":"spur","usage":"military","source_id":"osm-way-240674263","dataset":"OpenStreetMap former/disused railway extract","publisher":"OpenStreetMap contributors","effective_date":"2026-09-07T10:02:26Z","licence":"ODbL-1.0"},"geometry":{"type":"LineString","coordinates":[[-1.6295087,51.2501579],[-1.6291949,51.2504074],[-1.6273898,51.2518055],[-1.6270277,51.2520427],[-1.6265389,51.2524159]]}},{"type":"Feature","properties":{"electrified":"no","gauge":"1435","railway":"razed","razed:railway":"rail","service":"yard","source_id":"osm-way-242086407","dataset":"OpenStreetMap former/disused railway extract","publisher":"OpenStreetMap contributors","effective_date":"2026-09-07T10:02:26Z","licence":"ODbL-1.0"},"geometry":{"type":"LineString","coordinates":[[-1.4950525,51.2108803],[-1.4942337,51.2112361],[-1.4940041,51.2113165],[-1.4936891,51.2114292]]}},{"type":"Feature","properties":{"electrified":"no","gauge":"1435","railway":"abandoned","service":"yard","source_id":"osm-way-242086408","dataset":"OpenStreetMap former/disused railway extract","publisher":"OpenStreetMap contributors","effective_date":"2026-09-07T10:02:26Z","licence":"ODbL-1.0"},"geometry":{"type":"LineString","coordinates":[[-1.4920556,51.2129834],[-1.4925867,51.2122828],[-1.4927235,51.2121097],[-1.4928532,51.2119832]]}},{"type":"Feature","properties":{"electrified":"no","gauge":"1435","railway":"abandoned","service":"yard","source_id":"osm-way-242086409","dataset":"OpenStreetMap former/disused railway extract","publisher":"OpenStreetMap contributors","effective_date":"2026-09-07T10:02:26Z","licence":"ODbL-1.0"},"geometry":{"type":"LineString","coordinates":[[-1.4920208,51.212965],[-1.4927181,51.2120358],[-1.4927943,51.2119609]]}},{"type":"Feature","properties":{"abandoned:railway":"rail","bicycle":"designated","cutting":"yes","foot":"designated","highway":"cycleway","name":"Chiseldon & Marlborough Railway Path","old_name":"Andoversford Line","old_ref":"AND","railway":"abandoned","surface":"fine_gravel","width":"3","source_id":"osm-way-242113874","dataset":"OpenStreetMap former/disused railway extract","publisher":"OpenStreetMap contributors","effective_date":"2026-09-07T10:02:26Z","licence":"ODbL-1.0"},"geometry":{"type":"LineString","coordinates":[[-1.7111755,51.4215378],[-1.7112128,51.4216719],[-1.7112514,51.4217789],[-1.7113113,51.4219259],[-1.7113849,51.4220802],[-1.7114761,51.4222453],[-1.7115849,51.4224209],[-1.7117466,51.4226511],[-1.7118828,51.4228263],[-1.7120064,51.4229664],[-1.7121266,51.4230983],[-1.7123267,51.4233167],[-1.712489,51.4234714],[-1.7127625,51.4237185],[-1.7130017,51.4239039],[-1.7132932,51.4241062],[-1.7135432,51.4242776]]}},{"type":"Feature","properties":{"abandoned:railway":"rail","bicycle":"designated","bridge":"yes","foot":"designated","highway":"cycleway","layer":"1","name":"Chiseldon & Marlborough Railway Path","old_name":"Andoversford Line","old_ref":"AND","railway":"abandoned","surface":"compacted","source_id":"osm-way-242113875","dataset":"OpenStreetMap former/disused railway extract","publisher":"OpenStreetMap contributors","effective_date":"2026-09-07T10:02:26Z","licence":"ODbL-1.0"},"geometry":{"type":"LineString","coordinates":[[-1.7111053,51.4205681],[-1.7110987,51.4206545],[-1.7110975,51.4207442]]}},{"type":"Feature","properties":{"abandoned:railway":"rail","bicycle":"designated","bridge":"yes","foot":"designated","highway":"cycleway","layer":"1","name":"Chiseldon & Marlborough Railway Path","old_name":"Andoversford Line","old_ref":"AND","railway":"abandoned","surface":"fine_gravel","width":"3","source_id":"osm-way-242113876","dataset":"OpenStreetMap former/disused railway extract","publisher":"OpenStreetMap contributors","effective_date":"2026-09-07T10:02:26Z","licence":"ODbL-1.0"},"geometry":{"type":"LineString","coordinates":[[-1.7111354,51.4213021],[-1.7111755,51.4215378]]}},{"type":"Feature","properties":{"abandoned:railway":"rail","bicycle":"designated","embankment":"yes","foot":"designated","highway":"cycleway","name":"Chiseldon & Marlborough Railway Path","old_name":"Andoversford Line","old_ref":"AND","railway":"abandoned","surface":"fine_gravel","source_id":"osm-way-242113877","dataset":"OpenStreetMap former/disused railway extract","publisher":"OpenStreetMap contributors","effective_date":"2026-09-07T10:02:26Z","licence":"ODbL-1.0"},"geometry":{"type":"LineString","coordinates":[[-1.7110975,51.4207442],[-1.7111061,51.4210518],[-1.7111354,51.4213021]]}},{"type":"Feature","properties":{"electrified":"no","gauge":"1435","railway":"razed","razed:railway":"rail","service":"yard","source_id":"osm-way-251477507","dataset":"OpenStreetMap former/disused railway extract","publisher":"OpenStreetMap contributors","effective_date":"2026-09-07T10:02:26Z","licence":"ODbL-1.0"},"geometry":{"type":"LineString","coordinates":[[-1.4950794,51.2107407],[-1.4947615,51.2109204]]}},{"type":"Feature","properties":{"disused:railway":"rail","electrified":"no","gauge":"1435","railway":"disused","service":"siding","usage":"industrial","source_id":"osm-way-251488430","dataset":"OpenStreetMap former/disused railway extract","publisher":"OpenStreetMap contributors","effective_date":"2026-09-07T10:02:26Z","licence":"ODbL-1.0"},"geometry":{"type":"LineString","coordinates":[[-1.8394844,51.0804473],[-1.8390719,51.0803871]]}},{"type":"Feature","properties":{"disused:railway":"rail","electrified":"no","gauge":"1435","name":"Quidhampton Siding","railway":"disused","service":"siding","usage":"industrial","source_id":"osm-way-251488432","dataset":"OpenStreetMap former/disused railway extract","publisher":"OpenStreetMap contributors","effective_date":"2026-09-07T10:02:26Z","licence":"ODbL-1.0"},"geometry":{"type":"LineString","coordinates":[[-1.8429626,51.0807487],[-1.8425372,51.0807145],[-1.8418432,51.0806518],[-1.841414,51.0806141],[-1.8409039,51.080559],[-1.8403906,51.0805021],[-1.8397287,51.0804245],[-1.8388639,51.0803153],[-1.8380634,51.0802076]]}},{"type":"Feature","properties":{"disused:railway":"rail","electrified":"no","gauge":"1435","railway":"disused","service":"siding","usage":"industrial","source_id":"osm-way-251488435","dataset":"OpenStreetMap former/disused railway extract","publisher":"OpenStreetMap contributors","effective_date":"2026-09-07T10:02:26Z","licence":"ODbL-1.0"},"geometry":{"type":"LineString","coordinates":[[-1.8401881,51.0805837],[-1.8403796,51.0806438],[-1.8405452,51.0807012],[-1.8408639,51.0808209],[-1.8410673,51.0808943],[-1.8412663,51.0809727],[-1.8414615,51.0810692],[-1.8415883,51.0811493],[-1.8416958,51.0812262],[-1.8417919,51.0812972],[-1.8419446,51.0814318],[-1.8420733,51.0815969],[-1.8421672,51.0817637],[-1.842195,51.0818614],[-1.8422208,51.0819524],[-1.8422353,51.082145],[-1.8422003,51.0823537],[-1.8420932,51.0825664],[-1.8419499,51.0827612],[-1.841443,51.0832953]]}},{"type":"Feature","properties":{"disused:railway":"rail","electrified":"no","gauge":"1435","railway":"disused","service":"siding","usage":"industrial","source_id":"osm-way-251488436","dataset":"OpenStreetMap former/disused railway extract","publisher":"OpenStreetMap contributors","effective_date":"2026-09-07T10:02:26Z","licence":"ODbL-1.0"},"geometry":{"type":"LineString","coordinates":[[-1.8397908,51.0804952],[-1.8403223,51.0805775],[-1.8405657,51.0806227],[-1.8407275,51.0806618],[-1.8410155,51.0807483],[-1.8411596,51.0808001],[-1.8413278,51.0808745],[-1.8414289,51.0809266],[-1.8415103,51.0809712],[-1.8416898,51.0810897],[-1.8418909,51.0812481],[-1.842076,51.0814284],[-1.8422316,51.0816272],[-1.8423174,51.0817991],[-1.8423311,51.0818506],[-1.8423684,51.0819912],[-1.8423603,51.0822069],[-1.8422986,51.0824276],[-1.8421994,51.0826231],[-1.8420465,51.0827899],[-1.841443,51.0834234]]}},{"type":"Feature","properties":{"abandoned:railway":"rail","name":"West of England Line","railway":"abandoned","ref":"BAE2","source_id":"osm-way-251906587","dataset":"OpenStreetMap former/disused railway extract","publisher":"OpenStreetMap contributors","effective_date":"2026-09-07T10:02:26Z","licence":"ODbL-1.0"},"geometry":{"type":"LineString","coordinates":[[-2.3588129,51.0164274],[-2.3528293,51.0179513]]}},{"type":"Feature","properties":{"abandoned:railway":"rail","bridge":"yes","layer":"1","name":"West of England Line","railway":"abandoned","ref":"BAE2","source_id":"osm-way-251906588","dataset":"OpenStreetMap former/disused railway extract","publisher":"OpenStreetMap contributors","effective_date":"2026-09-07T10:02:26Z","licence":"ODbL-1.0"},"geometry":{"type":"LineString","coordinates":[[-2.3484125,51.0188784],[-2.3481872,51.0189105]]}},{"type":"Feature","properties":{"abandoned:railway":"rail","bridge":"yes","layer":"1","name":"West of England Line","railway":"abandoned","ref":"BAE2","source_id":"osm-way-251906590","dataset":"OpenStreetMap former/disused railway extract","publisher":"OpenStreetMap contributors","effective_date":"2026-09-07T10:02:26Z","licence":"ODbL-1.0"},"geometry":{"type":"LineString","coordinates":[[-2.3528293,51.0179513],[-2.3527199,51.0179788]]}},{"type":"Feature","properties":{"abandoned:railway":"rail","name":"West of England Line","railway":"abandoned","ref":"BAE2","source_id":"osm-way-251906594","dataset":"OpenStreetMap former/disused railway extract","publisher":"OpenStreetMap contributors","effective_date":"2026-09-07T10:02:26Z","licence":"ODbL-1.0"},"geometry":{"type":"LineString","coordinates":[[-2.3752453,51.0122629],[-2.369754,51.0136324],[-2.3645666,51.0149735],[-2.3589936,51.0163818]]}},{"type":"Feature","properties":{"abandoned:railway":"rail","name":"West of England Line","railway":"abandoned","ref":"BAE2","source_id":"osm-way-251906595","dataset":"OpenStreetMap former/disused railway extract","publisher":"OpenStreetMap contributors","effective_date":"2026-09-07T10:02:26Z","licence":"ODbL-1.0"},"geometry":{"type":"LineString","coordinates":[[-2.3527199,51.0179788],[-2.3521044,51.0181397],[-2.3513683,51.0183182],[-2.3506182,51.0184828],[-2.3498162,51.0186431],[-2.3491376,51.0187713],[-2.3484125,51.0188784]]}},{"type":"Feature","properties":{"abandoned:railway":"rail","embankment":"yes","layer":"1","name":"West of England Line","railway":"abandoned","ref":"BAE2","source_id":"osm-way-251906596","dataset":"OpenStreetMap former/disused railway extract","publisher":"OpenStreetMap contributors","effective_date":"2026-09-07T10:02:26Z","licence":"ODbL-1.0"},"geometry":{"type":"LineString","coordinates":[[-2.3481872,51.0189105],[-2.3475134,51.0190067],[-2.3466342,51.0191146],[-2.3454696,51.0192313],[-2.3408122,51.0196751],[-2.3390482,51.0198422]]}},{"type":"Feature","properties":{"abandoned:railway":"rail","bridge":"yes","layer":"1","name":"West of England Line","railway":"abandoned","ref":"BAE2","source_id":"osm-way-251906598","dataset":"OpenStreetMap former/disused railway extract","publisher":"OpenStreetMap contributors","effective_date":"2026-09-07T10:02:26Z","licence":"ODbL-1.0"},"geometry":{"type":"LineString","coordinates":[[-2.3589936,51.0163818],[-2.3588129,51.0164274]]}},{"type":"Feature","properties":{"bridge":"yes","layer":"1","name":"West of England Line","railway":"abandoned","ref":"BAE2","source_id":"osm-way-251907120","dataset":"OpenStreetMap former/disused railway extract","publisher":"OpenStreetMap contributors","effective_date":"2026-09-07T10:02:26Z","licence":"ODbL-1.0"},"geometry":{"type":"LineString","coordinates":[[-2.2904919,51.0285189],[-2.2903619,51.028558]]}},{"type":"Feature","properties":{"name":"West of England Line","railway":"abandoned","ref":"BAE2","source_id":"osm-way-251907121","dataset":"OpenStreetMap former/disused railway extract","publisher":"OpenStreetMap contributors","effective_date":"2026-09-07T10:02:26Z","licence":"ODbL-1.0"},"geometry":{"type":"LineString","coordinates":[[-2.294907,51.0271933],[-2.2904919,51.0285189]]}},{"type":"Feature","properties":{"abandoned:railway":"rail","cutting":"yes","name":"West of England Line","railway":"abandoned","ref":"BAE2","source_id":"osm-way-251907122","dataset":"OpenStreetMap former/disused railway extract","publisher":"OpenStreetMap contributors","effective_date":"2026-09-07T10:02:26Z","licence":"ODbL-1.0"},"geometry":{"type":"LineString","coordinates":[[-2.3209203,51.0215133],[-2.3154669,51.0220103],[-2.3146596,51.0221095],[-2.3138978,51.0222191]]}},{"type":"Feature","properties":{"abandoned:railway":"rail","bridge":"yes","layer":"1","name":"West of England Line","railway":"abandoned","ref":"BAE2","source_id":"osm-way-251907123","dataset":"OpenStreetMap former/disused railway extract","publisher":"OpenStreetMap contributors","effective_date":"2026-09-07T10:02:26Z","licence":"ODbL-1.0"},"geometry":{"type":"LineString","coordinates":[[-2.3390482,51.0198422],[-2.3388044,51.0198653]]}},{"type":"Feature","properties":{"abandoned:railway":"rail","layer":"-1","name":"West of England Line","railway":"abandoned","ref":"BAE2","tunnel":"yes","tunnel:name":"Gillingham Tunnel","wikidata":"Q116695038","source_id":"osm-way-251907124","dataset":"OpenStreetMap former/disused railway extract","publisher":"OpenStreetMap contributors","effective_date":"2026-09-07T10:02:26Z","licence":"ODbL-1.0"},"geometry":{"type":"LineString","coordinates":[[-2.3304846,51.020634],[-2.3209203,51.0215133]]}},{"type":"Feature","properties":{"abandoned:railway":"rail","embankment":"yes","layer":"1","name":"West of England Line","railway":"abandoned","ref":"BAE2","source_id":"osm-way-251907125","dataset":"OpenStreetMap former/disused railway extract","publisher":"OpenStreetMap contributors","effective_date":"2026-09-07T10:02:26Z","licence":"ODbL-1.0"},"geometry":{"type":"LineString","coordinates":[[-2.3388044,51.0198653],[-2.3342996,51.0202831]]}},{"type":"Feature","properties":{"abandoned:railway":"rail","name":"West of England Line","railway":"abandoned","ref":"BAE2","source_id":"osm-way-251907126","dataset":"OpenStreetMap former/disused railway extract","publisher":"OpenStreetMap contributors","effective_date":"2026-09-07T10:02:26Z","licence":"ODbL-1.0"},"geometry":{"type":"LineString","coordinates":[[-2.3138978,51.0222191],[-2.3128983,51.0223752],[-2.3121124,51.0225085],[-2.3112854,51.0226595],[-2.3105165,51.0228105],[-2.3096921,51.0229812],[-2.3081043,51.0233133],[-2.3072978,51.0235089],[-2.3064717,51.0237165],[-2.3056054,51.0239459],[-2.3046344,51.0242344],[-2.2958147,51.0269172],[-2.2956663,51.0269623]]}},{"type":"Feature","properties":{"bridge":"yes","layer":"1","name":"West of England Line","railway":"abandoned","ref":"BAE2","source_id":"osm-way-251907127","dataset":"OpenStreetMap former/disused railway extract","publisher":"OpenStreetMap contributors","effective_date":"2026-09-07T10:02:26Z","licence":"ODbL-1.0"},"geometry":{"type":"LineString","coordinates":[[-2.2956663,51.0269623],[-2.294907,51.0271933]]}},{"type":"Feature","properties":{"name":"West of England Line","railway":"abandoned","ref":"BAE2","source_id":"osm-way-251907128","dataset":"OpenStreetMap former/disused railway extract","publisher":"OpenStreetMap contributors","effective_date":"2026-09-07T10:02:26Z","licence":"ODbL-1.0"},"geometry":{"type":"LineString","coordinates":[[-2.2903619,51.028558],[-2.2825908,51.0309066]]}},{"type":"Feature","properties":{"abandoned:railway":"rail","cutting":"yes","name":"West of England Line","railway":"abandoned","ref":"BAE2","source_id":"osm-way-251907130","dataset":"OpenStreetMap former/disused railway extract","publisher":"OpenStreetMap contributors","effective_date":"2026-09-07T10:02:26Z","licence":"ODbL-1.0"},"geometry":{"type":"LineString","coordinates":[[-2.3342996,51.0202831],[-2.3304846,51.020634]]}},{"type":"Feature","properties":{"name":"West of England Line","railway":"abandoned","ref":"BAE2","source_id":"osm-way-251907579","dataset":"OpenStreetMap former/disused railway extract","publisher":"OpenStreetMap contributors","effective_date":"2026-09-07T10:02:26Z","licence":"ODbL-1.0"},"geometry":{"type":"LineString","coordinates":[[-2.2823982,51.0309648],[-2.2778032,51.0323498],[-2.2775322,51.032431]]}},{"type":"Feature","properties":{"bridge":"yes","layer":"1","name":"West of England Line","railway":"abandoned","ref":"BAE2","source_id":"osm-way-251907581","dataset":"OpenStreetMap former/disused railway extract","publisher":"OpenStreetMap contributors","effective_date":"2026-09-07T10:02:26Z","licence":"ODbL-1.0"},"geometry":{"type":"LineString","coordinates":[[-2.2825908,51.0309066],[-2.2823982,51.0309648]]}},{"type":"Feature","properties":{"abandoned:railway":"rail","name":"West of England Line","railway":"abandoned","ref":"BAE2","source_id":"osm-way-252129443","dataset":"OpenStreetMap former/disused railway extract","publisher":"OpenStreetMap contributors","effective_date":"2026-09-07T10:02:26Z","licence":"ODbL-1.0"},"geometry":{"type":"LineString","coordinates":[[-2.261343,51.0376197],[-2.2593106,51.0386052],[-2.258688,51.0389005],[-2.2579963,51.0392014],[-2.2572378,51.0395112],[-2.2565072,51.039775],[-2.2557561,51.0400179],[-2.255209,51.0401899],[-2.2545792,51.0403651],[-2.2538872,51.0405439],[-2.2532563,51.0406857],[-2.2526555,51.0408139],[-2.2519774,51.0409385],[-2.2509099,51.0410971],[-2.2499572,51.0412254],[-2.2489318,51.0413224],[-2.247853,51.0413905],[-2.2468609,51.0414173],[-2.2459553,51.0414311],[-2.2450091,51.0414107],[-2.2441776,51.0413703],[-2.2165096,51.0395226],[-2.2161995,51.0395019]]}},{"type":"Feature","properties":{"abandoned:railway":"rail","name":"West of England Line","railway":"abandoned","ref":"BAE2","source_id":"osm-way-252129446","dataset":"OpenStreetMap former/disused railway extract","publisher":"OpenStreetMap contributors","effective_date":"2026-09-07T10:02:26Z","licence":"ODbL-1.0"},"geometry":{"type":"LineString","coordinates":[[-2.2705794,51.0345208],[-2.2658962,51.0359112],[-2.264852,51.0362332],[-2.2640173,51.0365233],[-2.2633125,51.036783],[-2.2624617,51.0371338],[-2.2616302,51.0374779]]}},{"type":"Feature","properties":{"abandoned:railway":"rail","bridge":"yes","layer":"1","name":"West of England Line","railway":"abandoned","ref":"BAE2","source_id":"osm-way-252129447","dataset":"OpenStreetMap former/disused railway extract","publisher":"OpenStreetMap contributors","effective_date":"2026-09-07T10:02:26Z","licence":"ODbL-1.0"},"geometry":{"type":"LineString","coordinates":[[-2.2161995,51.0395019],[-2.2159415,51.0394846]]}},{"type":"Feature","properties":{"abandoned:railway":"rail","name":"West of England Line","railway":"abandoned","ref":"BAE2","source_id":"osm-way-252129448","dataset":"OpenStreetMap former/disused railway extract","publisher":"OpenStreetMap contributors","effective_date":"2026-09-07T10:02:26Z","licence":"ODbL-1.0"},"geometry":{"type":"LineString","coordinates":[[-2.2159415,51.0394846],[-2.2096168,51.0390532],[-2.2081019,51.0389788],[-2.2067361,51.0389324],[-2.2051514,51.0388982],[-2.1954548,51.03872],[-2.1918471,51.0386406],[-2.1910457,51.038632],[-2.190343,51.0386388],[-2.1896134,51.0386637],[-2.188607,51.0387417],[-2.1876903,51.0388439],[-2.1868797,51.0389604],[-2.1857832,51.0391694],[-2.1833022,51.0396962],[-2.1825404,51.0398322],[-2.1818457,51.0399351],[-2.18107,51.0400271],[-2.1802788,51.0400921],[-2.1794848,51.040141],[-2.1786539,51.0401643],[-2.1778465,51.0401627],[-2.1770687,51.0401391],[-2.1755665,51.0400661],[-2.174673,51.0400432],[-2.1738796,51.0400548],[-2.1730829,51.0400953],[-2.1721865,51.040168],[-2.1713604,51.0402675],[-2.1706287,51.0403668],[-2.1697221,51.0405236],[-2.1689362,51.0407007],[-2.1681021,51.0409065],[-2.1674337,51.0410989],[-2.1667417,51.0413165],[-2.166128,51.0415372],[-2.1653764,51.0418275]]}},{"type":"Feature","properties":{"abandoned:railway":"rail","bridge":"yes","layer":"1","name":"West of England Line","railway":"abandoned","ref":"BAE2","source_id":"osm-way-252129450","dataset":"OpenStreetMap former/disused railway extract","publisher":"OpenStreetMap contributors","effective_date":"2026-09-07T10:02:26Z","licence":"ODbL-1.0"},"geometry":{"type":"LineString","coordinates":[[-2.2616302,51.0374779],[-2.261343,51.0376197]]}},{"type":"Feature","properties":{"name":"West of England Line","railway":"abandoned","ref":"BAE2","source_id":"osm-way-252131741","dataset":"OpenStreetMap former/disused railway extract","publisher":"OpenStreetMap contributors","effective_date":"2026-09-07T10:02:26Z","licence":"ODbL-1.0"},"geometry":{"type":"LineString","coordinates":[[-2.1352905,51.0465772],[-2.1339387,51.0465051],[-2.1320382,51.0464291],[-2.131071,51.0464018],[-2.129903,51.0463849],[-2.1285568,51.0463754],[-2.1273246,51.0463908],[-2.1260802,51.0464313],[-2.1247494,51.0464977],[-2.1234355,51.0465683],[-2.1223397,51.0466472],[-2.1212329,51.0467338],[-2.1201776,51.0468253],[-2.1191286,51.0469287],[-2.1181166,51.0470476],[-2.1170323,51.0471736],[-2.1160285,51.0473099],[-2.1151309,51.0474519],[-2.1141087,51.0476221],[-2.1130766,51.0478145],[-2.1121322,51.0479952],[-2.1112419,51.0481837],[-2.1102468,51.0483978],[-2.1093349,51.0486076],[-2.1084176,51.0488244],[-2.1074761,51.0490741],[-2.1066366,51.0493],[-2.1057917,51.0495292],[-2.1049409,51.0497856],[-2.1020545,51.0506632]]}},{"type":"Feature","properties":{"name":"West of England Line","railway":"abandoned","ref":"BAE2","source_id":"osm-way-252131742","dataset":"OpenStreetMap former/disused railway extract","publisher":"OpenStreetMap contributors","effective_date":"2026-09-07T10:02:26Z","licence":"ODbL-1.0"},"geometry":{"type":"LineString","coordinates":[[-2.1590828,51.0459451],[-2.1585987,51.0462889],[-2.1580379,51.0466454],[-2.157502,51.0469251],[-2.1569068,51.0472034],[-2.1562874,51.0474628],[-2.1557231,51.047674],[-2.1551653,51.0478511],[-2.15461,51.0480028],[-2.1540065,51.0481377],[-2.1533655,51.0482524],[-2.1526257,51.0483635],[-2.1519795,51.0484412],[-2.1511741,51.0484851],[-2.1504022,51.0485068],[-2.149678,51.0485051],[-2.1489216,51.0484613],[-2.148235,51.0483989],[-2.1475961,51.048308],[-2.1469824,51.0481999],[-2.1438726,51.0476012],[-2.1428248,51.0474244],[-2.1417789,51.0472607],[-2.1405021,51.0470836],[-2.1394266,51.0469504],[-2.1382275,51.0468129],[-2.1363957,51.0466365]]}},{"type":"Feature","properties":{"bridge":"yes","layer":"1","name":"West of England Line","railway":"abandoned","ref":"BAE2","source_id":"osm-way-252131743","dataset":"OpenStreetMap former/disused railway extract","publisher":"OpenStreetMap contributors","effective_date":"2026-09-07T10:02:26Z","licence":"ODbL-1.0"},"geometry":{"type":"LineString","coordinates":[[-2.1020545,51.0506632],[-2.101832,51.0507325]]}},{"type":"Feature","properties":{"name":"West of England Line","railway":"abandoned","ref":"BAE2","source_id":"osm-way-252131744","dataset":"OpenStreetMap former/disused railway extract","publisher":"OpenStreetMap contributors","effective_date":"2026-09-07T10:02:26Z","licence":"ODbL-1.0"},"geometry":{"type":"LineString","coordinates":[[-2.1650726,51.041961],[-2.1643334,51.0422755],[-2.1636605,51.0426063],[-2.16303,51.0429538],[-2.1624716,51.0433132],[-2.1619276,51.0436739],[-2.1614316,51.0440415],[-2.1609218,51.0444564],[-2.1596547,51.0454957],[-2.159165,51.0458864]]}},{"type":"Feature","properties":{"bridge":"yes","layer":"1","name":"West of England Line","railway":"abandoned","ref":"BAE2","source_id":"osm-way-252131745","dataset":"OpenStreetMap former/disused railway extract","publisher":"OpenStreetMap contributors","effective_date":"2026-09-07T10:02:26Z","licence":"ODbL-1.0"},"geometry":{"type":"LineString","coordinates":[[-2.1363957,51.0466365],[-2.1363277,51.04663],[-2.1361913,51.0466171]]}},{"type":"Feature","properties":{"name":"West of England Line","railway":"abandoned","ref":"BAE2","source_id":"osm-way-252131746","dataset":"OpenStreetMap former/disused railway extract","publisher":"OpenStreetMap contributors","effective_date":"2026-09-07T10:02:26Z","licence":"ODbL-1.0"},"geometry":{"type":"LineString","coordinates":[[-2.101832,51.0507325],[-2.099728,51.0513919]]}},{"type":"Feature","properties":{"bridge":"yes","layer":"1","name":"West of England Line","railway":"abandoned","ref":"BAE2","source_id":"osm-way-252131747","dataset":"OpenStreetMap former/disused railway extract","publisher":"OpenStreetMap contributors","effective_date":"2026-09-07T10:02:26Z","licence":"ODbL-1.0"},"geometry":{"type":"LineString","coordinates":[[-2.159165,51.0458864],[-2.1590828,51.0459451]]}},{"type":"Feature","properties":{"bridge":"yes","layer":"1","name":"West of England Line","railway":"abandoned","ref":"BAE2","source_id":"osm-way-252131748","dataset":"OpenStreetMap former/disused railway extract","publisher":"OpenStreetMap contributors","effective_date":"2026-09-07T10:02:26Z","licence":"ODbL-1.0"},"geometry":{"type":"LineString","coordinates":[[-2.1653764,51.0418275],[-2.1650726,51.041961]]}},{"type":"Feature","properties":{"name":"West of England Line","railway":"abandoned","ref":"BAE2","source_id":"osm-way-252131749","dataset":"OpenStreetMap former/disused railway extract","publisher":"OpenStreetMap contributors","effective_date":"2026-09-07T10:02:26Z","licence":"ODbL-1.0"},"geometry":{"type":"LineString","coordinates":[[-2.1361913,51.0466171],[-2.1352195,51.0465463],[-2.1340461,51.0464698],[-2.1330242,51.0464373]]}},{"type":"Feature","properties":{"name":"West of England Line","railway":"abandoned","ref":"BAE2","source_id":"osm-way-252132685","dataset":"OpenStreetMap former/disused railway extract","publisher":"OpenStreetMap contributors","effective_date":"2026-09-07T10:02:26Z","licence":"ODbL-1.0"},"geometry":{"type":"LineString","coordinates":[[-2.0888212,51.0547199],[-2.0878665,51.0550134],[-2.0870961,51.0552795],[-2.0862786,51.0555934]]}},{"type":"Feature","properties":{"bridge":"yes","layer":"1","name":"West of England Line","railway":"abandoned","ref":"BAE2","source_id":"osm-way-252132686","dataset":"OpenStreetMap former/disused railway extract","publisher":"OpenStreetMap contributors","effective_date":"2026-09-07T10:02:26Z","licence":"ODbL-1.0"},"geometry":{"type":"LineString","coordinates":[[-2.0862786,51.0555934],[-2.0860788,51.0556839]]}},{"type":"Feature","properties":{"name":"West of England Line","railway":"abandoned","ref":"BAE2","source_id":"osm-way-252132687","dataset":"OpenStreetMap former/disused railway extract","publisher":"OpenStreetMap contributors","effective_date":"2026-09-07T10:02:26Z","licence":"ODbL-1.0"},"geometry":{"type":"LineString","coordinates":[[-2.0996045,51.0514306],[-2.0888289,51.0547529],[-2.0879416,51.0550353],[-2.0870642,51.0553208]]}},{"type":"Feature","properties":{"name":"West of England Line","railway":"abandoned","ref":"BAE2","source_id":"osm-way-252132689","dataset":"OpenStreetMap former/disused railway extract","publisher":"OpenStreetMap contributors","effective_date":"2026-09-07T10:02:26Z","licence":"ODbL-1.0"},"geometry":{"type":"LineString","coordinates":[[-2.080969,51.0590677],[-2.0799792,51.059951],[-2.0796637,51.0602241],[-2.0793821,51.0604606],[-2.0790106,51.0607447],[-2.0786633,51.0609916],[-2.0782717,51.0612496],[-2.0778647,51.0615151],[-2.0774912,51.0617283],[-2.0771425,51.0619222],[-2.0767593,51.062126],[-2.0763998,51.0623113],[-2.0759653,51.0625136],[-2.0755549,51.0626872],[-2.0743557,51.0631507]]}},{"type":"Feature","properties":{"name":"West of England Line","railway":"abandoned","ref":"BAE2","source_id":"osm-way-252132691","dataset":"OpenStreetMap former/disused railway extract","publisher":"OpenStreetMap contributors","effective_date":"2026-09-07T10:02:26Z","licence":"ODbL-1.0"},"geometry":{"type":"LineString","coordinates":[[-2.0860788,51.0556839],[-2.0854225,51.055977],[-2.0846371,51.0563639],[-2.0839344,51.0567668],[-2.0831941,51.0572254],[-2.0825203,51.0577195],[-2.0818664,51.0582706],[-2.0811529,51.0589011]]}},{"type":"Feature","properties":{"bridge":"yes","layer":"1","name":"West of England Line","railway":"abandoned","ref":"BAE2","source_id":"osm-way-252132692","dataset":"OpenStreetMap former/disused railway extract","publisher":"OpenStreetMap contributors","effective_date":"2026-09-07T10:02:26Z","licence":"ODbL-1.0"},"geometry":{"type":"LineString","coordinates":[[-2.099728,51.0513919],[-2.0996045,51.0514306]]}},{"type":"Feature","properties":{"bridge":"yes","layer":"1","name":"West of England Line","railway":"abandoned","ref":"BAE2","source_id":"osm-way-252132693","dataset":"OpenStreetMap former/disused railway extract","publisher":"OpenStreetMap contributors","effective_date":"2026-09-07T10:02:26Z","licence":"ODbL-1.0"},"geometry":{"type":"LineString","coordinates":[[-2.0811529,51.0589011],[-2.080969,51.0590677]]}},{"type":"Feature","properties":{"abandoned:railway":"rail","name":"West of England Line","railway":"abandoned","ref":"BAE2","source_id":"osm-way-252151946","dataset":"OpenStreetMap former/disused railway extract","publisher":"OpenStreetMap contributors","effective_date":"2026-09-07T10:02:26Z","licence":"ODbL-1.0"},"geometry":{"type":"LineString","coordinates":[[-2.0304698,51.0668238],[-2.0296598,51.0667773],[-2.0289407,51.0667567],[-2.0281384,51.0667826],[-2.0273893,51.0668198],[-2.026806,51.0668742],[-2.0260361,51.0669606],[-2.0253627,51.0670603],[-2.0246306,51.0672018],[-2.0239331,51.0673716],[-2.0232895,51.0675489],[-2.0226564,51.067749]]}},{"type":"Feature","properties":{"abandoned:railway":"rail","bridge":"yes","layer":"1","name":"West of England Line","railway":"abandoned","ref":"BAE2","source_id":"osm-way-252151947","dataset":"OpenStreetMap former/disused railway extract","publisher":"OpenStreetMap contributors","effective_date":"2026-09-07T10:02:26Z","licence":"ODbL-1.0"},"geometry":{"type":"LineString","coordinates":[[-2.0307171,51.0668404],[-2.0304698,51.0668238]]}},{"type":"Feature","properties":{"abandoned:railway":"rail","name":"West of England Line","railway":"abandoned","ref":"BAE2","source_id":"osm-way-252151948","dataset":"OpenStreetMap former/disused railway extract","publisher":"OpenStreetMap contributors","effective_date":"2026-09-07T10:02:26Z","licence":"ODbL-1.0"},"geometry":{"type":"LineString","coordinates":[[-2.0697802,51.0647065],[-2.0680187,51.0652935],[-2.0674729,51.0654766],[-2.0669649,51.0656316],[-2.0663777,51.0657985],[-2.0658698,51.0659269],[-2.0653195,51.0660574],[-2.0647502,51.0661724],[-2.064177,51.0662658],[-2.0635634,51.066348],[-2.0630003,51.066404],[-2.0624335,51.0664461],[-2.0618837,51.0664596],[-2.0613393,51.066453],[-2.0604916,51.066409],[-2.0596823,51.0663431],[-2.0585632,51.0662372],[-2.0576668,51.0661604],[-2.0567581,51.0661175],[-2.0558219,51.0661006],[-2.0548187,51.0660922],[-2.0539847,51.0661125],[-2.0530888,51.0661546],[-2.052386,51.0662011],[-2.0516806,51.0662708],[-2.0508437,51.0663635],[-2.0500719,51.0664611],[-2.0441088,51.0672822],[-2.0434113,51.0673715],[-2.0427382,51.0674424],[-2.0420194,51.067503],[-2.0411986,51.0675536],[-2.0403993,51.0675738],[-2.0395625,51.0675839],[-2.0387872,51.0675754],[-2.0380497,51.067557],[-2.0374032,51.0675232],[-2.0367406,51.0674659],[-2.0360607,51.0673996],[-2.0315186,51.0668908]]}},{"type":"Feature","properties":{"abandoned:railway":"rail","bridge":"yes","layer":"1","name":"West of England Line","railway":"abandoned","ref":"BAE2","source_id":"osm-way-252152399","dataset":"OpenStreetMap former/disused railway extract","publisher":"OpenStreetMap contributors","effective_date":"2026-09-07T10:02:26Z","licence":"ODbL-1.0"},"geometry":{"type":"LineString","coordinates":[[-2.0226564,51.067749],[-2.0224795,51.0678081]]}},{"type":"Feature","properties":{"abandoned:railway":"rail","bridge":"yes","layer":"1","name":"West of England Line","railway":"abandoned","ref":"BAE2","source_id":"osm-way-252152400","dataset":"OpenStreetMap former/disused railway extract","publisher":"OpenStreetMap contributors","effective_date":"2026-09-07T10:02:26Z","licence":"ODbL-1.0"},"geometry":{"type":"LineString","coordinates":[[-2.0061582,51.0755454],[-2.0058739,51.0755894]]}},{"type":"Feature","properties":{"abandoned:railway":"rail","name":"West of England Line","railway":"abandoned","ref":"BAE2","source_id":"osm-way-252152402","dataset":"OpenStreetMap former/disused railway extract","publisher":"OpenStreetMap contributors","effective_date":"2026-09-07T10:02:26Z","licence":"ODbL-1.0"},"geometry":{"type":"LineString","coordinates":[[-2.0058739,51.0755894],[-2.0052301,51.0756955],[-2.0045409,51.075795],[-1.9983766,51.0765891]]}},{"type":"Feature","properties":{"abandoned:railway":"rail","name":"West of England Line","railway":"abandoned","ref":"BAE2","source_id":"osm-way-252152403","dataset":"OpenStreetMap former/disused railway extract","publisher":"OpenStreetMap contributors","effective_date":"2026-09-07T10:02:26Z","licence":"ODbL-1.0"},"geometry":{"type":"LineString","coordinates":[[-2.0352334,51.0673365],[-2.0314596,51.0669214],[-2.0307171,51.0668404]]}},{"type":"Feature","properties":{"abandoned:railway":"rail","bridge":"yes","layer":"1","name":"West of England Line","railway":"abandoned","ref":"BAE2","source_id":"osm-way-252152404","dataset":"OpenStreetMap former/disused railway extract","publisher":"OpenStreetMap contributors","effective_date":"2026-09-07T10:02:26Z","licence":"ODbL-1.0"},"geometry":{"type":"LineString","coordinates":[[-2.0198911,51.0689762],[-2.0197034,51.069084]]}},{"type":"Feature","properties":{"abandoned:railway":"rail","name":"West of England Line","railway":"abandoned","ref":"BAE2","source_id":"osm-way-252152405","dataset":"OpenStreetMap former/disused railway extract","publisher":"OpenStreetMap contributors","effective_date":"2026-09-07T10:02:26Z","licence":"ODbL-1.0"},"geometry":{"type":"LineString","coordinates":[[-2.0224795,51.0678081],[-2.0219484,51.0679948],[-2.0213476,51.0682265],[-2.0208378,51.0684733],[-2.0203437,51.0687322],[-2.0203255,51.0687418],[-2.0198911,51.0689762]]}},{"type":"Feature","properties":{"abandoned:railway":"rail","name":"West of England Line","railway":"abandoned","ref":"BAE2","source_id":"osm-way-252152406","dataset":"OpenStreetMap former/disused railway extract","publisher":"OpenStreetMap contributors","effective_date":"2026-09-07T10:02:26Z","licence":"ODbL-1.0"},"geometry":{"type":"LineString","coordinates":[[-2.0197034,51.069084],[-2.0134434,51.0729907],[-2.0129414,51.0733011],[-2.0123675,51.0736025],[-2.0118365,51.073862],[-2.0113321,51.0740722],[-2.0107636,51.0743019],[-2.0102404,51.0744939],[-2.0096959,51.0746743],[-2.0091246,51.0748478],[-2.0085132,51.0750114],[-2.0079097,51.0751698],[-2.0073356,51.0753045],[-2.0067536,51.0754276],[-2.0061582,51.0755454]]}},{"type":"Feature","properties":{"abandoned:railway":"rail","name":"West of England Line","railway":"abandoned","ref":"BAE2","source_id":"osm-way-252154359","dataset":"OpenStreetMap former/disused railway extract","publisher":"OpenStreetMap contributors","effective_date":"2026-09-07T10:02:26Z","licence":"ODbL-1.0"},"geometry":{"type":"LineString","coordinates":[[-1.8826236,51.0808655],[-1.8812691,51.0810975],[-1.8800058,51.081344],[-1.8687887,51.0835239]]}},{"type":"Feature","properties":{"abandoned:railway":"rail","name":"West of England Line","railway":"abandoned","ref":"BAE2","source_id":"osm-way-252154360","dataset":"OpenStreetMap former/disused railway extract","publisher":"OpenStreetMap contributors","effective_date":"2026-09-07T10:02:26Z","licence":"ODbL-1.0"},"geometry":{"type":"LineString","coordinates":[[-1.8651498,51.0842465],[-1.8630193,51.0846742],[-1.8624522,51.0848074]]}},{"type":"Feature","properties":{"abandoned:railway":"rail","bridge":"yes","layer":"1","name":"West of England Line","railway":"abandoned","ref":"BAE2","source_id":"osm-way-252154361","dataset":"OpenStreetMap former/disused railway extract","publisher":"OpenStreetMap contributors","effective_date":"2026-09-07T10:02:26Z","licence":"ODbL-1.0"},"geometry":{"type":"LineString","coordinates":[[-1.8827391,51.0808453],[-1.8826236,51.0808655]]}},{"type":"Feature","properties":{"abandoned:railway":"rail","bridge":"yes","layer":"1","name":"West of England Line","railway":"abandoned","ref":"BAE2","source_id":"osm-way-252154362","dataset":"OpenStreetMap former/disused railway extract","publisher":"OpenStreetMap contributors","effective_date":"2026-09-07T10:02:26Z","licence":"ODbL-1.0"},"geometry":{"type":"LineString","coordinates":[[-1.8687887,51.0835239],[-1.8685787,51.0835647]]}},{"type":"Feature","properties":{"abandoned:railway":"rail","bridge":"yes","layer":"1","name":"West of England Line","railway":"abandoned","ref":"BAE2","source_id":"osm-way-252154363","dataset":"OpenStreetMap former/disused railway extract","publisher":"OpenStreetMap contributors","effective_date":"2026-09-07T10:02:26Z","licence":"ODbL-1.0"},"geometry":{"type":"LineString","coordinates":[[-1.867807,51.0837147],[-1.8675454,51.0837655]]}},{"type":"Feature","properties":{"abandoned:railway":"rail","name":"West of England Line","railway":"abandoned","ref":"BAE2","source_id":"osm-way-252154364","dataset":"OpenStreetMap former/disused railway extract","publisher":"OpenStreetMap contributors","effective_date":"2026-09-07T10:02:26Z","licence":"ODbL-1.0"},"geometry":{"type":"LineString","coordinates":[[-1.9264941,51.0849953],[-1.9253968,51.0848857],[-1.9188466,51.0842128]]}},{"type":"Feature","properties":{"abandoned:railway":"rail","name":"West of England Line","railway":"abandoned","ref":"BAE2","source_id":"osm-way-252154365","dataset":"OpenStreetMap former/disused railway extract","publisher":"OpenStreetMap contributors","effective_date":"2026-09-07T10:02:26Z","licence":"ODbL-1.0"},"geometry":{"type":"LineString","coordinates":[[-1.9982534,51.0766049],[-1.9340308,51.0848703],[-1.9329526,51.0849633],[-1.9320004,51.0850306],[-1.9309952,51.0850716]]}},{"type":"Feature","properties":{"abandoned:railway":"rail","bridge":"yes","layer":"1","name":"West of England Line","railway":"abandoned","ref":"BAE2","source_id":"osm-way-252154366","dataset":"OpenStreetMap former/disused railway extract","publisher":"OpenStreetMap contributors","effective_date":"2026-09-07T10:02:26Z","licence":"ODbL-1.0"},"geometry":{"type":"LineString","coordinates":[[-1.9983766,51.0765891],[-1.9982534,51.0766049]]}},{"type":"Feature","properties":{"abandoned:railway":"rail","name":"West of England Line","railway":"abandoned","ref":"BAE2","source_id":"osm-way-252154367","dataset":"OpenStreetMap former/disused railway extract","publisher":"OpenStreetMap contributors","effective_date":"2026-09-07T10:02:26Z","licence":"ODbL-1.0"},"geometry":{"type":"LineString","coordinates":[[-1.9185741,51.0841848],[-1.9084694,51.083165],[-1.9075844,51.0830729],[-1.9065544,51.0829431],[-1.9055726,51.0827914],[-1.9047089,51.0826212],[-1.9038855,51.0824376],[-1.903038,51.0821984],[-1.9022656,51.0819507],[-1.8999802,51.0811468],[-1.899197,51.0809059],[-1.8983923,51.0806936],[-1.8974777,51.080488],[-1.8966866,51.0803381],[-1.8957934,51.0802067],[-1.8948893,51.080087],[-1.8940768,51.0800078],[-1.8931927,51.079957],[-1.8923065,51.0799354],[-1.8912979,51.0799488],[-1.890461,51.0799892],[-1.8895437,51.0800667],[-1.885561,51.0804787],[-1.8846542,51.0805774],[-1.8836992,51.0807071],[-1.8827391,51.0808453]]}},{"type":"Feature","properties":{"abandoned:railway":"rail","bridge":"yes","layer":"1","name":"West of England Line","railway":"abandoned","ref":"BAE2","source_id":"osm-way-252154368","dataset":"OpenStreetMap former/disused railway extract","publisher":"OpenStreetMap contributors","effective_date":"2026-09-07T10:02:26Z","licence":"ODbL-1.0"},"geometry":{"type":"LineString","coordinates":[[-1.9188466,51.0842128],[-1.9185741,51.0841848]]}},{"type":"Feature","properties":{"abandoned:railway":"rail","name":"West of England Line","railway":"abandoned","ref":"BAE2","source_id":"osm-way-252154369","dataset":"OpenStreetMap former/disused railway extract","publisher":"OpenStreetMap contributors","effective_date":"2026-09-07T10:02:26Z","licence":"ODbL-1.0"},"geometry":{"type":"LineString","coordinates":[[-1.9339873,51.0848394],[-1.9329304,51.0849312],[-1.9320139,51.084997],[-1.9310241,51.0850429],[-1.9299405,51.0850735],[-1.9288917,51.0850692],[-1.9278859,51.0850413],[-1.9266667,51.0850068]]}},{"type":"Feature","properties":{"abandoned:railway":"rail","name":"West of England Line","railway":"abandoned","ref":"BAE2","source_id":"osm-way-252154370","dataset":"OpenStreetMap former/disused railway extract","publisher":"OpenStreetMap contributors","effective_date":"2026-09-07T10:02:26Z","licence":"ODbL-1.0"},"geometry":{"type":"LineString","coordinates":[[-1.8685787,51.0835647],[-1.867807,51.0837147]]}},{"type":"Feature","properties":{"abandoned:railway":"rail","bridge":"yes","layer":"1","name":"West of England Line","railway":"abandoned","ref":"BAE2","source_id":"osm-way-252154371","dataset":"OpenStreetMap former/disused railway extract","publisher":"OpenStreetMap contributors","effective_date":"2026-09-07T10:02:26Z","licence":"ODbL-1.0"},"geometry":{"type":"LineString","coordinates":[[-1.9266667,51.0850068],[-1.9264941,51.0849953]]}},{"type":"Feature","properties":{"electrified":"no","gauge":"1435","railway":"abandoned","usage":"military","source_id":"osm-way-252269627","dataset":"OpenStreetMap former/disused railway extract","publisher":"OpenStreetMap contributors","effective_date":"2026-09-07T10:02:26Z","licence":"ODbL-1.0"},"geometry":{"type":"LineString","coordinates":[[-2.1575693,51.2050731],[-2.1578383,51.2050771],[-2.1581276,51.2050915],[-2.1582997,51.2051001]]}},{"type":"Feature","properties":{"abandoned:railway":"rail","name":"Andoversford Line","railway":"abandoned","ref":"AND","source":"OS 1:25k","source_id":"osm-way-262854110","dataset":"OpenStreetMap former/disused railway extract","publisher":"OpenStreetMap contributors","effective_date":"2026-09-07T10:02:26Z","licence":"ODbL-1.0"},"geometry":{"type":"LineString","coordinates":[[-1.812255,51.5579896],[-1.8146995,51.5614632],[-1.8153647,51.5623143],[-1.8162562,51.5636009],[-1.8168503,51.5644638]]}},{"type":"Feature","properties":{"description":"Standard gauge military line, In use 1914 - 1928","gauge":"1435","name":"Larkhill Military Railway","railway":"razed","source":"NLS - OS 1:25k 1st Series 1937-61;The Bulford Branch Line and the Larkhill Military Railway - Peter A. Harding - 2017","source_id":"osm-way-306857744","dataset":"OpenStreetMap former/disused railway extract","publisher":"OpenStreetMap contributors","effective_date":"2026-09-07T10:02:26Z","licence":"ODbL-1.0"},"geometry":{"type":"LineString","coordinates":[[-1.8589734,51.1517356],[-1.8589662,51.163017],[-1.8589201,51.1676196],[-1.8588831,51.1680042],[-1.8587258,51.1686836],[-1.8584662,51.1699309],[-1.8580878,51.1718618],[-1.8578599,51.1734683],[-1.8576439,51.1742131],[-1.8572984,51.1751689],[-1.8566866,51.1761689],[-1.8559994,51.1771106],[-1.8557264,51.1774569],[-1.8553872,51.1778154],[-1.8546104,51.1786117],[-1.8532741,51.1799342],[-1.8531626,51.1800445],[-1.8488037,51.184358],[-1.8418247,51.1912349],[-1.8416341,51.1915018],[-1.8415082,51.1917924],[-1.8414116,51.1921203],[-1.8402959,51.1963427],[-1.8399434,51.1997167],[-1.839871,51.2001026],[-1.8396001,51.2005301],[-1.8391629,51.2009644],[-1.838841,51.2012424],[-1.8382509,51.201521],[-1.8377681,51.2016726],[-1.8373529,51.2017953],[-1.8368455,51.2018952],[-1.836352,51.201955]]}},{"type":"Feature","properties":{"abandoned:railway":"rail","bicycle":"designated","bridge":"yes","foot":"designated","highway":"cycleway","layer":"1","lcn":"yes","lcn_ref":"UR;SSR","maxweight":"3.5","name":"Old Town Railway Path","ncn":"yes","ncn_ref":"45","old_name":"Andoversford Line","old_ref":"AND","railway":"abandoned","segregated":"no","surface":"compacted","source_id":"osm-way-308799319","dataset":"OpenStreetMap former/disused railway extract","publisher":"OpenStreetMap contributors","effective_date":"2026-09-07T10:02:26Z","licence":"ODbL-1.0"},"geometry":{"type":"LineString","coordinates":[[-1.8068675,51.5506102],[-1.8073333,51.5507772]]}},{"type":"Feature","properties":{"abandoned:railway":"rail","bicycle":"designated","embankment":"yes","foot":"designated","highway":"cycleway","lcn":"yes","lcn_ref":"UR;SSR","name":"Old Town Railway Path","ncn":"yes","ncn_ref":"45","old_name":"Andoversford Line","old_ref":"AND","railway":"abandoned","segregated":"no","surface":"dirt","source_id":"osm-way-308799321","dataset":"OpenStreetMap former/disused railway extract","publisher":"OpenStreetMap contributors","effective_date":"2026-09-07T10:02:26Z","licence":"ODbL-1.0"},"geometry":{"type":"LineString","coordinates":[[-1.8073333,51.5507772],[-1.8073806,51.5507989],[-1.8074788,51.5508439],[-1.8076688,51.550935],[-1.8079401,51.5510686],[-1.8082818,51.5512472],[-1.8085559,51.5513939],[-1.8088015,51.5515167]]}},{"type":"Feature","properties":{"bicycle":"designated","foot":"designated","highway":"cycleway","horse":"no","lit":"no","name":"Two Tunnels Greenway","old_name":"Somerset and Dorset Joint Railway","old_ref":"SAD","railway":"abandoned","segregated":"no","source":"survey","surface":"asphalt","wikidata":"Q7559923","wikipedia":"en:Somerset and Dorset Joint Railway","source_id":"osm-way-309840058","dataset":"OpenStreetMap former/disused railway extract","publisher":"OpenStreetMap contributors","effective_date":"2026-09-07T10:02:26Z","licence":"ODbL-1.0"},"geometry":{"type":"LineString","coordinates":[[-2.3601775,51.36941],[-2.3595767,51.3693618],[-2.3588815,51.3692713],[-2.358306,51.3691836]]}},{"type":"Feature","properties":{"abandoned:railway":"rail","name":"Amesbury and Military Camp Light Railway","railway":"abandoned","ref":"ABY","source":"NLS - OS 1:25k 1st Series 1937-61","source_id":"osm-way-310342093","dataset":"OpenStreetMap former/disused railway extract","publisher":"OpenStreetMap contributors","effective_date":"2026-09-07T10:02:26Z","licence":"ODbL-1.0"},"geometry":{"type":"LineString","coordinates":[[-1.753528,51.1704624],[-1.7522917,51.1700735],[-1.7474498,51.1686601],[-1.7454971,51.1681549],[-1.7433943,51.1677087],[-1.739654,51.1671039],[-1.7316761,51.1661062],[-1.7261305,51.1653594],[-1.7223572,51.1648481],[-1.7157053,51.1640132],[-1.7097686,51.1632092],[-1.7037212,51.162498],[-1.7011954,51.1621268],[-1.7010095,51.1620937],[-1.699836,51.1618953],[-1.6987515,51.1616673],[-1.69763,51.1613736],[-1.6961203,51.1608171],[-1.695159,51.16045],[-1.6941865,51.1599632],[-1.693057,51.159443],[-1.6917959,51.1588623],[-1.6867061,51.1563322],[-1.6824767,51.1544305],[-1.6819728,51.1542517],[-1.6804257,51.1538516],[-1.6788542,51.1535563],[-1.6772167,51.1532978],[-1.6767661,51.1531653],[-1.676522,51.1530597],[-1.6762967,51.1529449],[-1.6760928,51.1528064],[-1.6759213,51.1526512],[-1.6756685,51.152405],[-1.675488,51.1521331],[-1.6754203,51.1519324],[-1.6753901,51.1517116],[-1.6754008,51.15149],[-1.6754305,51.1513073],[-1.6755403,51.1510661],[-1.6756825,51.1508383],[-1.6758552,51.1506596]]}},{"type":"Feature","properties":{"abandoned:railway":"rail","bicycle":"designated","cutting":"yes","foot":"designated","highway":"cycleway","lit":"no","name":"Chiseldon & Marlborough Railway Path","old_name":"Andoversford Line","old_ref":"AND","railway":"abandoned","surface":"compacted","source_id":"osm-way-334392130","dataset":"OpenStreetMap former/disused railway extract","publisher":"OpenStreetMap contributors","effective_date":"2026-09-07T10:02:26Z","licence":"ODbL-1.0"},"geometry":{"type":"LineString","coordinates":[[-1.7207472,51.4519274],[-1.7206203,51.4520167],[-1.7205305,51.4521071],[-1.72032,51.4522591],[-1.7194354,51.4529138],[-1.7173621,51.454556],[-1.716716,51.4550574],[-1.7161493,51.4555137],[-1.7154081,51.456077],[-1.7150048,51.4563838],[-1.7145035,51.4567807],[-1.7137764,51.4573448],[-1.7135277,51.4575377],[-1.7132444,51.4577624],[-1.7129826,51.4579724]]}},{"type":"Feature","properties":{"abandoned:railway":"rail","bicycle":"designated","cutting":"yes","foot":"designated","highway":"cycleway","lit":"no","name":"Chiseldon & Marlborough Railway Path","old_name":"Andoversford Line","old_ref":"AND","railway":"abandoned","surface":"compacted","width":"1.5","source_id":"osm-way-334392136","dataset":"OpenStreetMap former/disused railway extract","publisher":"OpenStreetMap contributors","effective_date":"2026-09-07T10:02:26Z","licence":"ODbL-1.0"},"geometry":{"type":"LineString","coordinates":[[-1.7269379,51.4470985],[-1.7267601,51.447244],[-1.7262588,51.4476312]]}},{"type":"Feature","properties":{"abandoned:railway":"rail","cycleway":"shared","highway":"service","lit":"no","name":"Chiseldon & Marlborough Railway Path","old_name":"Andoversford Line","old_ref":"AND","railway":"abandoned","service":"alley","surface":"compacted","width":"2","source_id":"osm-way-334392140","dataset":"OpenStreetMap former/disused railway extract","publisher":"OpenStreetMap contributors","effective_date":"2026-09-07T10:02:26Z","licence":"ODbL-1.0"},"geometry":{"type":"LineString","coordinates":[[-1.7278683,51.4463762],[-1.7275608,51.446608],[-1.7272439,51.4468521]]}},{"type":"Feature","properties":{"bicycle":"yes","foot":"yes","highway":"cycleway","ncn":"link","ncn_ref":"(403)","railway":"abandoned","segregated":"no","source:railway":"OS 25K:1","surface":"asphalt","source_id":"osm-way-342525059","dataset":"OpenStreetMap former/disused railway extract","publisher":"OpenStreetMap contributors","effective_date":"2026-09-07T10:02:26Z","licence":"ODbL-1.0"},"geometry":{"type":"LineString","coordinates":[[-2.1079533,51.4643628],[-2.1079396,51.4642508],[-2.1081526,51.463542],[-2.1081629,51.4635078]]}},{"type":"Feature","properties":{"bicycle":"designated","foot":"designated","highway":"cycleway","name":"Calne & Chippenham Railway Path","ncn":"link","ncn_ref":"(403)","railway":"abandoned","source":"survey","source:railway":"OS 25K:1","surface":"fine_gravel","source_id":"osm-way-342528401","dataset":"OpenStreetMap former/disused railway extract","publisher":"OpenStreetMap contributors","effective_date":"2026-09-07T10:02:26Z","licence":"ODbL-1.0"},"geometry":{"type":"LineString","coordinates":[[-2.1056615,51.4651695],[-2.1056407,51.4651625],[-2.1056157,51.4651518],[-2.105576,51.4651311],[-2.1055491,51.4651194],[-2.1054657,51.4650871],[-2.1054084,51.465069],[-2.1051756,51.4649957],[-2.1050542,51.4649608],[-2.1049445,51.4649295],[-2.1048125,51.4648895],[-2.1046888,51.4648495],[-2.104565,51.4648015],[-2.1043993,51.4647382],[-2.1041354,51.4646328],[-2.1037735,51.4644917],[-2.1035435,51.4644066],[-2.1032644,51.4643047],[-2.1030615,51.4642282],[-2.1028081,51.4641327],[-2.1025602,51.4640393],[-2.1022658,51.4639283],[-2.1020932,51.4638633],[-2.1020125,51.4638344],[-2.1017639,51.4637453],[-2.1010938,51.4635051],[-2.1007403,51.4633927],[-2.1006638,51.4633684],[-2.1004788,51.4633113],[-2.1001311,51.4632041],[-2.0997277,51.4630828],[-2.0995436,51.4630332],[-2.0994593,51.4630105],[-2.0994003,51.4629946],[-2.0992145,51.4629406],[-2.0990356,51.4628872],[-2.0987898,51.4628138],[-2.0985438,51.4627415],[-2.0982791,51.4626638],[-2.098139,51.4626226]]}},{"type":"Feature","properties":{"abandoned:railway":"rail","name":"Faringdon Branch","railway":"abandoned","ref":"FAR","source":"NPE + landsat","source_id":"osm-way-345024427","dataset":"OpenStreetMap former/disused railway extract","publisher":"OpenStreetMap contributors","effective_date":"2026-09-07T10:02:26Z","licence":"ODbL-1.0"},"geometry":{"type":"LineString","coordinates":[[-1.5569386,51.6168371],[-1.5688942,51.6280734],[-1.5700908,51.6292333],[-1.5716671,51.6310257],[-1.5724396,51.6324908],[-1.5727829,51.6343554],[-1.5729975,51.6360069],[-1.5727749,51.638053],[-1.5720681,51.6397826],[-1.5719675,51.6400287],[-1.5713205,51.641534],[-1.5710814,51.6424493],[-1.5710363,51.6428944],[-1.5709529,51.643721],[-1.5713271,51.6453441],[-1.5714694,51.6458443],[-1.5721822,51.6469584],[-1.5727523,51.647636],[-1.5735555,51.6484496],[-1.5743413,51.6491165]]}},{"type":"Feature","properties":{"name":"Faringdon Branch","railway":"razed","razed:railway":"rail","ref":"FAR","source":"NPE + landsat","source_id":"osm-way-345024428","dataset":"OpenStreetMap former/disused railway extract","publisher":"OpenStreetMap contributors","effective_date":"2026-09-07T10:02:26Z","licence":"ODbL-1.0"},"geometry":{"type":"LineString","coordinates":[[-1.5541624,51.6140882],[-1.5569386,51.6168371]]}},{"type":"Feature","properties":{"name":"Faringdon Branch Railway","railway":"razed","razed:railway":"rail","ref":"FAR","source":"NLS - OS 1:25k 1st Series 1937-61","source_id":"osm-way-345024429","dataset":"OpenStreetMap former/disused railway extract","publisher":"OpenStreetMap contributors","effective_date":"2026-09-07T10:02:26Z","licence":"ODbL-1.0"},"geometry":{"type":"LineString","coordinates":[[-1.5743413,51.6491165],[-1.5748005,51.6494327],[-1.5758842,51.6500616],[-1.5770955,51.6505438],[-1.5784188,51.6509524],[-1.579711,51.6512939],[-1.5805747,51.6515448],[-1.5814931,51.6518604],[-1.5822978,51.6522052],[-1.5830917,51.6526592],[-1.5840187,51.6532516],[-1.5847576,51.6537072],[-1.5860443,51.6543505]]}},{"type":"Feature","properties":{"abandoned:railway":"rail","name":"Andoversford Line","railway":"abandoned","ref":"AND","source":"NPE","source_id":"osm-way-345042325","dataset":"OpenStreetMap former/disused railway extract","publisher":"OpenStreetMap contributors","effective_date":"2026-09-07T10:02:26Z","licence":"ODbL-1.0"},"geometry":{"type":"LineString","coordinates":[[-1.732817,51.5174723],[-1.7325599,51.5172946],[-1.7322559,51.5171089],[-1.7319001,51.5169323],[-1.7315365,51.5167801],[-1.7310441,51.5166046],[-1.7306549,51.5164962],[-1.7290786,51.5161554],[-1.7286784,51.5160382],[-1.7277686,51.5157604],[-1.7268074,51.5153598],[-1.7262765,51.5151021],[-1.7259626,51.5149188],[-1.7256377,51.5147166],[-1.7252092,51.5143844],[-1.7247745,51.5140131],[-1.7244679,51.5137241],[-1.7241837,51.5134242],[-1.7238584,51.5130592],[-1.7237693,51.5129488],[-1.7236549,51.5127916]]}},{"type":"Feature","properties":{"historic:operator":"Midland & South Western Junction Railway","name":"Grafton Curve","railway":"razed","razed:railway":"rail","ref":"GRZ","source_id":"osm-way-345493110","dataset":"OpenStreetMap former/disused railway extract","publisher":"OpenStreetMap contributors","effective_date":"2026-09-07T10:02:26Z","licence":"ODbL-1.0"},"geometry":{"type":"LineString","coordinates":[[-1.6326487,51.3579337],[-1.6338604,51.3580729],[-1.6344129,51.3580967],[-1.6355514,51.358079]]}},{"type":"Feature","properties":{"abandoned:railway":"rail","historic:operator":"Midland & South Western Junction Railway","name":"Andoversford Line","railway":"abandoned","ref":"AND","source_id":"osm-way-345493111","dataset":"OpenStreetMap former/disused railway extract","publisher":"OpenStreetMap contributors","effective_date":"2026-09-07T10:02:26Z","licence":"ODbL-1.0"},"geometry":{"type":"LineString","coordinates":[[-1.6463356,51.3601361],[-1.6462678,51.3600723],[-1.6453297,51.3590608]]}},{"type":"Feature","properties":{"abandoned:railway":"rail","bicycle":"permissive","branch:name":"Camerton & Limpley Stoke","branch:ref":"CMZ","designation":"public_footpath","foot":"designated","hazard":"pedestrians","highway":"service","lit":"no","maxheight:signed":"no","maxspeed":"10 mph","maxspeed:type":"sign","note":"A few traffic calming bumps & potholes","ownership":"private","railway":"abandoned","sidewalk":"no","surface":"asphalt","source_id":"osm-way-374758658","dataset":"OpenStreetMap former/disused railway extract","publisher":"OpenStreetMap contributors","effective_date":"2026-09-07T10:02:26Z","licence":"ODbL-1.0"},"geometry":{"type":"LineString","coordinates":[[-2.3204848,51.3579854],[-2.3202823,51.3579997],[-2.3199518,51.3580085],[-2.3195648,51.3580065],[-2.3192312,51.3579807],[-2.318665,51.357915],[-2.3183251,51.3578552],[-2.3176465,51.3577326],[-2.3167343,51.3575994],[-2.3147988,51.3574274]]}},{"type":"Feature","properties":{"bicycle":"designated","check_date:surface":"2026-06-01","designation":"public_footpath","foot":"designated","highway":"service","note":"A few traffic calming bumps & potholes","prow_ref":"BA16/17","railway":"abandoned","sidewalk":"no","surface":"asphalt","source_id":"osm-way-374758659","dataset":"OpenStreetMap former/disused railway extract","publisher":"OpenStreetMap contributors","effective_date":"2026-09-07T10:02:26Z","licence":"ODbL-1.0"},"geometry":{"type":"LineString","coordinates":[[-2.3206086,51.3579728],[-2.3204848,51.3579854]]}},{"type":"Feature","properties":{"abandoned:railway":"rail","name":"Andover Junction to Kimbridge Junction","railway":"abandoned","ref":"AKJ","usage":"branch","source_id":"osm-way-385704310","dataset":"OpenStreetMap former/disused railway extract","publisher":"OpenStreetMap contributors","effective_date":"2026-09-07T10:02:26Z","licence":"ODbL-1.0"},"geometry":{"type":"LineString","coordinates":[[-1.4899181,51.2127874],[-1.4894695,51.2128812],[-1.4890399,51.2129096],[-1.4885365,51.2128938],[-1.4880481,51.2128415],[-1.4876091,51.2127701],[-1.4872141,51.212679],[-1.4868265,51.2125514],[-1.4864703,51.2123924],[-1.4861576,51.2122155],[-1.485897,51.2120225],[-1.4856553,51.2118038],[-1.4854711,51.2115917],[-1.4851793,51.2111723],[-1.4845194,51.2101272],[-1.4837255,51.2088955],[-1.4829101,51.2076738],[-1.4826821,51.2072873],[-1.4825668,51.2069899],[-1.4824702,51.2062724],[-1.4824166,51.2058506],[-1.4824076,51.2056773],[-1.4824272,51.2055605],[-1.4825173,51.2053066],[-1.4826001,51.2051353],[-1.4826874,51.2050135],[-1.4828236,51.2048513],[-1.4829369,51.2047431],[-1.4831291,51.2045947],[-1.4833642,51.2044462]]}},{"type":"Feature","properties":{"disused:railway":"rail","railway":"disused","service":"siding","source_id":"osm-way-391471879","dataset":"OpenStreetMap former/disused railway extract","publisher":"OpenStreetMap contributors","effective_date":"2026-09-07T10:02:26Z","licence":"ODbL-1.0"},"geometry":{"type":"LineString","coordinates":[[-1.7615031,51.5759664],[-1.7613636,51.5763264],[-1.7613073,51.5765248],[-1.7612698,51.5766598],[-1.7611517,51.5772032],[-1.7610606,51.5776233]]}},{"type":"Feature","properties":{"disused:railway":"rail","railway":"disused","service":"siding","source_id":"osm-way-391471880","dataset":"OpenStreetMap former/disused railway extract","publisher":"OpenStreetMap contributors","effective_date":"2026-09-07T10:02:26Z","licence":"ODbL-1.0"},"geometry":{"type":"LineString","coordinates":[[-1.7611062,51.5776249],[-1.7612188,51.5771499],[-1.761318,51.5767265],[-1.7614441,51.5761847],[-1.7615031,51.5759664]]}},{"type":"Feature","properties":{"disused:railway":"rail","railway":"disused","service":"siding","source_id":"osm-way-391471881","dataset":"OpenStreetMap former/disused railway extract","publisher":"OpenStreetMap contributors","effective_date":"2026-09-07T10:02:26Z","licence":"ODbL-1.0"},"geometry":{"type":"LineString","coordinates":[[-1.7611169,51.5777916],[-1.7614119,51.5765898],[-1.7615407,51.5760214],[-1.7615541,51.5759764],[-1.7615729,51.575908],[-1.7616731,51.5756122]]}},{"type":"Feature","properties":{"disused:railway":"rail","railway":"disused","service":"siding","source_id":"osm-way-391471882","dataset":"OpenStreetMap former/disused railway extract","publisher":"OpenStreetMap contributors","effective_date":"2026-09-07T10:02:26Z","licence":"ODbL-1.0"},"geometry":{"type":"LineString","coordinates":[[-1.7611517,51.57807],[-1.7612751,51.5775916],[-1.76142,51.5769649],[-1.7616453,51.5760597],[-1.7616936,51.5758697],[-1.7617472,51.5756813],[-1.7617955,51.575538]]}},{"type":"Feature","properties":{"abandoned:railway":"rail","name":"Tetbury Branch","railway":"abandoned","ref":"TET","source":"NPE","source_id":"osm-way-430069853","dataset":"OpenStreetMap former/disused railway extract","publisher":"OpenStreetMap contributors","effective_date":"2026-09-07T10:02:26Z","licence":"ODbL-1.0"},"geometry":{"type":"LineString","coordinates":[[-2.0231377,51.6769396],[-2.0238621,51.6778648],[-2.0241965,51.6782246],[-2.0247699,51.6786946],[-2.0262028,51.6796007],[-2.0269631,51.6799821],[-2.0276622,51.6802044],[-2.0283563,51.6804116],[-2.0289067,51.6804958],[-2.029504,51.6805147],[-2.030301,51.6804274],[-2.0309447,51.6802611],[-2.031449,51.6800948],[-2.0444095,51.6733355],[-2.0459544,51.672883],[-2.0469923,51.6728288]]}},{"type":"Feature","properties":{"bicycle":"designated","designation":"public_footpath","foot":"designated","highway":"cycleway","horse":"no","name":"Two Tunnels Greenway","railway":"abandoned","segregated":"no","surface":"asphalt","source_id":"osm-way-432844779","dataset":"OpenStreetMap former/disused railway extract","publisher":"OpenStreetMap contributors","effective_date":"2026-09-07T10:02:26Z","licence":"ODbL-1.0"},"geometry":{"type":"LineString","coordinates":[[-2.3450598,51.3443981],[-2.3450245,51.3443837]]}},{"type":"Feature","properties":{"railway":"razed","razed:railway":"rail","service":"yard","source_id":"osm-way-462075902","dataset":"OpenStreetMap former/disused railway extract","publisher":"OpenStreetMap contributors","effective_date":"2026-09-07T10:02:26Z","licence":"ODbL-1.0"},"geometry":{"type":"LineString","coordinates":[[-1.768007,51.5702463],[-1.7681894,51.570113],[-1.7683429,51.5699834],[-1.7684942,51.5698625],[-1.768653,51.5697617],[-1.7687887,51.5696821],[-1.7689621,51.5695803],[-1.7690469,51.5695344],[-1.7692074,51.5694473],[-1.7693868,51.5693573],[-1.7695975,51.5692472],[-1.7698515,51.5691437],[-1.7700136,51.569092],[-1.770327,51.5690053],[-1.7706285,51.5689106]]}},{"type":"Feature","properties":{"alt_name":"Berks and Hants Line","embankment":"yes","name":"Wilts, Somerset and Weymouth Railway (Devizes Branch)","railway":"razed","razed:railway":"rail","ref":"BHL","source":"NPE","wikidata":"Q16988700","wikipedia":"en:Devizes branch line","source_id":"osm-way-475357704","dataset":"OpenStreetMap former/disused railway extract","publisher":"OpenStreetMap contributors","effective_date":"2026-09-07T10:02:26Z","licence":"ODbL-1.0"},"geometry":{"type":"LineString","coordinates":[[-2.0273858,51.3494171],[-2.0253795,51.3492831],[-2.0239351,51.349233]]}},{"type":"Feature","properties":{"abandoned:railway":"rail","railway":"abandoned","source_id":"osm-way-476637088","dataset":"OpenStreetMap former/disused railway extract","publisher":"OpenStreetMap contributors","effective_date":"2026-09-07T10:02:26Z","licence":"ODbL-1.0"},"geometry":{"type":"LineString","coordinates":[[-2.0253376,51.0693201],[-2.0242915,51.0687739],[-2.0236839,51.0685129],[-2.0230801,51.0684079],[-2.0224455,51.0683872],[-2.0212148,51.0684935],[-2.0203437,51.0687322]]}},{"type":"Feature","properties":{"bicycle":"yes","designation":"public_footpath","foot":"yes","highway":"bridleway","horse":"permissive","motor_vehicle":"private","name":"Sprat & Winkle Line","railway":"abandoned","smoothness":"bad","surface":"compacted","tracktype":"grade3","width":"0.80","source_id":"osm-way-478718815","dataset":"OpenStreetMap former/disused railway extract","publisher":"OpenStreetMap contributors","effective_date":"2026-09-07T10:02:26Z","licence":"ODbL-1.0"},"geometry":{"type":"LineString","coordinates":[[-1.4913665,51.1101702],[-1.4917445,51.1095634],[-1.4926454,51.1075212],[-1.4932937,51.1064881],[-1.4941753,51.1049558],[-1.4942261,51.1048676],[-1.4946933,51.1039031],[-1.4948827,51.1032432],[-1.4950173,51.1022967],[-1.4952066,51.1005477]]}},{"type":"Feature","properties":{"abandoned:railway":"rail","electrified":"no","gauge":"1435","maxspeed":"25 mph","railway":"abandoned","railway:aws":"yes","railway:tpws":"yes","service":"spur","source_id":"osm-way-498669209","dataset":"OpenStreetMap former/disused railway extract","publisher":"OpenStreetMap contributors","effective_date":"2026-09-07T10:02:26Z","licence":"ODbL-1.0"},"geometry":{"type":"LineString","coordinates":[[-1.8490671,51.3349679],[-1.8498824,51.3350006],[-1.8504578,51.3350198],[-1.8511395,51.3350542]]}},{"type":"Feature","properties":{"gauge":"1435","railway":"razed","razed:railway":"rail","service":"siding","usage":"industrial","source_id":"osm-way-580907943","dataset":"OpenStreetMap former/disused railway extract","publisher":"OpenStreetMap contributors","effective_date":"2026-09-07T10:02:26Z","licence":"ODbL-1.0"},"geometry":{"type":"LineString","coordinates":[[-2.1768183,51.2074272],[-2.1755389,51.2068899],[-2.1743861,51.2061412],[-2.1734746,51.2057385]]}},{"type":"Feature","properties":{"gauge":"1435","railway":"razed","razed:railway":"rail","service":"siding","usage":"industrial","source_id":"osm-way-580907944","dataset":"OpenStreetMap former/disused railway extract","publisher":"OpenStreetMap contributors","effective_date":"2026-09-07T10:02:26Z","licence":"ODbL-1.0"},"geometry":{"type":"LineString","coordinates":[[-2.1766496,51.2065992],[-2.1758482,51.2062909],[-2.1752718,51.2061148],[-2.1751453,51.2060795],[-2.1746954,51.2059915],[-2.1737269,51.2057766]]}},{"type":"Feature","properties":{"gauge":"1435","railway":"razed","razed:railway":"rail","service":"siding","usage":"industrial","source_id":"osm-way-580907945","dataset":"OpenStreetMap former/disused railway extract","publisher":"OpenStreetMap contributors","effective_date":"2026-09-07T10:02:26Z","licence":"ODbL-1.0"},"geometry":{"type":"LineString","coordinates":[[-2.1752718,51.2061148],[-2.1759607,51.2061852],[-2.1764387,51.2061852]]}},{"type":"Feature","properties":{"abandoned:railway":"rail","name":"Camerton & Limpleystoke","railway":"abandoned","ref":"CMZ","source_id":"osm-way-588404006","dataset":"OpenStreetMap former/disused railway extract","publisher":"OpenStreetMap contributors","effective_date":"2026-09-07T10:02:26Z","licence":"ODbL-1.0"},"geometry":{"type":"LineString","coordinates":[[-2.3666246,51.3424349],[-2.3662965,51.3423309],[-2.3657493,51.3421097],[-2.3652343,51.3418818]]}},{"type":"Feature","properties":{"abandoned:bridge":"yes","abandoned:railway":"rail","layer":"1","name":"Andoversford Line","railway":"abandoned","ref":"AND","source_id":"osm-way-620623672","dataset":"OpenStreetMap former/disused railway extract","publisher":"OpenStreetMap contributors","effective_date":"2026-09-07T10:02:26Z","licence":"ODbL-1.0"},"geometry":{"type":"LineString","coordinates":[[-1.7123941,51.4584212],[-1.7122564,51.4585268]]}},{"type":"Feature","properties":{"abandoned:railway":"rail","embankment":"yes","name":"Andoversford Line","railway":"abandoned","ref":"AND","source_id":"osm-way-620623673","dataset":"OpenStreetMap former/disused railway extract","publisher":"OpenStreetMap contributors","effective_date":"2026-09-07T10:02:26Z","licence":"ODbL-1.0"},"geometry":{"type":"LineString","coordinates":[[-1.7122564,51.4585268],[-1.7117814,51.4588896]]}},{"type":"Feature","properties":{"abandoned:railway":"rail","name":"Salisbury & Dorset Line","railway":"abandoned","ref":"AWM","source_id":"osm-way-630519124","dataset":"OpenStreetMap former/disused railway extract","publisher":"OpenStreetMap contributors","effective_date":"2026-09-07T10:02:26Z","licence":"ODbL-1.0"},"geometry":{"type":"LineString","coordinates":[[-1.7539665,50.9812315],[-1.7534715,50.9813283],[-1.7526575,50.981511],[-1.7516028,50.9818229],[-1.7504809,50.9821928],[-1.7496987,50.9825471],[-1.7487962,50.9830194],[-1.7484476,50.9832521],[-1.7477416,50.9837258],[-1.7467896,50.9843941],[-1.7461888,50.9849885],[-1.7432706,50.9879602],[-1.7413206,50.9898207],[-1.7405991,50.9906058],[-1.739899,50.9917961],[-1.73944,50.9926184]]}},{"type":"Feature","properties":{"abandoned:railway":"rail","note":"siding for ammunition dump up to WW2","railway":"abandoned","service":"spur","source_id":"osm-way-633982540","dataset":"OpenStreetMap former/disused railway extract","publisher":"OpenStreetMap contributors","effective_date":"2026-09-07T10:02:26Z","licence":"ODbL-1.0"},"geometry":{"type":"LineString","coordinates":[[-1.7028063,51.3801149],[-1.7030978,51.3807338],[-1.7031562,51.3819857],[-1.7030589,51.3847688],[-1.7031144,51.3860361],[-1.7014137,51.3887225]]}},{"type":"Feature","properties":{"abandoned:railway":"rail","bridge":"yes","layer":"1","name":"Alderbury Junction to West Moors","railway":"abandoned","ref":"AWM","source_id":"osm-way-674905363","dataset":"OpenStreetMap former/disused railway extract","publisher":"OpenStreetMap contributors","effective_date":"2026-09-07T10:02:26Z","licence":"ODbL-1.0"},"geometry":{"type":"LineString","coordinates":[[-1.7250557,51.0051155],[-1.725392,51.0047435]]}},{"type":"Feature","properties":{"abandoned:railway":"rail","name":"Alderbury Junction to West Moors","railway":"abandoned","ref":"AWM","source_id":"osm-way-674905364","dataset":"OpenStreetMap former/disused railway extract","publisher":"OpenStreetMap contributors","effective_date":"2026-09-07T10:02:26Z","licence":"ODbL-1.0"},"geometry":{"type":"LineString","coordinates":[[-1.725392,51.0047435],[-1.7258709,51.0042383],[-1.7271833,51.0031448]]}},{"type":"Feature","properties":{"bicycle":"designated","designation":"public_footpath","foot":"designated","highway":"cycleway","horse":"no","lit":"no","name":"Two Tunnels Greenway","old_name":"Somerset and Dorset Joint Railway","old_ref":"SAD","oneway":"no","prow_ref":"BA22/19","railway":"abandoned","segregated":"no","source":"survey","surface":"asphalt","wikidata":"Q7559923","wikipedia":"en:Somerset and Dorset Joint Railway","source_id":"osm-way-686624159","dataset":"OpenStreetMap former/disused railway extract","publisher":"OpenStreetMap contributors","effective_date":"2026-09-07T10:02:26Z","licence":"ODbL-1.0"},"geometry":{"type":"LineString","coordinates":[[-2.3405948,51.3525612],[-2.340645,51.3522639],[-2.3407599,51.3518844],[-2.3408932,51.3515745],[-2.3410579,51.3513146],[-2.3412107,51.3510909],[-2.3413928,51.3508496],[-2.3416748,51.3505659],[-2.3422005,51.3500895],[-2.3431197,51.3492554],[-2.3436374,51.3486862],[-2.343873,51.3483634],[-2.3441395,51.3479857]]}},{"type":"Feature","properties":{"abandoned:railway":"rail","bicycle":"designated","designation":"public_footpath","foot":"designated","highway":"cycleway","lcn":"yes","lcn_ref":"UR","lit":"no","ncn":"yes","ncn_ref":"45","old_name":"Andoversford Line","old_ref":"AND","prow_ref":"CN22","railway":"abandoned","segregated":"no","smoothness":"intermediate","surface":"gravel","source_id":"osm-way-689981299","dataset":"OpenStreetMap former/disused railway extract","publisher":"OpenStreetMap contributors","effective_date":"2026-09-07T10:02:26Z","licence":"ODbL-1.0"},"geometry":{"type":"LineString","coordinates":[[-1.8223669,51.5819311],[-1.8224493,51.5821918],[-1.8224939,51.5823195],[-1.822631,51.5826652],[-1.8227006,51.5828111],[-1.8227411,51.5829095],[-1.8227682,51.5829889],[-1.8227893,51.5830511],[-1.8228518,51.5831804],[-1.8229098,51.5832806]]}},{"type":"Feature","properties":{"disused:railway":"rail","electrified":"no","gauge":"1435","name":"Tidworth Branch","railway":"disused","service":"spur","usage":"military","source_id":"osm-way-724670546","dataset":"OpenStreetMap former/disused railway extract","publisher":"OpenStreetMap contributors","effective_date":"2026-09-07T10:02:26Z","licence":"ODbL-1.0"},"geometry":{"type":"LineString","coordinates":[[-1.6355166,51.2517511],[-1.6354849,51.2517135],[-1.6354372,51.2516753]]}},{"type":"Feature","properties":{"abandoned:railway":"rail","embankment":"yes","name":"Malmesbury Branch","railway":"abandoned","ref":"MAL1","source":"OS 1:25k","source_id":"osm-way-735370725","dataset":"OpenStreetMap former/disused railway extract","publisher":"OpenStreetMap contributors","effective_date":"2026-09-07T10:02:26Z","licence":"ODbL-1.0"},"geometry":{"type":"LineString","coordinates":[[-2.0295656,51.5331089],[-2.0283007,51.5322198],[-2.0281121,51.5320883],[-2.0249366,51.5298855]]}},{"type":"Feature","properties":{"name":"Malmesbury Branch","railway":"razed","razed:railway":"rail","ref":"MAL1","source":"OS 1:25k","source_id":"osm-way-735370726","dataset":"OpenStreetMap former/disused railway extract","publisher":"OpenStreetMap contributors","effective_date":"2026-09-07T10:02:26Z","licence":"ODbL-1.0"},"geometry":{"type":"LineString","coordinates":[[-2.0249366,51.5298855],[-2.0230299,51.5285707],[-2.0137387,51.521989],[-2.0131475,51.5217133],[-2.0127778,51.5215718],[-2.0122892,51.5214462],[-2.0117617,51.521382],[-2.0111282,51.5213729],[-2.0101698,51.5214649]]}},{"type":"Feature","properties":{"disused:railway":"rail","electrified":"no","gauge":"1435","railway":"disused","service":"yard","source_id":"osm-way-785712997","dataset":"OpenStreetMap former/disused railway extract","publisher":"OpenStreetMap contributors","effective_date":"2026-09-07T10:02:26Z","licence":"ODbL-1.0"},"geometry":{"type":"LineString","coordinates":[[-2.1945351,51.2716235],[-2.1949871,51.2710723],[-2.1952526,51.270761],[-2.1954525,51.2705487],[-2.1956429,51.2703507],[-2.1957193,51.2702697],[-2.1958612,51.2701173]]}},{"type":"Feature","properties":{"disused:railway":"rail","electrified":"no","gauge":"1435","railway":"disused","service":"yard","source_id":"osm-way-785712998","dataset":"OpenStreetMap former/disused railway extract","publisher":"OpenStreetMap contributors","effective_date":"2026-09-07T10:02:26Z","licence":"ODbL-1.0"},"geometry":{"type":"LineString","coordinates":[[-2.1948758,51.2715052],[-2.1953706,51.2709028],[-2.1956643,51.2705546],[-2.1961525,51.2699874],[-2.1964824,51.2696299],[-2.1968723,51.2691867]]}},{"type":"Feature","properties":{"name":"Alderbury Junction to West Moors","railway":"razed","razed:railway":"rail","ref":"AWM","source_id":"osm-way-791718165","dataset":"OpenStreetMap former/disused railway extract","publisher":"OpenStreetMap contributors","effective_date":"2026-09-07T10:02:26Z","licence":"ODbL-1.0"},"geometry":{"type":"LineString","coordinates":[[-1.7296413,51.0010125],[-1.7313582,50.9996703]]}},{"type":"Feature","properties":{"description":"Historic tunnel, used as a landfill site in 1960s","name":"Downton Tunnel","railway":"razed","razed:railway":"rail","ref":"AWM","tunnel":"yes","wikidata":"Q122214356","source_id":"osm-way-791718166","dataset":"OpenStreetMap former/disused railway extract","publisher":"OpenStreetMap contributors","effective_date":"2026-09-07T10:02:26Z","licence":"ODbL-1.0"},"geometry":{"type":"LineString","coordinates":[[-1.7288596,51.0017444],[-1.7296413,51.0010125]]}},{"type":"Feature","properties":{"name":"Alderbury Junction to West Moors","railway":"razed","razed:railway":"rail","ref":"AWM","source_id":"osm-way-791718167","dataset":"OpenStreetMap former/disused railway extract","publisher":"OpenStreetMap contributors","effective_date":"2026-09-07T10:02:26Z","licence":"ODbL-1.0"},"geometry":{"type":"LineString","coordinates":[[-1.7271833,51.0031448],[-1.7288596,51.0017444]]}},{"type":"Feature","properties":{"name":"Salisbury & Dorset Line","railway":"razed","razed:railway":"rail","ref":"AWM","source_id":"osm-way-791718168","dataset":"OpenStreetMap former/disused railway extract","publisher":"OpenStreetMap contributors","effective_date":"2026-09-07T10:02:26Z","licence":"ODbL-1.0"},"geometry":{"type":"LineString","coordinates":[[-1.73944,50.9926184],[-1.739147,50.9930566],[-1.7381519,50.9945946]]}},{"type":"Feature","properties":{"abandoned:railway":"rail","name":"Salisbury & Dorset Line","railway":"abandoned","ref":"AWM","source_id":"osm-way-791718169","dataset":"OpenStreetMap former/disused railway extract","publisher":"OpenStreetMap contributors","effective_date":"2026-09-07T10:02:26Z","licence":"ODbL-1.0"},"geometry":{"type":"LineString","coordinates":[[-1.7381519,50.9945946],[-1.7376933,50.9952833],[-1.7372937,50.995783],[-1.7368054,50.9962236],[-1.7362717,50.9967047],[-1.7356548,50.9971318],[-1.7348046,50.9976905],[-1.7339372,50.9981943],[-1.7328942,50.9987081],[-1.7313582,50.9996703]]}},{"type":"Feature","properties":{"abandoned:railway":"rail","historic:operator":"Midland & South Western Junction Railway","name":"Andoversford Line","railway":"abandoned","ref":"AND","source":"NPE","source_id":"osm-way-795212299","dataset":"OpenStreetMap former/disused railway extract","publisher":"OpenStreetMap contributors","effective_date":"2026-09-07T10:02:26Z","licence":"ODbL-1.0"},"geometry":{"type":"LineString","coordinates":[[-1.6541729,51.2942589],[-1.6540327,51.2941298],[-1.6532412,51.293341],[-1.6528121,51.2928545],[-1.6524544,51.292404],[-1.6519833,51.2916251],[-1.6516669,51.2908968],[-1.6504924,51.2874693],[-1.650006,51.2860507],[-1.6498901,51.2854904],[-1.6498539,51.2849525],[-1.6499468,51.2842719],[-1.6499916,51.283612],[-1.6499905,51.2827215],[-1.649997,51.2819149],[-1.6499479,51.2811413],[-1.6499347,51.2810429]]}},{"type":"Feature","properties":{"abandoned:railway":"rail","bridge":"yes","name":"Andoversford Line","railway":"abandoned","ref":"AND","source":"NPE","source_id":"osm-way-795212300","dataset":"OpenStreetMap former/disused railway extract","publisher":"OpenStreetMap contributors","effective_date":"2026-09-07T10:02:26Z","licence":"ODbL-1.0"},"geometry":{"type":"LineString","coordinates":[[-1.6564298,51.2991648],[-1.6564224,51.2991041]]}},{"type":"Feature","properties":{"abandoned:railway":"rail","name":"Lambourn Valley Branch","railway":"abandoned","ref":"LAM","source":"NPE","source_id":"osm-way-801883707","dataset":"OpenStreetMap former/disused railway extract","publisher":"OpenStreetMap contributors","effective_date":"2026-09-07T10:02:26Z","licence":"ODbL-1.0"},"geometry":{"type":"LineString","coordinates":[[-1.5296495,51.5053839],[-1.5285279,51.5044418],[-1.5279271,51.5039082],[-1.5228878,51.5010382],[-1.5217559,51.5005219],[-1.5198129,51.4998677],[-1.5187551,51.4996515],[-1.5183764,51.4996045],[-1.5165063,51.499479],[-1.5149012,51.4990909],[-1.5135408,51.4985513],[-1.5121697,51.4981325],[-1.5100003,51.4977424],[-1.5087402,51.4973365],[-1.50711,51.4966183],[-1.5029412,51.4949252],[-1.4982605,51.4930241]]}},{"type":"Feature","properties":{"name":"Air Ministry Loop","railway":"razed","razed:railway":"rail","ref":"AMP2","source_id":"osm-way-807524346","dataset":"OpenStreetMap former/disused railway extract","publisher":"OpenStreetMap contributors","effective_date":"2026-09-07T10:02:26Z","licence":"ODbL-1.0"},"geometry":{"type":"LineString","coordinates":[[-2.1411064,51.4305421],[-2.1418512,51.4310328],[-2.1423233,51.4313605],[-2.1430206,51.431695],[-2.1438628,51.4320093],[-2.1446514,51.4321966],[-2.1454829,51.4323237]]}},{"type":"Feature","properties":{"abandoned:railway":"rail","bicycle":"designated","designation":"public_bridleway","foot":"designated","highway":"cycleway","horse":"designated","ncn":"yes","ncn_ref":"45","old_name":"Andoversford Line","old_ref":"AND","prow_ref":"BSC 46","railway":"abandoned","segregated":"no","source:designation":"gloucestershire_county_council_prow_gis_data","source:prow_ref":"gloucestershire_county_council_prow_gis_data","surface":"dirt","source_id":"osm-way-816722704","dataset":"OpenStreetMap former/disused railway extract","publisher":"OpenStreetMap contributors","effective_date":"2026-09-07T10:02:26Z","licence":"ODbL-1.0"},"geometry":{"type":"LineString","coordinates":[[-1.8941505,51.6562559],[-1.8945884,51.6564754],[-1.8953223,51.6567916],[-1.8960106,51.6570968],[-1.8963384,51.6572497],[-1.8971197,51.6576085],[-1.8979565,51.6579768],[-1.8987529,51.6583543],[-1.8995941,51.6588265],[-1.9004603,51.659291],[-1.9008946,51.6595545],[-1.901251,51.6598005],[-1.9018717,51.6602265],[-1.9024195,51.6606262],[-1.9028118,51.6608715],[-1.9038389,51.6615648],[-1.9047075,51.6621333],[-1.9053019,51.6625557],[-1.9061065,51.6630988],[-1.9075005,51.6640453],[-1.9088664,51.6649838],[-1.9089335,51.6650327],[-1.9089936,51.6650729]]}},{"type":"Feature","properties":{"abandoned:railway":"rail","bicycle":"designated","designation":"public_bridleway","foot":"designated","highway":"cycleway","horse":"designated","motor_vehicle":"private","ncn":"yes","ncn_ref":"45","old_name":"Andoversford Line","old_ref":"AND","prow_ref":"BSC 46","railway":"abandoned","segregated":"no","source:designation":"gloucestershire_county_council_prow_gis_data","source:prow_ref":"gloucestershire_county_council_prow_gis_data","surface":"dirt","source_id":"osm-way-816722705","dataset":"OpenStreetMap former/disused railway extract","publisher":"OpenStreetMap contributors","effective_date":"2026-09-07T10:02:26Z","licence":"ODbL-1.0"},"geometry":{"type":"LineString","coordinates":[[-1.8825157,51.6513783],[-1.8827608,51.6514511],[-1.8835386,51.6516783],[-1.8839283,51.651814],[-1.8843052,51.6519308],[-1.8847004,51.6520922]]}},{"type":"Feature","properties":{"bicycle":"permissive","cycleway:est_width":"1.75","designation":"public_footpath","foot":"designated","highway":"bridleway","horse":"permissive","lit":"no","prow_ref":"Kings Somborne FP 507","railway":"abandoned","segregated":"no","smoothness":"intermediate","surface":"compacted","source_id":"osm-way-843060254","dataset":"OpenStreetMap former/disused railway extract","publisher":"OpenStreetMap contributors","effective_date":"2026-09-07T10:02:26Z","licence":"ODbL-1.0"},"geometry":{"type":"LineString","coordinates":[[-1.5069871,51.0752272],[-1.5075126,51.0746655]]}},{"type":"Feature","properties":{"abandoned:railway":"rail","historic:operator":"Midland & South Western Junction Railway","name":"Andoversford Line","railway":"abandoned","ref":"AND","source":"NPE","source_id":"osm-way-870450932","dataset":"OpenStreetMap former/disused railway extract","publisher":"OpenStreetMap contributors","effective_date":"2026-09-07T10:02:26Z","licence":"ODbL-1.0"},"geometry":{"type":"LineString","coordinates":[[-1.6564224,51.2991041],[-1.6562481,51.2977929],[-1.6561903,51.29729],[-1.6559543,51.2965755],[-1.6556191,51.295913],[-1.6553095,51.2955314],[-1.6548867,51.2950006],[-1.6547812,51.2948843],[-1.6542372,51.2943229]]}},{"type":"Feature","properties":{"abandoned:railway":"rail","bridge":"yes","historic:operator":"Midland & South Western Junction Railway","layer":"1","name":"Andoversford Line","railway":"abandoned","ref":"AND","source":"NPE","source_id":"osm-way-870450933","dataset":"OpenStreetMap former/disused railway extract","publisher":"OpenStreetMap contributors","effective_date":"2026-09-07T10:02:26Z","licence":"ODbL-1.0"},"geometry":{"type":"LineString","coordinates":[[-1.6542372,51.2943229],[-1.6541729,51.2942589]]}},{"type":"Feature","properties":{"bridge":"yes","railway":"razed","razed:railway":"rail","source_id":"osm-way-888076788","dataset":"OpenStreetMap former/disused railway extract","publisher":"OpenStreetMap contributors","effective_date":"2026-09-07T10:02:26Z","licence":"ODbL-1.0"},"geometry":{"type":"LineString","coordinates":[[-1.6200274,51.3546915],[-1.6207945,51.3548289]]}},{"type":"Feature","properties":{"railway":"razed","razed:railway":"rail","source_id":"osm-way-888076789","dataset":"OpenStreetMap former/disused railway extract","publisher":"OpenStreetMap contributors","effective_date":"2026-09-07T10:02:26Z","licence":"ODbL-1.0"},"geometry":{"type":"LineString","coordinates":[[-1.6137081,51.3539545],[-1.6150761,51.3537468],[-1.6168356,51.3538808],[-1.6178656,51.3540818],[-1.6194213,51.3545106],[-1.6200274,51.3546915]]}},{"type":"Feature","properties":{"railway":"razed","razed:railway":"rail","source_id":"osm-way-888076790","dataset":"OpenStreetMap former/disused railway extract","publisher":"OpenStreetMap contributors","effective_date":"2026-09-07T10:02:26Z","licence":"ODbL-1.0"},"geometry":{"type":"LineString","coordinates":[[-1.6207945,51.3548289],[-1.6217923,51.3549729],[-1.6228759,51.3549327],[-1.6238415,51.3546245],[-1.6246998,51.3540215],[-1.6252792,51.3536798],[-1.6268134,51.3526748],[-1.6287661,51.3513346],[-1.6297317,51.3509795],[-1.6311908,51.3504569],[-1.6324675,51.3497868],[-1.6335833,51.3492373],[-1.6342163,51.3489827],[-1.6348708,51.3487481],[-1.6361153,51.3486007],[-1.6380143,51.3482255],[-1.641233,51.3476626],[-1.6431213,51.3472605],[-1.6442478,51.3468517],[-1.644913,51.3463893]]}},{"type":"Feature","properties":{"abandoned:railway":"rail","bicycle":"designated","designation":"public_bridleway","foot":"designated","highway":"cycleway","horse":"designated","ncn":"yes","ncn_ref":"45","old_name":"Andoversford Line","old_ref":"AND","prow_ref":"BSC 51","railway":"abandoned","source:prow_ref":"gloucestershire_county_council_prow_gis_data","surface":"gravel","source_id":"osm-way-891534776","dataset":"OpenStreetMap former/disused railway extract","publisher":"OpenStreetMap contributors","effective_date":"2026-09-07T10:02:26Z","licence":"ODbL-1.0"},"geometry":{"type":"LineString","coordinates":[[-1.9210363,51.6750011],[-1.9215231,51.6753468],[-1.9222924,51.6758705],[-1.9226219,51.6760749],[-1.9230023,51.6762851],[-1.9246265,51.6771137],[-1.9252874,51.6774171],[-1.9256651,51.6775874],[-1.925811,51.67763],[-1.9259226,51.6776513],[-1.9259998,51.6776619],[-1.9261286,51.6776992],[-1.9268667,51.6779493],[-1.9270126,51.6780132],[-1.9271242,51.6780771],[-1.9271898,51.678124],[-1.9272358,51.6781569],[-1.9272959,51.6781995],[-1.9274332,51.6782527],[-1.9275466,51.6782951],[-1.9280683,51.6784656],[-1.9288837,51.6787157],[-1.9300339,51.679051],[-1.9305832,51.679216],[-1.9310896,51.679349],[-1.9311926,51.6793863]]}},{"type":"Feature","properties":{"electrified":"no","gauge":"1435","railway":"razed","razed:railway":"rail","service":"yard","source_id":"osm-way-897693559","dataset":"OpenStreetMap former/disused railway extract","publisher":"OpenStreetMap contributors","effective_date":"2026-09-07T10:02:26Z","licence":"ODbL-1.0"},"geometry":{"type":"LineString","coordinates":[[-1.7712045,51.5690616],[-1.7713271,51.5690338],[-1.7716908,51.5689382],[-1.7724549,51.5687642],[-1.7727585,51.5687064],[-1.773127,51.5686554],[-1.7734264,51.5686399]]}},{"type":"Feature","properties":{"electrified":"no","gauge":"1435","railway":"razed","razed:railway":"rail","service":"yard","source_id":"osm-way-897693560","dataset":"OpenStreetMap former/disused railway extract","publisher":"OpenStreetMap contributors","effective_date":"2026-09-07T10:02:26Z","licence":"ODbL-1.0"},"geometry":{"type":"LineString","coordinates":[[-1.7734318,51.5686681],[-1.7731238,51.5686822],[-1.7728417,51.5687118],[-1.7725629,51.5687629],[-1.7722798,51.5688287],[-1.7718259,51.5689462],[-1.7712233,51.5690938]]}},{"type":"Feature","properties":{"disused:railway":"narrow_gauge","layer":"-1","name":"RNAD Dean Hill","railway":"disused","tunnel":"yes","source_id":"osm-way-912161992","dataset":"OpenStreetMap former/disused railway extract","publisher":"OpenStreetMap contributors","effective_date":"2026-09-07T10:02:26Z","licence":"ODbL-1.0"},"geometry":{"type":"LineString","coordinates":[[-1.6339406,51.033707],[-1.6335177,51.0330713]]}},{"type":"Feature","properties":{"disused:railway":"narrow_gauge","layer":"-1","name":"RNAD Dean Hill","railway":"disused","tunnel":"yes","source_id":"osm-way-912161993","dataset":"OpenStreetMap former/disused railway extract","publisher":"OpenStreetMap contributors","effective_date":"2026-09-07T10:02:26Z","licence":"ODbL-1.0"},"geometry":{"type":"LineString","coordinates":[[-1.6330262,51.0336587],[-1.6325516,51.0329913]]}},{"type":"Feature","properties":{"disused:railway":"narrow_gauge","layer":"-1","name":"RNAD Dean Hill","railway":"disused","tunnel":"yes","source_id":"osm-way-912161994","dataset":"OpenStreetMap former/disused railway extract","publisher":"OpenStreetMap contributors","effective_date":"2026-09-07T10:02:26Z","licence":"ODbL-1.0"},"geometry":{"type":"LineString","coordinates":[[-1.6320919,51.0335948],[-1.6314218,51.0329252]]}},{"type":"Feature","properties":{"disused:railway":"narrow_gauge","layer":"-1","name":"RNAD Dean Hill","railway":"disused","tunnel":"yes","source_id":"osm-way-912161995","dataset":"OpenStreetMap former/disused railway extract","publisher":"OpenStreetMap contributors","effective_date":"2026-09-07T10:02:26Z","licence":"ODbL-1.0"},"geometry":{"type":"LineString","coordinates":[[-1.6311811,51.0335339],[-1.6304804,51.0328309]]}},{"type":"Feature","properties":{"disused:railway":"narrow_gauge","layer":"-1","name":"RNAD Dean Hill","railway":"disused","tunnel":"yes","source_id":"osm-way-912161996","dataset":"OpenStreetMap former/disused railway extract","publisher":"OpenStreetMap contributors","effective_date":"2026-09-07T10:02:26Z","licence":"ODbL-1.0"},"geometry":{"type":"LineString","coordinates":[[-1.6296349,51.0334324],[-1.6290388,51.0328002]]}},{"type":"Feature","properties":{"disused:railway":"narrow_gauge","layer":"-1","name":"RNAD Dean Hill","railway":"disused","tunnel":"yes","source_id":"osm-way-912161997","dataset":"OpenStreetMap former/disused railway extract","publisher":"OpenStreetMap contributors","effective_date":"2026-09-07T10:02:26Z","licence":"ODbL-1.0"},"geometry":{"type":"LineString","coordinates":[[-1.6287489,51.0334063],[-1.6281017,51.0328359]]}},{"type":"Feature","properties":{"disused:railway":"narrow_gauge","layer":"-1","name":"RNAD Dean Hill","railway":"disused","tunnel":"yes","source_id":"osm-way-912161998","dataset":"OpenStreetMap former/disused railway extract","publisher":"OpenStreetMap contributors","effective_date":"2026-09-07T10:02:26Z","licence":"ODbL-1.0"},"geometry":{"type":"LineString","coordinates":[[-1.6278083,51.0334119],[-1.6272668,51.0329038]]}},{"type":"Feature","properties":{"disused:railway":"narrow_gauge","layer":"-1","name":"RNAD Dean Hill","railway":"disused","tunnel":"yes","source_id":"osm-way-912161999","dataset":"OpenStreetMap former/disused railway extract","publisher":"OpenStreetMap contributors","effective_date":"2026-09-07T10:02:26Z","licence":"ODbL-1.0"},"geometry":{"type":"LineString","coordinates":[[-1.6269751,51.033507],[-1.6264035,51.0329716]]}},{"type":"Feature","properties":{"disused:railway":"narrow_gauge","layer":"-1","name":"RNAD Dean Hill","railway":"disused","tunnel":"yes","source_id":"osm-way-912162000","dataset":"OpenStreetMap former/disused railway extract","publisher":"OpenStreetMap contributors","effective_date":"2026-09-07T10:02:26Z","licence":"ODbL-1.0"},"geometry":{"type":"LineString","coordinates":[[-1.6261325,51.0335773],[-1.6254142,51.0332194]]}},{"type":"Feature","properties":{"disused:railway":"narrow_gauge","layer":"-1","name":"RNAD Dean Hill","railway":"disused","tunnel":"yes","source_id":"osm-way-912162001","dataset":"OpenStreetMap former/disused railway extract","publisher":"OpenStreetMap contributors","effective_date":"2026-09-07T10:02:26Z","licence":"ODbL-1.0"},"geometry":{"type":"LineString","coordinates":[[-1.626162,51.0335478],[-1.6254573,51.0331827]]}},{"type":"Feature","properties":{"disused:railway":"narrow_gauge","layer":"-1","name":"RNAD Dean Hill","railway":"disused","tunnel":"yes","source_id":"osm-way-912162002","dataset":"OpenStreetMap former/disused railway extract","publisher":"OpenStreetMap contributors","effective_date":"2026-09-07T10:02:26Z","licence":"ODbL-1.0"},"geometry":{"type":"LineString","coordinates":[[-1.625469,51.0335987],[-1.625091,51.0330665]]}},{"type":"Feature","properties":{"disused:railway":"narrow_gauge","layer":"-1","name":"RNAD Dean Hill","railway":"disused","tunnel":"yes","source_id":"osm-way-912162003","dataset":"OpenStreetMap former/disused railway extract","publisher":"OpenStreetMap contributors","effective_date":"2026-09-07T10:02:26Z","licence":"ODbL-1.0"},"geometry":{"type":"LineString","coordinates":[[-1.624616,51.0336905],[-1.62414,51.0331575]]}},{"type":"Feature","properties":{"disused:railway":"narrow_gauge","layer":"-1","name":"RNAD Dean Hill","railway":"disused","tunnel":"yes","source_id":"osm-way-912162004","dataset":"OpenStreetMap former/disused railway extract","publisher":"OpenStreetMap contributors","effective_date":"2026-09-07T10:02:26Z","licence":"ODbL-1.0"},"geometry":{"type":"LineString","coordinates":[[-1.6237481,51.0337414],[-1.6232659,51.0332214]]}},{"type":"Feature","properties":{"disused:railway":"narrow_gauge","layer":"-1","name":"RNAD Dean Hill","railway":"disused","tunnel":"yes","source_id":"osm-way-912162005","dataset":"OpenStreetMap former/disused railway extract","publisher":"OpenStreetMap contributors","effective_date":"2026-09-07T10:02:26Z","licence":"ODbL-1.0"},"geometry":{"type":"LineString","coordinates":[[-1.6228757,51.033794],[-1.6223641,51.0333375]]}},{"type":"Feature","properties":{"disused:railway":"narrow_gauge","layer":"-1","name":"RNAD Dean Hill","railway":"disused","tunnel":"yes","source_id":"osm-way-912162006","dataset":"OpenStreetMap former/disused railway extract","publisher":"OpenStreetMap contributors","effective_date":"2026-09-07T10:02:26Z","licence":"ODbL-1.0"},"geometry":{"type":"LineString","coordinates":[[-1.6213134,51.0337711],[-1.6210006,51.0333549]]}},{"type":"Feature","properties":{"disused:railway":"narrow_gauge","layer":"-1","name":"RNAD Dean Hill","railway":"disused","tunnel":"yes","source_id":"osm-way-912162007","dataset":"OpenStreetMap former/disused railway extract","publisher":"OpenStreetMap contributors","effective_date":"2026-09-07T10:02:26Z","licence":"ODbL-1.0"},"geometry":{"type":"LineString","coordinates":[[-1.6204715,51.0337882],[-1.620222,51.0333453]]}},{"type":"Feature","properties":{"disused:railway":"narrow_gauge","layer":"-1","name":"RNAD Dean Hill","railway":"disused","tunnel":"yes","source_id":"osm-way-912162008","dataset":"OpenStreetMap former/disused railway extract","publisher":"OpenStreetMap contributors","effective_date":"2026-09-07T10:02:26Z","licence":"ODbL-1.0"},"geometry":{"type":"LineString","coordinates":[[-1.6195995,51.0337774],[-1.6186997,51.0327449]]}},{"type":"Feature","properties":{"disused:railway":"narrow_gauge","layer":"-1","name":"RNAD Dean Hill","railway":"disused","tunnel":"yes","source_id":"osm-way-912162009","dataset":"OpenStreetMap former/disused railway extract","publisher":"OpenStreetMap contributors","effective_date":"2026-09-07T10:02:26Z","licence":"ODbL-1.0"},"geometry":{"type":"LineString","coordinates":[[-1.618705,51.0338091],[-1.6177352,51.0328561]]}},{"type":"Feature","properties":{"disused:railway":"narrow_gauge","layer":"-1","name":"RNAD Dean Hill","railway":"disused","tunnel":"yes","source_id":"osm-way-912162010","dataset":"OpenStreetMap former/disused railway extract","publisher":"OpenStreetMap contributors","effective_date":"2026-09-07T10:02:26Z","licence":"ODbL-1.0"},"geometry":{"type":"LineString","coordinates":[[-1.6169079,51.0339393],[-1.6161184,51.032903]]}},{"type":"Feature","properties":{"disused:railway":"narrow_gauge","layer":"-1","name":"RNAD Dean Hill","railway":"disused","tunnel":"yes","source_id":"osm-way-912162011","dataset":"OpenStreetMap former/disused railway extract","publisher":"OpenStreetMap contributors","effective_date":"2026-09-07T10:02:26Z","licence":"ODbL-1.0"},"geometry":{"type":"LineString","coordinates":[[-1.6157643,51.0341581],[-1.6143465,51.0331899]]}},{"type":"Feature","properties":{"disused:railway":"narrow_gauge","layer":"-1","name":"RNAD Dean Hill","railway":"disused","tunnel":"yes","source_id":"osm-way-912162012","dataset":"OpenStreetMap former/disused railway extract","publisher":"OpenStreetMap contributors","effective_date":"2026-09-07T10:02:26Z","licence":"ODbL-1.0"},"geometry":{"type":"LineString","coordinates":[[-1.6149116,51.03456],[-1.6127852,51.0340877]]}},{"type":"Feature","properties":{"disused:railway":"narrow_gauge","layer":"-1","name":"RNAD Dean Hill","railway":"disused","tunnel":"yes","source_id":"osm-way-912162014","dataset":"OpenStreetMap former/disused railway extract","publisher":"OpenStreetMap contributors","effective_date":"2026-09-07T10:02:26Z","licence":"ODbL-1.0"},"geometry":{"type":"LineString","coordinates":[[-1.6358841,51.0337856],[-1.6356784,51.0331347]]}},{"type":"Feature","properties":{"disused:railway":"narrow_gauge","layer":"-1","name":"RNAD Dean Hill","railway":"disused","tunnel":"yes","source_id":"osm-way-912162015","dataset":"OpenStreetMap former/disused railway extract","publisher":"OpenStreetMap contributors","effective_date":"2026-09-07T10:02:26Z","licence":"ODbL-1.0"},"geometry":{"type":"LineString","coordinates":[[-1.6368594,51.0338555],[-1.6367579,51.0331808]]}},{"type":"Feature","properties":{"disused:railway":"narrow_gauge","layer":"-1","name":"RNAD Dean Hill","railway":"disused","tunnel":"yes","source_id":"osm-way-912162016","dataset":"OpenStreetMap former/disused railway extract","publisher":"OpenStreetMap contributors","effective_date":"2026-09-07T10:02:26Z","licence":"ODbL-1.0"},"geometry":{"type":"LineString","coordinates":[[-1.6381383,51.0338959],[-1.6387596,51.0327985]]}},{"type":"Feature","properties":{"disused:railway":"narrow_gauge","layer":"-1","name":"RNAD Dean Hill","railway":"disused","tunnel":"yes","source_id":"osm-way-912162017","dataset":"OpenStreetMap former/disused railway extract","publisher":"OpenStreetMap contributors","effective_date":"2026-09-07T10:02:26Z","licence":"ODbL-1.0"},"geometry":{"type":"LineString","coordinates":[[-1.6391989,51.0342099],[-1.6395877,51.0331083]]}},{"type":"Feature","properties":{"abandoned:railway":"rail","access":"private","alt_name":"Sprat & Winkle Line","name":"Andover Junction to Kimbridge Junction","railway":"abandoned","ref":"AKJ","usage":"branch","source_id":"osm-way-916374348","dataset":"OpenStreetMap former/disused railway extract","publisher":"OpenStreetMap contributors","effective_date":"2026-09-07T10:02:26Z","licence":"ODbL-1.0"},"geometry":{"type":"LineString","coordinates":[[-1.5110769,51.0712087],[-1.5108727,51.0713745],[-1.510785,51.071439],[-1.5106304,51.071578],[-1.5105481,51.071652],[-1.5103569,51.0718529],[-1.510298,51.0719165],[-1.5102091,51.072017],[-1.5098581,51.072296],[-1.5097722,51.0723757]]}},{"type":"Feature","properties":{"abandoned:railway":"rail","alt_name":"Sprat & Winkle Line","layer":"1","name":"Andover Junction to Kimbridge Junction","railway":"abandoned","ref":"AKJ","usage":"branch","source_id":"osm-way-917982135","dataset":"OpenStreetMap former/disused railway extract","publisher":"OpenStreetMap contributors","effective_date":"2026-09-07T10:02:26Z","licence":"ODbL-1.0"},"geometry":{"type":"LineString","coordinates":[[-1.5097722,51.0723757],[-1.5096931,51.0724871],[-1.5096006,51.0726287],[-1.5089865,51.0732207],[-1.5086587,51.0735262],[-1.5083616,51.0738235],[-1.5075011,51.0746549],[-1.5070279,51.0751562],[-1.5066516,51.0755356],[-1.5064493,51.0757653],[-1.5062523,51.0759795],[-1.5036321,51.0782557],[-1.5031263,51.0788284],[-1.5025461,51.0796059],[-1.5020603,51.0805397],[-1.5015243,51.0822285],[-1.5014983,51.0824771],[-1.5014458,51.0830422],[-1.501418,51.0837575],[-1.5014667,51.0842758],[-1.5015017,51.0845139],[-1.5015583,51.0847154],[-1.5015409,51.0848913],[-1.5016032,51.0853243],[-1.5015636,51.0862795],[-1.5014835,51.0867057],[-1.5012257,51.0874943],[-1.500333,51.0889579],[-1.500192,51.0892215],[-1.4991322,51.090783],[-1.499,51.0910951],[-1.4986362,51.0917328],[-1.4980298,51.0933747],[-1.4980201,51.0938305],[-1.4975948,51.094945],[-1.4973204,51.0953799],[-1.4967143,51.0965636],[-1.4964841,51.0969211],[-1.4962701,51.0973129],[-1.4960311,51.0976774],[-1.4956185,51.09861],[-1.4952767,51.099788],[-1.4949916,51.1022944],[-1.4948505,51.1032457],[-1.4946736,51.1038931],[-1.4942155,51.1048522],[-1.4932658,51.1064817],[-1.4926244,51.1075182],[-1.4917236,51.1095593],[-1.4913476,51.1101772],[-1.490901,51.110741],[-1.4905707,51.1110582],[-1.4902399,51.1114409],[-1.4900043,51.1116801],[-1.4893936,51.1123475],[-1.4892921,51.1125558]]}},{"type":"Feature","properties":{"name":"Andoversford Line","railway":"razed","razed:railway":"rail","ref":"AND","source_id":"osm-way-942141959","dataset":"OpenStreetMap former/disused railway extract","publisher":"OpenStreetMap contributors","effective_date":"2026-09-07T10:02:26Z","licence":"ODbL-1.0"},"geometry":{"type":"LineString","coordinates":[[-1.7200533,51.4994994],[-1.7194061,51.4971388]]}},{"type":"Feature","properties":{"name":"Andoversford Line","railway":"razed","razed:railway":"rail","ref":"AND","source":"NPE;Bing","source_id":"osm-way-943357180","dataset":"OpenStreetMap former/disused railway extract","publisher":"OpenStreetMap contributors","effective_date":"2026-09-07T10:02:26Z","licence":"ODbL-1.0"},"geometry":{"type":"LineString","coordinates":[[-1.9557249,51.7016743],[-1.9559844,51.7021459],[-1.957614,51.7049221],[-1.9587535,51.7067083],[-1.9589834,51.7072116],[-1.9591801,51.7076424],[-1.9591907,51.7076656],[-1.9592393,51.7078788],[-1.9592558,51.7081019],[-1.9592445,51.7087891],[-1.9591235,51.7093235],[-1.9589875,51.709704],[-1.9588141,51.7100352],[-1.95865,51.7103085],[-1.9583887,51.7106712],[-1.9582754,51.7108337],[-1.9581937,51.7109447]]}},{"type":"Feature","properties":{"abandoned:railway":"rail","name":"Andoversford Line","railway":"abandoned","ref":"AND","source_id":"osm-way-943357183","dataset":"OpenStreetMap former/disused railway extract","publisher":"OpenStreetMap contributors","effective_date":"2026-09-07T10:02:26Z","licence":"ODbL-1.0"},"geometry":{"type":"LineString","coordinates":[[-1.8242933,51.5849259],[-1.8243957,51.58502],[-1.8244849,51.5850911],[-1.8245465,51.5851357],[-1.8249108,51.5853995],[-1.8254818,51.5858301],[-1.8256393,51.585959],[-1.8260375,51.5863412]]}},{"type":"Feature","properties":{"abandoned:railway":"rail","bicycle":"designated","designation":"public_bridleway","foot":"designated","highway":"cycleway","horse":"designated","motor_vehicle":"private","ncn":"yes","ncn_ref":"45","old_name":"Andoversford Line","old_ref":"AND","prow_ref":"BSC 46","railway":"abandoned","segregated":"no","source:designation":"gloucestershire_county_council_prow_gis_data","source:prow_ref":"gloucestershire_county_council_prow_gis_data","surface":"dirt","source_id":"osm-way-954329226","dataset":"OpenStreetMap former/disused railway extract","publisher":"OpenStreetMap contributors","effective_date":"2026-09-07T10:02:26Z","licence":"ODbL-1.0"},"geometry":{"type":"LineString","coordinates":[[-1.8848583,51.6521505],[-1.8863115,51.6527188]]}},{"type":"Feature","properties":{"abandoned:railway":"rail","bicycle":"designated","bridge":"yes","designation":"public_bridleway","foot":"designated","highway":"cycleway","horse":"designated","layer":"1","motor_vehicle":"private","ncn":"yes","ncn_ref":"45","old_name":"Andoversford Line","old_ref":"AND","prow_ref":"BSC 46","railway":"abandoned","segregated":"no","source:designation":"gloucestershire_county_council_prow_gis_data","source:prow_ref":"gloucestershire_county_council_prow_gis_data","surface":"dirt","source_id":"osm-way-954329227","dataset":"OpenStreetMap former/disused railway extract","publisher":"OpenStreetMap contributors","effective_date":"2026-09-07T10:02:26Z","licence":"ODbL-1.0"},"geometry":{"type":"LineString","coordinates":[[-1.8847004,51.6520922],[-1.8848583,51.6521505]]}},{"type":"Feature","properties":{"abandoned:railway":"rail","cutting":"yes","name":"Lambourn Valley Branch","railway":"abandoned","ref":"LAM","source":"NPE","source_id":"osm-way-964959447","dataset":"OpenStreetMap former/disused railway extract","publisher":"OpenStreetMap contributors","effective_date":"2026-09-07T10:02:26Z","licence":"ODbL-1.0"},"geometry":{"type":"LineString","coordinates":[[-1.4892094,51.4918787],[-1.4872217,51.4921439],[-1.4864368,51.4921861],[-1.485332,51.4921383],[-1.4848484,51.4920742],[-1.4840033,51.4919145],[-1.4812662,51.4910476]]}},{"type":"Feature","properties":{"abandoned:railway":"rail","name":"Lambourn Valley Branch","railway":"abandoned","ref":"LAM","source":"NPE","source_id":"osm-way-964959448","dataset":"OpenStreetMap former/disused railway extract","publisher":"OpenStreetMap contributors","effective_date":"2026-09-07T10:02:26Z","licence":"ODbL-1.0"},"geometry":{"type":"LineString","coordinates":[[-1.4982605,51.4930241],[-1.4973886,51.4925597],[-1.4955207,51.4920982],[-1.4939565,51.4918037],[-1.4924744,51.4916938],[-1.4910369,51.4917034],[-1.4892094,51.4918787]]}},{"type":"Feature","properties":{"abandoned:railway":"rail","layer":"-1","name":"Malmesbury Branch","railway":"abandoned","ref":"MAL2","source":"OS 1:25k","tunnel":"yes","source_id":"osm-way-965959138","dataset":"OpenStreetMap former/disused railway extract","publisher":"OpenStreetMap contributors","effective_date":"2026-09-07T10:02:26Z","licence":"ODbL-1.0"},"geometry":{"type":"LineString","coordinates":[[-2.0958036,51.5854948],[-2.0943196,51.5847128]]}},{"type":"Feature","properties":{"bicycle":"designated","designation":"public_footpath","foot":"designated","highway":"cycleway","horse":"no","name":"Two Tunnels Greenway","prow_ref":"BA22/19","railway":"abandoned","segregated":"no","surface":"asphalt","source_id":"osm-way-966313867","dataset":"OpenStreetMap former/disused railway extract","publisher":"OpenStreetMap contributors","effective_date":"2026-09-07T10:02:26Z","licence":"ODbL-1.0"},"geometry":{"type":"LineString","coordinates":[[-2.3450901,51.3446333],[-2.3450827,51.3446775],[-2.3450499,51.3447752]]}},{"type":"Feature","properties":{"name":"Somerset and Dorset Line","railway":"razed","razed:railway":"rail","ref":"SAD","source_id":"osm-way-966313868","dataset":"OpenStreetMap former/disused railway extract","publisher":"OpenStreetMap contributors","effective_date":"2026-09-07T10:02:26Z","licence":"ODbL-1.0"},"geometry":{"type":"LineString","coordinates":[[-2.3450245,51.3443837],[-2.3450398,51.3445027],[-2.3450499,51.3447752]]}},{"type":"Feature","properties":{"alt_name":"Berks and Hants Line","name":"Wilts, Somerset and Weymouth Railway (Devizes Branch)","railway":"razed","razed:railway":"rail","ref":"BHL","wikidata":"Q16988700","wikipedia":"en:Devizes branch line","source_id":"osm-way-966314691","dataset":"OpenStreetMap former/disused railway extract","publisher":"OpenStreetMap contributors","effective_date":"2026-09-07T10:02:26Z","licence":"ODbL-1.0"},"geometry":{"type":"LineString","coordinates":[[-2.0667762,51.3576663],[-2.0652419,51.3573447],[-2.0637131,51.3569662]]}},{"type":"Feature","properties":{"alt_name":"Berks and Hants Line","name":"Wilts, Somerset and Weymouth Railway (Devizes Branch)","railway":"razed","razed:railway":"rail","ref":"BHL","source":"NPE","wikidata":"Q16988700","wikipedia":"en:Devizes branch line","source_id":"osm-way-977829664","dataset":"OpenStreetMap former/disused railway extract","publisher":"OpenStreetMap contributors","effective_date":"2026-09-07T10:02:26Z","licence":"ODbL-1.0"},"geometry":{"type":"LineString","coordinates":[[-2.0356468,51.3505432],[-2.0342568,51.3503155]]}},{"type":"Feature","properties":{"alt_name":"Berks and Hants Line","name":"Wilts, Somerset and Weymouth Railway (Devizes Branch)","railway":"razed","razed:railway":"rail","ref":"BHL","source":"NPE","wikidata":"Q16988700","wikipedia":"en:Devizes branch line","source_id":"osm-way-977829665","dataset":"OpenStreetMap former/disused railway extract","publisher":"OpenStreetMap contributors","effective_date":"2026-09-07T10:02:26Z","licence":"ODbL-1.0"},"geometry":{"type":"LineString","coordinates":[[-2.0305811,51.3497564],[-2.0300476,51.3496867]]}},{"type":"Feature","properties":{"name":"Wilts, Somerset and Weymouth Railway (Devizes Branch)","railway":"razed","razed:railway":"rail","ref":"BHL","wikidata":"Q16988700","wikipedia":"en:Devizes branch line","source_id":"osm-way-977829666","dataset":"OpenStreetMap former/disused railway extract","publisher":"OpenStreetMap contributors","effective_date":"2026-09-07T10:02:26Z","licence":"ODbL-1.0"},"geometry":{"type":"LineString","coordinates":[[-1.9789263,51.340713],[-1.9795096,51.3409511]]}},{"type":"Feature","properties":{"disused:railway":"rail","electrified":"no","gauge":"1435","name":"Quidhampton Siding","railway":"disused","service":"siding","usage":"industrial","source_id":"osm-way-999028421","dataset":"OpenStreetMap former/disused railway extract","publisher":"OpenStreetMap contributors","effective_date":"2026-09-07T10:02:26Z","licence":"ODbL-1.0"},"geometry":{"type":"LineString","coordinates":[[-1.8435976,51.0808004],[-1.8433766,51.0807819],[-1.8430936,51.0807595]]}},{"type":"Feature","properties":{"bridge":"yes","disused:railway":"rail","electrified":"no","gauge":"1435","layer":"1","name":"Quidhampton Siding","railway":"disused","service":"siding","usage":"industrial","source_id":"osm-way-999028422","dataset":"OpenStreetMap former/disused railway extract","publisher":"OpenStreetMap contributors","effective_date":"2026-09-07T10:02:26Z","licence":"ODbL-1.0"},"geometry":{"type":"LineString","coordinates":[[-1.8430936,51.0807595],[-1.8429626,51.0807487]]}},{"type":"Feature","properties":{"abandoned:railway":"rail","alt_name":"Milford Branch","name":"Salisbury Goods Line","railway":"abandoned","source_id":"osm-way-999032247","dataset":"OpenStreetMap former/disused railway extract","publisher":"OpenStreetMap contributors","effective_date":"2026-09-07T10:02:26Z","licence":"ODbL-1.0"},"geometry":{"type":"LineString","coordinates":[[-1.7796063,51.0651072],[-1.7795139,51.0650909],[-1.7784829,51.0649114]]}},{"type":"Feature","properties":{"abandoned:railway":"rail","alt_name":"Milford Branch","name":"Salisbury Goods Line","railway":"abandoned","source_id":"osm-way-999032248","dataset":"OpenStreetMap former/disused railway extract","publisher":"OpenStreetMap contributors","effective_date":"2026-09-07T10:02:26Z","licence":"ODbL-1.0"},"geometry":{"type":"LineString","coordinates":[[-1.7805046,51.0652798],[-1.779959,51.0651729]]}},{"type":"Feature","properties":{"abandoned:railway":"rail","alt_name":"Milford Branch","bridge":"yes","layer":"1","name":"Salisbury Goods Line","railway":"abandoned","source_id":"osm-way-999032249","dataset":"OpenStreetMap former/disused railway extract","publisher":"OpenStreetMap contributors","effective_date":"2026-09-07T10:02:26Z","licence":"ODbL-1.0"},"geometry":{"type":"LineString","coordinates":[[-1.779959,51.0651729],[-1.7796063,51.0651072]]}},{"type":"Feature","properties":{"abandoned:railway":"rail","electrified":"no","gauge":"1435","railway":"abandoned","service":"spur","source_id":"osm-way-1009337629","dataset":"OpenStreetMap former/disused railway extract","publisher":"OpenStreetMap contributors","effective_date":"2026-09-07T10:02:26Z","licence":"ODbL-1.0"},"geometry":{"type":"LineString","coordinates":[[-1.6018664,51.0389109],[-1.6019615,51.0389127],[-1.6068124,51.039003],[-1.6073206,51.0389672],[-1.6092039,51.0388126],[-1.6118976,51.0385381],[-1.6127367,51.0384375],[-1.6134341,51.038298]]}},{"type":"Feature","properties":{"name":"Air Ministry Loop","railway":"razed","razed:railway":"rail","ref":"AMP1","source_id":"osm-way-1010194555","dataset":"OpenStreetMap former/disused railway extract","publisher":"OpenStreetMap contributors","effective_date":"2026-09-07T10:02:26Z","licence":"ODbL-1.0"},"geometry":{"type":"LineString","coordinates":[[-2.1454829,51.4323237],[-2.1461374,51.4323338],[-2.1470386,51.4322769],[-2.1476984,51.4321766],[-2.1482939,51.4320127],[-2.1488518,51.4318288],[-2.149415,51.4316415],[-2.1497291,51.4315439]]}},{"type":"Feature","properties":{"abandoned:railway":"rail","railway":"abandoned","service":"siding","source":"Bing","source_id":"osm-way-1010194556","dataset":"OpenStreetMap former/disused railway extract","publisher":"OpenStreetMap contributors","effective_date":"2026-09-07T10:02:26Z","licence":"ODbL-1.0"},"geometry":{"type":"LineString","coordinates":[[-2.1405048,51.4381442],[-2.1409822,51.4377805],[-2.14117,51.4376375],[-2.1420473,51.4370317],[-2.1421678,51.4369358],[-2.1422397,51.4368632],[-2.142436,51.4366711],[-2.1426147,51.4364648],[-2.1428741,51.4361676]]}},{"type":"Feature","properties":{"disused:railway":"rail","railway":"disused","service":"siding","source":"Bing","source_id":"osm-way-1010194557","dataset":"OpenStreetMap former/disused railway extract","publisher":"OpenStreetMap contributors","effective_date":"2026-09-07T10:02:26Z","licence":"ODbL-1.0"},"geometry":{"type":"LineString","coordinates":[[-2.141741,51.4370497],[-2.142157,51.436641]]}},{"type":"Feature","properties":{"abandoned:railway":"rail","historic:operator":"Midland & South Western Junction Railway","name":"Grafton Curve","railway":"abandoned","ref":"GRZ","source":"NPE","source_id":"osm-way-1010288334","dataset":"OpenStreetMap former/disused railway extract","publisher":"OpenStreetMap contributors","effective_date":"2026-09-07T10:02:26Z","licence":"ODbL-1.0"},"geometry":{"type":"LineString","coordinates":[[-1.6355514,51.358079],[-1.6365216,51.3580432],[-1.6374558,51.3580141],[-1.6387267,51.3579843],[-1.6397675,51.3578319],[-1.640624,51.3575931],[-1.6412051,51.3573071],[-1.6416562,51.3570119],[-1.6420559,51.3566952],[-1.6424903,51.3561279],[-1.6426126,51.3558626],[-1.6426711,51.3556079],[-1.6426814,51.3553511]]}},{"type":"Feature","properties":{"abandoned:railway":"rail","alt_name":"Grafton West Junction","historic:operator":"Midland & South Western Junction Railway","name":"Wolfhall Loop","railway":"abandoned","ref":"WOF","source":"NPE","source_id":"osm-way-1011739641","dataset":"OpenStreetMap former/disused railway extract","publisher":"OpenStreetMap contributors","effective_date":"2026-09-07T10:02:26Z","licence":"ODbL-1.0"},"geometry":{"type":"LineString","coordinates":[[-1.6488376,51.3609001],[-1.646293,51.3596178],[-1.6461065,51.3595146]]}},{"type":"Feature","properties":{"abandoned:railway":"rail","name":"Andoversford Line","railway":"abandoned","ref":"AND","source":"NPE","source_id":"osm-way-1011743386","dataset":"OpenStreetMap former/disused railway extract","publisher":"OpenStreetMap contributors","effective_date":"2026-09-07T10:02:26Z","licence":"ODbL-1.0"},"geometry":{"type":"LineString","coordinates":[[-1.7496997,51.529705],[-1.743388,51.5290011],[-1.7425659,51.5288723]]}},{"type":"Feature","properties":{"abandoned:railway":"rail","name":"Andoversford Line","railway":"abandoned","ref":"AND","source":"NPE","source_id":"osm-way-1011743387","dataset":"OpenStreetMap former/disused railway extract","publisher":"OpenStreetMap contributors","effective_date":"2026-09-07T10:02:26Z","licence":"ODbL-1.0"},"geometry":{"type":"LineString","coordinates":[[-1.7556455,51.5325798],[-1.7548856,51.5317063],[-1.7546457,51.5314703],[-1.7542309,51.5311738],[-1.7538431,51.5309284],[-1.7531758,51.5305426]]}},{"type":"Feature","properties":{"abandoned:railway":"rail","name":"Andoversford Line","railway":"abandoned","ref":"AND","source":"NPE","source_id":"osm-way-1011743388","dataset":"OpenStreetMap former/disused railway extract","publisher":"OpenStreetMap contributors","effective_date":"2026-09-07T10:02:26Z","licence":"ODbL-1.0"},"geometry":{"type":"LineString","coordinates":[[-1.7531758,51.5305426],[-1.7528648,51.5303936],[-1.7523624,51.5301981],[-1.751573,51.5299665],[-1.7511338,51.5298801],[-1.7506441,51.5298123],[-1.7496997,51.529705]]}},{"type":"Feature","properties":{"abandoned:railway":"rail","name":"Andoversford Line","railway":"abandoned","ref":"AND","source":"NPE","source_id":"osm-way-1011743389","dataset":"OpenStreetMap former/disused railway extract","publisher":"OpenStreetMap contributors","effective_date":"2026-09-07T10:02:26Z","licence":"ODbL-1.0"},"geometry":{"type":"LineString","coordinates":[[-1.7425659,51.5288723],[-1.7411043,51.5286287],[-1.7406579,51.5285315],[-1.7401034,51.528364],[-1.7397603,51.5282345]]}},{"type":"Feature","properties":{"abandoned:railway":"rail","name":"Andoversford Line","railway":"abandoned","ref":"AND","source_id":"osm-way-1011743390","dataset":"OpenStreetMap former/disused railway extract","publisher":"OpenStreetMap contributors","effective_date":"2026-09-07T10:02:26Z","licence":"ODbL-1.0"},"geometry":{"type":"LineString","coordinates":[[-1.7363484,51.5229197],[-1.7363132,51.5241286],[-1.7363207,51.524513]]}},{"type":"Feature","properties":{"abandoned:railway":"rail","embankment":"yes","name":"Andoversford Line","railway":"abandoned","ref":"AND","source_id":"osm-way-1011745367","dataset":"OpenStreetMap former/disused railway extract","publisher":"OpenStreetMap contributors","effective_date":"2026-09-07T10:02:26Z","licence":"ODbL-1.0"},"geometry":{"type":"LineString","coordinates":[[-1.7129826,51.4579724],[-1.7123941,51.4584212]]}},{"type":"Feature","properties":{"abandoned:railway":"rail","name":"Andoversford Line","railway":"abandoned","ref":"AND","source":"OS 1:25k","source_id":"osm-way-1011750321","dataset":"OpenStreetMap former/disused railway extract","publisher":"OpenStreetMap contributors","effective_date":"2026-09-07T10:02:26Z","licence":"ODbL-1.0"},"geometry":{"type":"LineString","coordinates":[[-1.8104917,51.5552543],[-1.8105589,51.5554227],[-1.8106639,51.5556363],[-1.8107689,51.5558153],[-1.8109545,51.5561092],[-1.812255,51.5579896]]}},{"type":"Feature","properties":{"name":"Moredon Power Station","railway":"razed","razed:railway":"rail","service":"spur","source_id":"osm-way-1011751665","dataset":"OpenStreetMap former/disused railway extract","publisher":"OpenStreetMap contributors","effective_date":"2026-09-07T10:02:26Z","licence":"ODbL-1.0"},"geometry":{"type":"LineString","coordinates":[[-1.8244849,51.5850911],[-1.8243002,51.5849891],[-1.8240631,51.5849077],[-1.8237764,51.584833],[-1.8235322,51.584789],[-1.8229518,51.5847252],[-1.8222156,51.5847054],[-1.8213238,51.5847098]]}},{"type":"Feature","properties":{"abandoned:railway":"rail","railway":"abandoned","service":"siding","source_id":"osm-way-1011757038","dataset":"OpenStreetMap former/disused railway extract","publisher":"OpenStreetMap contributors","effective_date":"2026-09-07T10:02:26Z","licence":"ODbL-1.0"},"geometry":{"type":"LineString","coordinates":[[-1.7613313,51.5794847],[-1.7612564,51.5793931],[-1.7611717,51.5793127],[-1.7610269,51.5791978],[-1.7609098,51.5791059],[-1.760839,51.5790399],[-1.7607573,51.5789636],[-1.7606592,51.5788402]]}},{"type":"Feature","properties":{"name":"Stratton Factory Branch","railway":"razed","razed:railway":"rail","ref":"SNY","source":"OS7","source_id":"osm-way-1011757045","dataset":"OpenStreetMap former/disused railway extract","publisher":"OpenStreetMap contributors","effective_date":"2026-09-07T10:02:26Z","licence":"ODbL-1.0"},"geometry":{"type":"LineString","coordinates":[[-1.7449516,51.6013008],[-1.7440086,51.601767],[-1.7426205,51.6020327],[-1.740466,51.6019069]]}},{"type":"Feature","properties":{"abandoned:railway":"rail","name":"Malmesbury Branch","railway":"abandoned","ref":"MAL1","source":"OS 1:25k","source_id":"osm-way-1012118584","dataset":"OpenStreetMap former/disused railway extract","publisher":"OpenStreetMap contributors","effective_date":"2026-09-07T10:02:26Z","licence":"ODbL-1.0"},"geometry":{"type":"LineString","coordinates":[[-2.06029,51.5581746],[-2.0599263,51.5573748],[-2.0596796,51.556569],[-2.0594864,51.5557685],[-2.0592075,51.554928],[-2.0589285,51.5542209],[-2.0586067,51.5535004],[-2.0581561,51.5527533],[-2.0575982,51.5520861],[-2.0568472,51.551419],[-2.0559459,51.5508319],[-2.0550233,51.5502849],[-2.054122,51.5498045],[-2.0530803,51.5493288],[-2.0512467,51.5483768],[-2.0493466,51.5474474],[-2.0482714,51.5467151],[-2.0479948,51.5465267],[-2.0471511,51.545782],[-2.0463114,51.5450408],[-2.0454961,51.5444002],[-2.033115,51.5355919],[-2.0295656,51.5331089]]}},{"type":"Feature","properties":{"abandoned:railway":"rail","name":"Nailsworth Branch","operator":"Midland Railway","railway":"abandoned","ref":"NAI","source_id":"osm-way-1020582777","dataset":"OpenStreetMap former/disused railway extract","publisher":"OpenStreetMap contributors","effective_date":"2026-09-07T10:02:26Z","licence":"ODbL-1.0"},"geometry":{"type":"LineString","coordinates":[[-2.2289387,51.723039],[-2.228877,51.7228413],[-2.2288502,51.7226452],[-2.2288851,51.7223561],[-2.228987,51.7218626],[-2.2292096,51.7212595],[-2.2293411,51.7209803],[-2.2297675,51.7204403],[-2.2303335,51.7198787],[-2.2304542,51.7196593],[-2.2305078,51.7194051],[-2.2305657,51.7188485],[-2.2306283,51.7186151],[-2.2307669,51.7180825],[-2.2308688,51.7172666],[-2.2309171,51.7164058],[-2.2310056,51.7157793],[-2.2309708,51.7155117],[-2.2308801,51.7149926],[-2.2308306,51.7147514],[-2.2306852,51.7142367],[-2.230597,51.7139247],[-2.2301988,51.7128678],[-2.2298714,51.712177],[-2.2290787,51.711166],[-2.2279178,51.7096967],[-2.2273232,51.7089357],[-2.2270542,51.708462],[-2.2269905,51.7082142],[-2.2268844,51.707326],[-2.2267994,51.7059355],[-2.2266614,51.7053937],[-2.2264066,51.7047708],[-2.2257164,51.7036523],[-2.2248918,51.7027332],[-2.2239397,51.7019107],[-2.2225701,51.7007701],[-2.2214835,51.6998423],[-2.220647,51.6991956],[-2.2199128,51.6987643],[-2.2193469,51.6984202],[-2.2183437,51.6977769]]}},{"type":"Feature","properties":{"abandoned:railway":"rail","railway":"abandoned","service":"siding","source_id":"osm-way-1020582778","dataset":"OpenStreetMap former/disused railway extract","publisher":"OpenStreetMap contributors","effective_date":"2026-09-07T10:02:26Z","licence":"ODbL-1.0"},"geometry":{"type":"LineString","coordinates":[[-2.2225701,51.7007701],[-2.2215968,51.6997699],[-2.2210518,51.6993377],[-2.2203581,51.6988968],[-2.2198307,51.6985415],[-2.2197352,51.6984208],[-2.2195759,51.6981598],[-2.2192503,51.6978088],[-2.2187088,51.6974359],[-2.2182806,51.6971946]]}},{"type":"Feature","properties":{"name":"Dursley Branch","railway":"razed","razed:railway":"rail","ref":"DLY","source_id":"osm-way-1020606443","dataset":"OpenStreetMap former/disused railway extract","publisher":"OpenStreetMap contributors","effective_date":"2026-09-07T10:02:26Z","licence":"ODbL-1.0"},"geometry":{"type":"LineString","coordinates":[[-2.3629798,51.7047186],[-2.362674,51.7037042],[-2.3625281,51.7032712],[-2.3622304,51.7027459],[-2.3619327,51.702327],[-2.3616242,51.701963],[-2.3608824,51.701225],[-2.3601892,51.7005251],[-2.3592961,51.6996573],[-2.3590785,51.6994116],[-2.3587274,51.6990489],[-2.3582607,51.6985385]]}},{"type":"Feature","properties":{"abandoned:railway":"rail","alt_name":"Sprat and Winkle Line","name":"Andover Junction to Kimbridge Junction","railway":"abandoned","ref":"AKJ","usage":"branch","source_id":"osm-way-1022627353","dataset":"OpenStreetMap former/disused railway extract","publisher":"OpenStreetMap contributors","effective_date":"2026-09-07T10:02:26Z","licence":"ODbL-1.0"},"geometry":{"type":"LineString","coordinates":[[-1.4840996,51.2041274],[-1.4847099,51.203844],[-1.4851471,51.2036575],[-1.4857774,51.2034743],[-1.4866277,51.2032491],[-1.4883389,51.2029113],[-1.4900958,51.2024508],[-1.4910587,51.2021467],[-1.491571,51.2019736],[-1.4919304,51.2018156],[-1.4922415,51.201666],[-1.4925178,51.2014979],[-1.4929983,51.2011462],[-1.49323,51.200917],[-1.493604,51.2005017],[-1.4938683,51.2002164],[-1.4940634,51.1998776],[-1.494287,51.1991491],[-1.4945513,51.1980027]]}},{"type":"Feature","properties":{"alt_name":"Sprat and Winkle Line","name":"Andover Junction to Kimbridge Junction","railway":"abandoned","razed:railway":"rail","ref":"AKJ","usage":"branch","source_id":"osm-way-1022627355","dataset":"OpenStreetMap former/disused railway extract","publisher":"OpenStreetMap contributors","effective_date":"2026-09-07T10:02:26Z","licence":"ODbL-1.0"},"geometry":{"type":"LineString","coordinates":[[-1.4945513,51.1980027],[-1.494844,51.1965251],[-1.4948708,51.1963706],[-1.4948728,51.1962479],[-1.4948728,51.1959756],[-1.4948728,51.195863]]}},{"type":"Feature","properties":{"abandoned:railway":"rail","alt_name":"Sprat and Winkle Line","name":"Andover Junction to Kimbridge Junction","railway":"abandoned","ref":"AKJ","source":"npe","usage":"branch","source_id":"osm-way-1022627356","dataset":"OpenStreetMap former/disused railway extract","publisher":"OpenStreetMap contributors","effective_date":"2026-09-07T10:02:26Z","licence":"ODbL-1.0"},"geometry":{"type":"LineString","coordinates":[[-1.4948728,51.195863],[-1.4948353,51.1955285],[-1.4947441,51.1951654],[-1.4946744,51.1949839],[-1.4942218,51.1943819],[-1.4938431,51.1939795]]}},{"type":"Feature","properties":{"abandoned:railway":"rail","alt_name":"Sprat and Winkle Line","name":"Andover Junction to Kimbridge Junction","railway":"abandoned","ref":"AKJ","source":"npe","usage":"branch","source_id":"osm-way-1022627357","dataset":"OpenStreetMap former/disused railway extract","publisher":"OpenStreetMap contributors","effective_date":"2026-09-07T10:02:26Z","licence":"ODbL-1.0"},"geometry":{"type":"LineString","coordinates":[[-1.4938431,51.1939795],[-1.4933047,51.1935245],[-1.4930123,51.1932355],[-1.4927199,51.1927743],[-1.4925244,51.19229],[-1.4923544,51.191734]]}},{"type":"Feature","properties":{"abandoned:railway":"rail","name":"Salisbury & Dorset Line","railway":"abandoned","ref":"AWM","source_id":"osm-way-1023018436","dataset":"OpenStreetMap former/disused railway extract","publisher":"OpenStreetMap contributors","effective_date":"2026-09-07T10:02:26Z","licence":"ODbL-1.0"},"geometry":{"type":"LineString","coordinates":[[-1.7590607,50.9794663],[-1.7585257,50.9797713],[-1.7581194,50.9799835],[-1.7572594,50.9803661],[-1.7568121,50.9805352],[-1.7563312,50.9806862],[-1.7557945,50.9808297],[-1.7550315,50.9809974],[-1.7544643,50.9811221]]}},{"type":"Feature","properties":{"abandoned:railway":"rail","bridge":"yes","layer":"1","name":"Salisbury & Dorset Line","railway":"abandoned","ref":"AWM","source_id":"osm-way-1023018437","dataset":"OpenStreetMap former/disused railway extract","publisher":"OpenStreetMap contributors","effective_date":"2026-09-07T10:02:26Z","licence":"ODbL-1.0"},"geometry":{"type":"LineString","coordinates":[[-1.7591541,50.9793964],[-1.7590607,50.9794663]]}},{"type":"Feature","properties":{"abandoned:railway":"rail","name":"Salisbury & Dorset Line","railway":"abandoned","ref":"AWM","source_id":"osm-way-1023019573","dataset":"OpenStreetMap former/disused railway extract","publisher":"OpenStreetMap contributors","effective_date":"2026-09-07T10:02:26Z","licence":"ODbL-1.0"},"geometry":{"type":"LineString","coordinates":[[-1.7731061,50.9583262],[-1.7727433,50.9590245],[-1.7724263,50.959723],[-1.7720199,50.9605001],[-1.7713853,50.9614913],[-1.7709157,50.9622436],[-1.7705441,50.962847],[-1.7694117,50.9646911],[-1.7683041,50.9663916],[-1.7677861,50.9671137],[-1.7667848,50.9682215],[-1.7664626,50.9685549],[-1.7660911,50.9689944],[-1.765511,50.9697419],[-1.7650734,50.9704348],[-1.7640637,50.9724089],[-1.7628402,50.9747565],[-1.7617838,50.9767164],[-1.7610015,50.9778138],[-1.7608365,50.9779757],[-1.7605185,50.9782805],[-1.7601116,50.9786378],[-1.7596249,50.9790503],[-1.7591541,50.9793964]]}},{"type":"Feature","properties":{"abandoned:railway":"rail","bridge":"yes","layer":"1","name":"Salisbury & Dorset Line","railway":"abandoned","ref":"AWM","source_id":"osm-way-1023019574","dataset":"OpenStreetMap former/disused railway extract","publisher":"OpenStreetMap contributors","effective_date":"2026-09-07T10:02:26Z","licence":"ODbL-1.0"},"geometry":{"type":"LineString","coordinates":[[-1.773157,50.95824],[-1.7731061,50.9583262]]}},{"type":"Feature","properties":{"abandoned:railway":"rail","name":"Alderbury Junction to West Moors","railway":"abandoned","ref":"AWM","source_id":"osm-way-1047477308","dataset":"OpenStreetMap former/disused railway extract","publisher":"OpenStreetMap contributors","effective_date":"2026-09-07T10:02:26Z","licence":"ODbL-1.0"},"geometry":{"type":"LineString","coordinates":[[-1.7236736,51.0141161],[-1.7234503,51.009837],[-1.7234532,51.0093441],[-1.7234637,51.0087058],[-1.7236592,51.0077479],[-1.7240425,51.0067104],[-1.7244107,51.0059724],[-1.7249354,51.005258],[-1.7250557,51.0051155]]}},{"type":"Feature","properties":{"abandoned:railway":"rail","bridge":"yes","layer":"1","name":"Weymouth Line","railway":"abandoned","ref":"WEY","source_id":"osm-way-1082382891","dataset":"OpenStreetMap former/disused railway extract","publisher":"OpenStreetMap contributors","effective_date":"2026-09-07T10:02:26Z","licence":"ODbL-1.0"},"geometry":{"type":"LineString","coordinates":[[-2.3106323,51.2142074],[-2.3108287,51.2139677]]}},{"type":"Feature","properties":{"electrified":"no","railway":"razed","razed:railway":"rail","service":"siding","source":"OS_OpenData_StreetView","source_id":"osm-way-1082382900","dataset":"OpenStreetMap former/disused railway extract","publisher":"OpenStreetMap contributors","effective_date":"2026-09-07T10:02:26Z","licence":"ODbL-1.0"},"geometry":{"type":"LineString","coordinates":[[-2.3105499,51.2255224],[-2.3105172,51.2254463],[-2.3105032,51.2253674],[-2.3104944,51.2253062]]}},{"type":"Feature","properties":{"name":"Frome and North Somerset Line","railway":"razed","razed:railway":"rail","ref":"FNS3","source_id":"osm-way-1082382901","dataset":"OpenStreetMap former/disused railway extract","publisher":"OpenStreetMap contributors","effective_date":"2026-09-07T10:02:26Z","licence":"ODbL-1.0"},"geometry":{"type":"LineString","coordinates":[[-2.3096421,51.2285237],[-2.3096706,51.22878],[-2.3097728,51.2290208],[-2.3098717,51.2291596],[-2.3100379,51.2293175],[-2.3101909,51.229462],[-2.3104819,51.2296509],[-2.310773,51.2297911],[-2.3110951,51.2299136],[-2.3124696,51.2303802]]}},{"type":"Feature","properties":{"abandoned:railway":"rail","name":"Whatley Quarry Line","railway":"abandoned","ref":"WQL","service":"spur","source_id":"osm-way-1082394645","dataset":"OpenStreetMap former/disused railway extract","publisher":"OpenStreetMap contributors","effective_date":"2026-09-07T10:02:26Z","licence":"ODbL-1.0"},"geometry":{"type":"LineString","coordinates":[[-2.3616621,51.2400503],[-2.3616141,51.2401601],[-2.3615886,51.2402859],[-2.361579,51.2404297],[-2.3615695,51.240861],[-2.361528,51.2410148],[-2.36141,51.2411805],[-2.3612569,51.2413063],[-2.3611229,51.2414041],[-2.3609921,51.241468],[-2.3607593,51.241528],[-2.3604499,51.2415679],[-2.3598757,51.2416178],[-2.3596397,51.2416617],[-2.3595121,51.2417077],[-2.3594005,51.2417576],[-2.3592888,51.2418355],[-2.359158,51.2419673],[-2.3590145,51.2421929],[-2.358788,51.2424365],[-2.3584499,51.2427301],[-2.3582585,51.2428718],[-2.3579386,51.2431993],[-2.3575514,51.2435049],[-2.3572869,51.2436516],[-2.356979,51.2437737],[-2.3566824,51.2438388],[-2.3562803,51.2439054],[-2.3559132,51.2439645],[-2.3554975,51.2439897],[-2.3547399,51.2439897],[-2.3541759,51.2439581],[-2.3537887,51.2439212],[-2.3535698,51.2438422],[-2.3533847,51.2437157],[-2.353191,51.2435313],[-2.3531237,51.2434206],[-2.3531321,51.2431835],[-2.3532163,51.2428621],[-2.35325,51.2425933],[-2.353149,51.2421823],[-2.3529911,51.2416444],[-2.3529283,51.241532],[-2.3528207,51.2413974],[-2.3527112,51.2412907],[-2.3525843,51.2412117],[-2.3522664,51.2410821],[-2.3518262,51.2409201],[-2.351644,51.2408648],[-2.3514865,51.2408385],[-2.350994,51.2408501],[-2.350684,51.2408774],[-2.3489775,51.241028],[-2.348571,51.2410998],[-2.3482817,51.24119],[-2.3472936,51.2416067],[-2.3465579,51.2420294],[-2.3462717,51.242235],[-2.3459855,51.2424774],[-2.3458003,51.2427461],[-2.3455815,51.243173],[-2.3453037,51.2435524],[-2.3450536,51.2439034],[-2.3449656,51.2442612],[-2.3447337,51.2446355],[-2.3445626,51.2448346],[-2.3442548,51.245119],[-2.3436906,51.2456053],[-2.3425758,51.2465025],[-2.3424208,51.2466506],[-2.3422909,51.2468851],[-2.3421517,51.247119],[-2.3418879,51.24733],[-2.3415948,51.2474631],[-2.3413676,51.2475273],[-2.3410296,51.2475865]]}},{"type":"Feature","properties":{"abandoned:railway":"rail","name":"Whatley Quarry Line","railway":"abandoned","ref":"WQL","service":"spur","source_id":"osm-way-1082394646","dataset":"OpenStreetMap former/disused railway extract","publisher":"OpenStreetMap contributors","effective_date":"2026-09-07T10:02:26Z","licence":"ODbL-1.0"},"geometry":{"type":"LineString","coordinates":[[-2.3625646,51.2391995],[-2.3624402,51.2392295],[-2.3623218,51.2392672]]}},{"type":"Feature","properties":{"abandoned:railway":"rail","name":"Whatley Quarry Line","railway":"abandoned","ref":"WQL","service":"spur","source_id":"osm-way-1082394647","dataset":"OpenStreetMap former/disused railway extract","publisher":"OpenStreetMap contributors","effective_date":"2026-09-07T10:02:26Z","licence":"ODbL-1.0"},"geometry":{"type":"LineString","coordinates":[[-2.3637252,51.2377867],[-2.3636651,51.2381531],[-2.3636491,51.2383508],[-2.3636141,51.2385365],[-2.3635726,51.2386803],[-2.3635088,51.2388201],[-2.3634099,51.2389299],[-2.3633015,51.2390138],[-2.3631005,51.2391057],[-2.3628807,51.2391536],[-2.3627209,51.2391789]]}},{"type":"Feature","properties":{"abandoned:railway":"rail","bridge":"yes","layer":"1","name":"Whatley Quarry Line","railway":"abandoned","ref":"WQL","service":"spur","source_id":"osm-way-1082394648","dataset":"OpenStreetMap former/disused railway extract","publisher":"OpenStreetMap contributors","effective_date":"2026-09-07T10:02:26Z","licence":"ODbL-1.0"},"geometry":{"type":"LineString","coordinates":[[-2.3627209,51.2391789],[-2.3625646,51.2391995]]}},{"type":"Feature","properties":{"railway":"razed","razed:railway":"rail","ref":"CMZ","source_id":"osm-way-1082553021","dataset":"OpenStreetMap former/disused railway extract","publisher":"OpenStreetMap contributors","effective_date":"2026-09-07T10:02:26Z","licence":"ODbL-1.0"},"geometry":{"type":"LineString","coordinates":[[-2.3431429,51.3450581],[-2.3432625,51.3449239]]}},{"type":"Feature","properties":{"name":"Somerset Coal Canal Tramway","railway":"razed","razed:railway":"rail","source_id":"osm-way-1082558600","dataset":"OpenStreetMap former/disused railway extract","publisher":"OpenStreetMap contributors","effective_date":"2026-09-07T10:02:26Z","licence":"ODbL-1.0"},"geometry":{"type":"LineString","coordinates":[[-2.3447003,51.3425823],[-2.3442774,51.3425174],[-2.3439922,51.3424349]]}},{"type":"Feature","properties":{"name":"Somerset Coal Canal Tramway","railway":"razed","razed:railway":"rail","source_id":"osm-way-1082558601","dataset":"OpenStreetMap former/disused railway extract","publisher":"OpenStreetMap contributors","effective_date":"2026-09-07T10:02:26Z","licence":"ODbL-1.0"},"geometry":{"type":"LineString","coordinates":[[-2.3472578,51.3426949],[-2.3460629,51.3426628]]}},{"type":"Feature","properties":{"abandoned:railway":"narrow_gauge","name":"RNAD Dean Hill","railway":"abandoned","source_id":"osm-way-1086437102","dataset":"OpenStreetMap former/disused railway extract","publisher":"OpenStreetMap contributors","effective_date":"2026-09-07T10:02:26Z","licence":"ODbL-1.0"},"geometry":{"type":"LineString","coordinates":[[-1.6395537,51.0353293],[-1.6395651,51.0351868],[-1.6395818,51.0351206],[-1.6394941,51.034836],[-1.6394351,51.0347103],[-1.6393761,51.0346251],[-1.6392889,51.0345484],[-1.6391844,51.0344742],[-1.6391505,51.0344479]]}},{"type":"Feature","properties":{"disused:railway":"narrow_gauge","name":"RNAD Dean Hill","railway":"disused","source_id":"osm-way-1086437103","dataset":"OpenStreetMap former/disused railway extract","publisher":"OpenStreetMap contributors","effective_date":"2026-09-07T10:02:26Z","licence":"ODbL-1.0"},"geometry":{"type":"LineString","coordinates":[[-1.6392309,51.034593],[-1.6392168,51.0345812],[-1.6388122,51.0342793]]}},{"type":"Feature","properties":{"abandoned:railway":"rail","electrified":"no","gauge":"1435","railway":"abandoned","service":"spur","source_id":"osm-way-1086437104","dataset":"OpenStreetMap former/disused railway extract","publisher":"OpenStreetMap contributors","effective_date":"2026-09-07T10:02:26Z","licence":"ODbL-1.0"},"geometry":{"type":"LineString","coordinates":[[-1.5925324,51.0376039],[-1.5942566,51.0379193],[-1.5964195,51.038275],[-1.5972467,51.0384268],[-1.5980191,51.0386046],[-1.598573,51.0387328],[-1.5987545,51.0387759],[-1.5992113,51.0388307],[-1.5997776,51.0388697],[-1.6015546,51.0389041]]}},{"type":"Feature","properties":{"disused:railway":"rail","electrified":"no","gauge":"1435","railway":"disused","service":"spur","source_id":"osm-way-1086437105","dataset":"OpenStreetMap former/disused railway extract","publisher":"OpenStreetMap contributors","effective_date":"2026-09-07T10:02:26Z","licence":"ODbL-1.0"},"geometry":{"type":"LineString","coordinates":[[-1.6015546,51.0389041],[-1.601693,51.0389067],[-1.6018664,51.0389109]]}},{"type":"Feature","properties":{"alt_name":"Milford Branch","railway":"razed","razed:railway":"rail","source_id":"osm-way-1089507151","dataset":"OpenStreetMap former/disused railway extract","publisher":"OpenStreetMap contributors","effective_date":"2026-09-07T10:02:26Z","licence":"ODbL-1.0"},"geometry":{"type":"LineString","coordinates":[[-1.7842805,51.0657884],[-1.7817277,51.0654595],[-1.7805046,51.0652798]]}},{"type":"Feature","properties":{"foot":"yes","highway":"service","lit":"no","railway":"abandoned","sidewalk":"no","surface":"asphalt","source_id":"osm-way-1092922496","dataset":"OpenStreetMap former/disused railway extract","publisher":"OpenStreetMap contributors","effective_date":"2026-09-07T10:02:26Z","licence":"ODbL-1.0"},"geometry":{"type":"LineString","coordinates":[[-2.2196812,51.6983471],[-2.2198023,51.6985393],[-2.2204255,51.6989297],[-2.2207776,51.699154],[-2.2210381,51.6993421]]}},{"type":"Feature","properties":{"name":"Salisbury & Dorset Line","railway":"razed","razed:railway":"rail","ref":"AWM","source_id":"osm-way-1106533102","dataset":"OpenStreetMap former/disused railway extract","publisher":"OpenStreetMap contributors","effective_date":"2026-09-07T10:02:26Z","licence":"ODbL-1.0"},"geometry":{"type":"LineString","coordinates":[[-1.7544643,50.9811221],[-1.7539665,50.9812315]]}},{"type":"Feature","properties":{"alt_name":"Berks and Hants Line","name":"Wilts, Somerset and Weymouth Railway (Devizes Branch)","railway":"razed","razed:railway":"rail","ref":"BHL","source":"NPE","wikidata":"Q16988700","wikipedia":"en:Devizes branch line","source_id":"osm-way-1106917692","dataset":"OpenStreetMap former/disused railway extract","publisher":"OpenStreetMap contributors","effective_date":"2026-09-07T10:02:26Z","licence":"ODbL-1.0"},"geometry":{"type":"LineString","coordinates":[[-2.1833102,51.3545726],[-2.1810677,51.3550619],[-2.1802469,51.3552026],[-2.1797264,51.355281],[-2.1796929,51.355286],[-2.1796117,51.3552983],[-2.178612,51.3553385],[-2.1778524,51.3553391],[-2.1771783,51.3553094],[-2.1756145,51.3551773],[-2.1722482,51.3548496]]}},{"type":"Feature","properties":{"alt_name":"Berks and Hants Line","name":"Wilts, Somerset and Weymouth Railway (Devizes Branch)","railway":"razed","razed:railway":"rail","ref":"BHL","source":"NPE","wikidata":"Q16988700","wikipedia":"en:Devizes branch line","source_id":"osm-way-1106917693","dataset":"OpenStreetMap former/disused railway extract","publisher":"OpenStreetMap contributors","effective_date":"2026-09-07T10:02:26Z","licence":"ODbL-1.0"},"geometry":{"type":"LineString","coordinates":[[-2.1722482,51.3548496],[-2.1717986,51.3548114]]}},{"type":"Feature","properties":{"abandoned:railway":"rail","cutting":"yes","historic:operator":"Midland & South Western Junction Railway","name":"Andoversford Line","railway":"abandoned","ref":"AND","source":"OS 1:25k","source_id":"osm-way-1108386945","dataset":"OpenStreetMap former/disused railway extract","publisher":"OpenStreetMap contributors","effective_date":"2026-09-07T10:02:26Z","licence":"ODbL-1.0"},"geometry":{"type":"LineString","coordinates":[[-1.7165025,51.4162757],[-1.7161727,51.4163458],[-1.7158648,51.4164266],[-1.7155824,51.416536],[-1.7152392,51.4166948],[-1.7148351,51.4168965],[-1.7144777,51.4170953],[-1.7138566,51.4174743],[-1.7131267,51.4179292],[-1.7128285,51.4181314],[-1.7124953,51.4183584]]}},{"type":"Feature","properties":{"abandoned:railway":"rail","embankment":"yes","historic:operator":"Midland & South Western Junction Railway","name":"Andoversford Line","railway":"abandoned","ref":"AND","source":"OS 1:25k","source_id":"osm-way-1108386946","dataset":"OpenStreetMap former/disused railway extract","publisher":"OpenStreetMap contributors","effective_date":"2026-09-07T10:02:26Z","licence":"ODbL-1.0"},"geometry":{"type":"LineString","coordinates":[[-1.7203424,51.416208],[-1.7199136,51.4161411],[-1.7195595,51.4160903],[-1.7193114,51.4160615],[-1.719052,51.4160413],[-1.7186991,51.4160299],[-1.718327,51.4160335],[-1.7179525,51.4160575],[-1.7173676,51.4161341],[-1.7165025,51.4162757]]}},{"type":"Feature","properties":{"abandoned:railway":"rail","historic:operator":"Midland & South Western Junction Railway","name":"Andoversford Line","railway":"abandoned","ref":"AND","source":"NPE","source_id":"osm-way-1108386947","dataset":"OpenStreetMap former/disused railway extract","publisher":"OpenStreetMap contributors","effective_date":"2026-09-07T10:02:26Z","licence":"ODbL-1.0"},"geometry":{"type":"LineString","coordinates":[[-1.7170156,51.4015149],[-1.7192519,51.4031259]]}},{"type":"Feature","properties":{"abandoned:railway":"rail","cutting":"yes","historic:operator":"Midland & South Western Junction Railway","name":"Andoversford Line","railway":"abandoned","ref":"AND","source":"NPE","source_id":"osm-way-1108386948","dataset":"OpenStreetMap former/disused railway extract","publisher":"OpenStreetMap contributors","effective_date":"2026-09-07T10:02:26Z","licence":"ODbL-1.0"},"geometry":{"type":"LineString","coordinates":[[-1.7192519,51.4031259],[-1.7207845,51.40427],[-1.721191,51.4045928],[-1.7214928,51.4048809],[-1.7223449,51.4057297]]}},{"type":"Feature","properties":{"abandoned:railway":"rail","cutting":"yes","historic:operator":"Midland & South Western Junction Railway","name":"Andoversford Line","railway":"abandoned","ref":"AND","source":"NPE","source_id":"osm-way-1108386949","dataset":"OpenStreetMap former/disused railway extract","publisher":"OpenStreetMap contributors","effective_date":"2026-09-07T10:02:26Z","licence":"ODbL-1.0"},"geometry":{"type":"LineString","coordinates":[[-1.7267711,51.4102192],[-1.7272822,51.4108099],[-1.72747,51.4111494],[-1.7276251,51.4115006]]}},{"type":"Feature","properties":{"abandoned:railway":"rail","bicycle":"designated","designation":"public_bridleway","foot":"designated","highway":"cycleway","horse":"designated","motor_vehicle":"private","ncn":"yes","ncn_ref":"45","old_name":"Andoversford Line","old_ref":"AND","prow_ref":"BSC 46","railway":"abandoned","segregated":"no","source:designation":"gloucestershire_county_council_prow_gis_data","source:prow_ref":"gloucestershire_county_council_prow_gis_data","surface":"dirt","source_id":"osm-way-1117463090","dataset":"OpenStreetMap former/disused railway extract","publisher":"OpenStreetMap contributors","effective_date":"2026-09-07T10:02:26Z","licence":"ODbL-1.0"},"geometry":{"type":"LineString","coordinates":[[-1.882234,51.6512917],[-1.8825157,51.6513783]]}},{"type":"Feature","properties":{"abandoned:railway":"rail","bicycle":"designated","bridge":"yes","foot":"yes","highway":"cycleway","horse":"yes","layer":"1","motor_vehicle":"private","ncn":"yes","ncn_ref":"45","old_name":"Andoversford Line","old_ref":"AND","railway":"abandoned","segregated":"no","surface":"dirt","source_id":"osm-way-1117463091","dataset":"OpenStreetMap former/disused railway extract","publisher":"OpenStreetMap contributors","effective_date":"2026-09-07T10:02:26Z","licence":"ODbL-1.0"},"geometry":{"type":"LineString","coordinates":[[-1.8816586,51.6511135],[-1.881929,51.6511989]]}},{"type":"Feature","properties":{"abandoned:railway":"rail","railway":"abandoned","ref":"CMZ","source_id":"osm-way-1125634171","dataset":"OpenStreetMap former/disused railway extract","publisher":"OpenStreetMap contributors","effective_date":"2026-09-07T10:02:26Z","licence":"ODbL-1.0"},"geometry":{"type":"LineString","coordinates":[[-2.3450649,51.3434674],[-2.345555,51.3432026]]}},{"type":"Feature","properties":{"abandoned:railway":"rail","railway":"abandoned","ref":"CMZ","wikidata":"Q117313445","source_id":"osm-way-1125656412","dataset":"OpenStreetMap former/disused railway extract","publisher":"OpenStreetMap contributors","effective_date":"2026-09-07T10:02:26Z","licence":"ODbL-1.0"},"geometry":{"type":"LineString","coordinates":[[-2.3445399,51.3437405],[-2.3450649,51.3434674]]}},{"type":"Feature","properties":{"abandoned:railway":"rail","railway":"abandoned","ref":"CMZ","source":"NPE","source_id":"osm-way-1125656413","dataset":"OpenStreetMap former/disused railway extract","publisher":"OpenStreetMap contributors","effective_date":"2026-09-07T10:02:26Z","licence":"ODbL-1.0"},"geometry":{"type":"LineString","coordinates":[[-2.3257297,51.3558756],[-2.3260955,51.3556859],[-2.326868,51.3552839],[-2.3277049,51.3549221],[-2.3287354,51.3546264]]}},{"type":"Feature","properties":{"abandoned:railway":"rail","railway":"razed","ref":"CMZ","source":"NPE","source_id":"osm-way-1125656414","dataset":"OpenStreetMap former/disused railway extract","publisher":"OpenStreetMap contributors","effective_date":"2026-09-07T10:02:26Z","licence":"ODbL-1.0"},"geometry":{"type":"LineString","coordinates":[[-2.3240703,51.3567539],[-2.3257297,51.3558756]]}},{"type":"Feature","properties":{"abandoned:railway":"rail","bicycle":"designated","bridge":"yes","foot":"designated","highway":"cycleway","layer":"1","ncn":"yes","ncn_ref":"45","old_name":"Andoversford Line","old_ref":"AND","railway":"abandoned","segregated":"no","surface":"gravel","source_id":"osm-way-1125731438","dataset":"OpenStreetMap former/disused railway extract","publisher":"OpenStreetMap contributors","effective_date":"2026-09-07T10:02:26Z","licence":"ODbL-1.0"},"geometry":{"type":"LineString","coordinates":[[-1.854279,51.6334185],[-1.8543106,51.6335352]]}},{"type":"Feature","properties":{"abandoned:railway":"rail","name":"Andoversford Line","railway":"abandoned","ref":"AND","source":"NPE","source_id":"osm-way-1125731439","dataset":"OpenStreetMap former/disused railway extract","publisher":"OpenStreetMap contributors","effective_date":"2026-09-07T10:02:26Z","licence":"ODbL-1.0"},"geometry":{"type":"LineString","coordinates":[[-1.8554798,51.635793],[-1.8558007,51.6362826],[-1.8560534,51.636588],[-1.8562608,51.6368267],[-1.8566057,51.6371504],[-1.8569719,51.637472],[-1.8573023,51.6377527],[-1.8576823,51.6380489]]}},{"type":"Feature","properties":{"abandoned:railway":"rail","bicycle":"designated","designation":"public_bridleway","foot":"designated","highway":"cycleway","horse":"designated","ncn":"yes","ncn_ref":"45","old_name":"Andoversford Line","old_ref":"AND","prow_ref":"BSC 46","railway":"abandoned","segregated":"no","source:designation":"gloucestershire_county_council_prow_gis_data","source:prow_ref":"gloucestershire_county_council_prow_gis_data","surface":"dirt","source_id":"osm-way-1126717089","dataset":"OpenStreetMap former/disused railway extract","publisher":"OpenStreetMap contributors","effective_date":"2026-09-07T10:02:26Z","licence":"ODbL-1.0"},"geometry":{"type":"LineString","coordinates":[[-1.8863115,51.6527188],[-1.8869039,51.653008],[-1.889574,51.6542448],[-1.8917343,51.6551938],[-1.8941505,51.6562559]]}},{"type":"Feature","properties":{"abandoned:railway":"rail","bicycle":"designated","designation":"public_bridleway","foot":"designated","highway":"cycleway","horse":"designated","motor_vehicle":"private","ncn":"yes","ncn_ref":"45","old_name":"Andoversford Line","old_ref":"AND","prow_ref":"BSC 45","railway":"abandoned","segregated":"no","source:prow_ref":"gloucestershire_county_council_prow_gis_data","surface":"dirt","source_id":"osm-way-1130683883","dataset":"OpenStreetMap former/disused railway extract","publisher":"OpenStreetMap contributors","effective_date":"2026-09-07T10:02:26Z","licence":"ODbL-1.0"},"geometry":{"type":"LineString","coordinates":[[-1.9093063,51.6652917],[-1.9093947,51.6653404],[-1.9095536,51.6654412],[-1.9104835,51.6660763],[-1.9112899,51.6666244],[-1.911648,51.6668886],[-1.9117058,51.6669304],[-1.911817,51.6669791],[-1.9119049,51.6670277],[-1.912466,51.6674364],[-1.9134871,51.6681208],[-1.9138985,51.6684012],[-1.9143236,51.6686905],[-1.9147254,51.6689741],[-1.9151932,51.6693466],[-1.9153299,51.669455],[-1.9156815,51.6697503],[-1.9163612,51.6703786]]}},{"type":"Feature","properties":{"abandoned:railway":"rail","bicycle":"designated","bridge":"yes","designation":"public_bridleway","foot":"designated","highway":"cycleway","horse":"designated","layer":"1","motor_vehicle":"private","ncn":"yes","ncn_ref":"45","old_name":"Andoversford Line","old_ref":"AND","prow_ref":"BSC 46","railway":"abandoned","segregated":"no","source:designation":"gloucestershire_county_council_prow_gis_data","source:prow_ref":"gloucestershire_county_council_prow_gis_data","surface":"dirt","source_id":"osm-way-1130683884","dataset":"OpenStreetMap former/disused railway extract","publisher":"OpenStreetMap contributors","effective_date":"2026-09-07T10:02:26Z","licence":"ODbL-1.0"},"geometry":{"type":"LineString","coordinates":[[-1.881929,51.6511989],[-1.882234,51.6512917]]}},{"type":"Feature","properties":{"abandoned:railway":"rail","bicycle":"designated","cutting":"yes","foot":"designated","highway":"cycleway","name":"Chiseldon & Marlborough Railway Path","old_name":"Andoversford Line","old_ref":"AND","railway":"abandoned","surface":"compacted","source_id":"osm-way-1131294140","dataset":"OpenStreetMap former/disused railway extract","publisher":"OpenStreetMap contributors","effective_date":"2026-09-07T10:02:26Z","licence":"ODbL-1.0"},"geometry":{"type":"LineString","coordinates":[[-1.7135432,51.4242776],[-1.7137341,51.4243972],[-1.7139434,51.4245246],[-1.71425,51.4246981],[-1.7151097,51.4251354],[-1.7157237,51.4254009],[-1.7167513,51.4259099],[-1.7173203,51.4261718]]}},{"type":"Feature","properties":{"abandoned:railway":"rail","bicycle":"designated","bridge":"yes","foot":"designated","highway":"cycleway","layer":"1","name":"Chiseldon & Marlborough Railway Path","old_name":"Andoversford Line","old_ref":"AND","railway":"abandoned","surface":"compacted","source_id":"osm-way-1131294141","dataset":"OpenStreetMap former/disused railway extract","publisher":"OpenStreetMap contributors","effective_date":"2026-09-07T10:02:26Z","licence":"ODbL-1.0"},"geometry":{"type":"LineString","coordinates":[[-1.7173203,51.4261718],[-1.7175873,51.4262958]]}},{"type":"Feature","properties":{"abandoned:railway":"rail","bicycle":"designated","foot":"designated","highway":"cycleway","name":"Chiseldon & Marlborough Railway Path","old_name":"Andoversford Line","old_ref":"AND","railway":"abandoned","surface":"compacted","source_id":"osm-way-1134177382","dataset":"OpenStreetMap former/disused railway extract","publisher":"OpenStreetMap contributors","effective_date":"2026-09-07T10:02:26Z","licence":"ODbL-1.0"},"geometry":{"type":"LineString","coordinates":[[-1.7155956,51.4831446],[-1.715616,51.4832635],[-1.715665,51.4834415],[-1.7158573,51.4841238],[-1.7164366,51.4862153],[-1.7165476,51.486604],[-1.7168782,51.4878875],[-1.7168868,51.4879419]]}},{"type":"Feature","properties":{"abandoned:railway":"rail","bicycle":"designated","foot":"designated","highway":"cycleway","name":"Chiseldon & Marlborough Railway Path","old_name":"Andoversford Line","old_ref":"AND","railway":"abandoned","surface":"compacted","source_id":"osm-way-1134177388","dataset":"OpenStreetMap former/disused railway extract","publisher":"OpenStreetMap contributors","effective_date":"2026-09-07T10:02:26Z","licence":"ODbL-1.0"},"geometry":{"type":"LineString","coordinates":[[-1.7147065,51.4799376],[-1.7147147,51.47997],[-1.7147438,51.4800569],[-1.7148052,51.4802471],[-1.7148547,51.4804211],[-1.7149702,51.4808518],[-1.7150254,51.4810567],[-1.7152379,51.4818551],[-1.7152988,51.4820819],[-1.7153364,51.4822141],[-1.715396,51.4824312],[-1.7154618,51.4826307],[-1.7154895,51.4827324]]}},{"type":"Feature","properties":{"abandoned:railway":"rail","access":"private","highway":"track","old_name":"Andoversford Line","old_ref":"AND","railway":"abandoned","smoothness":"very_bad","surface":"dirt","tracktype":"grade3","source_id":"osm-way-1134390182","dataset":"OpenStreetMap former/disused railway extract","publisher":"OpenStreetMap contributors","effective_date":"2026-09-07T10:02:26Z","licence":"ODbL-1.0"},"geometry":{"type":"LineString","coordinates":[[-1.732817,51.5174723],[-1.7328703,51.517508],[-1.7328919,51.5175224],[-1.7329374,51.5175558],[-1.7330103,51.5176094],[-1.7332321,51.5177892],[-1.7334103,51.517938],[-1.7335508,51.5180602],[-1.7336807,51.5181944],[-1.7339484,51.5185079]]}},{"type":"Feature","properties":{"abandoned:railway":"rail","access":"private","bridge":"yes","highway":"track","layer":"1","old_name":"Andoversford Line","old_ref":"AND","railway":"abandoned","smoothness":"very_bad","surface":"dirt","tracktype":"grade3","source_id":"osm-way-1134390184","dataset":"OpenStreetMap former/disused railway extract","publisher":"OpenStreetMap contributors","effective_date":"2026-09-07T10:02:26Z","licence":"ODbL-1.0"},"geometry":{"type":"LineString","coordinates":[[-1.7339484,51.5185079],[-1.7340268,51.5186009]]}},{"type":"Feature","properties":{"abandoned:railway":"rail","bicycle":"designated","bridge":"yes","cutting":"yes","designation":"public_footpath","foot":"designated","highway":"cycleway","layer":"1","lcn":"yes","lcn_ref":"UR","lit":"no","ncn":"yes","ncn_ref":"45","old_name":"Andoversford Line","old_ref":"AND","prow_ref":"CN22","railway":"abandoned","segregated":"no","smoothness":"intermediate","surface":"gravel","source_id":"osm-way-1148985697","dataset":"OpenStreetMap former/disused railway extract","publisher":"OpenStreetMap contributors","effective_date":"2026-09-07T10:02:26Z","licence":"ODbL-1.0"},"geometry":{"type":"LineString","coordinates":[[-1.8224262,51.5793966],[-1.8224048,51.579476]]}},{"type":"Feature","properties":{"abandoned:railway":"rail","cutting":"yes","name":"Andoversford Line","proposed":"railway","proposed:name":"Swindon & Cricklade Railway","railway":"abandoned","ref":"AND","source":"NPE","source_id":"osm-way-1149454524","dataset":"OpenStreetMap former/disused railway extract","publisher":"OpenStreetMap contributors","effective_date":"2026-09-07T10:02:26Z","licence":"ODbL-1.0"},"geometry":{"type":"LineString","coordinates":[[-1.851548,51.6241424],[-1.8524363,51.6262572],[-1.8533154,51.6283543]]}},{"type":"Feature","properties":{"abandoned:railway":"rail","bicycle":"designated","foot":"designated","highway":"cycleway","ncn":"yes","ncn_ref":"45","old_name":"Andoversford Line","old_ref":"AND","railway":"abandoned","segregated":"no","smoothness":"good","surface":"asphalt","source_id":"osm-way-1161039805","dataset":"OpenStreetMap former/disused railway extract","publisher":"OpenStreetMap contributors","effective_date":"2026-09-07T10:02:26Z","licence":"ODbL-1.0"},"geometry":{"type":"LineString","coordinates":[[-1.7363362,51.5227604],[-1.7363183,51.5226053],[-1.7363082,51.522481]]}},{"type":"Feature","properties":{"abandoned:railway":"rail","bicycle":"designated","foot":"designated","highway":"cycleway","ncn":"yes","ncn_ref":"45","old_name":"Andoversford Line","old_ref":"AND","railway":"abandoned","segregated":"no","smoothness":"good","surface":"asphalt","source_id":"osm-way-1161039806","dataset":"OpenStreetMap former/disused railway extract","publisher":"OpenStreetMap contributors","effective_date":"2026-09-07T10:02:26Z","licence":"ODbL-1.0"},"geometry":{"type":"LineString","coordinates":[[-1.7363484,51.5229197],[-1.7363362,51.5227604]]}},{"type":"Feature","properties":{"abandoned:railway":"rail","name":"Tetbury Branch","railway":"abandoned","ref":"TET","source":"NPE","source_id":"osm-way-1163352666","dataset":"OpenStreetMap former/disused railway extract","publisher":"OpenStreetMap contributors","effective_date":"2026-09-07T10:02:26Z","licence":"ODbL-1.0"},"geometry":{"type":"LineString","coordinates":[[-2.1124904,51.663281],[-2.1169642,51.6609565],[-2.1213687,51.658867],[-2.1241989,51.6576212],[-2.1245652,51.6574307],[-2.1250734,51.6571149],[-2.1254487,51.6568632],[-2.1262132,51.6563124],[-2.1274845,51.6553955],[-2.1286862,51.6545302],[-2.129582,51.6538879],[-2.1308024,51.6530209],[-2.1320202,51.6521273],[-2.1327953,51.6515914],[-2.1335329,51.6510306],[-2.1337555,51.6508392],[-2.1339889,51.6505996],[-2.1341686,51.6503816],[-2.1343269,51.6500787],[-2.1345307,51.6495911],[-2.1347399,51.6490585],[-2.1349035,51.6487223],[-2.1350859,51.6484893],[-2.1354078,51.6481199],[-2.1359496,51.6475041],[-2.1364592,51.6469782],[-2.1367087,51.6467019],[-2.1370278,51.646409],[-2.1372612,51.6462192],[-2.1374945,51.6460611],[-2.1377359,51.6459396],[-2.1382402,51.6457449],[-2.1390958,51.6454636],[-2.139643,51.6452639],[-2.1399273,51.6451374],[-2.1402921,51.6448977],[-2.1411021,51.6443618],[-2.1415295,51.64403],[-2.1416962,51.6438566],[-2.1418466,51.6437029],[-2.1420129,51.6434899],[-2.1421386,51.6433262],[-2.1422925,51.6430561],[-2.1424005,51.6428288],[-2.1425668,51.6423807],[-2.1426571,51.6421864],[-2.1427668,51.6419777],[-2.1428977,51.6417954],[-2.1431048,51.6415659],[-2.1432623,51.6414473],[-2.1436321,51.6412035],[-2.1438374,51.6410926],[-2.1443789,51.6408312],[-2.1447505,51.6406522],[-2.1453469,51.6404282],[-2.1457026,51.6403107],[-2.146375,51.6401251],[-2.1467926,51.6400317],[-2.1486047,51.6396704],[-2.1500628,51.6393607],[-2.1507742,51.6392092],[-2.1516112,51.6390565],[-2.152151,51.6389906],[-2.1531349,51.6388995],[-2.1535136,51.6388511],[-2.1539754,51.63876],[-2.1542656,51.6386644],[-2.1545771,51.6384777],[-2.1549292,51.638224],[-2.1550938,51.6380582],[-2.1552938,51.6377694],[-2.1554247,51.6374981],[-2.1555221,51.6370072],[-2.1556318,51.6364888],[-2.155904,51.6358767],[-2.156153,51.6353619]]}},{"type":"Feature","properties":{"abandoned:railway":"rail","name":"Tetbury Branch","railway":"dismantled","ref":"TET","source":"NPE","source_id":"osm-way-1163352667","dataset":"OpenStreetMap former/disused railway extract","publisher":"OpenStreetMap contributors","effective_date":"2026-09-07T10:02:26Z","licence":"ODbL-1.0"},"geometry":{"type":"LineString","coordinates":[[-2.0469923,51.6728288],[-2.0475203,51.6729015]]}},{"type":"Feature","properties":{"abandoned:railway":"rail","name":"Cirencester Branch","railway":"abandoned","ref":"CIR","source":"NPE","source_id":"osm-way-1163352668","dataset":"OpenStreetMap former/disused railway extract","publisher":"OpenStreetMap contributors","effective_date":"2026-09-07T10:02:26Z","licence":"ODbL-1.0"},"geometry":{"type":"LineString","coordinates":[[-1.9792045,51.6933576],[-1.9788152,51.6935961],[-1.9757365,51.694869],[-1.9740317,51.6953724],[-1.9694505,51.6965359],[-1.9680236,51.6971117],[-1.9654283,51.698609],[-1.9643446,51.6997643],[-1.9636451,51.7007142],[-1.963217,51.7018642],[-1.9630507,51.7025378],[-1.9630036,51.7033619],[-1.9631087,51.7046279],[-1.9636153,51.7058134],[-1.9645487,51.7071166],[-1.966065,51.7086237],[-1.9683309,51.709833],[-1.9697795,51.7111745]]}},{"type":"Feature","properties":{"abandoned:railway":"rail","name":"Cirencester Branch","railway":"abandoned","ref":"CIR","source":"NPE","source_id":"osm-way-1163352669","dataset":"OpenStreetMap former/disused railway extract","publisher":"OpenStreetMap contributors","effective_date":"2026-09-07T10:02:26Z","licence":"ODbL-1.0"},"geometry":{"type":"LineString","coordinates":[[-1.9997088,51.6849374],[-1.9859831,51.6894836],[-1.9837086,51.6905032],[-1.981446,51.6919845],[-1.979566,51.6931362]]}},{"type":"Feature","properties":{"abandoned:railway":"rail","name":"Tetbury Branch","railway":"dismantled","ref":"TET","source":"NPE","source_id":"osm-way-1163352670","dataset":"OpenStreetMap former/disused railway extract","publisher":"OpenStreetMap contributors","effective_date":"2026-09-07T10:02:26Z","licence":"ODbL-1.0"},"geometry":{"type":"LineString","coordinates":[[-2.1122619,51.6633997],[-2.1124904,51.663281]]}},{"type":"Feature","properties":{"abandoned:railway":"rail","name":"Tetbury Branch","railway":"dismantled","ref":"TET","source":"NPE","source_id":"osm-way-1163352671","dataset":"OpenStreetMap former/disused railway extract","publisher":"OpenStreetMap contributors","effective_date":"2026-09-07T10:02:26Z","licence":"ODbL-1.0"},"geometry":{"type":"LineString","coordinates":[[-2.0475203,51.6729015],[-2.0482718,51.6730693],[-2.0492589,51.6736016],[-2.0508897,51.6746129],[-2.0519626,51.6749589],[-2.0529496,51.6750387],[-2.0537954,51.6749656]]}},{"type":"Feature","properties":{"abandoned:railway":"rail","bridge":"yes","layer":"1","name":"Cirencester Branch","railway":"abandoned","ref":"CIR","source":"NPE","source_id":"osm-way-1163352673","dataset":"OpenStreetMap former/disused railway extract","publisher":"OpenStreetMap contributors","effective_date":"2026-09-07T10:02:26Z","licence":"ODbL-1.0"},"geometry":{"type":"LineString","coordinates":[[-2.0002946,51.684741],[-1.9997088,51.6849374]]}},{"type":"Feature","properties":{"abandoned:railway":"rail","name":"Cirencester Branch","railway":"abandoned","ref":"CIR","source":"NPE","source_id":"osm-way-1163352674","dataset":"OpenStreetMap former/disused railway extract","publisher":"OpenStreetMap contributors","effective_date":"2026-09-07T10:02:26Z","licence":"ODbL-1.0"},"geometry":{"type":"LineString","coordinates":[[-2.0145315,51.6800522],[-2.0122344,51.680769],[-2.0002946,51.684741]]}},{"type":"Feature","properties":{"abandoned:railway":"rail","name":"Cirencester Branch","railway":"dismantled","ref":"CIR","source":"NPE","source_id":"osm-way-1163352675","dataset":"OpenStreetMap former/disused railway extract","publisher":"OpenStreetMap contributors","effective_date":"2026-09-07T10:02:26Z","licence":"ODbL-1.0"},"geometry":{"type":"LineString","coordinates":[[-2.0151953,51.6798451],[-2.0145315,51.6800522]]}},{"type":"Feature","properties":{"abandoned:railway":"rail","bridge":"yes","layer":"1","name":"Cirencester Branch","railway":"abandoned","ref":"CIR","source":"NPE","source_id":"osm-way-1163352677","dataset":"OpenStreetMap former/disused railway extract","publisher":"OpenStreetMap contributors","effective_date":"2026-09-07T10:02:26Z","licence":"ODbL-1.0"},"geometry":{"type":"LineString","coordinates":[[-1.979566,51.6931362],[-1.9792045,51.6933576]]}},{"type":"Feature","properties":{"description":"Standard gauge military line, In use 1914 - 1928","gauge":"1435","name":"Larkhill Military Railway","railway":"razed","source":"NLS OS Half-inch 1930-42;The Bulford Branch Line and the Larkhill Military Railway - Peter A. Harding - 2017","source_id":"osm-way-1166715986","dataset":"OpenStreetMap former/disused railway extract","publisher":"OpenStreetMap contributors","effective_date":"2026-09-07T10:02:26Z","licence":"ODbL-1.0"},"geometry":{"type":"LineString","coordinates":[[-1.786103,51.1823221],[-1.7898518,51.1848661],[-1.7922517,51.1864893],[-1.7929172,51.1868539],[-1.7933321,51.1869959],[-1.7936438,51.187082],[-1.7939135,51.1871457],[-1.7941132,51.1871713],[-1.7942854,51.1871861],[-1.7955836,51.1872398],[-1.7959992,51.1872603],[-1.797599,51.1873473],[-1.7979067,51.1873668],[-1.7982502,51.1873927],[-1.7985112,51.1874134],[-1.8002366,51.1875218],[-1.8005492,51.1875258],[-1.8008212,51.1875026],[-1.8011448,51.1874456],[-1.8019854,51.1871296]]}},{"type":"Feature","properties":{"description":"Standard gauge military line, In use 1914 - 1928","gauge":"1435","name":"Larkhill Military Railway","railway":"razed","source":"NLS - OS Half-Inch 1930-42;The Bulford Branch Line and the Larkhill Military Railway - Peter A. Harding - 2017","source_id":"osm-way-1166715987","dataset":"OpenStreetMap former/disused railway extract","publisher":"OpenStreetMap contributors","effective_date":"2026-09-07T10:02:26Z","licence":"ODbL-1.0"},"geometry":{"type":"LineString","coordinates":[[-1.7985112,51.1874134],[-1.7987876,51.1874644],[-1.7989588,51.1875038],[-1.7992057,51.1875754],[-1.7995384,51.1876797],[-1.7997152,51.1877444],[-1.7998928,51.1878195],[-1.8001166,51.1879622],[-1.8002527,51.1881317],[-1.8003468,51.1883625],[-1.800396,51.1885556],[-1.8004289,51.1887486],[-1.8004291,51.188859],[-1.800418,51.1892698],[-1.8004091,51.1898438],[-1.8004132,51.1903849],[-1.8004007,51.1906432],[-1.8004073,51.1913265],[-1.800515,51.193583],[-1.8005721,51.1946714],[-1.8005599,51.195196],[-1.8004484,51.1961406]]}},{"type":"Feature","properties":{"description":"Standard gauge military line, In use 1914 - 1928","gauge":"1435","name":"Larkhill Military Railway","railway":"razed","source":"NLS - OS Half-Inch 1930-42;The Bulford Branch Line and the Larkhill Military Railway - Peter A. Harding - 2017","source_id":"osm-way-1166715988","dataset":"OpenStreetMap former/disused railway extract","publisher":"OpenStreetMap contributors","effective_date":"2026-09-07T10:02:26Z","licence":"ODbL-1.0"},"geometry":{"type":"LineString","coordinates":[[-1.8044054,51.18559],[-1.80353,51.1861031],[-1.8019854,51.1871296],[-1.8012481,51.1875903],[-1.8009221,51.1878087],[-1.80076,51.1879499],[-1.8006829,51.1880421],[-1.8006152,51.1881613],[-1.800521,51.1883899],[-1.8004722,51.1885435],[-1.8004289,51.1887486]]}},{"type":"Feature","properties":{"description":"Standard gauge military line, In use 1914 - 1928","gauge":"1435","name":"Larkhill Military Railway","name:zh":"\u62c9\u514b\u5e0c\u5c14\u519b\u7528\u94c1\u8def","railway":"razed","source":"NLS - OS Half-Inch 1930-42;The Bulford Branch Line and the Larkhill Military Railway - Peter A. Harding - 2017","source_id":"osm-way-1166715989","dataset":"OpenStreetMap former/disused railway extract","publisher":"OpenStreetMap contributors","effective_date":"2026-09-07T10:02:26Z","licence":"ODbL-1.0"},"geometry":{"type":"LineString","coordinates":[[-1.8004073,51.1913265],[-1.8004705,51.1917183],[-1.8005106,51.191857],[-1.800569,51.1919915],[-1.8006298,51.1920786],[-1.8007204,51.1921864],[-1.8008155,51.192285],[-1.800941,51.1923972],[-1.801023,51.1924524],[-1.8011564,51.1925189],[-1.8012664,51.1925624],[-1.8014445,51.1926105],[-1.8017032,51.1926825],[-1.8019488,51.1927257],[-1.802094,51.1927487],[-1.8025587,51.1927976],[-1.8027962,51.1928183],[-1.80288,51.1928304],[-1.8032293,51.1928732],[-1.8041171,51.1929906],[-1.8046718,51.1930548],[-1.8050732,51.1930989],[-1.805252,51.1931291],[-1.8055325,51.1931858],[-1.8057106,51.1932294],[-1.8059362,51.1932982],[-1.8060586,51.1933452],[-1.8062107,51.1934121],[-1.806349,51.1935063],[-1.8064257,51.193561],[-1.8065286,51.193652],[-1.8067073,51.1938679],[-1.8068077,51.194001],[-1.8068965,51.194203],[-1.8070296,51.1945688],[-1.8070903,51.1948702],[-1.8071143,51.1955878],[-1.8071266,51.195723],[-1.8072006,51.1958504],[-1.8073352,51.196051],[-1.8075123,51.196225],[-1.8077828,51.1963702],[-1.8103114,51.1975994],[-1.8106923,51.1977608],[-1.8110678,51.1978616],[-1.8115774,51.1978885],[-1.8119583,51.1978784],[-1.8123928,51.1977339],[-1.8128273,51.1975423],[-1.8131707,51.1974146],[-1.8135086,51.1973171],[-1.8140826,51.1973171],[-1.8143294,51.197344],[-1.8146781,51.1973809],[-1.8204568,51.1980121],[-1.8216939,51.1981649],[-1.8240849,51.1985525],[-1.8281457,51.1989971],[-1.8282544,51.1990338],[-1.8283014,51.1990859],[-1.8283384,51.1991897],[-1.8283439,51.1993254],[-1.8283306,51.1995136],[-1.8281707,51.2001417],[-1.828208,51.200271],[-1.8282613,51.2003365],[-1.828339,51.2003919],[-1.8284998,51.2004474],[-1.8310196,51.2008423],[-1.8323211,51.2011685],[-1.8326366,51.2012692],[-1.8328353,51.2013436],[-1.8330892,51.2014007],[-1.8333832,51.201452],[-1.8337149,51.2014959],[-1.8341125,51.2015569],[-1.8343525,51.2015967],[-1.8345639,51.2016342],[-1.836352,51.201955]]}},{"type":"Feature","properties":{"description":"Standard gauge military line, In use 1914 - 1928","gauge":"1435","name":"Larkhill Military Railway","railway":"razed","source":"NLS - OS Half-Inch 1930-42;The Bulford Branch Line and the Larkhill Military Railway - Peter A. Harding - 2017","source_id":"osm-way-1166715990","dataset":"OpenStreetMap former/disused railway extract","publisher":"OpenStreetMap contributors","effective_date":"2026-09-07T10:02:26Z","licence":"ODbL-1.0"},"geometry":{"type":"LineString","coordinates":[[-1.853045,51.2006978],[-1.8525588,51.2006998],[-1.8524123,51.2007181],[-1.8523054,51.2007391],[-1.8520775,51.2007968],[-1.8519596,51.2008446],[-1.851832,51.2009198],[-1.8516729,51.2010164],[-1.8515694,51.2011158],[-1.8514239,51.2013594],[-1.851309,51.2016809],[-1.8512405,51.2019174],[-1.8511159,51.202151],[-1.8509846,51.2023049],[-1.8506903,51.2025819],[-1.8503778,51.2027707],[-1.8498617,51.20297],[-1.8494665,51.2030709],[-1.8490719,51.2031697],[-1.8485651,51.2032501],[-1.8469622,51.2031524],[-1.8436611,51.2029181],[-1.8403924,51.2027245],[-1.8396606,51.2026226],[-1.8389505,51.2025152],[-1.8382403,51.2023846],[-1.8369823,51.2020824],[-1.836352,51.201955]]}},{"type":"Feature","properties":{"gauge":"1435","name":"Larkhill Military Railway","railway":"razed","source":"NLS OS - Half-Inch 1930-42;The Bulford Branch Line and the Larkhill Military Railway - Peter A. Harding - 2017","source_id":"osm-way-1169054164","dataset":"OpenStreetMap former/disused railway extract","publisher":"OpenStreetMap contributors","effective_date":"2026-09-07T10:02:26Z","licence":"ODbL-1.0"},"geometry":{"type":"LineString","coordinates":[[-1.8549169,51.2037157],[-1.8485651,51.2032501]]}},{"type":"Feature","properties":{"gauge":"1435","name":"Larkhill Military Railway - Stonehenge Aerodrome Branch","railway":"razed","source":"The Bulford Branch Line and the Larkhill Military Railway - Peter A. Harding - 2017","source_id":"osm-way-1169423194","dataset":"OpenStreetMap former/disused railway extract","publisher":"OpenStreetMap contributors","effective_date":"2026-09-07T10:02:26Z","licence":"ODbL-1.0"},"geometry":{"type":"LineString","coordinates":[[-1.8531626,51.1800445],[-1.8532856,51.1798469],[-1.8533633,51.1796739],[-1.8541398,51.178152],[-1.8543749,51.1776701],[-1.8546099,51.1772016],[-1.854968,51.1764909],[-1.8552162,51.1760155],[-1.8552779,51.1758937],[-1.8552657,51.175741],[-1.855232,51.1756018],[-1.8551304,51.1754743],[-1.8548169,51.1752516],[-1.8546635,51.1752056],[-1.8544018,51.1751622],[-1.8539685,51.1751398],[-1.8533416,51.1751037],[-1.8529306,51.1750726],[-1.8523819,51.1750439],[-1.8515772,51.1749868],[-1.8507243,51.1749699],[-1.8498284,51.1750338],[-1.8489421,51.1753061],[-1.8444103,51.1771257],[-1.8441055,51.1772005],[-1.843744,51.1772575],[-1.8429791,51.1772811],[-1.8421796,51.1772757],[-1.841632,51.1772382],[-1.8410844,51.1771543],[-1.8396995,51.1766941],[-1.8385739,51.176332],[-1.838037,51.1762201],[-1.8374508,51.1761686],[-1.8368787,51.1761437],[-1.8366298,51.1761434],[-1.8360891,51.1761846],[-1.8355483,51.1762513],[-1.8346287,51.1763837],[-1.834462,51.1764259],[-1.8343024,51.1764769],[-1.8340716,51.1765945],[-1.8336171,51.1768298],[-1.8326301,51.1774755]]}},{"type":"Feature","properties":{"gauge":"1435","name":"Larkhill Military Railway","railway":"razed","source":"The Bulford Branch Line and the Larkhill Military Railway - Peter A. Harding - 2017","source_id":"osm-way-1169423195","dataset":"OpenStreetMap former/disused railway extract","publisher":"OpenStreetMap contributors","effective_date":"2026-09-07T10:02:26Z","licence":"ODbL-1.0"},"geometry":{"type":"LineString","coordinates":[[-1.8448256,51.1837046],[-1.8485374,51.1840715],[-1.8486677,51.1840941],[-1.848744,51.1841215],[-1.8488111,51.1841783],[-1.8488377,51.1842403],[-1.8488312,51.1842991],[-1.8488037,51.184358]]}},{"type":"Feature","properties":{"old_name":"Fairford Branch","railway":"abandoned","railway:ref":"FFD","source_id":"osm-way-1171744255","dataset":"OpenStreetMap former/disused railway extract","publisher":"OpenStreetMap contributors","effective_date":"2026-09-07T10:02:26Z","licence":"ODbL-1.0"},"geometry":{"type":"LineString","coordinates":[[-1.6696294,51.7021803],[-1.6725738,51.7021218],[-1.6744736,51.7021388],[-1.6768634,51.7022951],[-1.6808571,51.7026267]]}},{"type":"Feature","properties":{"highway":"track","old_name":"Fairford Branch","railway":"abandoned","railway:ref":"FFD","source_id":"osm-way-1171744256","dataset":"OpenStreetMap former/disused railway extract","publisher":"OpenStreetMap contributors","effective_date":"2026-09-07T10:02:26Z","licence":"ODbL-1.0"},"geometry":{"type":"LineString","coordinates":[[-1.6621608,51.7030556],[-1.6639935,51.7027497],[-1.6654439,51.7025397],[-1.6677549,51.7023036],[-1.6693475,51.702189]]}},{"type":"Feature","properties":{"old_name":"Fairford Branch","railway":"dismantled","railway:ref":"FFD","source_id":"osm-way-1171744258","dataset":"OpenStreetMap former/disused railway extract","publisher":"OpenStreetMap contributors","effective_date":"2026-09-07T10:02:26Z","licence":"ODbL-1.0"},"geometry":{"type":"LineString","coordinates":[[-1.6693475,51.702189],[-1.6696294,51.7021803]]}},{"type":"Feature","properties":{"old_name":"Fairford Branch","railway":"dismantled","railway:ref":"FFD","source_id":"osm-way-1171744277","dataset":"OpenStreetMap former/disused railway extract","publisher":"OpenStreetMap contributors","effective_date":"2026-09-07T10:02:26Z","licence":"ODbL-1.0"},"geometry":{"type":"LineString","coordinates":[[-1.6808571,51.7026267],[-1.6852354,51.7030589],[-1.6918406,51.7035173]]}},{"type":"Feature","properties":{"abandoned:railway":"rail","name":"Andoversford Line","railway":"abandoned","ref":"AND","source":"NPE","source_id":"osm-way-1173649439","dataset":"OpenStreetMap former/disused railway extract","publisher":"OpenStreetMap contributors","effective_date":"2026-09-07T10:02:26Z","licence":"ODbL-1.0"},"geometry":{"type":"LineString","coordinates":[[-1.9536297,51.6944598],[-1.9536406,51.6944832],[-1.9538168,51.6949206],[-1.953845,51.6949905]]}},{"type":"Feature","properties":{"name":"Andoversford Line","railway":"razed","razed:railway":"rail","ref":"AND","source":"NPE","source_id":"osm-way-1173649458","dataset":"OpenStreetMap former/disused railway extract","publisher":"OpenStreetMap contributors","effective_date":"2026-09-07T10:02:26Z","licence":"ODbL-1.0"},"geometry":{"type":"LineString","coordinates":[[-1.953845,51.6949905],[-1.9540224,51.6954307],[-1.9546281,51.6976645]]}},{"type":"Feature","properties":{"abandoned:railway":"rail","name":"Andoversford Line","railway":"abandoned","ref":"AND","source":"NPE","source_id":"osm-way-1173649465","dataset":"OpenStreetMap former/disused railway extract","publisher":"OpenStreetMap contributors","effective_date":"2026-09-07T10:02:26Z","licence":"ODbL-1.0"},"geometry":{"type":"LineString","coordinates":[[-1.9546281,51.6976645],[-1.9549076,51.6991147],[-1.9553771,51.7008872],[-1.9555079,51.7012349],[-1.9557249,51.7016743]]}},{"type":"Feature","properties":{"abandoned:railway":"rail","highway":"track","old_name":"Andoversford Line","old_ref":"AND","railway":"abandoned","smoothness":"very_bad","source":"NPE","surface":"dirt","tracktype":"grade3","source_id":"osm-way-1173649466","dataset":"OpenStreetMap former/disused railway extract","publisher":"OpenStreetMap contributors","effective_date":"2026-09-07T10:02:26Z","licence":"ODbL-1.0"},"geometry":{"type":"LineString","coordinates":[[-1.9374299,51.6815619],[-1.9376208,51.6816433],[-1.9377962,51.6817381],[-1.9382386,51.6819597],[-1.9385643,51.6821199],[-1.9387731,51.6822274],[-1.9394837,51.682647],[-1.9398454,51.6828638],[-1.9403773,51.6832226],[-1.9411926,51.6837828],[-1.9416422,51.6840993],[-1.9428358,51.6849407],[-1.9440073,51.6857604],[-1.9481259,51.688686],[-1.9488874,51.6892368],[-1.9498493,51.6899607],[-1.9510149,51.6910054],[-1.9514402,51.6914404],[-1.9521549,51.6922188],[-1.952508,51.6926852]]}},{"type":"Feature","properties":{"abandoned:railway":"rail","bicycle":"designated","embankment":"yes","foot":"designated","highway":"cycleway","lcn":"yes","lcn_ref":"UR;SSR","name":"Old Town Railway Path","ncn":"yes","ncn_ref":"45","old_name":"Andoversford Line","old_ref":"AND","railway":"abandoned","surface":"compacted","source_id":"osm-way-1180026374","dataset":"OpenStreetMap former/disused railway extract","publisher":"OpenStreetMap contributors","effective_date":"2026-09-07T10:02:26Z","licence":"ODbL-1.0"},"geometry":{"type":"LineString","coordinates":[[-1.8036219,51.5498705],[-1.8038916,51.5499117],[-1.8041557,51.5499522]]}},{"type":"Feature","properties":{"abandoned:railway":"rail","bicycle":"designated","foot":"designated","highway":"cycleway","name":"Chiseldon & Marlborough Railway Path","old_name":"Andoversford Line","old_ref":"AND","railway":"abandoned","surface":"compacted","source_id":"osm-way-1182196888","dataset":"OpenStreetMap former/disused railway extract","publisher":"OpenStreetMap contributors","effective_date":"2026-09-07T10:02:26Z","licence":"ODbL-1.0"},"geometry":{"type":"LineString","coordinates":[[-1.7124953,51.4183584],[-1.7121812,51.418666],[-1.7120214,51.4188309],[-1.7118337,51.4190233],[-1.7116599,51.4192195],[-1.7115253,51.4193905],[-1.7114188,51.419556],[-1.7113313,51.4197219],[-1.7112831,51.4198203],[-1.711244,51.4199148]]}},{"type":"Feature","properties":{"abandoned:railway":"rail","cycleway":"shared","highway":"service","lit":"no","name":"Chiseldon & Marlborough Railway Path","old_name":"Andoversford Line","old_ref":"AND","railway":"abandoned","service":"alley","surface":"compacted","width":"1.5","source_id":"osm-way-1210012848","dataset":"OpenStreetMap former/disused railway extract","publisher":"OpenStreetMap contributors","effective_date":"2026-09-07T10:02:26Z","licence":"ODbL-1.0"},"geometry":{"type":"LineString","coordinates":[[-1.7272439,51.4468521],[-1.7270962,51.4469684],[-1.7269379,51.4470985]]}},{"type":"Feature","properties":{"disused:railway":"rail","electrified":"no","gauge":"1435","railway":"disused","railway:tpws":"yes","service":"siding","source_id":"osm-way-1213164774","dataset":"OpenStreetMap former/disused railway extract","publisher":"OpenStreetMap contributors","effective_date":"2026-09-07T10:02:26Z","licence":"ODbL-1.0"},"geometry":{"type":"LineString","coordinates":[[-1.7694404,51.5704299],[-1.769177,51.5705052],[-1.7690724,51.5705411],[-1.7688699,51.5706136],[-1.768713,51.5706669],[-1.7686097,51.5706953],[-1.7684434,51.5707369],[-1.7678286,51.5708749]]}},{"type":"Feature","properties":{"foot":"yes","highway":"cycleway","railway":"abandoned","smoothness":"good","surface":"asphalt","source_id":"osm-way-1217844363","dataset":"OpenStreetMap former/disused railway extract","publisher":"OpenStreetMap contributors","effective_date":"2026-09-07T10:02:26Z","licence":"ODbL-1.0"},"geometry":{"type":"LineString","coordinates":[[-2.3572231,51.2465746],[-2.3568482,51.2465192],[-2.3565297,51.2464883],[-2.3559387,51.2464572],[-2.3554143,51.2464506],[-2.3548525,51.2464556],[-2.3541218,51.2465083],[-2.3531998,51.2466222],[-2.3521288,51.2467604],[-2.3509529,51.2469888],[-2.348982,51.2471785],[-2.3486542,51.2472068]]}},{"type":"Feature","properties":{"access":"private","highway":"track","railway":"abandoned","smoothness":"very_bad","surface":"dirt","tracktype":"grade3","source_id":"osm-way-1219418973","dataset":"OpenStreetMap former/disused railway extract","publisher":"OpenStreetMap contributors","effective_date":"2026-09-07T10:02:26Z","licence":"ODbL-1.0"},"geometry":{"type":"LineString","coordinates":[[-1.7317081,51.6311264],[-1.7319404,51.6310241],[-1.7320401,51.6309788],[-1.7322734,51.630844],[-1.7328379,51.6304903],[-1.7330178,51.6303576],[-1.7331032,51.6302803],[-1.7331834,51.6301708],[-1.7332653,51.6300382],[-1.7333864,51.6297895],[-1.7334238,51.6296944],[-1.7334825,51.6294313],[-1.7335253,51.6292213],[-1.7335259,51.6292112]]}},{"type":"Feature","properties":{"access":"private","bridge":"yes","highway":"track","layer":"1","railway":"abandoned","smoothness":"very_bad","surface":"dirt","tracktype":"grade3","source_id":"osm-way-1219418974","dataset":"OpenStreetMap former/disused railway extract","publisher":"OpenStreetMap contributors","effective_date":"2026-09-07T10:02:26Z","licence":"ODbL-1.0"},"geometry":{"type":"LineString","coordinates":[[-1.7335259,51.6292112],[-1.7335312,51.6291301]]}},{"type":"Feature","properties":{"abandoned:railway":"rail","historic:operator":"Midland & South Western Junction Railway","name":"Andoversford Line","railway":"abandoned","ref":"AND","source":"NPE","source_id":"osm-way-1222460787","dataset":"OpenStreetMap former/disused railway extract","publisher":"OpenStreetMap contributors","effective_date":"2026-09-07T10:02:26Z","licence":"ODbL-1.0"},"geometry":{"type":"LineString","coordinates":[[-1.6499347,51.2810429],[-1.6499214,51.2809432]]}},{"type":"Feature","properties":{"abandoned:railway":"rail","alt_name":"Grafton West Junction","historic:operator":"Midland & South Western Junction Railway","name":"Wolfhall Loop","railway":"abandoned","ref":"WOF","source":"NPE","source_id":"osm-way-1222460792","dataset":"OpenStreetMap former/disused railway extract","publisher":"OpenStreetMap contributors","effective_date":"2026-09-07T10:02:26Z","licence":"ODbL-1.0"},"geometry":{"type":"LineString","coordinates":[[-1.6454919,51.3591176],[-1.644909,51.3586696]]}},{"type":"Feature","properties":{"abandoned:railway":"rail","alt_name":"Grafton West Junction","historic:operator":"Midland & South Western Junction Railway","name":"Wolfhall Loop","railway":"dismantled","ref":"WOF","source":"NPE","source_id":"osm-way-1222460793","dataset":"OpenStreetMap former/disused railway extract","publisher":"OpenStreetMap contributors","effective_date":"2026-09-07T10:02:26Z","licence":"ODbL-1.0"},"geometry":{"type":"LineString","coordinates":[[-1.6461065,51.3595146],[-1.6458585,51.3593773],[-1.6454919,51.3591176]]}},{"type":"Feature","properties":{"abandoned:railway":"rail","bridge":"yes","historic:operator":"Midland & South Western Junction Railway","layer":"1","name":"Andoversford Line","railway":"abandoned","ref":"AND","source":"NPE","source_id":"osm-way-1222460804","dataset":"OpenStreetMap former/disused railway extract","publisher":"OpenStreetMap contributors","effective_date":"2026-09-07T10:02:26Z","licence":"ODbL-1.0"},"geometry":{"type":"LineString","coordinates":[[-1.6357647,51.2621268],[-1.6356689,51.2620659]]}},{"type":"Feature","properties":{"abandoned:railway":"rail","historic:operator":"Midland & South Western Junction Railway","name":"Andoversford Line","railway":"abandoned","ref":"AND","source":"NPE","source_id":"osm-way-1222460805","dataset":"OpenStreetMap former/disused railway extract","publisher":"OpenStreetMap contributors","effective_date":"2026-09-07T10:02:26Z","licence":"ODbL-1.0"},"geometry":{"type":"LineString","coordinates":[[-1.6356689,51.2620659],[-1.6350276,51.2616581],[-1.6327633,51.2602348],[-1.6308919,51.2590756],[-1.6286971,51.2577132],[-1.6284468,51.2575386],[-1.6250705,51.2554504]]}},{"type":"Feature","properties":{"abandoned:railway":"rail","historic:operator":"Midland & South Western Junction Railway","name":"Andoversford Line","railway":"abandoned","ref":"AND","source":"NPE","source_id":"osm-way-1222460806","dataset":"OpenStreetMap former/disused railway extract","publisher":"OpenStreetMap contributors","effective_date":"2026-09-07T10:02:26Z","licence":"ODbL-1.0"},"geometry":{"type":"LineString","coordinates":[[-1.6499214,51.2809432],[-1.6497751,51.2798485],[-1.6496833,51.2794062],[-1.6495412,51.2788658],[-1.6492386,51.2779642],[-1.6491844,51.2778156],[-1.6487054,51.2767843],[-1.6483093,51.2760463],[-1.6479359,51.2754452],[-1.6473559,51.2745741],[-1.6461495,51.2730951],[-1.6449242,51.2716373],[-1.6436395,51.2700567],[-1.6414641,51.2674376],[-1.6402459,51.2660201],[-1.638709,51.264355],[-1.6376743,51.2634523],[-1.6359276,51.2622304],[-1.6357647,51.2621268]]}},{"type":"Feature","properties":{"name":"Calne & Chippenham Line","railway":"abandoned","source_id":"osm-way-1222583496","dataset":"OpenStreetMap former/disused railway extract","publisher":"OpenStreetMap contributors","effective_date":"2026-09-07T10:02:26Z","licence":"ODbL-1.0"},"geometry":{"type":"LineString","coordinates":[[-2.0640227,51.4513622],[-2.0629085,51.4506505],[-2.0615835,51.4498816],[-2.0607018,51.4493862]]}},{"type":"Feature","properties":{"abandoned:railway":"rail","historic:bridge":"yes","railway":"dismantled","ref":"CMZ","source":"NPE","source_id":"osm-way-1222716942","dataset":"OpenStreetMap former/disused railway extract","publisher":"OpenStreetMap contributors","effective_date":"2026-09-07T10:02:26Z","licence":"ODbL-1.0"},"geometry":{"type":"LineString","coordinates":[[-2.3337834,51.3519389],[-2.3339896,51.3518369]]}},{"type":"Feature","properties":{"abandoned:railway":"rail","railway":"abandoned","ref":"CMZ","source":"NPE","source_id":"osm-way-1222716947","dataset":"OpenStreetMap former/disused railway extract","publisher":"OpenStreetMap contributors","effective_date":"2026-09-07T10:02:26Z","licence":"ODbL-1.0"},"geometry":{"type":"LineString","coordinates":[[-2.3339896,51.3518369],[-2.334178,51.3517438],[-2.3350092,51.3513599],[-2.3366081,51.3507811],[-2.3379332,51.3502257],[-2.338575,51.3498449],[-2.3390393,51.349465],[-2.3395967,51.3489957],[-2.340367,51.3482427],[-2.3409837,51.3475759]]}},{"type":"Feature","properties":{"abandoned:railway":"rail","name":"Tetbury Branch","railway":"abandoned","ref":"TET","source":"NPE","source_id":"osm-way-1223808895","dataset":"OpenStreetMap former/disused railway extract","publisher":"OpenStreetMap contributors","effective_date":"2026-09-07T10:02:26Z","licence":"ODbL-1.0"},"geometry":{"type":"LineString","coordinates":[[-2.0537954,51.6749656],[-2.0543187,51.674894]]}},{"type":"Feature","properties":{"abandoned:railway":"rail","name":"Tetbury Branch","railway":"abandoned","ref":"TET","source":"NPE","source_id":"osm-way-1223808896","dataset":"OpenStreetMap former/disused railway extract","publisher":"OpenStreetMap contributors","effective_date":"2026-09-07T10:02:26Z","licence":"ODbL-1.0"},"geometry":{"type":"LineString","coordinates":[[-2.0543187,51.674894],[-2.0547521,51.6748258],[-2.0594298,51.6738411],[-2.0611662,51.673273],[-2.062783,51.672775],[-2.064836,51.6724124],[-2.0692697,51.6721649],[-2.0715957,51.6717331],[-2.0755096,51.6708721],[-2.0830502,51.6700483],[-2.0838916,51.6699421],[-2.0854794,51.6695695],[-2.086152,51.6694026],[-2.0869815,51.6689307],[-2.0888268,51.6676531],[-2.0898568,51.667174],[-2.0920026,51.6666416],[-2.0981217,51.6656512],[-2.0994698,51.6654438]]}},{"type":"Feature","properties":{"abandoned:railway":"rail","name":"Tetbury Branch","railway":"dismantled","ref":"TET","source":"NPE","source_id":"osm-way-1223808897","dataset":"OpenStreetMap former/disused railway extract","publisher":"OpenStreetMap contributors","effective_date":"2026-09-07T10:02:26Z","licence":"ODbL-1.0"},"geometry":{"type":"LineString","coordinates":[[-2.0994698,51.6654438],[-2.1001375,51.6653846]]}},{"type":"Feature","properties":{"abandoned:railway":"rail","name":"Tetbury Branch","railway":"abandoned","ref":"TET","source":"NPE","source_id":"osm-way-1223808898","dataset":"OpenStreetMap former/disused railway extract","publisher":"OpenStreetMap contributors","effective_date":"2026-09-07T10:02:26Z","licence":"ODbL-1.0"},"geometry":{"type":"LineString","coordinates":[[-2.1001375,51.6653846],[-2.1006715,51.6653373],[-2.102431,51.6653373],[-2.1044909,51.6656301],[-2.1062491,51.665693],[-2.1070686,51.6656041],[-2.1076588,51.6654978],[-2.1082246,51.6653373],[-2.1116578,51.6637136],[-2.1122619,51.6633997]]}},{"type":"Feature","properties":{"abandoned:railway":"rail","bicycle":"designated","bridge":"yes","designation":"public_bridleway","foot":"designated","highway":"cycleway","horse":"designated","layer":"1","ncn":"yes","ncn_ref":"45","old_name":"Andoversford Line","old_ref":"AND","prow_ref":"BSC 51","railway":"abandoned","source:prow_ref":"gloucestershire_county_council_prow_gis_data","surface":"gravel","source_id":"osm-way-1229209525","dataset":"OpenStreetMap former/disused railway extract","publisher":"OpenStreetMap contributors","effective_date":"2026-09-07T10:02:26Z","licence":"ODbL-1.0"},"geometry":{"type":"LineString","coordinates":[[-1.9209288,51.6749254],[-1.9210363,51.6750011]]}},{"type":"Feature","properties":{"end_date":"1963","name":"Tidworth Military Railway","railway":"razed","source_id":"osm-way-1255667487","dataset":"OpenStreetMap former/disused railway extract","publisher":"OpenStreetMap contributors","effective_date":"2026-09-07T10:02:26Z","licence":"ODbL-1.0"},"geometry":{"type":"LineString","coordinates":[[-1.637206,51.2532682],[-1.6422852,51.2513284],[-1.6455574,51.2507509],[-1.6476174,51.2506099],[-1.6500636,51.2500055],[-1.6526278,51.2485952],[-1.6538616,51.247373],[-1.6548272,51.2458955],[-1.6554172,51.24245],[-1.6559653,51.240219],[-1.6576718,51.2374634],[-1.6593225,51.2347992]]}},{"type":"Feature","properties":{"end_date":"1963","railway":"razed","source_id":"osm-way-1255667488","dataset":"OpenStreetMap former/disused railway extract","publisher":"OpenStreetMap contributors","effective_date":"2026-09-07T10:02:26Z","licence":"ODbL-1.0"},"geometry":{"type":"LineString","coordinates":[[-1.6576718,51.2374634],[-1.6582946,51.2371195],[-1.6596318,51.2361048],[-1.6607841,51.2359929],[-1.6635879,51.2361627]]}},{"type":"Feature","properties":{"foot":"yes","highway":"cycleway","railway":"abandoned","smoothness":"bad","surface":"rocks","source_id":"osm-way-1268195269","dataset":"OpenStreetMap former/disused railway extract","publisher":"OpenStreetMap contributors","effective_date":"2026-09-07T10:02:26Z","licence":"ODbL-1.0"},"geometry":{"type":"LineString","coordinates":[[-2.3639723,51.2481019],[-2.3633037,51.248004],[-2.3628554,51.2478896],[-2.361359,51.2474972],[-2.3588518,51.246853],[-2.3582499,51.2467263],[-2.3573913,51.2465994]]}},{"type":"Feature","properties":{"bridge":"yes","foot":"yes","highway":"cycleway","layer":"1","railway":"abandoned","smoothness":"bad","surface":"rocks","source_id":"osm-way-1268195270","dataset":"OpenStreetMap former/disused railway extract","publisher":"OpenStreetMap contributors","effective_date":"2026-09-07T10:02:26Z","licence":"ODbL-1.0"},"geometry":{"type":"LineString","coordinates":[[-2.3573913,51.2465994],[-2.3572231,51.2465746]]}},{"type":"Feature","properties":{"abandoned:railway":"rail","bicycle":"designated","designation":"public_footpath","foot":"designated","highway":"cycleway","lcn":"yes","lcn_ref":"UR","lit":"no","ncn":"yes","ncn_ref":"45","old_name":"Andoversford Line","old_ref":"AND","prow_ref":"HW8","railway":"abandoned","segregated":"no","smoothness":"intermediate","surface":"gravel","source_id":"osm-way-1279447701","dataset":"OpenStreetMap former/disused railway extract","publisher":"OpenStreetMap contributors","effective_date":"2026-09-07T10:02:26Z","licence":"ODbL-1.0"},"geometry":{"type":"LineString","coordinates":[[-1.8238013,51.5844211],[-1.8239199,51.584539],[-1.8240333,51.584653],[-1.8241924,51.584829],[-1.8242509,51.5848867],[-1.8242933,51.5849259]]}},{"type":"Feature","properties":{"abandoned:railway":"rail","bicycle":"designated","designation":"public_footpath","foot":"designated","highway":"cycleway","lcn":"yes","lcn_ref":"UR","lit":"no","ncn":"yes","ncn_ref":"45","old_name":"Andoversford Line","old_ref":"AND","prow_ref":"PURT160","railway":"abandoned","segregated":"no","smoothness":"intermediate","surface":"gravel","source_id":"osm-way-1279447702","dataset":"OpenStreetMap former/disused railway extract","publisher":"OpenStreetMap contributors","effective_date":"2026-09-07T10:02:26Z","licence":"ODbL-1.0"},"geometry":{"type":"LineString","coordinates":[[-1.8229098,51.5832806],[-1.822969,51.5833675],[-1.8230323,51.5834587],[-1.8232046,51.5836985],[-1.8233238,51.5838679],[-1.8234194,51.5839933],[-1.8235205,51.5841227],[-1.8236118,51.5842297],[-1.8238013,51.5844211]]}},{"type":"Feature","properties":{"abandoned:railway":"rail","bicycle":"designated","designation":"public_footpath","foot":"designated","highway":"cycleway","lcn":"yes","lcn_ref":"UR","ncn":"yes","ncn_ref":"45","old_name":"Andoversford Line","old_ref":"AND","prow_ref":"WS15","railway":"abandoned","segregated":"no","smoothness":"intermediate","surface":"gravel","source_id":"osm-way-1279447703","dataset":"OpenStreetMap former/disused railway extract","publisher":"OpenStreetMap contributors","effective_date":"2026-09-07T10:02:26Z","licence":"ODbL-1.0"},"geometry":{"type":"LineString","coordinates":[[-1.8232744,51.5774642],[-1.8231714,51.577683]]}},{"type":"Feature","properties":{"abandoned:railway":"rail","bicycle":"designated","designation":"public_footpath","foot":"designated","highway":"cycleway","lcn":"yes","lcn_ref":"UR;WSR","lit":"no","ncn":"yes","ncn_ref":"45","old_name":"Andoversford Line","old_ref":"AND","prow_ref":"WS15","railway":"abandoned","segregated":"no","smoothness":"intermediate","surface":"gravel","source_id":"osm-way-1279447704","dataset":"OpenStreetMap former/disused railway extract","publisher":"OpenStreetMap contributors","effective_date":"2026-09-07T10:02:26Z","licence":"ODbL-1.0"},"geometry":{"type":"LineString","coordinates":[[-1.8236552,51.5752523],[-1.823664,51.5754735],[-1.8236692,51.5756535],[-1.8236642,51.575804],[-1.8236467,51.5759882],[-1.8236257,51.5761937],[-1.8235691,51.5765251],[-1.8235171,51.5767465],[-1.8234137,51.5770937],[-1.8233371,51.577314],[-1.8232744,51.5774642]]}},{"type":"Feature","properties":{"disused:railway":"rail","railway":"disused","service":"siding","source_id":"osm-way-1281212662","dataset":"OpenStreetMap former/disused railway extract","publisher":"OpenStreetMap contributors","effective_date":"2026-09-07T10:02:26Z","licence":"ODbL-1.0"},"geometry":{"type":"LineString","coordinates":[[-1.7618051,51.5753208],[-1.7616307,51.575512]]}},{"type":"Feature","properties":{"abandoned:railway":"rail","name":"Andoversford Line","railway":"abandoned","ref":"AND","source_id":"osm-way-1290283961","dataset":"OpenStreetMap former/disused railway extract","publisher":"OpenStreetMap contributors","effective_date":"2026-09-07T10:02:26Z","licence":"ODbL-1.0"},"geometry":{"type":"LineString","coordinates":[[-1.7397603,51.5282345],[-1.7394804,51.5280937],[-1.7391608,51.5279001],[-1.738772,51.5276145]]}},{"type":"Feature","properties":{"abandoned:railway":"rail","embankment":"yes","maxweight":"3.5","name":"Andoversford Line","railway":"abandoned","ref":"AND","source_id":"osm-way-1290283964","dataset":"OpenStreetMap former/disused railway extract","publisher":"OpenStreetMap contributors","effective_date":"2026-09-07T10:02:26Z","licence":"ODbL-1.0"},"geometry":{"type":"LineString","coordinates":[[-1.8088015,51.5515167],[-1.8089726,51.5516415],[-1.809103,51.5517487],[-1.8092478,51.5518804],[-1.8094249,51.5520689],[-1.8095536,51.552234],[-1.8096689,51.5524091],[-1.8097521,51.5525809],[-1.8098272,51.5527861],[-1.809964,51.5532914],[-1.8100686,51.55368]]}},{"type":"Feature","properties":{"abandoned:railway":"rail","bridge":"razed","name":"Andoversford Line","railway":"abandoned","ref":"AND","source_id":"osm-way-1290283965","dataset":"OpenStreetMap former/disused railway extract","publisher":"OpenStreetMap contributors","effective_date":"2026-09-07T10:02:26Z","licence":"ODbL-1.0"},"geometry":{"type":"LineString","coordinates":[[-1.810396,51.5549344],[-1.8104917,51.5552543]]}},{"type":"Feature","properties":{"abandoned:railway":"rail","name":"Andoversford Line","railway":"abandoned","ref":"AND","source":"OS 1:25k","source_id":"osm-way-1290283966","dataset":"OpenStreetMap former/disused railway extract","publisher":"OpenStreetMap contributors","effective_date":"2026-09-07T10:02:26Z","licence":"ODbL-1.0"},"geometry":{"type":"LineString","coordinates":[[-1.8168503,51.5644638],[-1.8169881,51.5646639]]}},{"type":"Feature","properties":{"abandoned:railway":"rail","bicycle":"designated","foot":"designated","highway":"cycleway","lcn":"yes","lcn_ref":"UR;WSR","lit":"no","ncn":"yes","ncn_ref":"45","old_name":"Andoversford Line","old_ref":"AND","railway":"abandoned","segregated":"no","smoothness":"intermediate","surface":"gravel","source_id":"osm-way-1290283968","dataset":"OpenStreetMap former/disused railway extract","publisher":"OpenStreetMap contributors","effective_date":"2026-09-07T10:02:26Z","licence":"ODbL-1.0"},"geometry":{"type":"LineString","coordinates":[[-1.8180377,51.5661783],[-1.8188747,51.5673617],[-1.818981,51.5675122]]}},{"type":"Feature","properties":{"abandoned:railway":"rail","name":"Andoversford Line","railway":"abandoned","ref":"AND","source":"NPE","source_id":"osm-way-1290283974","dataset":"OpenStreetMap former/disused railway extract","publisher":"OpenStreetMap contributors","effective_date":"2026-09-07T10:02:26Z","licence":"ODbL-1.0"},"geometry":{"type":"LineString","coordinates":[[-1.8284704,51.5898865],[-1.8286824,51.590317],[-1.8287857,51.5908069]]}},{"type":"Feature","properties":{"abandoned:railway":"rail","bicycle":"designated","foot":"designated","highway":"cycleway","ncn":"yes","ncn_ref":"45","old_name":"Andoversford Line","old_ref":"AND","railway":"abandoned","segregated":"no","surface":"gravel","source_id":"osm-way-1290283975","dataset":"OpenStreetMap former/disused railway extract","publisher":"OpenStreetMap contributors","effective_date":"2026-09-07T10:02:26Z","licence":"ODbL-1.0"},"geometry":{"type":"LineString","coordinates":[[-1.8543106,51.6335352],[-1.8543466,51.6336587],[-1.8543595,51.633692],[-1.8544007,51.6337627],[-1.8544406,51.6338469],[-1.8544816,51.6339604],[-1.8546025,51.634306],[-1.854605,51.6343127],[-1.8546983,51.6345099],[-1.8548572,51.6348079],[-1.8552793,51.6354971],[-1.8554798,51.635793]]}},{"type":"Feature","properties":{"name":"Andoversford Line","railway":"razed","razed:railway":"rail","ref":"AND","source":"OS 1:25k","source_id":"osm-way-1290283977","dataset":"OpenStreetMap former/disused railway extract","publisher":"OpenStreetMap contributors","effective_date":"2026-09-07T10:02:26Z","licence":"ODbL-1.0"},"geometry":{"type":"LineString","coordinates":[[-1.8581378,51.638413],[-1.8576823,51.6380489]]}},{"type":"Feature","properties":{"name":"Andoversford Line","railway":"razed","razed:railway":"rail","ref":"AND","source":"OS 1:25k","source_id":"osm-way-1290283978","dataset":"OpenStreetMap former/disused railway extract","publisher":"OpenStreetMap contributors","effective_date":"2026-09-07T10:02:26Z","licence":"ODbL-1.0"},"geometry":{"type":"LineString","coordinates":[[-1.8690185,51.6427529],[-1.8681691,51.6422379],[-1.8671821,51.6417585],[-1.8660448,51.6412724],[-1.8652805,51.6409454],[-1.8647566,51.640772],[-1.8645334,51.6407167]]}},{"type":"Feature","properties":{"abandoned:railway":"rail","name":"Andoversford Line","railway":"abandoned","ref":"AND","source_id":"osm-way-1290283979","dataset":"OpenStreetMap former/disused railway extract","publisher":"OpenStreetMap contributors","effective_date":"2026-09-07T10:02:26Z","licence":"ODbL-1.0"},"geometry":{"type":"LineString","coordinates":[[-1.869607,51.6431893],[-1.8692474,51.6429117],[-1.8690185,51.6427529]]}},{"type":"Feature","properties":{"abandoned:railway":"rail","name":"Andoversford Line","railway":"abandoned","ref":"AND","source_id":"osm-way-1290283980","dataset":"OpenStreetMap former/disused railway extract","publisher":"OpenStreetMap contributors","effective_date":"2026-09-07T10:02:26Z","licence":"ODbL-1.0"},"geometry":{"type":"LineString","coordinates":[[-1.9093063,51.6652917],[-1.9089936,51.6650729]]}},{"type":"Feature","properties":{"abandoned:railway":"rail","bicycle":"designated","designation":"public_bridleway","foot":"designated","highway":"cycleway","horse":"designated","motor_vehicle":"private","ncn":"yes","ncn_ref":"45","old_name":"Andoversford Line","old_ref":"AND","prow_ref":"BSC 45","railway":"abandoned","segregated":"no","source:prow_ref":"gloucestershire_county_council_prow_gis_data","surface":"dirt","source_id":"osm-way-1290283981","dataset":"OpenStreetMap former/disused railway extract","publisher":"OpenStreetMap contributors","effective_date":"2026-09-07T10:02:26Z","licence":"ODbL-1.0"},"geometry":{"type":"LineString","coordinates":[[-1.9091532,51.6652242],[-1.9092134,51.6652478],[-1.9092496,51.6652631],[-1.9093063,51.6652917]]}},{"type":"Feature","properties":{"abandoned:railway":"rail","bicycle":"designated","designation":"public_bridleway","foot":"designated","highway":"cycleway","horse":"designated","ncn":"yes","ncn_ref":"45","old_name":"Andoversford Line","old_ref":"AND","prow_ref":"BSC 46","railway":"abandoned","segregated":"no","source:designation":"gloucestershire_county_council_prow_gis_data","source:prow_ref":"gloucestershire_county_council_prow_gis_data","surface":"dirt","source_id":"osm-way-1290283982","dataset":"OpenStreetMap former/disused railway extract","publisher":"OpenStreetMap contributors","effective_date":"2026-09-07T10:02:26Z","licence":"ODbL-1.0"},"geometry":{"type":"LineString","coordinates":[[-1.9089936,51.6650729],[-1.9090682,51.6651153],[-1.909126,51.6651481],[-1.9091949,51.6651816]]}},{"type":"Feature","properties":{"abandoned:railway":"rail","name":"Andoversford Line","railway":"abandoned","ref":"AND","source_id":"osm-way-1290304690","dataset":"OpenStreetMap former/disused railway extract","publisher":"OpenStreetMap contributors","effective_date":"2026-09-07T10:02:26Z","licence":"ODbL-1.0"},"geometry":{"type":"LineString","coordinates":[[-1.7171306,51.4887397],[-1.7168868,51.4879419]]}},{"type":"Feature","properties":{"name":"Andoversford Line","railway":"razed","razed:railway":"rail","ref":"AND","source_id":"osm-way-1290304695","dataset":"OpenStreetMap former/disused railway extract","publisher":"OpenStreetMap contributors","effective_date":"2026-09-07T10:02:26Z","licence":"ODbL-1.0"},"geometry":{"type":"LineString","coordinates":[[-1.7155956,51.4831446],[-1.7154895,51.4827324]]}},{"type":"Feature","properties":{"abandoned:railway":"rail","name":"Andoversford Line","railway":"abandoned","ref":"AND","source_id":"osm-way-1290304696","dataset":"OpenStreetMap former/disused railway extract","publisher":"OpenStreetMap contributors","effective_date":"2026-09-07T10:02:26Z","licence":"ODbL-1.0"},"geometry":{"type":"LineString","coordinates":[[-1.7147065,51.4799376],[-1.7146334,51.4796165]]}},{"type":"Feature","properties":{"name":"Andoversford Line","railway":"razed","razed:railway":"rail","ref":"AND","source_id":"osm-way-1290304699","dataset":"OpenStreetMap former/disused railway extract","publisher":"OpenStreetMap contributors","effective_date":"2026-09-07T10:02:26Z","licence":"ODbL-1.0"},"geometry":{"type":"LineString","coordinates":[[-1.7146334,51.4796165],[-1.7145943,51.4794446]]}},{"type":"Feature","properties":{"abandoned:railway":"rail","name":"Andoversford Line","railway":"abandoned","ref":"AND","source_id":"osm-way-1290327555","dataset":"OpenStreetMap former/disused railway extract","publisher":"OpenStreetMap contributors","effective_date":"2026-09-07T10:02:26Z","licence":"ODbL-1.0"},"geometry":{"type":"LineString","coordinates":[[-1.7105473,51.4705223],[-1.70987,51.469178],[-1.7094697,51.4684087]]}},{"type":"Feature","properties":{"name":"Andoversford Line","railway":"razed","razed:railway":"rail","ref":"AND","source_id":"osm-way-1290327560","dataset":"OpenStreetMap former/disused railway extract","publisher":"OpenStreetMap contributors","effective_date":"2026-09-07T10:02:26Z","licence":"ODbL-1.0"},"geometry":{"type":"LineString","coordinates":[[-1.7094697,51.4684087],[-1.7089904,51.4674632]]}},{"type":"Feature","properties":{"name":"Andoversford Line","railway":"razed","razed:railway":"rail","ref":"AND","source_id":"osm-way-1290327563","dataset":"OpenStreetMap former/disused railway extract","publisher":"OpenStreetMap contributors","effective_date":"2026-09-07T10:02:26Z","licence":"ODbL-1.0"},"geometry":{"type":"LineString","coordinates":[[-1.7084027,51.4658703],[-1.708259,51.4653692],[-1.7081893,51.465037],[-1.7081623,51.4648362],[-1.7081408,51.4646287],[-1.7081036,51.4640663]]}},{"type":"Feature","properties":{"abandoned:railway":"rail","bicycle":"designated","foot":"designated","highway":"cycleway","lit":"no","name":"Chiseldon & Marlborough Railway Path","old_name":"Andoversford Line","old_ref":"AND","railway":"abandoned","surface":"compacted","source_id":"osm-way-1290327564","dataset":"OpenStreetMap former/disused railway extract","publisher":"OpenStreetMap contributors","effective_date":"2026-09-07T10:02:26Z","licence":"ODbL-1.0"},"geometry":{"type":"LineString","coordinates":[[-1.7117814,51.4588896],[-1.7116543,51.4589998],[-1.7100953,51.4602524],[-1.7098611,51.4604691],[-1.7096053,51.4607376],[-1.7094486,51.460924],[-1.7092438,51.4611582],[-1.7090854,51.4613748],[-1.7089456,51.4615943],[-1.7087571,51.4619068],[-1.7086652,51.4620778],[-1.7085186,51.4623707],[-1.7083907,51.4626521],[-1.7082923,51.462931],[-1.7082277,51.4631453],[-1.7081865,51.4633271],[-1.7081605,51.4634734],[-1.7081376,51.4636718],[-1.7081085,51.463951],[-1.7081036,51.4640663]]}},{"type":"Feature","properties":{"abandoned:railway":"rail","bicycle":"designated","cutting":"yes","foot":"designated","highway":"cycleway","lit":"no","name":"Chiseldon & Marlborough Railway Path","old_name":"Andoversford Line","old_ref":"AND","railway":"abandoned","surface":"compacted","source_id":"osm-way-1290327566","dataset":"OpenStreetMap former/disused railway extract","publisher":"OpenStreetMap contributors","effective_date":"2026-09-07T10:02:26Z","licence":"ODbL-1.0"},"geometry":{"type":"LineString","coordinates":[[-1.7244918,51.4490169],[-1.7243476,51.4491356],[-1.7239738,51.4494198],[-1.7237274,51.449585],[-1.7233975,51.449849],[-1.72278,51.4503375],[-1.7216055,51.4512504]]}},{"type":"Feature","properties":{"abandoned:railway":"rail","cutting":"yes","historic:operator":"Midland & South Western Junction Railway","name":"Andoversford Line","railway":"abandoned","ref":"AND","source":"OS 1:25k","source_id":"osm-way-1290327567","dataset":"OpenStreetMap former/disused railway extract","publisher":"OpenStreetMap contributors","effective_date":"2026-09-07T10:02:26Z","licence":"ODbL-1.0"},"geometry":{"type":"LineString","coordinates":[[-1.7216055,51.4512504],[-1.7207472,51.4519274]]}},{"type":"Feature","properties":{"abandoned:railway":"rail","cutting":"yes","historic:operator":"Midland & South Western Junction Railway","name":"Andoversford Line","railway":"abandoned","ref":"AND","source":"OS 1:25k","source_id":"osm-way-1290327569","dataset":"OpenStreetMap former/disused railway extract","publisher":"OpenStreetMap contributors","effective_date":"2026-09-07T10:02:26Z","licence":"ODbL-1.0"},"geometry":{"type":"LineString","coordinates":[[-1.7262588,51.4476312],[-1.7244918,51.4490169]]}},{"type":"Feature","properties":{"abandoned:railway":"rail","historic:operator":"Midland & South Western Junction Railway","name":"Andoversford Line","railway":"abandoned","ref":"AND","source":"NPE","source_id":"osm-way-1290508006","dataset":"OpenStreetMap former/disused railway extract","publisher":"OpenStreetMap contributors","effective_date":"2026-09-07T10:02:26Z","licence":"ODbL-1.0"},"geometry":{"type":"LineString","coordinates":[[-1.7145614,51.399175],[-1.7147888,51.39947],[-1.7150473,51.3997504],[-1.7153862,51.4000966],[-1.715987,51.400662],[-1.716637,51.4011966],[-1.7170156,51.4015149]]}},{"type":"Feature","properties":{"abandoned:railway":"rail","historic:operator":"Midland & South Western Junction Railway","name":"Andoversford Line","railway":"abandoned","ref":"AND","source":"NPE","source_id":"osm-way-1290508008","dataset":"OpenStreetMap former/disused railway extract","publisher":"OpenStreetMap contributors","effective_date":"2026-09-07T10:02:26Z","licence":"ODbL-1.0"},"geometry":{"type":"LineString","coordinates":[[-1.709642,51.3917066],[-1.7098651,51.3920217]]}},{"type":"Feature","properties":{"abandoned:railway":"rail","name":"Andoversford Line","railway":"abandoned","ref":"AND","usage":"branch","source_id":"osm-way-1290508010","dataset":"OpenStreetMap former/disused railway extract","publisher":"OpenStreetMap contributors","effective_date":"2026-09-07T10:02:26Z","licence":"ODbL-1.0"},"geometry":{"type":"LineString","coordinates":[[-1.7054831,51.3849893],[-1.7052119,51.3841188]]}},{"type":"Feature","properties":{"abandoned:railway":"rail","name":"Andoversford Line","railway":"abandoned","ref":"AND","source_id":"osm-way-1290508015","dataset":"OpenStreetMap former/disused railway extract","publisher":"OpenStreetMap contributors","effective_date":"2026-09-07T10:02:26Z","licence":"ODbL-1.0"},"geometry":{"type":"LineString","coordinates":[[-1.699882,51.3782443],[-1.7003157,51.3784532],[-1.7009076,51.3787789],[-1.7014007,51.3790915],[-1.7018705,51.3794075]]}},{"type":"Feature","properties":{"abandoned:railway":"rail","name":"Andoversford Line","railway":"abandoned","ref":"AND","source_id":"osm-way-1290508017","dataset":"OpenStreetMap former/disused railway extract","publisher":"OpenStreetMap contributors","effective_date":"2026-09-07T10:02:26Z","licence":"ODbL-1.0"},"geometry":{"type":"LineString","coordinates":[[-1.6957667,51.376942],[-1.6960911,51.3770124],[-1.6971458,51.3772985],[-1.6976532,51.3774353],[-1.6978112,51.3774778],[-1.6985402,51.3777],[-1.6991249,51.3779372],[-1.6995279,51.3781006],[-1.699882,51.3782443]]}},{"type":"Feature","properties":{"abandoned:railway":"rail","bridge":"razed","name":"Andoversford Line","railway":"abandoned","ref":"AND","usage":"branch","source_id":"osm-way-1290508018","dataset":"OpenStreetMap former/disused railway extract","publisher":"OpenStreetMap contributors","effective_date":"2026-09-07T10:02:26Z","licence":"ODbL-1.0"},"geometry":{"type":"LineString","coordinates":[[-1.6953362,51.3768587],[-1.6957667,51.376942]]}},{"type":"Feature","properties":{"abandoned:railway":"rail","historic:operator":"Great Western Railway","name":"Marlborough Branch","railway":"abandoned","ref":"MBO","source":"NPE","source_id":"osm-way-1290508019","dataset":"OpenStreetMap former/disused railway extract","publisher":"OpenStreetMap contributors","effective_date":"2026-09-07T10:02:26Z","licence":"ODbL-1.0"},"geometry":{"type":"LineString","coordinates":[[-1.6823961,51.3753186],[-1.6816749,51.3751287],[-1.6808555,51.3748952],[-1.6800906,51.3746561],[-1.6786706,51.3741569],[-1.6772233,51.373618],[-1.6746181,51.372702],[-1.6721865,51.3718668],[-1.6688141,51.3706284],[-1.6678894,51.3702366],[-1.6674215,51.3699977],[-1.6669323,51.3697248],[-1.6661593,51.3692072],[-1.665424,51.3686252],[-1.6651108,51.3683916],[-1.6646721,51.3681872],[-1.66438,51.3680506]]}},{"type":"Feature","properties":{"abandoned:railway":"rail","bridge":"razed","historic:operator":"Great Western Railway","name":"Marlborough Branch","railway":"abandoned","ref":"MBO","source":"NPE","source_id":"osm-way-1290508020","dataset":"OpenStreetMap former/disused railway extract","publisher":"OpenStreetMap contributors","effective_date":"2026-09-07T10:02:26Z","licence":"ODbL-1.0"},"geometry":{"type":"LineString","coordinates":[[-1.6957997,51.3767533],[-1.6953902,51.3766968]]}},{"type":"Feature","properties":{"abandoned:railway":"rail","historic:operator":"Great Western Railway","name":"Marlborough Branch","railway":"abandoned","ref":"MBO","source":"NPE","source_id":"osm-way-1290508021","dataset":"OpenStreetMap former/disused railway extract","publisher":"OpenStreetMap contributors","effective_date":"2026-09-07T10:02:26Z","licence":"ODbL-1.0"},"geometry":{"type":"LineString","coordinates":[[-1.6957997,51.3767533],[-1.6961976,51.3768516],[-1.6962032,51.376853],[-1.6967085,51.3770285],[-1.6976532,51.3774353]]}},{"type":"Feature","properties":{"abandoned:railway":"rail","historic:operator":"Great Western Railway","name":"Marlborough Branch","railway":"abandoned","ref":"MBO","source":"NPE","source_id":"osm-way-1290508022","dataset":"OpenStreetMap former/disused railway extract","publisher":"OpenStreetMap contributors","effective_date":"2026-09-07T10:02:26Z","licence":"ODbL-1.0"},"geometry":{"type":"LineString","coordinates":[[-1.6953902,51.3766968],[-1.695022,51.3766531],[-1.6942368,51.3765605]]}},{"type":"Feature","properties":{"abandoned:railway":"rail","cutting":"yes","historic:operator":"Great Western Railway","name":"Marlborough Branch","railway":"abandoned","ref":"MBO","source":"NPE","source_id":"osm-way-1290508023","dataset":"OpenStreetMap former/disused railway extract","publisher":"OpenStreetMap contributors","effective_date":"2026-09-07T10:02:26Z","licence":"ODbL-1.0"},"geometry":{"type":"LineString","coordinates":[[-1.6942368,51.3765605],[-1.6933979,51.376482],[-1.692631,51.3764324],[-1.6917735,51.3763829],[-1.6885257,51.3762374]]}},{"type":"Feature","properties":{"abandoned:railway":"rail","name":"Andoversford Line","railway":"abandoned","ref":"AND","source_id":"osm-way-1290508024","dataset":"OpenStreetMap former/disused railway extract","publisher":"OpenStreetMap contributors","effective_date":"2026-09-07T10:02:26Z","licence":"ODbL-1.0"},"geometry":{"type":"LineString","coordinates":[[-1.6840916,51.3762336],[-1.6864081,51.3763599],[-1.6914952,51.3765782],[-1.6931978,51.3766727],[-1.6946575,51.3767776],[-1.6950393,51.3768202],[-1.6953362,51.3768587]]}},{"type":"Feature","properties":{"abandoned:railway":"rail","bridge":"razed","name":"Andoversford Line","railway":"abandoned","ref":"AND","source_id":"osm-way-1290508025","dataset":"OpenStreetMap former/disused railway extract","publisher":"OpenStreetMap contributors","effective_date":"2026-09-07T10:02:26Z","licence":"ODbL-1.0"},"geometry":{"type":"LineString","coordinates":[[-1.683545,51.3761976],[-1.6840916,51.3762336]]}},{"type":"Feature","properties":{"abandoned:railway":"rail","historic:operator":"Great Western Railway","name":"Marlborough Branch","railway":"abandoned","ref":"MBO","source":"NPE","source_id":"osm-way-1290508026","dataset":"OpenStreetMap former/disused railway extract","publisher":"OpenStreetMap contributors","effective_date":"2026-09-07T10:02:26Z","licence":"ODbL-1.0"},"geometry":{"type":"LineString","coordinates":[[-1.6885257,51.3762374],[-1.6877936,51.3761949],[-1.6872333,51.3761345],[-1.6867874,51.3760889],[-1.6853584,51.3759017],[-1.6842597,51.3757232],[-1.6833332,51.3755405],[-1.6828506,51.3754295]]}},{"type":"Feature","properties":{"bridge":"razed","historic:operator":"Great Western Railway","name":"Marlborough Branch","railway":"razed","razed:railway":"rail","ref":"MBO","source_id":"osm-way-1290508027","dataset":"OpenStreetMap former/disused railway extract","publisher":"OpenStreetMap contributors","effective_date":"2026-09-07T10:02:26Z","licence":"ODbL-1.0"},"geometry":{"type":"LineString","coordinates":[[-1.6828506,51.3754295],[-1.6823961,51.3753186]]}},{"type":"Feature","properties":{"abandoned:railway":"rail","name":"Andoversford Line","railway":"abandoned","ref":"AND","source_id":"osm-way-1290508028","dataset":"OpenStreetMap former/disused railway extract","publisher":"OpenStreetMap contributors","effective_date":"2026-09-07T10:02:26Z","licence":"ODbL-1.0"},"geometry":{"type":"LineString","coordinates":[[-1.6783453,51.375099],[-1.678589,51.3751825],[-1.6793979,51.3754193],[-1.6804308,51.375695],[-1.6811594,51.375855],[-1.6820421,51.3760094],[-1.6826905,51.37611],[-1.683177,51.3761674],[-1.683545,51.3761976]]}},{"type":"Feature","properties":{"abandoned:railway":"rail","name":"Andoversford Line","railway":"abandoned","ref":"AND","source_id":"osm-way-1290508031","dataset":"OpenStreetMap former/disused railway extract","publisher":"OpenStreetMap contributors","effective_date":"2026-09-07T10:02:26Z","licence":"ODbL-1.0"},"geometry":{"type":"LineString","coordinates":[[-1.6609706,51.3690391],[-1.6612982,51.3691881],[-1.6614603,51.3692559],[-1.6615917,51.3693109]]}},{"type":"Feature","properties":{"abandoned:railway":"rail","name":"Andoversford Line","railway":"abandoned","ref":"AND","source_id":"osm-way-1290508032","dataset":"OpenStreetMap former/disused railway extract","publisher":"OpenStreetMap contributors","effective_date":"2026-09-07T10:02:26Z","licence":"ODbL-1.0"},"geometry":{"type":"LineString","coordinates":[[-1.6550794,51.3657846],[-1.6553422,51.3659345],[-1.6576788,51.3671816],[-1.6596568,51.3683676],[-1.6600322,51.3685822],[-1.6604833,51.3688099],[-1.6609706,51.3690391]]}},{"type":"Feature","properties":{"abandoned:railway":"rail","name":"West of England Line","railway":"abandoned","ref":"BAE2","source_id":"osm-way-1348544754","dataset":"OpenStreetMap former/disused railway extract","publisher":"OpenStreetMap contributors","effective_date":"2026-09-07T10:02:26Z","licence":"ODbL-1.0"},"geometry":{"type":"LineString","coordinates":[[-1.8675454,51.0837655],[-1.8654892,51.0841783]]}},{"type":"Feature","properties":{"abandoned:railway":"rail","bridge":"yes","layer":"1","name":"West of England Line","railway":"abandoned","ref":"BAE2","source_id":"osm-way-1348544755","dataset":"OpenStreetMap former/disused railway extract","publisher":"OpenStreetMap contributors","effective_date":"2026-09-07T10:02:26Z","licence":"ODbL-1.0"},"geometry":{"type":"LineString","coordinates":[[-1.8654892,51.0841783],[-1.8651498,51.0842465]]}},{"type":"Feature","properties":{"abandoned:railway":"rail","historic:bridge":"yes","name":"Broadstone Junction to Templecombe Lower Line","railway":"dismantled","ref":"BJT","source":"npe","source_id":"osm-way-1348703723","dataset":"OpenStreetMap former/disused railway extract","publisher":"OpenStreetMap contributors","effective_date":"2026-09-07T10:02:26Z","licence":"ODbL-1.0"},"geometry":{"type":"LineString","coordinates":[[-2.3385489,50.9472658],[-2.3383009,50.9471765]]}},{"type":"Feature","properties":{"abandoned:railway":"rail","name":"Broadstone Junction to Templecombe Lower Line","railway":"abandoned","ref":"BJT","source":"npe","source_id":"osm-way-1348703726","dataset":"OpenStreetMap former/disused railway extract","publisher":"OpenStreetMap contributors","effective_date":"2026-09-07T10:02:26Z","licence":"ODbL-1.0"},"geometry":{"type":"LineString","coordinates":[[-2.3383009,50.9471765],[-2.3349106,50.9459192],[-2.3336687,50.9452499],[-2.3281517,50.9422765],[-2.3271421,50.9416667],[-2.3262332,50.9409903],[-2.3222127,50.9378307],[-2.3205692,50.9365963],[-2.3182251,50.9348356],[-2.3178497,50.9345445],[-2.3174105,50.934204],[-2.3140722,50.9316982],[-2.3135817,50.9312913],[-2.3126542,50.9305218],[-2.3108728,50.9295034],[-2.3101589,50.9291276],[-2.3100691,50.9290856]]}},{"type":"Feature","properties":{"electrified":"no","gauge":"1435","railway":"razed","razed:railway":"rail","service":"yard","source_id":"osm-way-1352214725","dataset":"OpenStreetMap former/disused railway extract","publisher":"OpenStreetMap contributors","effective_date":"2026-09-07T10:02:26Z","licence":"ODbL-1.0"},"geometry":{"type":"LineString","coordinates":[[-1.4909759,51.2124397],[-1.4925101,51.2117988],[-1.4927112,51.2117332],[-1.4929838,51.2116614]]}},{"type":"Feature","properties":{"electrified":"no","gauge":"1435","railway":"razed","razed:railway":"rail","service":"yard","source_id":"osm-way-1352214726","dataset":"OpenStreetMap former/disused railway extract","publisher":"OpenStreetMap contributors","effective_date":"2026-09-07T10:02:26Z","licence":"ODbL-1.0"},"geometry":{"type":"LineString","coordinates":[[-1.4939894,51.2112983],[-1.495269,51.2107426],[-1.4956177,51.2105796],[-1.4959208,51.210425]]}},{"type":"Feature","properties":{"electrified":"no","gauge":"1435","railway":"razed","razed:railway":"rail","service":"yard","source_id":"osm-way-1352214727","dataset":"OpenStreetMap former/disused railway extract","publisher":"OpenStreetMap contributors","effective_date":"2026-09-07T10:02:26Z","licence":"ODbL-1.0"},"geometry":{"type":"LineString","coordinates":[[-1.4922192,51.2130002],[-1.492458,51.212686],[-1.4926162,51.2124727],[-1.4927342,51.2122794],[-1.4927981,51.2121498]]}},{"type":"Feature","properties":{"bicycle":"permissive","foot":"permissive","highway":"cycleway","horse":"permissive","name":"Colliers Way","railway":"abandoned","source":"survey","surface":"asphalt","source_id":"osm-way-1361731395","dataset":"OpenStreetMap former/disused railway extract","publisher":"OpenStreetMap contributors","effective_date":"2026-09-07T10:02:26Z","licence":"ODbL-1.0"},"geometry":{"type":"LineString","coordinates":[[-2.3573486,51.2463899],[-2.3574366,51.2463934],[-2.3578123,51.2464419],[-2.3580393,51.2464723],[-2.3582633,51.2465095],[-2.3591771,51.2466762],[-2.3595251,51.2467488],[-2.3596374,51.2467921],[-2.3596862,51.2468241],[-2.3597046,51.2468521],[-2.3597526,51.2468749],[-2.3598166,51.2468839],[-2.3599362,51.2468952],[-2.360632,51.2470715],[-2.361158,51.2471805],[-2.3618784,51.2474061],[-2.3624601,51.2475631],[-2.3633255,51.2478499],[-2.3637963,51.2480492],[-2.3639723,51.2481019]]}},{"type":"Feature","properties":{"electrified":"no","gauge":"1435","railway":"razed","razed:railway":"rail","service":"yard","source_id":"osm-way-1372028008","dataset":"OpenStreetMap former/disused railway extract","publisher":"OpenStreetMap contributors","effective_date":"2026-09-07T10:02:26Z","licence":"ODbL-1.0"},"geometry":{"type":"LineString","coordinates":[[-1.4927943,51.2119609],[-1.4928308,51.2119249],[-1.492981,51.2118039],[-1.493217,51.2116695]]}},{"type":"Feature","properties":{"electrified":"no","gauge":"1435","railway":"razed","razed:railway":"rail","service":"yard","source_id":"osm-way-1372028009","dataset":"OpenStreetMap former/disused railway extract","publisher":"OpenStreetMap contributors","effective_date":"2026-09-07T10:02:26Z","licence":"ODbL-1.0"},"geometry":{"type":"LineString","coordinates":[[-1.4928532,51.2119832],[-1.4928871,51.2119501],[-1.4930561,51.2117972]]}},{"type":"Feature","properties":{"electrified":"no","gauge":"1435","railway":"razed","razed:railway":"rail","service":"yard","source_id":"osm-way-1372028010","dataset":"OpenStreetMap former/disused railway extract","publisher":"OpenStreetMap contributors","effective_date":"2026-09-07T10:02:26Z","licence":"ODbL-1.0"},"geometry":{"type":"LineString","coordinates":[[-1.4928878,51.2119963],[-1.4929113,51.2119568],[-1.4930561,51.2117972],[-1.493217,51.2116695],[-1.4934262,51.2115485]]}},{"type":"Feature","properties":{"abandoned:railway":"rail","electrified":"no","gauge":"1435","railway":"abandoned","service":"yard","source_id":"osm-way-1372028011","dataset":"OpenStreetMap former/disused railway extract","publisher":"OpenStreetMap contributors","effective_date":"2026-09-07T10:02:26Z","licence":"ODbL-1.0"},"geometry":{"type":"LineString","coordinates":[[-1.4927981,51.2121498],[-1.492812,51.2121215],[-1.4928878,51.2119963]]}},{"type":"Feature","properties":{"bicycle":"permissive","bridge":"yes","cycleway:est_width":"1.75","designation":"public_footpath","foot":"designated","highway":"bridleway","horse":"permissive","lit":"no","railway":"abandoned","segregated":"no","surface":"wood","source_id":"osm-way-1422982501","dataset":"OpenStreetMap former/disused railway extract","publisher":"OpenStreetMap contributors","effective_date":"2026-09-07T10:02:26Z","licence":"ODbL-1.0"},"geometry":{"type":"LineString","coordinates":[[-1.5102066,51.0720432],[-1.510273,51.0719845]]}},{"type":"Feature","properties":{"description":"Standard gauge military line, In use 1914 - 1928","gauge":"1435","name":"Larkhill Military Railway","railway":"razed","source":"NLS OS Half-inch 1930-42;The Bulford Branch Line and the Larkhill Military Railway - Peter A. Harding - 2017","source_id":"osm-way-1434887118","dataset":"OpenStreetMap former/disused railway extract","publisher":"OpenStreetMap contributors","effective_date":"2026-09-07T10:02:26Z","licence":"ODbL-1.0"},"geometry":{"type":"LineString","coordinates":[[-1.7694218,51.1811167],[-1.7695035,51.1812307],[-1.7696806,51.1814291],[-1.7698522,51.1816006],[-1.769981,51.1817082],[-1.7701526,51.1818057],[-1.7703726,51.1818999],[-1.7706002,51.1819805],[-1.7706993,51.1820115],[-1.7708939,51.1820603],[-1.7711133,51.1821114],[-1.771531,51.1821935],[-1.7719915,51.182279],[-1.7725014,51.1823446],[-1.7726337,51.1823665],[-1.7727702,51.1823845],[-1.7730637,51.1824103],[-1.7737693,51.1824596],[-1.7738708,51.1824612],[-1.7739926,51.1824489],[-1.774176,51.1824181],[-1.7744101,51.1823697],[-1.7746181,51.1823292],[-1.7747357,51.1823029],[-1.7763429,51.1820279],[-1.7768473,51.1819606],[-1.7793039,51.1816309],[-1.7795061,51.181601],[-1.7800438,51.1815267],[-1.7802395,51.1814939],[-1.7805698,51.1814514],[-1.7808764,51.1814108],[-1.7811444,51.1813732],[-1.7816273,51.1813114],[-1.7818944,51.1812749],[-1.7819605,51.1812653],[-1.7825244,51.1811876],[-1.7829373,51.181115],[-1.7831992,51.1810995],[-1.7834293,51.1811283],[-1.7840459,51.1812256],[-1.7843045,51.1812895],[-1.784468,51.181332],[-1.7846605,51.1814054],[-1.7848361,51.1814846],[-1.7850811,51.181641],[-1.7853414,51.1818168],[-1.7859176,51.1821963],[-1.786103,51.1823221]]}},{"type":"Feature","properties":{"abandoned:railway":"rail","name":"Rushey Platt Curve","railway":"abandoned","ref":"RUS","source_id":"osm-way-1459502123","dataset":"OpenStreetMap former/disused railway extract","publisher":"OpenStreetMap contributors","effective_date":"2026-09-07T10:02:26Z","licence":"ODbL-1.0"},"geometry":{"type":"LineString","coordinates":[[-1.8090074,51.5519045],[-1.8088739,51.5517612],[-1.8087911,51.5516953],[-1.8086809,51.5516184],[-1.8084898,51.5514985],[-1.8081001,51.5512539],[-1.8078249,51.5510801],[-1.8076262,51.5509546],[-1.8073806,51.5507989]]}},{"type":"Feature","properties":{"abandoned:railway":"rail","alt_name":"Sprat & Winkle Line","name":"Andover Junction to Kimbridge Juction","railway":"abandoned","ref":"AKJ","usage":"branch","source_id":"osm-way-1462107697","dataset":"OpenStreetMap former/disused railway extract","publisher":"OpenStreetMap contributors","effective_date":"2026-09-07T10:02:26Z","licence":"ODbL-1.0"},"geometry":{"type":"LineString","coordinates":[[-1.5232022,51.0408837],[-1.5229592,51.041166],[-1.5229159,51.0412193],[-1.5229005,51.0412406],[-1.52256,51.0417007],[-1.5220824,51.0423357],[-1.5214095,51.0432278],[-1.5208038,51.0440227],[-1.5201472,51.0448905],[-1.519574,51.0456433],[-1.5193971,51.0459295],[-1.5187893,51.0469429],[-1.5185434,51.0473455],[-1.5184478,51.047564],[-1.5182222,51.048102],[-1.5181043,51.0484432],[-1.5179058,51.0487918],[-1.5178976,51.0488152],[-1.5178876,51.0488447],[-1.5178746,51.0488761],[-1.5178496,51.0489408],[-1.5177686,51.0491353],[-1.5177571,51.0491726],[-1.5177243,51.0492614],[-1.5176829,51.0493879],[-1.5176561,51.0494644],[-1.5176276,51.0495573],[-1.5175862,51.049635],[-1.5174792,51.0498039],[-1.5174706,51.0498386],[-1.5173862,51.0501787],[-1.5173417,51.0507235],[-1.5171431,51.0515887],[-1.5170856,51.0518578],[-1.5168011,51.0533809],[-1.5167114,51.0541508],[-1.5166166,51.0547159],[-1.5165166,51.0550418],[-1.5164967,51.0551306],[-1.5164577,51.055362],[-1.516369,51.055609],[-1.5163604,51.0556602],[-1.5163109,51.0558499],[-1.5160161,51.0565619],[-1.5156214,51.0573096],[-1.5153159,51.0578666],[-1.5151111,51.0583191],[-1.5150424,51.0585237],[-1.5147926,51.0598614],[-1.5148081,51.0604621],[-1.5147479,51.0611371],[-1.5146804,51.0642909],[-1.514678,51.0649842],[-1.5146524,51.065533],[-1.5146426,51.0663459],[-1.5146348,51.0666203],[-1.5146015,51.0668873],[-1.5144281,51.0675741],[-1.5142733,51.0679758],[-1.5141387,51.0682597],[-1.5140328,51.0684475],[-1.5138174,51.0687336],[-1.5131165,51.0695602],[-1.5126379,51.0699919],[-1.5117996,51.0706379],[-1.5110769,51.0712087]]}},{"type":"Feature","properties":{"electrified":"no","gauge":"1435","railway":"razed","railway:aws":"yes","railway:tpws":"yes","service":"yard","source_id":"osm-way-1468066715","dataset":"OpenStreetMap former/disused railway extract","publisher":"OpenStreetMap contributors","effective_date":"2026-09-07T10:02:26Z","licence":"ODbL-1.0"},"geometry":{"type":"LineString","coordinates":[[-1.7719247,51.5693261],[-1.7721944,51.5692284],[-1.7723359,51.569176],[-1.7727133,51.5691081],[-1.7731299,51.5690425],[-1.7733959,51.5690039],[-1.7739192,51.5689207],[-1.7742542,51.5688562],[-1.7746281,51.5687655],[-1.7749999,51.5686728],[-1.7753586,51.5685801]]}},{"type":"Feature","properties":{"abandoned:railway":"rail","name":"Andoversford Line","railway":"abandoned","ref":"AND","usage":"branch","source_id":"osm-way-1493493976","dataset":"OpenStreetMap former/disused railway extract","publisher":"OpenStreetMap contributors","effective_date":"2026-09-07T10:02:26Z","licence":"ODbL-1.0"},"geometry":{"type":"LineString","coordinates":[[-1.6615917,51.3693109],[-1.6617304,51.3693654],[-1.6617876,51.3693866],[-1.662373,51.3695902],[-1.6629709,51.3697724],[-1.6702246,51.3716272],[-1.6707857,51.3717804],[-1.67128,51.3719294],[-1.6716877,51.3720739],[-1.6720879,51.37223],[-1.6724666,51.3723849],[-1.6726602,51.3724652],[-1.6727017,51.3724834],[-1.6732443,51.3727574],[-1.675136,51.3737097],[-1.6758447,51.3740526],[-1.6761483,51.3742161],[-1.6766786,51.3744797],[-1.6770079,51.3746244],[-1.6773789,51.3747606],[-1.678146,51.3750387],[-1.6782354,51.375066],[-1.6783453,51.375099]]}},{"type":"Feature","properties":{"abandoned:railway":"rail","name":"Andoversford Line","railway":"abandoned","ref":"AND","source_id":"osm-way-1493493977","dataset":"OpenStreetMap former/disused railway extract","publisher":"OpenStreetMap contributors","effective_date":"2026-09-07T10:02:26Z","licence":"ODbL-1.0"},"geometry":{"type":"LineString","coordinates":[[-1.7018664,51.3794101],[-1.7019373,51.3794529],[-1.7023739,51.3797736],[-1.7027855,51.380101],[-1.7028063,51.3801149],[-1.7030803,51.3803441],[-1.7036895,51.3809336],[-1.7038749,51.3811876],[-1.7040773,51.3814359],[-1.704261,51.3817016],[-1.7044069,51.3819611],[-1.7046567,51.3824793],[-1.7047655,51.3827704],[-1.7051728,51.3840266],[-1.7052119,51.3841188]]}},{"type":"Feature","properties":{"abandoned:railway":"rail","historic:operator":"Midland & South Western Junction Railway","name":"Andoversford Line","railway":"abandoned","ref":"AND","usage":"branch","source_id":"osm-way-1493493978","dataset":"OpenStreetMap former/disused railway extract","publisher":"OpenStreetMap contributors","effective_date":"2026-09-07T10:02:26Z","licence":"ODbL-1.0"},"geometry":{"type":"LineString","coordinates":[[-1.7054831,51.3849893],[-1.7054873,51.3850211],[-1.7056135,51.3853677],[-1.7058215,51.385856],[-1.7059785,51.3861747],[-1.7061367,51.3864746],[-1.7064093,51.386961],[-1.7095343,51.3915734],[-1.709642,51.3917066]]}},{"type":"Feature","properties":{"abandoned:railway":"rail","historic:operator":"Midland & South West Junction Railway","name":"Andoversford Line","railway":"abandoned","ref":"AND","usage":"branch","source_id":"osm-way-1493493979","dataset":"OpenStreetMap former/disused railway extract","publisher":"OpenStreetMap contributors","effective_date":"2026-09-07T10:02:26Z","licence":"ODbL-1.0"},"geometry":{"type":"LineString","coordinates":[[-1.7098651,51.3920217],[-1.709878,51.3920471],[-1.7099201,51.392114],[-1.7101982,51.3925811],[-1.7105112,51.3930732],[-1.710877,51.3935988],[-1.7113707,51.3943508],[-1.7117993,51.3949869],[-1.7121829,51.3955798],[-1.7124921,51.3960602],[-1.7128697,51.3966478],[-1.7134579,51.3975232],[-1.7137084,51.3978644],[-1.7143667,51.3989038],[-1.714478,51.3990643],[-1.7145614,51.399175]]}},{"type":"Feature","properties":{"bicycle":"designated","foot":"designated","highway":"cycleway","horse":"no","lit":"no","name":"Two Tunnels Greenway","old_name":"Somerset and Dorset Joint Railway","old_ref":"SAD","oneway":"no","railway":"abandoned","segregated":"no","source":"survey","surface":"asphalt","wikidata":"Q7559923","wikipedia":"en:Somerset and Dorset Joint Railway","source_id":"osm-way-1525153171","dataset":"OpenStreetMap former/disused railway extract","publisher":"OpenStreetMap contributors","effective_date":"2026-09-07T10:02:26Z","licence":"ODbL-1.0"},"geometry":{"type":"LineString","coordinates":[[-2.3415025,51.3559244],[-2.3413639,51.3556997]]}},{"type":"Feature","properties":{"bicycle":"designated","foot":"designated","highway":"cycleway","horse":"no","lit":"no","name":"Two Tunnels Greenway","old_name":"Somerset and Dorset Joint Railway","old_ref":"SAD","oneway":"no","railway":"abandoned","segregated":"no","source":"survey","surface":"asphalt","wikidata":"Q7559923","wikipedia":"en:Somerset and Dorset Joint Railway","source_id":"osm-way-1525153172","dataset":"OpenStreetMap former/disused railway extract","publisher":"OpenStreetMap contributors","effective_date":"2026-09-07T10:02:26Z","licence":"ODbL-1.0"},"geometry":{"type":"LineString","coordinates":[[-2.3413639,51.3556997],[-2.3413335,51.3556503],[-2.3412833,51.3555384]]}},{"type":"Feature","properties":{"bicycle":"designated","foot":"yes","highway":"service","note":"A few traffic calming bumps & potholes","railway":"abandoned","sidewalk":"no","surface":"asphalt","source_id":"osm-way-1525170040","dataset":"OpenStreetMap former/disused railway extract","publisher":"OpenStreetMap contributors","effective_date":"2026-09-07T10:02:26Z","licence":"ODbL-1.0"},"geometry":{"type":"LineString","coordinates":[[-2.3237757,51.3569195],[-2.3225993,51.3574853]]}},{"type":"Feature","properties":{"railway":"razed","razed:railway":"rail","source_id":"osm-way-1552491820","dataset":"OpenStreetMap former/disused railway extract","publisher":"OpenStreetMap contributors","effective_date":"2026-09-07T10:02:26Z","licence":"ODbL-1.0"},"geometry":{"type":"LineString","coordinates":[[-1.7262017,51.4148968],[-1.7254333,51.4152177]]}}]}
