{"type":"FeatureCollection","source_url":"https://overpass-api.de/api/interpreter","query":"[out:json];way[\"railway\"~\"^(abandoned|disused|dismantled|razed)$\"](51.2731011,-3.1178243,51.6823947,-2.2521441);out geom;","retrieved_at":"2026-09-07T10:03:43.507924+00:00","features":[{"type":"Feature","properties":{"bicycle":"designated","foot":"designated","highway":"cycleway","lit":"yes","name":"Bristol & Bath Railway Path","oneway":"no","railway":"abandoned","segregated":"no","smoothness":"good","surface":"asphalt","source_id":"osm-way-3444527","dataset":"OpenStreetMap former/disused railway extract","publisher":"OpenStreetMap contributors","effective_date":"2026-09-07T10:02:26Z","licence":"ODbL-1.0"},"geometry":{"type":"LineString","coordinates":[[-2.5752373,51.456027],[-2.5750503,51.4560973],[-2.5750025,51.4561128],[-2.5749481,51.4561357],[-2.5748999,51.4561396],[-2.5748535,51.4561386],[-2.5747943,51.4561358],[-2.5747435,51.4561246],[-2.5746609,51.4560864],[-2.5746243,51.4560614],[-2.5745914,51.4560314],[-2.5745532,51.4560153],[-2.5745082,51.456006],[-2.5744058,51.4560061],[-2.5743548,51.4560177],[-2.5739349,51.4561397],[-2.5738617,51.4561643],[-2.5738137,51.4561985],[-2.5737686,51.4562403],[-2.5737118,51.45628],[-2.5736593,51.4563054],[-2.5735987,51.4563301],[-2.5735196,51.4563499],[-2.572867,51.4563624],[-2.5725128,51.4563947],[-2.5722522,51.456452],[-2.5713055,51.4565687],[-2.5711708,51.4565804],[-2.5709451,51.4565633],[-2.5709218,51.456568],[-2.570804,51.4565918],[-2.570392,51.45671],[-2.5703251,51.4567527],[-2.57029,51.4567881],[-2.570251,51.4568278],[-2.5701018,51.4569171],[-2.5695644,51.4571994],[-2.5694709,51.4572436],[-2.569246,51.4573177],[-2.5689434,51.4575499],[-2.568878,51.4575876],[-2.5688264,51.4576084],[-2.5687731,51.4576262],[-2.568635,51.4576944],[-2.5682964,51.4578156],[-2.5681312,51.4578937],[-2.5679619,51.4579872],[-2.5677689,51.4580906]]}},{"type":"Feature","properties":{"bicycle":"designated","foot":"designated","highway":"cycleway","name":"Bristol & Bath Railway Path","railway":"abandoned","segregated":"no","smoothness":"excellent","surface":"asphalt","source_id":"osm-way-3444610","dataset":"OpenStreetMap former/disused railway extract","publisher":"OpenStreetMap contributors","effective_date":"2026-09-07T10:02:26Z","licence":"ODbL-1.0"},"geometry":{"type":"LineString","coordinates":[[-2.5044982,51.4790141],[-2.5012491,51.4789464],[-2.4989946,51.4788786],[-2.4981251,51.4788762],[-2.4975972,51.47886],[-2.4974397,51.4788552],[-2.4970899,51.4788444],[-2.4969457,51.4788352],[-2.4965495,51.4787928],[-2.4960022,51.4787382],[-2.495693,51.4786828],[-2.4953222,51.4786021],[-2.4943362,51.4783559],[-2.4904752,51.4773918],[-2.4899761,51.4772335]]}},{"type":"Feature","properties":{"bridge":"yes","bridge:ref":"209","foot":"yes","highway":"cycleway","layer":"1","name":"Bristol & Bath Railway Path","railway":"abandoned","surface":"asphalt","website":"http://www.bristolbathrailwaypath.org.uk/","source_id":"osm-way-4307890","dataset":"OpenStreetMap former/disused railway extract","publisher":"OpenStreetMap contributors","effective_date":"2026-09-07T10:02:26Z","licence":"ODbL-1.0"},"geometry":{"type":"LineString","coordinates":[[-2.4266067,51.391479],[-2.4273534,51.3915999]]}},{"type":"Feature","properties":{"bicycle":"designated","foot":"designated","highway":"cycleway","horse":"no","lit":"no","name":"Linear Park","old_name":"Somerset and Dorset Joint Railway","old_ref":"SAD","railway":"abandoned","segregated":"no","surface":"asphalt","wikidata":"Q7559923","wikipedia":"en:Somerset and Dorset Joint Railway","source_id":"osm-way-4346036","dataset":"OpenStreetMap former/disused railway extract","publisher":"OpenStreetMap contributors","effective_date":"2026-09-07T10:02:26Z","licence":"ODbL-1.0"},"geometry":{"type":"LineString","coordinates":[[-2.3840351,51.3766338],[-2.3840169,51.3766194],[-2.3838117,51.3764471],[-2.3836034,51.3762796],[-2.3833098,51.3760923],[-2.383176,51.3760142],[-2.3820968,51.3754689],[-2.3814195,51.3751301],[-2.3804389,51.3746579],[-2.3801842,51.3745307],[-2.3795774,51.3742482],[-2.3789921,51.3739752],[-2.3787549,51.3738663],[-2.3784576,51.3737588],[-2.3783958,51.3737338]]}},{"type":"Feature","properties":{"bicycle":"designated","foot":"yes","hazard":"pedestrians","highway":"service","maxspeed":"10 mph","maxspeed:type":"sign","note":"A few traffic calming bumps & potholes","ownership":"private","railway":"abandoned","sidewalk":"no","surface":"asphalt","source_id":"osm-way-4551700","dataset":"OpenStreetMap former/disused railway extract","publisher":"OpenStreetMap contributors","effective_date":"2026-09-07T10:02:26Z","licence":"ODbL-1.0"},"geometry":{"type":"LineString","coordinates":[[-2.3225993,51.3574853],[-2.322236,51.3576248],[-2.3218879,51.3577457],[-2.3214792,51.3578448],[-2.32109,51.3579172],[-2.3206086,51.3579728]]}},{"type":"Feature","properties":{"bicycle":"designated","foot":"designated","highway":"cycleway","horse":"no","lit":"no","name":"Linear Park","old_name":"Somerset and Dorset Joint Railway","old_ref":"SAD","railway":"abandoned","segregated":"no","source":"survey","surface":"asphalt","wikidata":"Q7559923","wikipedia":"en:Somerset and Dorset Joint Railway","source_id":"osm-way-4795075","dataset":"OpenStreetMap former/disused railway extract","publisher":"OpenStreetMap contributors","effective_date":"2026-09-07T10:02:26Z","licence":"ODbL-1.0"},"geometry":{"type":"LineString","coordinates":[[-2.3780339,51.3735734],[-2.3779783,51.3735484],[-2.3776782,51.3734173],[-2.3770679,51.3731699],[-2.3767723,51.3730631],[-2.3764647,51.3729656],[-2.3740567,51.3721745]]}},{"type":"Feature","properties":{"bicycle":"designated","bridge":"yes","bridge:name":"Hiscocks Drive Bridge","foot":"designated","highway":"cycleway","horse":"no","layer":"1","lit":"no","name":"Linear Park","old_name":"Somerset and Dorset Joint Railway","old_ref":"SAD","oneway":"no","railway":"abandoned","segregated":"no","source":"survey","surface":"asphalt","wikidata":"Q7559923","wikipedia":"en:Somerset and Dorset Joint Railway","source_id":"osm-way-4805220","dataset":"OpenStreetMap former/disused railway extract","publisher":"OpenStreetMap contributors","effective_date":"2026-09-07T10:02:26Z","licence":"ODbL-1.0"},"geometry":{"type":"LineString","coordinates":[[-2.3740567,51.3721745],[-2.3737012,51.3720539]]}},{"type":"Feature","properties":{"bicycle":"designated","foot":"designated","highway":"cycleway","horse":"no","lit":"no","name":"Linear Park","old_name":"Somerset and Dorset Joint Railway","old_ref":"SAD","railway":"abandoned","segregated":"no","source":"survey","surface":"asphalt","wikidata":"Q7559923","wikipedia":"en:Somerset and Dorset Joint Railway","source_id":"osm-way-4805221","dataset":"OpenStreetMap former/disused railway extract","publisher":"OpenStreetMap contributors","effective_date":"2026-09-07T10:02:26Z","licence":"ODbL-1.0"},"geometry":{"type":"LineString","coordinates":[[-2.3737012,51.3720539],[-2.3734705,51.3719782],[-2.3729213,51.3717873],[-2.3722946,51.3715564],[-2.3697288,51.3707662],[-2.368789,51.3704043]]}},{"type":"Feature","properties":{"bicycle":"designated","designation":"public_bridleway","foot":"designated","highway":"path","prow_ref":"Congresbury Bridleway 59 (AX16/59)","railway":"abandoned","segregated":"no","source_id":"osm-way-4885885","dataset":"OpenStreetMap former/disused railway extract","publisher":"OpenStreetMap contributors","effective_date":"2026-09-07T10:02:26Z","licence":"ODbL-1.0"},"geometry":{"type":"LineString","coordinates":[[-2.8180452,51.3718359],[-2.8180162,51.3717701]]}},{"type":"Feature","properties":{"alt_name":"Dramway","designation":"public_footpath","foot":"designated","highway":"footway","name":"Avon and Gloucestershire Railway","prow_ref":"POL 28","railway":"abandoned","wikidata":"Q791301","wikipedia":"en:Avon and Gloucestershire Railway","source_id":"osm-way-5905376","dataset":"OpenStreetMap former/disused railway extract","publisher":"OpenStreetMap contributors","effective_date":"2026-09-07T10:02:26Z","licence":"ODbL-1.0"},"geometry":{"type":"LineString","coordinates":[[-2.4784496,51.4363179],[-2.479069,51.4361116],[-2.479227,51.436059],[-2.480803,51.4355342]]}},{"type":"Feature","properties":{"foot":"yes","highway":"cycleway","name":"Bristol & Bath Railway Path","railway":"abandoned","surface":"asphalt","source_id":"osm-way-5973056","dataset":"OpenStreetMap former/disused railway extract","publisher":"OpenStreetMap contributors","effective_date":"2026-09-07T10:02:26Z","licence":"ODbL-1.0"},"geometry":{"type":"LineString","coordinates":[[-2.4751645,51.4381294],[-2.4751506,51.4381446],[-2.474834,51.4384693],[-2.4745782,51.4387107],[-2.4739336,51.439248],[-2.4738629,51.4393052],[-2.4738035,51.4393494],[-2.4733535,51.4396687],[-2.4729763,51.4399129],[-2.4726564,51.4401055],[-2.472321,51.4402864],[-2.4719152,51.4405164],[-2.4702369,51.4413888],[-2.4694276,51.4418619],[-2.4691472,51.4420389],[-2.4685332,51.4424746],[-2.4682247,51.4426993],[-2.4680468,51.442812],[-2.467985,51.4428701],[-2.4678704,51.4430566],[-2.467826,51.4431226],[-2.4674004,51.4435426],[-2.4670112,51.4439288],[-2.4668476,51.4441357],[-2.4666853,51.4442963],[-2.4665826,51.4444337],[-2.4664788,51.4445874],[-2.4664252,51.4446796],[-2.4662961,51.4448085],[-2.4661986,51.4449287],[-2.4658646,51.445648],[-2.4656576,51.4461558],[-2.4655343,51.4466443],[-2.46546,51.4469388],[-2.4653618,51.4476381],[-2.4653564,51.4476768],[-2.4653657,51.4482435],[-2.4654328,51.4487606],[-2.465577,51.4496166],[-2.4655501,51.4496435],[-2.4655802,51.449676],[-2.4655925,51.4497086]]}},{"type":"Feature","properties":{"bridge":"yes","highway":"cycleway","layer":"1","lit":"no","name":"Bristol & Bath Railway Path","railway":"abandoned","surface":"asphalt","source_id":"osm-way-5973059","dataset":"OpenStreetMap former/disused railway extract","publisher":"OpenStreetMap contributors","effective_date":"2026-09-07T10:02:26Z","licence":"ODbL-1.0"},"geometry":{"type":"LineString","coordinates":[[-2.4753622,51.4378923],[-2.4751645,51.4381294]]}},{"type":"Feature","properties":{"bicycle":"permissive","bridge":"yes","foot":"permissive","highway":"cycleway","horse":"no","layer":"1","railway":"abandoned","source":"survey","surface":"asphalt","source_id":"osm-way-10100593","dataset":"OpenStreetMap former/disused railway extract","publisher":"OpenStreetMap contributors","effective_date":"2026-09-07T10:02:26Z","licence":"ODbL-1.0"},"geometry":{"type":"LineString","coordinates":[[-2.4237392,51.2973605],[-2.4235701,51.2973819]]}},{"type":"Feature","properties":{"bicycle":"designated","foot":"designated","highway":"cycleway","horse":"no","railway":"abandoned","source":"survey","surface":"asphalt","source_id":"osm-way-10100594","dataset":"OpenStreetMap former/disused railway extract","publisher":"OpenStreetMap contributors","effective_date":"2026-09-07T10:02:26Z","licence":"ODbL-1.0"},"geometry":{"type":"LineString","coordinates":[[-2.4235701,51.2973819],[-2.4226322,51.2974622],[-2.4221218,51.297506],[-2.4215428,51.2975838],[-2.4210386,51.2976665],[-2.4204651,51.2977972],[-2.4192759,51.2981109],[-2.4187877,51.2984483],[-2.4186334,51.2985304],[-2.4179875,51.2988022],[-2.4177331,51.2989243],[-2.417385,51.2992054],[-2.4171267,51.2993644],[-2.4167964,51.2995478],[-2.4163148,51.2998353],[-2.4154603,51.3002976],[-2.4153755,51.3003465],[-2.4150047,51.300525],[-2.4147761,51.3006063],[-2.4145078,51.3007119],[-2.4143418,51.3007521]]}},{"type":"Feature","properties":{"bicycle":"designated","cycleway:surface":"asphalt","cycleway:width":"3","foot":"designated","footway:surface":"asphalt","highway":"cycleway","lit":"yes","name":"Bristol & Bath Railway Path","railway":"abandoned","segregated":"yes","smoothness":"excellent","surface":"asphalt","source_id":"osm-way-11927028","dataset":"OpenStreetMap former/disused railway extract","publisher":"OpenStreetMap contributors","effective_date":"2026-09-07T10:02:26Z","licence":"ODbL-1.0"},"geometry":{"type":"LineString","coordinates":[[-2.4850701,51.4759397],[-2.4849165,51.475912],[-2.4845303,51.4758201],[-2.4838812,51.4756631],[-2.4836076,51.4755762],[-2.4832857,51.4754493],[-2.4832507,51.4754332],[-2.4830568,51.4753446]]}},{"type":"Feature","properties":{"bicycle":"designated","foot":"designated","highway":"cycleway","name":"Bristol & Bath Railway Path","railway":"abandoned","segregated":"no","smoothness":"excellent","surface":"asphalt","source_id":"osm-way-13876944","dataset":"OpenStreetMap former/disused railway extract","publisher":"OpenStreetMap contributors","effective_date":"2026-09-07T10:02:26Z","licence":"ODbL-1.0"},"geometry":{"type":"LineString","coordinates":[[-2.547785,51.4699323],[-2.5473548,51.4700888],[-2.5470501,51.470202],[-2.5469505,51.4702363],[-2.5468664,51.4702684],[-2.5461431,51.4705445],[-2.545619,51.4707347],[-2.5449477,51.4709899],[-2.5448959,51.4710452],[-2.5444268,51.4712717],[-2.5435596,51.4716979],[-2.5432946,51.4718282],[-2.5431434,51.4719025],[-2.5422831,51.4723529],[-2.5413651,51.4729671],[-2.54072,51.4733987],[-2.5400413,51.4739003],[-2.5384297,51.4751025],[-2.537559,51.4756661],[-2.5371669,51.4758942],[-2.5370823,51.4759394],[-2.5365311,51.4762196],[-2.5358025,51.4765472],[-2.5354583,51.4766697],[-2.5341746,51.4770919],[-2.5335896,51.4772226],[-2.5329238,51.4773431],[-2.5328996,51.4773475],[-2.5328378,51.4773568],[-2.5324727,51.4774013],[-2.5324027,51.4774096],[-2.5321677,51.4774376],[-2.5308489,51.4775371],[-2.5306166,51.4775528],[-2.5304899,51.4775573],[-2.530345,51.4775531],[-2.5301817,51.4775441],[-2.5300126,51.477543],[-2.5298478,51.4775503],[-2.5291166,51.4776523],[-2.5290324,51.4776838],[-2.528886,51.4777386],[-2.5288595,51.4777468],[-2.5287587,51.4777779],[-2.5286732,51.4777975],[-2.5275433,51.4779211],[-2.5266373,51.4780202],[-2.5253802,51.4781436],[-2.523271,51.4783536],[-2.5227543,51.4784138],[-2.5204932,51.4786553],[-2.5189349,51.478822],[-2.5167608,51.4790456],[-2.5165002,51.4790478],[-2.5146169,51.4792592],[-2.5143791,51.4792647],[-2.5142091,51.4792632]]}},{"type":"Feature","properties":{"abandoned:railway":"rail","name":"Bristol Harbour Branch","railway":"abandoned","ref":"BHB","source_id":"osm-way-15242999","dataset":"OpenStreetMap former/disused railway extract","publisher":"OpenStreetMap contributors","effective_date":"2026-09-07T10:02:26Z","licence":"ODbL-1.0"},"geometry":{"type":"LineString","coordinates":[[-2.5945897,51.4476584],[-2.5942402,51.447648],[-2.5927148,51.447593]]}},{"type":"Feature","properties":{"highway":"cycleway","name":"Bristol & Bath Railway Path","railway":"abandoned","segregated":"no","surface":"asphalt","width":"4","source_id":"osm-way-15527312","dataset":"OpenStreetMap former/disused railway extract","publisher":"OpenStreetMap contributors","effective_date":"2026-09-07T10:02:26Z","licence":"ODbL-1.0"},"geometry":{"type":"LineString","coordinates":[[-2.5633972,51.4607211],[-2.5632856,51.4607776],[-2.5631477,51.4608425],[-2.5623221,51.4613644]]}},{"type":"Feature","properties":{"bridge":"yes","bridge:ref":"6","highway":"cycleway","layer":"1","name":"Bristol & Bath Railway Path","railway":"abandoned","segregated":"no","surface":"asphalt","width":"3","source_id":"osm-way-15527319","dataset":"OpenStreetMap former/disused railway extract","publisher":"OpenStreetMap contributors","effective_date":"2026-09-07T10:02:26Z","licence":"ODbL-1.0"},"geometry":{"type":"LineString","coordinates":[[-2.5639646,51.4603783],[-2.5633972,51.4607211]]}},{"type":"Feature","properties":{"abandoned:railway":"rail","name":"Avonside Branch","railway":"abandoned","ref":"BAW","service":"spur","source_id":"osm-way-15527543","dataset":"OpenStreetMap former/disused railway extract","publisher":"OpenStreetMap contributors","effective_date":"2026-09-07T10:02:26Z","licence":"ODbL-1.0"},"geometry":{"type":"LineString","coordinates":[[-2.5636523,51.4620693],[-2.5636811,51.4619065],[-2.5637177,51.4617114]]}},{"type":"Feature","properties":{"bridge":"yes","highway":"cycleway","layer":"1","name":"Bristol & Bath Railway Path","railway":"abandoned","segregated":"no","surface":"asphalt","width":"4","source_id":"osm-way-16193304","dataset":"OpenStreetMap former/disused railway extract","publisher":"OpenStreetMap contributors","effective_date":"2026-09-07T10:02:26Z","licence":"ODbL-1.0"},"geometry":{"type":"LineString","coordinates":[[-2.5623221,51.4613644],[-2.5621908,51.4614557]]}},{"type":"Feature","properties":{"bicycle":"designated","foot":"designated","highway":"cycleway","lit":"yes","name":"Bristol & Bath Railway Path","railway":"abandoned","segregated":"no","surface":"asphalt","source_id":"osm-way-16194610","dataset":"OpenStreetMap former/disused railway extract","publisher":"OpenStreetMap contributors","effective_date":"2026-09-07T10:02:26Z","licence":"ODbL-1.0"},"geometry":{"type":"LineString","coordinates":[[-2.5621908,51.4614557],[-2.5621007,51.4615141],[-2.5617746,51.4617266],[-2.5615993,51.4618317],[-2.5612551,51.4620388],[-2.5594997,51.4631161],[-2.5590663,51.4633658],[-2.5580493,51.4639871],[-2.5576458,51.4642273],[-2.5571801,51.4645458],[-2.5560526,51.465226],[-2.555834,51.4653586],[-2.5556799,51.4654432],[-2.5555114,51.4655565],[-2.5553978,51.4656446],[-2.5537384,51.4666823],[-2.5533346,51.466944],[-2.5519638,51.4677897],[-2.5510646,51.4683207],[-2.5505842,51.4686114],[-2.5505044,51.4686553],[-2.5499859,51.4689724]]}},{"type":"Feature","properties":{"bridge":"yes","highway":"cycleway","layer":"1","name":"Bristol & Bath Railway Path","railway":"abandoned","segregated":"no","surface":"asphalt","width":"4","source_id":"osm-way-22744099","dataset":"OpenStreetMap former/disused railway extract","publisher":"OpenStreetMap contributors","effective_date":"2026-09-07T10:02:26Z","licence":"ODbL-1.0"},"geometry":{"type":"LineString","coordinates":[[-2.5499859,51.4689724],[-2.5497699,51.4690927]]}},{"type":"Feature","properties":{"bicycle":"designated","foot":"designated","highway":"cycleway","name":"Norton Radstock Greenway","railway":"abandoned","segregated":"no","source":"Bing","surface":"asphalt","source_id":"osm-way-22932248","dataset":"OpenStreetMap former/disused railway extract","publisher":"OpenStreetMap contributors","effective_date":"2026-09-07T10:02:26Z","licence":"ODbL-1.0"},"geometry":{"type":"LineString","coordinates":[[-2.447881,51.2930256],[-2.4482628,51.2930631],[-2.4486702,51.2930961],[-2.4489066,51.2931033],[-2.4491156,51.2931015],[-2.4496126,51.2930959],[-2.4497557,51.293092],[-2.4501238,51.2930763],[-2.4505125,51.2930432],[-2.4508561,51.2929855],[-2.4515106,51.2928255]]}},{"type":"Feature","properties":{"bicycle":"designated","highway":"cycleway","railway":"abandoned","surface":"asphalt","source_id":"osm-way-23218949","dataset":"OpenStreetMap former/disused railway extract","publisher":"OpenStreetMap contributors","effective_date":"2026-09-07T10:02:26Z","licence":"ODbL-1.0"},"geometry":{"type":"LineString","coordinates":[[-2.45746,51.4939199],[-2.4572778,51.4940362],[-2.4570893,51.4941413],[-2.4570621,51.4941599]]}},{"type":"Feature","properties":{"bicycle":"designated","bridge":"yes","highway":"cycleway","layer":"1","lit":"no","oneway":"no","railway":"abandoned","surface":"compacted","source_id":"osm-way-23218950","dataset":"OpenStreetMap former/disused railway extract","publisher":"OpenStreetMap contributors","effective_date":"2026-09-07T10:02:26Z","licence":"ODbL-1.0"},"geometry":{"type":"LineString","coordinates":[[-2.4570621,51.4941599],[-2.4568011,51.4943223]]}},{"type":"Feature","properties":{"bicycle":"designated","highway":"cycleway","lit":"no","name":"Bristol and Gloucestershire Railway","oneway":"no","railway":"abandoned","surface":"compacted","wikidata":"Q16985307","wikipedia":"en:Bristol and Gloucestershire Railway","source_id":"osm-way-23218951","dataset":"OpenStreetMap former/disused railway extract","publisher":"OpenStreetMap contributors","effective_date":"2026-09-07T10:02:26Z","licence":"ODbL-1.0"},"geometry":{"type":"LineString","coordinates":[[-2.4568011,51.4943223],[-2.456528,51.4945127],[-2.4559447,51.4948933],[-2.4548323,51.4956252],[-2.4540886,51.4961008]]}},{"type":"Feature","properties":{"disused:railway":"rail","railway":"disused","service":"spur","source_id":"osm-way-24055969","dataset":"OpenStreetMap former/disused railway extract","publisher":"OpenStreetMap contributors","effective_date":"2026-09-07T10:02:26Z","licence":"ODbL-1.0"},"geometry":{"type":"LineString","coordinates":[[-2.5639814,51.4600886],[-2.5640874,51.4599672],[-2.5641981,51.4598572],[-2.5644058,51.4596779]]}},{"type":"Feature","properties":{"abandoned:railway":"rail","name":"Portishead West Loop","railway":"abandoned","ref":"POW","source_id":"osm-way-24356247","dataset":"OpenStreetMap former/disused railway extract","publisher":"OpenStreetMap contributors","effective_date":"2026-09-07T10:02:26Z","licence":"ODbL-1.0"},"geometry":{"type":"LineString","coordinates":[[-2.6200051,51.4304538],[-2.6198368,51.4306967],[-2.6196651,51.4312746],[-2.6196754,51.4316256],[-2.6197254,51.4318997],[-2.6199299,51.4323332],[-2.6200533,51.4325317],[-2.620164,51.4326698],[-2.620378,51.4328863],[-2.6207278,51.4332529]]}},{"type":"Feature","properties":{"abandoned:railway":"rail","name":"Frome and North Somerset Line","railway":"abandoned","ref":"FNS2","source_id":"osm-way-26137881","dataset":"OpenStreetMap former/disused railway extract","publisher":"OpenStreetMap contributors","effective_date":"2026-09-07T10:02:26Z","licence":"ODbL-1.0"},"geometry":{"type":"LineString","coordinates":[[-2.5572921,51.4026587],[-2.5577585,51.4021514],[-2.5586897,51.4014018],[-2.5597353,51.4007015],[-2.5608828,51.3998864],[-2.5616222,51.399394],[-2.5621354,51.398933],[-2.5627281,51.3982478],[-2.5633976,51.3971821],[-2.5637838,51.3958219],[-2.5641186,51.3941082],[-2.5643074,51.3935352],[-2.564419,51.3926461],[-2.5642473,51.3916392],[-2.5642116,51.3914799],[-2.564177,51.3913441],[-2.5639212,51.3907877],[-2.5635517,51.3901039],[-2.5634234,51.3898664],[-2.5623161,51.3890363],[-2.561063,51.3882114],[-2.5595696,51.3875794],[-2.5583937,51.3872955],[-2.5569861,51.3870223],[-2.5552437,51.3865349],[-2.5539734,51.3861867],[-2.5523855,51.38571],[-2.5513298,51.3852119],[-2.5505402,51.384853],[-2.5499394,51.3844459],[-2.5496468,51.3841361],[-2.548929,51.3834696],[-2.5484151,51.3829604],[-2.5482525,51.3827558],[-2.5478932,51.3820557]]}},{"type":"Feature","properties":{"bicycle":"designated","foot":"designated","highway":"cycleway","name":"Norton Radstock Greenway","railway":"abandoned","segregated":"no","source":"Bing","surface":"asphalt","source_id":"osm-way-26624188","dataset":"OpenStreetMap former/disused railway extract","publisher":"OpenStreetMap contributors","effective_date":"2026-09-07T10:02:26Z","licence":"ODbL-1.0"},"geometry":{"type":"LineString","coordinates":[[-2.4773741,51.2921622],[-2.4773379,51.2921707],[-2.4772733,51.2921864],[-2.4771917,51.2922105],[-2.4770737,51.2922474],[-2.4767202,51.2923107],[-2.4757778,51.292527],[-2.475243,51.2926527],[-2.4748429,51.2927431],[-2.4745476,51.2928136],[-2.474089,51.292922],[-2.4737179,51.2929896],[-2.473403,51.2930248],[-2.4728143,51.2931298],[-2.47232,51.2931987],[-2.4716861,51.2932499],[-2.4710189,51.2932937],[-2.4702549,51.293318],[-2.4697052,51.293313],[-2.4694005,51.2933068],[-2.4691174,51.2932976],[-2.4690506,51.2932915],[-2.4685423,51.2932579],[-2.4682059,51.2932234],[-2.4679027,51.2931973],[-2.4676676,51.2931681],[-2.467326,51.2931186],[-2.4668512,51.2930494],[-2.4663372,51.2929631],[-2.4649259,51.2927029],[-2.4614796,51.2920767],[-2.4614541,51.2920702],[-2.4609787,51.2919975],[-2.4606958,51.2919613],[-2.4601416,51.2919119],[-2.4599579,51.2918952],[-2.459699,51.2918737],[-2.4596005,51.2918671],[-2.4586798,51.2918079],[-2.4586322,51.2918054],[-2.4585812,51.2918075],[-2.4581997,51.2918234],[-2.4578507,51.2918397],[-2.4569658,51.2918754],[-2.4567766,51.2918915],[-2.4561466,51.2919618],[-2.4545876,51.2921621],[-2.4536883,51.2922911],[-2.4530622,51.2923906],[-2.452625,51.2924601],[-2.4516337,51.2926112]]}},{"type":"Feature","properties":{"abandoned:railway":"rail","electrified":"no","gauge":"1435","name":"Caerwent Branch","railway":"abandoned","ref":"CWT","source":"OS OpenMan Local April 2022","source_id":"osm-way-28446768","dataset":"OpenStreetMap former/disused railway extract","publisher":"OpenStreetMap contributors","effective_date":"2026-09-07T10:02:26Z","licence":"ODbL-1.0"},"geometry":{"type":"LineString","coordinates":[[-2.7350713,51.585395],[-2.7345233,51.5855457],[-2.7340613,51.585662],[-2.7339341,51.585702],[-2.7335568,51.5858205],[-2.7331199,51.5860182],[-2.7330672,51.586042],[-2.7329284,51.5861279],[-2.73257,51.5863685],[-2.73226,51.5866316],[-2.7319544,51.5869697],[-2.7318093,51.5871554],[-2.7316959,51.5873681],[-2.7316438,51.5875112],[-2.7316005,51.5876346],[-2.7315543,51.5878441],[-2.7315359,51.5880029],[-2.7315406,51.5882233],[-2.7315991,51.5886025],[-2.7316363,51.5886404],[-2.7317081,51.5888804],[-2.7317513,51.5889904],[-2.7317987,51.5891112],[-2.7319187,51.5892581],[-2.7320205,51.5893826],[-2.7320971,51.5894739],[-2.7321845,51.5895884],[-2.732287,51.5896958],[-2.7324049,51.5898194],[-2.7330829,51.5905275],[-2.7331269,51.5905756],[-2.7337671,51.5912596],[-2.7342491,51.5917745],[-2.7345633,51.5921102],[-2.7348794,51.5924404],[-2.7353426,51.5929243],[-2.7354686,51.5930559],[-2.7356218,51.5932043],[-2.7357038,51.5932954],[-2.7358495,51.5934572],[-2.7360118,51.5936374],[-2.7361607,51.5938027],[-2.7370197,51.5947129],[-2.7377536,51.5954867],[-2.7385866,51.5963648]]}},{"type":"Feature","properties":{"abandoned:railway":"rail","bridge":"yes","electrified":"no","gauge":"1435","layer":"1","name":"Caerwent Branch","railway":"abandoned","ref":"CWT","source":"OS OpenMan Local April 2022","source_id":"osm-way-28446788","dataset":"OpenStreetMap former/disused railway extract","publisher":"OpenStreetMap contributors","effective_date":"2026-09-07T10:02:26Z","licence":"ODbL-1.0"},"geometry":{"type":"LineString","coordinates":[[-2.741543,51.6042404],[-2.741814,51.6046807]]}},{"type":"Feature","properties":{"abandoned:railway":"rail","electrified":"no","embankment":"yes","gauge":"1435","name":"Caerwent Branch","railway":"abandoned","ref":"CWT","source":"OS OpenMan Local April 2022","source_id":"osm-way-28446789","dataset":"OpenStreetMap former/disused railway extract","publisher":"OpenStreetMap contributors","effective_date":"2026-09-07T10:02:26Z","licence":"ODbL-1.0"},"geometry":{"type":"LineString","coordinates":[[-2.741814,51.6046807],[-2.7437744,51.6079135]]}},{"type":"Feature","properties":{"abandoned:railway":"rail","name":"Frome and North Somerset Line","railway":"abandoned","ref":"FNS2","source":"npe","source_id":"osm-way-29000185","dataset":"OpenStreetMap former/disused railway extract","publisher":"OpenStreetMap contributors","effective_date":"2026-09-07T10:02:26Z","licence":"ODbL-1.0"},"geometry":{"type":"LineString","coordinates":[[-2.5478932,51.3820557],[-2.5477259,51.3813934],[-2.5476486,51.3804794],[-2.5476464,51.3796518],[-2.5478588,51.3789513],[-2.5485369,51.377912],[-2.5490004,51.3773521],[-2.5503351,51.3762257],[-2.5509101,51.3755507],[-2.5510794,51.3751279]]}},{"type":"Feature","properties":{"abandoned:railway":"rail","name":"Clevedon Branch","railway":"abandoned","ref":"CDN","wikidata":"Q5132013","wikipedia":"en:Clevedon branch line","source_id":"osm-way-29070224","dataset":"OpenStreetMap former/disused railway extract","publisher":"OpenStreetMap contributors","effective_date":"2026-09-07T10:02:26Z","licence":"ODbL-1.0"},"geometry":{"type":"LineString","coordinates":[[-2.8289899,51.3903936],[-2.829272,51.390324],[-2.8295596,51.3902823],[-2.8302517,51.3902641],[-2.8306972,51.3902887],[-2.8310215,51.3903221],[-2.8312071,51.3903585],[-2.8313699,51.390413],[-2.8317235,51.3905566],[-2.8328189,51.3909834],[-2.833513,51.3913787],[-2.8338209,51.3915542]]}},{"type":"Feature","properties":{"abandoned:railway":"rail","name":"Cheddar Valley Branch","railway":"abandoned","ref":"CVB","source_id":"osm-way-29131433","dataset":"OpenStreetMap former/disused railway extract","publisher":"OpenStreetMap contributors","effective_date":"2026-09-07T10:02:26Z","licence":"ODbL-1.0"},"geometry":{"type":"LineString","coordinates":[[-2.8180327,51.3716396],[-2.8178608,51.3710806],[-2.8176168,51.3701669],[-2.8173544,51.3685663],[-2.8174136,51.3667659],[-2.8177063,51.3651617],[-2.8182754,51.3631818],[-2.8187714,51.3621562],[-2.8197065,51.3604707],[-2.8207391,51.3590338],[-2.821975,51.3576173],[-2.8246663,51.3546113],[-2.8276748,51.3511736],[-2.8318785,51.3464151],[-2.8345536,51.3434186],[-2.8357132,51.3420935]]}},{"type":"Feature","properties":{"abandoned:railway":"rail","name":"Wrington Vale Light Railway","railway":"abandoned","ref":"WRI","source_id":"osm-way-29131452","dataset":"OpenStreetMap former/disused railway extract","publisher":"OpenStreetMap contributors","effective_date":"2026-09-07T10:02:26Z","licence":"ODbL-1.0"},"geometry":{"type":"LineString","coordinates":[[-2.7134652,51.3336447],[-2.7141818,51.3343367],[-2.7148313,51.3349782],[-2.7151982,51.3352843],[-2.7157327,51.3355853],[-2.7166332,51.3360012],[-2.7167579,51.3360506],[-2.7177007,51.3364238],[-2.719104,51.3368575],[-2.7212423,51.3373354],[-2.7221793,51.3374504],[-2.7230096,51.3375524],[-2.7241112,51.337634],[-2.7253114,51.3376768],[-2.7266084,51.3376376],[-2.7278357,51.3375606],[-2.7288614,51.3374265],[-2.7304133,51.3371534],[-2.7322564,51.3367183],[-2.7337685,51.3362143],[-2.7347853,51.335774],[-2.7353804,51.3354215],[-2.7355134,51.3353427],[-2.736452,51.3347866],[-2.737025,51.3343828],[-2.7375603,51.3340965],[-2.7380522,51.3339166],[-2.7386225,51.3337946],[-2.739711,51.3336671],[-2.7405215,51.3335989],[-2.7411332,51.3335989],[-2.7417837,51.3336642],[-2.7423019,51.3337511],[-2.7441438,51.3342456],[-2.7445026,51.3343338]]}},{"type":"Feature","properties":{"abandoned:railway":"rail","name":"Clevedon Branch","railway":"abandoned","ref":"CDN","wikidata":"Q5132013","wikipedia":"en:Clevedon branch line","source_id":"osm-way-29417785","dataset":"OpenStreetMap former/disused railway extract","publisher":"OpenStreetMap contributors","effective_date":"2026-09-07T10:02:26Z","licence":"ODbL-1.0"},"geometry":{"type":"LineString","coordinates":[[-2.8508633,51.4165469],[-2.851176,51.4171439]]}},{"type":"Feature","properties":{"abandoned:railway":"rail","name":"Clevedon Branch","railway":"abandoned","ref":"CDN","wikidata":"Q5132013","wikipedia":"en:Clevedon branch line","source_id":"osm-way-29417786","dataset":"OpenStreetMap former/disused railway extract","publisher":"OpenStreetMap contributors","effective_date":"2026-09-07T10:02:26Z","licence":"ODbL-1.0"},"geometry":{"type":"LineString","coordinates":[[-2.8513438,51.417479],[-2.8518881,51.4185544],[-2.8529867,51.4206894],[-2.8537222,51.4220736],[-2.8540883,51.422752],[-2.8543012,51.4231444],[-2.8545722,51.4236064],[-2.8547565,51.4239252],[-2.8550607,51.4244877]]}},{"type":"Feature","properties":{"abandoned:railway":"rail","bridge":"yes","layer":"1","name":"Clevedon Branch","railway":"abandoned","ref":"CDN","wikidata":"Q5132013","wikipedia":"en:Clevedon branch line","source_id":"osm-way-29417787","dataset":"OpenStreetMap former/disused railway extract","publisher":"OpenStreetMap contributors","effective_date":"2026-09-07T10:02:26Z","licence":"ODbL-1.0"},"geometry":{"type":"LineString","coordinates":[[-2.851176,51.4171439],[-2.8513438,51.417479]]}},{"type":"Feature","properties":{"abandoned:railway":"rail","name":"Clevedon Branch","railway":"abandoned","ref":"CDN","wikidata":"Q5132013","wikipedia":"en:Clevedon branch line","source_id":"osm-way-29417804","dataset":"OpenStreetMap former/disused railway extract","publisher":"OpenStreetMap contributors","effective_date":"2026-09-07T10:02:26Z","licence":"ODbL-1.0"},"geometry":{"type":"LineString","coordinates":[[-2.8551708,51.4246933],[-2.8552498,51.4248612],[-2.8553456,51.4250828],[-2.8555923,51.4256679],[-2.8557179,51.4266296],[-2.8557153,51.4272703]]}},{"type":"Feature","properties":{"name":"Clevedon Branch","railway":"razed","razed:railway":"rail","ref":"CDN","wikidata":"Q5132013","wikipedia":"en:Clevedon branch line","source_id":"osm-way-29417834","dataset":"OpenStreetMap former/disused railway extract","publisher":"OpenStreetMap contributors","effective_date":"2026-09-07T10:02:26Z","licence":"ODbL-1.0"},"geometry":{"type":"LineString","coordinates":[[-2.8557153,51.4272703],[-2.8557132,51.4274526],[-2.8556292,51.4282158],[-2.855538,51.429092],[-2.8554648,51.4297983],[-2.8554086,51.429962],[-2.8552577,51.4303527],[-2.8548325,51.4314306],[-2.8547064,51.4318382],[-2.8546578,51.4320243],[-2.8545745,51.4321973],[-2.8545029,51.4323436],[-2.8543804,51.4325656],[-2.8543154,51.4326876],[-2.8542033,51.4328926],[-2.8541424,51.4329916],[-2.8538352,51.4334517],[-2.8535244,51.4338438],[-2.8523964,51.4353896]]}},{"type":"Feature","properties":{"abandoned:railway":"rail","highway":"track","name":"Wrington Vale Light Railway","railway":"abandoned","ref":"WRI","source_id":"osm-way-29983764","dataset":"OpenStreetMap former/disused railway extract","publisher":"OpenStreetMap contributors","effective_date":"2026-09-07T10:02:26Z","licence":"ODbL-1.0"},"geometry":{"type":"LineString","coordinates":[[-2.7669259,51.3593058],[-2.7675346,51.3594043],[-2.7690358,51.3595542],[-2.7703463,51.3596009],[-2.7721308,51.3595457]]}},{"type":"Feature","properties":{"abandoned:railway":"rail","name":"Cheddar Valley Branch","railway":"abandoned","ref":"CVB","source":"NPE","source_id":"osm-way-30031423","dataset":"OpenStreetMap former/disused railway extract","publisher":"OpenStreetMap contributors","effective_date":"2026-09-07T10:02:26Z","licence":"ODbL-1.0"},"geometry":{"type":"LineString","coordinates":[[-2.83692,51.3217579],[-2.837165,51.3226794],[-2.8377767,51.325198],[-2.8383091,51.3273837],[-2.839001,51.3301097]]}},{"type":"Feature","properties":{"foot":"yes","highway":"cycleway","name":"Bristol & Bath Railway Path","railway":"abandoned","surface":"asphalt","source_id":"osm-way-30425572","dataset":"OpenStreetMap former/disused railway extract","publisher":"OpenStreetMap contributors","effective_date":"2026-09-07T10:02:26Z","licence":"ODbL-1.0"},"geometry":{"type":"LineString","coordinates":[[-2.4515511,51.4077302],[-2.45191,51.4082281],[-2.4556203,51.4130094],[-2.4563846,51.4139926]]}},{"type":"Feature","properties":{"abandoned:railway":"rail","bridge":"yes","electrified":"no","gauge":"1435","layer":"1","name":"East Usk Branch","railway":"abandoned","ref":"EUB","source_id":"osm-way-30791637","dataset":"OpenStreetMap former/disused railway extract","publisher":"OpenStreetMap contributors","effective_date":"2026-09-07T10:02:26Z","licence":"ODbL-1.0"},"geometry":{"type":"LineString","coordinates":[[-2.9650588,51.5758155],[-2.965534,51.5756036]]}},{"type":"Feature","properties":{"bridge":"yes","foot":"yes","highway":"cycleway","layer":"1","name":"Bristol & Bath Railway Path","railway":"abandoned","segregated":"no","smoothness":"good","surface":"asphalt","width":"3","source_id":"osm-way-31129609","dataset":"OpenStreetMap former/disused railway extract","publisher":"OpenStreetMap contributors","effective_date":"2026-09-07T10:02:26Z","licence":"ODbL-1.0"},"geometry":{"type":"LineString","coordinates":[[-2.4762256,51.4302932],[-2.4762923,51.4304077]]}},{"type":"Feature","properties":{"foot":"yes","highway":"cycleway","lit":"no","name":"Bristol & Bath Railway Path","railway":"abandoned","segregated":"no","surface":"asphalt","source_id":"osm-way-31171896","dataset":"OpenStreetMap former/disused railway extract","publisher":"OpenStreetMap contributors","effective_date":"2026-09-07T10:02:26Z","licence":"ODbL-1.0"},"geometry":{"type":"LineString","coordinates":[[-2.4671586,51.4522621],[-2.4678591,51.4529628],[-2.4679094,51.4530003],[-2.4683781,51.4533686],[-2.4690675,51.4538915],[-2.4701195,51.4546449],[-2.4704631,51.4549058],[-2.4705702,51.4549854],[-2.4712081,51.4555248],[-2.4718837,51.4561235],[-2.4724296,51.45667],[-2.4726923,51.4569542],[-2.4729485,51.4572576],[-2.4730832,51.4574172],[-2.4735039,51.4579151],[-2.4739072,51.4584757],[-2.4746689,51.4595162],[-2.4746498,51.4595529],[-2.474699,51.4595654],[-2.4747525,51.4596329],[-2.4748305,51.4596516],[-2.4748139,51.4597066],[-2.4748022,51.4597448],[-2.474888,51.4598174],[-2.4749023,51.4598335],[-2.4751395,51.4601268],[-2.4755426,51.4606106],[-2.4755541,51.4606243],[-2.4756336,51.4607198]]}},{"type":"Feature","properties":{"alt_name":"Dramway","designation":"public_footpath","foot":"designated","highway":"footway","name":"Avon and Gloucestershire Railway","prow_ref":"PSN 52","railway":"abandoned","wikidata":"Q791301","wikipedia":"en:Avon and Gloucestershire Railway","source_id":"osm-way-31171906","dataset":"OpenStreetMap former/disused railway extract","publisher":"OpenStreetMap contributors","effective_date":"2026-09-07T10:02:26Z","licence":"ODbL-1.0"},"geometry":{"type":"LineString","coordinates":[[-2.4702309,51.4555516],[-2.4691526,51.4548782]]}},{"type":"Feature","properties":{"railway":"razed","razed:railway":"rail","source":"NPE","source_id":"osm-way-31448634","dataset":"OpenStreetMap former/disused railway extract","publisher":"OpenStreetMap contributors","effective_date":"2026-09-07T10:02:26Z","licence":"ODbL-1.0"},"geometry":{"type":"LineString","coordinates":[[-2.4464373,51.2835329],[-2.446753,51.2834154],[-2.448117,51.2830337],[-2.4489111,51.2828521],[-2.4497907,51.2827116],[-2.4500219,51.2826743],[-2.4513744,51.2824658],[-2.4535065,51.2821921],[-2.4548252,51.2820225],[-2.4551291,51.281977]]}},{"type":"Feature","properties":{"name":"Weston, Clevedon and Portishead Railway","railway":"razed","razed:railway":"rail","ref":"WCA","source":"GPX + NPE;GPX + NPE;npe","wikidata":"Q7989349","wikipedia":"en:Weston, Clevedon and Portishead Light Railway","source_id":"osm-way-32249572","dataset":"OpenStreetMap former/disused railway extract","publisher":"OpenStreetMap contributors","effective_date":"2026-09-07T10:02:26Z","licence":"ODbL-1.0"},"geometry":{"type":"LineString","coordinates":[[-2.7646849,51.4876344],[-2.7647987,51.4875562],[-2.7653367,51.4872108],[-2.7656849,51.486979],[-2.7661671,51.4867251],[-2.7666714,51.4863971],[-2.7670099,51.4861659],[-2.7672786,51.485893],[-2.7672868,51.4858747],[-2.767329,51.4856931],[-2.7673698,51.4855314],[-2.7673779,51.4854143],[-2.7673596,51.4852316],[-2.7672642,51.485083],[-2.7667816,51.4846925],[-2.7665584,51.4844853],[-2.7662294,51.4842361],[-2.765805,51.4838857],[-2.7651334,51.4833588],[-2.7645527,51.4829332],[-2.7642099,51.4827122],[-2.7638878,51.4823904],[-2.7634232,51.4817366],[-2.7633079,51.4813571],[-2.7632355,51.4810481],[-2.7631899,51.4805012],[-2.7634484,51.4794378],[-2.763832,51.4781442],[-2.764369,51.4765809],[-2.7646978,51.4759327],[-2.7648475,51.4756423],[-2.7650996,51.47536],[-2.7654247,51.4750593],[-2.7659161,51.4747562],[-2.7663334,51.4744983],[-2.7685069,51.473318],[-2.7703585,51.4722267],[-2.7727532,51.4708206],[-2.7745778,51.469812],[-2.7747359,51.4697246],[-2.7765211,51.468682],[-2.7782206,51.4677463],[-2.7798224,51.46693],[-2.7802643,51.4667156],[-2.7806925,51.4664898],[-2.7826237,51.4659337],[-2.7832417,51.4658053],[-2.7870097,51.465153],[-2.7878765,51.4650246],[-2.7912307,51.4646121],[-2.7942047,51.4642366],[-2.7987738,51.4636598],[-2.8011008,51.4633707],[-2.8016695,51.4632975],[-2.8034063,51.463073],[-2.804193,51.4629713],[-2.8048109,51.462859],[-2.8053774,51.4627146],[-2.8060984,51.4624793],[-2.8074374,51.4620141],[-2.8109993,51.4606879],[-2.8141223,51.4595121],[-2.8155321,51.4589857],[-2.816778,51.458461],[-2.8176749,51.4580472],[-2.8185696,51.4576128],[-2.8213152,51.4559631],[-2.8223387,51.4553824],[-2.8251354,51.4536959],[-2.8262457,51.4530208],[-2.8272257,51.452381],[-2.8281473,51.451809],[-2.8291079,51.4512029],[-2.8301695,51.4505632],[-2.8304061,51.4504206],[-2.8305456,51.4503137],[-2.8313145,51.4498195],[-2.8320295,51.449407],[-2.8328347,51.4490413],[-2.8335659,51.4487367],[-2.8342005,51.4485094],[-2.8351672,51.4482152],[-2.8360636,51.4479273],[-2.839779,51.4467996],[-2.8402237,51.4466177],[-2.8408315,51.4462633],[-2.8413416,51.4459193],[-2.8417831,51.4455121],[-2.8421082,51.4450273],[-2.8422632,51.4444766],[-2.8422992,51.4440827],[-2.8421162,51.4435648],[-2.8416495,51.4428092],[-2.841008,51.4419726],[-2.8407199,51.4416366],[-2.8404865,51.4412815],[-2.8402934,51.4408922],[-2.8401845,51.4405228],[-2.840147,51.4400687],[-2.840206,51.4396811],[-2.8404545,51.4390528],[-2.8409367,51.4382523],[-2.8409914,51.438209],[-2.8413078,51.4379587],[-2.8417804,51.43763],[-2.8422289,51.4373511],[-2.8432802,51.4369188],[-2.8438955,51.4367475],[-2.8447195,51.4365951],[-2.8455365,51.4364774],[-2.8463835,51.4363824],[-2.8475766,51.4362473],[-2.8500797,51.4360232],[-2.8503039,51.4360023],[-2.8505455,51.4359784],[-2.851262,51.4359222],[-2.8516616,51.4358716],[-2.8518444,51.4358401],[-2.8520533,51.4357931],[-2.8523726,51.4357138],[-2.8526833,51.4356498],[-2.8529458,51.4355661],[-2.8532187,51.4354555],[-2.8534859,51.4352975],[-2.8537354,51.4351728],[-2.8541351,51.434955],[-2.8544098,51.4348212],[-2.8548304,51.4346019],[-2.8551823,51.4344133],[-2.8555857,51.4341738],[-2.8562219,51.4337589],[-2.8566907,51.433405],[-2.8572078,51.432979],[-2.8576584,51.4325842],[-2.858064,51.4321909],[-2.8584513,51.4318243],[-2.858815,51.4314773],[-2.8590438,51.431207],[-2.8594178,51.4307641],[-2.8597062,51.4304239],[-2.859951,51.4301364],[-2.8602397,51.4297699],[-2.8602517,51.4297546],[-2.8605572,51.4293548],[-2.8609092,51.4289251],[-2.8611197,51.4286743],[-2.8612008,51.4285884],[-2.8616642,51.4280776],[-2.8619859,51.4276735],[-2.8624264,51.4270781],[-2.863106,51.4263005],[-2.8638796,51.4253797],[-2.8642417,51.4249813],[-2.8646751,51.4244718],[-2.8648382,51.4243112],[-2.86507,51.424049],[-2.8657566,51.4232515],[-2.8663059,51.4225932],[-2.8666321,51.4222078],[-2.8672157,51.4214906],[-2.8676878,51.420934],[-2.867868,51.4207145],[-2.8684946,51.4199652],[-2.8687006,51.4197404],[-2.8694731,51.4188947],[-2.8699194,51.4183862],[-2.8711897,51.4169303],[-2.8716875,51.4162933],[-2.8726917,51.4151156],[-2.8735672,51.4141199],[-2.8744684,51.4130761],[-2.8754555,51.4119358],[-2.8763052,51.4109508],[-2.876597,51.41056],[-2.8770605,51.409955],[-2.8778244,51.4090395],[-2.8782021,51.4085952],[-2.8789402,51.4077064],[-2.8796354,51.4068873],[-2.8802448,51.4061698],[-2.8811546,51.4051204],[-2.8821074,51.4040121],[-2.8830944,51.4028341],[-2.8839699,51.4018542],[-2.8847595,51.4006655],[-2.8851147,51.399974],[-2.88534,51.3994519],[-2.8855663,51.3988127],[-2.8858324,51.397656],[-2.8859736,51.3971731],[-2.8861012,51.3965904],[-2.8863518,51.3958145],[-2.886517,51.3953051],[-2.8866194,51.3950123],[-2.8869263,51.3943652],[-2.8872673,51.3937014],[-2.8873066,51.3936249],[-2.8876269,51.3930732],[-2.8879058,51.392609],[-2.8881138,51.3923158],[-2.8882271,51.3921561],[-2.8885103,51.3917651],[-2.8889163,51.3912833],[-2.8890772,51.3910155],[-2.889529,51.3904453],[-2.8895493,51.3904197],[-2.8916816,51.3882536]]}},{"type":"Feature","properties":{"abandoned:railway":"rail","bridge":"viaduct","heritage":"yes","layer":"1","note":"Viaduct","railway":"abandoned","source_id":"osm-way-33176015","dataset":"OpenStreetMap former/disused railway extract","publisher":"OpenStreetMap contributors","effective_date":"2026-09-07T10:02:26Z","licence":"ODbL-1.0"},"geometry":{"type":"LineString","coordinates":[[-2.5516428,51.3721833],[-2.5511927,51.369361]]}},{"type":"Feature","properties":{"abandoned:railway":"rail","alt_name":"Frome and North Somerset Line","name":"Bristol and North Somerset Railway","railway":"abandoned","ref":"FNS2","source":"NPE","wikidata":"Q917987","wikipedia":"en:Bristol and North Somerset Railway","source_id":"osm-way-33176016","dataset":"OpenStreetMap former/disused railway extract","publisher":"OpenStreetMap contributors","effective_date":"2026-09-07T10:02:26Z","licence":"ODbL-1.0"},"geometry":{"type":"LineString","coordinates":[[-2.5511927,51.369361],[-2.5510553,51.3685888],[-2.5510607,51.3677886],[-2.55104,51.3670264],[-2.5510197,51.3665553],[-2.550928,51.3659619],[-2.5508187,51.3655032],[-2.5506902,51.3652565],[-2.5504228,51.3648363],[-2.5495549,51.3638775],[-2.5492113,51.3636426],[-2.5477524,51.3626449],[-2.5457783,51.3617339],[-2.5443192,51.3608764],[-2.5436326,51.3602868],[-2.5429183,51.359353],[-2.5424109,51.3584871],[-2.5420846,51.3575675],[-2.5418354,51.3567685],[-2.5413995,51.3559871],[-2.540886,51.3553559],[-2.5407196,51.3551238]]}},{"type":"Feature","properties":{"abandoned:railway":"rail","railway":"abandoned","service":"siding","usage":"military","source_id":"osm-way-34034340","dataset":"OpenStreetMap former/disused railway extract","publisher":"OpenStreetMap contributors","effective_date":"2026-09-07T10:02:26Z","licence":"ODbL-1.0"},"geometry":{"type":"LineString","coordinates":[[-2.7179082,51.4294663],[-2.7175618,51.4293256],[-2.7173091,51.4292235],[-2.7171985,51.4291789],[-2.7138003,51.4277845],[-2.7129432,51.4273975],[-2.7127948,51.4273285],[-2.711297,51.4266218],[-2.7092994,51.4256707],[-2.7087382,51.4254139],[-2.7078717,51.4250012]]}},{"type":"Feature","properties":{"highway":"cycleway","name":"Bristol & Bath Railway Path","railway":"abandoned","surface":"asphalt","website":"http://www.bristolbathrailwaypath.org.uk/","wikidata":"Q4969083","wikipedia":"en:Bristol and Bath Railway Path","source_id":"osm-way-34728391","dataset":"OpenStreetMap former/disused railway extract","publisher":"OpenStreetMap contributors","effective_date":"2026-09-07T10:02:26Z","licence":"ODbL-1.0"},"geometry":{"type":"LineString","coordinates":[[-2.4052223,51.387616],[-2.40517,51.3876069],[-2.4051093,51.3876093]]}},{"type":"Feature","properties":{"bridge":"yes","bridge:ref":"207","highway":"cycleway","layer":"1","name":"Bristol & Bath Railway Path","railway":"abandoned","surface":"asphalt","website":"http://www.bristolbathrailwaypath.org.uk/","source_id":"osm-way-34728392","dataset":"OpenStreetMap former/disused railway extract","publisher":"OpenStreetMap contributors","effective_date":"2026-09-07T10:02:26Z","licence":"ODbL-1.0"},"geometry":{"type":"LineString","coordinates":[[-2.4062295,51.3879282],[-2.4052223,51.387616]]}},{"type":"Feature","properties":{"foot":"yes","highway":"cycleway","name":"Bristol & Bath Railway Path","railway":"abandoned","surface":"asphalt","website":"http://www.bristolbathrailwaypath.org.uk/","wikidata":"Q4969083","wikipedia":"en:Bristol and Bath Railway Path","source_id":"osm-way-34784843","dataset":"OpenStreetMap former/disused railway extract","publisher":"OpenStreetMap contributors","effective_date":"2026-09-07T10:02:26Z","licence":"ODbL-1.0"},"geometry":{"type":"LineString","coordinates":[[-2.4266067,51.391479],[-2.4264695,51.391472],[-2.4263556,51.3914625],[-2.4248374,51.3912023],[-2.4209533,51.39058],[-2.4187147,51.3902034],[-2.4157752,51.3897237],[-2.4153,51.3896423],[-2.4115209,51.3889946],[-2.4086563,51.3885219],[-2.4072873,51.3882305],[-2.4063939,51.3880052]]}},{"type":"Feature","properties":{"foot":"yes","highway":"cycleway","name":"Bristol & Bath Railway Path","railway":"abandoned","surface":"asphalt","website":"http://www.bristolbathrailwaypath.org.uk/","source_id":"osm-way-34784848","dataset":"OpenStreetMap former/disused railway extract","publisher":"OpenStreetMap contributors","effective_date":"2026-09-07T10:02:26Z","licence":"ODbL-1.0"},"geometry":{"type":"LineString","coordinates":[[-2.4273534,51.3915999],[-2.4275312,51.3916496],[-2.4277351,51.3916898],[-2.4300882,51.3921303],[-2.4323903,51.392667],[-2.434281,51.3931895],[-2.4354667,51.3935996],[-2.4367059,51.394088],[-2.4390984,51.3951187],[-2.4406756,51.3957636],[-2.4418582,51.3963314],[-2.442982,51.3969857],[-2.4449369,51.398228],[-2.4458089,51.3989893],[-2.4466517,51.3997844],[-2.4470895,51.4002422],[-2.4474965,51.4007079],[-2.4477122,51.4009498],[-2.4481409,51.4015381],[-2.4486466,51.4023109],[-2.4489726,51.4029289],[-2.448981,51.402949]]}},{"type":"Feature","properties":{"bridge":"yes","bridge:ref":"210","foot":"yes","highway":"cycleway","layer":"1","name":"Bristol & Bath Railway Path","railway":"abandoned","surface":"asphalt","website":"http://www.bristolbathrailwaypath.org.uk/","source_id":"osm-way-34784849","dataset":"OpenStreetMap former/disused railway extract","publisher":"OpenStreetMap contributors","effective_date":"2026-09-07T10:02:26Z","licence":"ODbL-1.0"},"geometry":{"type":"LineString","coordinates":[[-2.4495229,51.4039998],[-2.4497626,51.4044436]]}},{"type":"Feature","properties":{"bridge":"yes","foot":"yes","highway":"cycleway","layer":"1","name":"Bristol & Bath Railway Path","railway":"abandoned","surface":"asphalt","website":"http://www.bristolbathrailwaypath.org.uk/","source_id":"osm-way-34784851","dataset":"OpenStreetMap former/disused railway extract","publisher":"OpenStreetMap contributors","effective_date":"2026-09-07T10:02:26Z","licence":"ODbL-1.0"},"geometry":{"type":"LineString","coordinates":[[-2.4502958,51.4054944],[-2.450358,51.4056108]]}},{"type":"Feature","properties":{"foot":"yes","highway":"cycleway","name":"Bristol & Bath Railway Path","railway":"abandoned","surface":"asphalt","source_id":"osm-way-34784852","dataset":"OpenStreetMap former/disused railway extract","publisher":"OpenStreetMap contributors","effective_date":"2026-09-07T10:02:26Z","licence":"ODbL-1.0"},"geometry":{"type":"LineString","coordinates":[[-2.450358,51.4056108],[-2.4509525,51.4067502],[-2.4511136,51.4070384],[-2.4515511,51.4077302]]}},{"type":"Feature","properties":{"bridge":"yes","foot":"yes","highway":"cycleway","layer":"1","lit":"no","name":"Bristol & Bath Railway Path","railway":"abandoned","surface":"asphalt","source_id":"osm-way-34784855","dataset":"OpenStreetMap former/disused railway extract","publisher":"OpenStreetMap contributors","effective_date":"2026-09-07T10:02:26Z","licence":"ODbL-1.0"},"geometry":{"type":"LineString","coordinates":[[-2.4588173,51.4164775],[-2.45926,51.4168939]]}},{"type":"Feature","properties":{"embankment":"yes","foot":"yes","highway":"cycleway","lit":"no","name":"Bristol & Bath Railway Path","railway":"abandoned","surface":"asphalt","source_id":"osm-way-34784856","dataset":"OpenStreetMap former/disused railway extract","publisher":"OpenStreetMap contributors","effective_date":"2026-09-07T10:02:26Z","licence":"ODbL-1.0"},"geometry":{"type":"LineString","coordinates":[[-2.45926,51.4168939],[-2.4595476,51.4171584]]}},{"type":"Feature","properties":{"bicycle":"designated","cutting":"yes","foot":"designated","highway":"cycleway","horse":"no","lit":"no","name":"Two Tunnels Greenway","old_name":"Somerset and Dorset Joint Railway","old_ref":"SAD","railway":"abandoned","segregated":"no","source":"survey","surface":"asphalt","wikidata":"Q7559923","wikipedia":"en:Somerset and Dorset Joint Railway","source_id":"osm-way-35032996","dataset":"OpenStreetMap former/disused railway extract","publisher":"OpenStreetMap contributors","effective_date":"2026-09-07T10:02:26Z","licence":"ODbL-1.0"},"geometry":{"type":"LineString","coordinates":[[-2.358306,51.3691836],[-2.3579184,51.3691102],[-2.3575814,51.3690435],[-2.357244,51.368956],[-2.3568403,51.3688449],[-2.3564833,51.3687278],[-2.356137,51.3685933],[-2.3559431,51.3685186]]}},{"type":"Feature","properties":{"bicycle":"designated","bridge":"yes","bridge:name":"Lyncombe Vale Bridge","foot":"designated","highway":"cycleway","horse":"no","layer":"1","name":"Two Tunnels Greenway","old_name":"Somerset and Dorset Joint Railway","old_ref":"SAD","railway":"abandoned","segregated":"no","source":"survey","surface":"asphalt","wikidata":"Q7559923","wikipedia":"en:Somerset and Dorset Joint Railway","source_id":"osm-way-35032999","dataset":"OpenStreetMap former/disused railway extract","publisher":"OpenStreetMap contributors","effective_date":"2026-09-07T10:02:26Z","licence":"ODbL-1.0"},"geometry":{"type":"LineString","coordinates":[[-2.3604092,51.3694154],[-2.3601775,51.36941]]}},{"type":"Feature","properties":{"bicycle":"designated","bridge":"viaduct","foot":"designated","highway":"cycleway","horse":"no","layer":"1","lit":"no","name":"Two Tunnels Greenway","old_name":"Somerset and Dorset Joint Railway","old_ref":"SAD","railway":"abandoned","segregated":"no","source":"survey","surface":"asphalt","wikidata":"Q7559923","wikipedia":"en:Somerset and Dorset Joint Railway","source_id":"osm-way-35033001","dataset":"OpenStreetMap former/disused railway extract","publisher":"OpenStreetMap contributors","effective_date":"2026-09-07T10:02:26Z","licence":"ODbL-1.0"},"geometry":{"type":"LineString","coordinates":[[-2.3559431,51.3685186],[-2.3554989,51.3683271]]}},{"type":"Feature","properties":{"bicycle":"designated","foot":"designated","highway":"cycleway","horse":"no","lit":"no","name":"Two Tunnels Greenway","old_name":"Somerset and Dorset Joint Railway","old_ref":"SAD","railway":"abandoned","segregated":"no","source":"survey","surface":"asphalt","wikidata":"Q7559923","wikipedia":"en:Somerset and Dorset Joint Railway","source_id":"osm-way-35033003","dataset":"OpenStreetMap former/disused railway extract","publisher":"OpenStreetMap contributors","effective_date":"2026-09-07T10:02:26Z","licence":"ODbL-1.0"},"geometry":{"type":"LineString","coordinates":[[-2.3614712,51.3693847],[-2.3604092,51.3694154]]}},{"type":"Feature","properties":{"bridge":"yes","foot":"yes","highway":"cycleway","layer":"1","name":"Bristol & Bath Railway Path","railway":"abandoned","segregated":"no","surface":"asphalt","source_id":"osm-way-37558547","dataset":"OpenStreetMap former/disused railway extract","publisher":"OpenStreetMap contributors","effective_date":"2026-09-07T10:02:26Z","licence":"ODbL-1.0"},"geometry":{"type":"LineString","coordinates":[[-2.4795318,51.4638261],[-2.479386,51.4637149]]}},{"type":"Feature","properties":{"designation":"public_footpath","foot":"designated","highway":"footway","prow_ref":"BC25/21","railway":"abandoned","surface":"asphalt","source_id":"osm-way-37890541","dataset":"OpenStreetMap former/disused railway extract","publisher":"OpenStreetMap contributors","effective_date":"2026-09-07T10:02:26Z","licence":"ODbL-1.0"},"geometry":{"type":"LineString","coordinates":[[-2.3886202,51.3835278],[-2.3887203,51.3835283],[-2.3888351,51.3834983],[-2.3899587,51.3835184],[-2.3908374,51.3835446]]}},{"type":"Feature","properties":{"bicycle":"designated","bridge":"viaduct","bridge:name":"Tucking Mill Viaduct","foot":"designated","highway":"cycleway","horse":"no","layer":"1","lit":"no","name":"Two Tunnels Greenway","old_name":"Somerset and Dorset Joint Railway","old_ref":"SAD","oneway":"no","railway":"abandoned","segregated":"no","source":"survey","surface":"asphalt","wikidata":"Q7559923","wikipedia":"en:Somerset and Dorset Joint Railway","source_id":"osm-way-38036641","dataset":"OpenStreetMap former/disused railway extract","publisher":"OpenStreetMap contributors","effective_date":"2026-09-07T10:02:26Z","licence":"ODbL-1.0"},"geometry":{"type":"LineString","coordinates":[[-2.3406077,51.3534842],[-2.3405874,51.3532374],[-2.3405807,51.3529909],[-2.3405825,51.3527054]]}},{"type":"Feature","properties":{"bicycle":"designated","bridge":"viaduct","bridge:name":"Midford Viaduct","foot":"designated","highway":"cycleway","horse":"no","layer":"2","name":"Two Tunnels Greenway","old_name":"Somerset and Dorset Joint Railway","old_ref":"SAD","railway":"abandoned","segregated":"no","source":"NPE","surface":"asphalt","wikidata":"Q7559923","wikipedia":"en:Somerset and Dorset Joint Railway","source_id":"osm-way-38036731","dataset":"OpenStreetMap former/disused railway extract","publisher":"OpenStreetMap contributors","effective_date":"2026-09-07T10:02:26Z","licence":"ODbL-1.0"},"geometry":{"type":"LineString","coordinates":[[-2.3444948,51.3430757],[-2.3446325,51.3433152],[-2.3447311,51.3434973],[-2.3448317,51.3437099],[-2.3449102,51.3439293],[-2.3449677,51.3441084],[-2.3450082,51.344273],[-2.3450245,51.3443837]]}},{"type":"Feature","properties":{"bicycle":"designated","designation":"public_footpath","foot":"designated","highway":"cycleway","horse":"no","lit":"no","name":"Two Tunnels Greenway","old_name":"Somerset and Dorset Joint Railway","old_ref":"SAD","oneway":"no","prow_ref":"BA22/19","railway":"abandoned","segregated":"no","source":"survey","surface":"asphalt","wikidata":"Q7559923","wikipedia":"en:Somerset and Dorset Joint Railway","source_id":"osm-way-38036732","dataset":"OpenStreetMap former/disused railway extract","publisher":"OpenStreetMap contributors","effective_date":"2026-09-07T10:02:26Z","licence":"ODbL-1.0"},"geometry":{"type":"LineString","coordinates":[[-2.3450499,51.3447752],[-2.3450851,51.3452332],[-2.3450784,51.3454036],[-2.3450076,51.3457671],[-2.3449112,51.3460739],[-2.3446082,51.3470019],[-2.3444469,51.3474147],[-2.3442752,51.3477704],[-2.3441395,51.3479857]]}},{"type":"Feature","properties":{"bicycle":"designated","foot":"designated","highway":"cycleway","horse":"no","lit":"no","name":"Two Tunnels Greenway","old_name":"Somerset and Dorset Joint Railway","old_ref":"SAD","oneway":"no","railway":"abandoned","segregated":"no","source":"survey","surface":"asphalt","wikidata":"Q7559923","wikipedia":"en:Somerset and Dorset Joint Railway","source_id":"osm-way-38209720","dataset":"OpenStreetMap former/disused railway extract","publisher":"OpenStreetMap contributors","effective_date":"2026-09-07T10:02:26Z","licence":"ODbL-1.0"},"geometry":{"type":"LineString","coordinates":[[-2.3412833,51.3555384],[-2.3409952,51.3548963],[-2.3408336,51.3544391],[-2.3407018,51.3540781],[-2.3406515,51.3539004],[-2.3406207,51.3537284],[-2.3406077,51.3534842]]}},{"type":"Feature","properties":{"abandoned:railway":"rail","railway":"abandoned","ref":"CMZ","source_id":"osm-way-38331304","dataset":"OpenStreetMap former/disused railway extract","publisher":"OpenStreetMap contributors","effective_date":"2026-09-07T10:02:26Z","licence":"ODbL-1.0"},"geometry":{"type":"LineString","coordinates":[[-2.3431429,51.3450581],[-2.3427235,51.3455433],[-2.3409837,51.3475759]]}},{"type":"Feature","properties":{"abandoned:railway":"rail","railway":"abandoned","ref":"CMZ","source_id":"osm-way-38331305","dataset":"OpenStreetMap former/disused railway extract","publisher":"OpenStreetMap contributors","effective_date":"2026-09-07T10:02:26Z","licence":"ODbL-1.0"},"geometry":{"type":"LineString","coordinates":[[-2.3432625,51.3449239],[-2.3437419,51.3443757],[-2.343828,51.3442782],[-2.3440118,51.3440915],[-2.3441538,51.3439751],[-2.3443355,51.3438559],[-2.3445399,51.3437405]]}},{"type":"Feature","properties":{"bicycle":"designated","foot":"designated","highway":"cycleway","horse":"permissive","old_name":"Somerset and Dorset Joint Railway","old_ref":"SAD","railway":"abandoned","segregated":"no","source":"NPE","surface":"compacted","wikidata":"Q7559923","wikipedia":"en:Somerset and Dorset Joint Railway","source_id":"osm-way-38358534","dataset":"OpenStreetMap former/disused railway extract","publisher":"OpenStreetMap contributors","effective_date":"2026-09-07T10:02:26Z","licence":"ODbL-1.0"},"geometry":{"type":"LineString","coordinates":[[-2.3500877,51.3334008],[-2.3495651,51.3337866],[-2.3490942,51.3341246],[-2.3487394,51.3343256],[-2.3475843,51.3349413],[-2.3469651,51.3353744],[-2.3463196,51.3359547],[-2.345958,51.3363948],[-2.345743,51.3366842],[-2.3455087,51.3371158],[-2.3453237,51.3375048],[-2.345051,51.3383233],[-2.3448385,51.3388322],[-2.3445129,51.339475]]}},{"type":"Feature","properties":{"bicycle":"designated","bridge":"yes","foot":"designated","highway":"cycleway","horse":"permissive","layer":"1","old_name":"Somerset and Dorset Joint Railway","old_ref":"SAD","railway":"abandoned","segregated":"no","source":"NPE","surface":"compacted","wikidata":"Q7559923","wikipedia":"en:Somerset and Dorset Joint Railway","source_id":"osm-way-38358535","dataset":"OpenStreetMap former/disused railway extract","publisher":"OpenStreetMap contributors","effective_date":"2026-09-07T10:02:26Z","licence":"ODbL-1.0"},"geometry":{"type":"LineString","coordinates":[[-2.3501902,51.333322],[-2.3500877,51.3334008]]}},{"type":"Feature","properties":{"abandoned:railway":"rail","bridge":"yes","layer":"1","name":"Camerton & Limpleystoke","railway":"abandoned","ref":"CMZ","source_id":"osm-way-38358983","dataset":"OpenStreetMap former/disused railway extract","publisher":"OpenStreetMap contributors","effective_date":"2026-09-07T10:02:26Z","licence":"ODbL-1.0"},"geometry":{"type":"LineString","coordinates":[[-2.3498855,51.3423308],[-2.3504178,51.3423021]]}},{"type":"Feature","properties":{"abandoned:railway":"rail","railway":"abandoned","ref":"CMZ","source":"NPE","source_id":"osm-way-38358984","dataset":"OpenStreetMap former/disused railway extract","publisher":"OpenStreetMap contributors","effective_date":"2026-09-07T10:02:26Z","licence":"ODbL-1.0"},"geometry":{"type":"LineString","coordinates":[[-2.3504178,51.3423021],[-2.3514229,51.3422493],[-2.3522615,51.3422025],[-2.3528285,51.3421922],[-2.3540805,51.3423663],[-2.3549275,51.3425079],[-2.3555989,51.3425443],[-2.3561805,51.3425351],[-2.3567334,51.3425601],[-2.3574658,51.3425953],[-2.3579197,51.3425471],[-2.3581978,51.3424884],[-2.3585622,51.3424114],[-2.3590548,51.342255],[-2.3594597,51.3420964],[-2.3598641,51.3419025],[-2.3602454,51.3417344],[-2.3607604,51.3415199],[-2.3610716,51.3414127],[-2.3613612,51.341339],[-2.3616187,51.3412921],[-2.3621337,51.3412854],[-2.3626165,51.3413189],[-2.363389,51.3414127],[-2.3640542,51.3415266],[-2.3644731,51.3416362],[-2.3652343,51.3418818]]}},{"type":"Feature","properties":{"abandoned:railway":"rail","railway":"abandoned","ref":"CMZ","source_id":"osm-way-38359352","dataset":"OpenStreetMap former/disused railway extract","publisher":"OpenStreetMap contributors","effective_date":"2026-09-07T10:02:26Z","licence":"ODbL-1.0"},"geometry":{"type":"LineString","coordinates":[[-2.3483106,51.3424454],[-2.3488006,51.3423964],[-2.3498855,51.3423308]]}},{"type":"Feature","properties":{"bicycle":"designated","bridge":"yes","bridge:name":"Bellots Railway Bridge","foot":"designated","highway":"cycleway","horse":"no","layer":"1","lit":"no","name":"Linear Park","old_name":"Somerset and Dorset Joint Railway","old_ref":"SAD","railway":"abandoned","segregated":"no","surface":"asphalt","wikidata":"Q7559923","wikipedia":"en:Somerset and Dorset Joint Railway","source_id":"osm-way-38619877","dataset":"OpenStreetMap former/disused railway extract","publisher":"OpenStreetMap contributors","effective_date":"2026-09-07T10:02:26Z","licence":"ODbL-1.0"},"geometry":{"type":"LineString","coordinates":[[-2.384893,51.379843],[-2.3850212,51.3795215]]}},{"type":"Feature","properties":{"alt_name":"Dramway","cutting":"yes","designation":"public_footpath","foot":"designated","highway":"footway","name":"Avon and Gloucestershire Railway","prow_ref":"PSN 52","railway":"abandoned","surface":"dirt","wikidata":"Q791301","wikipedia":"en:Avon and Gloucestershire Railway","source_id":"osm-way-38757868","dataset":"OpenStreetMap former/disused railway extract","publisher":"OpenStreetMap contributors","effective_date":"2026-09-07T10:02:26Z","licence":"ODbL-1.0"},"geometry":{"type":"LineString","coordinates":[[-2.473495,51.4587926],[-2.473055,51.4582802],[-2.4726009,51.4576781],[-2.4725114,51.457586],[-2.4721801,51.457245],[-2.4718583,51.4569138],[-2.4709744,51.4561151],[-2.4707889,51.4559799],[-2.4702309,51.4555516]]}},{"type":"Feature","properties":{"historic:operator":"Midland Railway","name":"Mangotsfield and Bath Branch Line","railway":"razed","razed:railway":"rail","ref":"MBL","wikidata":"Q12061467","wikipedia":"en:Mangotsfield and Bath branch line","source_id":"osm-way-38757872","dataset":"OpenStreetMap former/disused railway extract","publisher":"OpenStreetMap contributors","effective_date":"2026-09-07T10:02:26Z","licence":"ODbL-1.0"},"geometry":{"type":"LineString","coordinates":[[-2.4815176,51.4655468],[-2.4816193,51.4656678],[-2.4817852,51.4658697],[-2.4820491,51.4662992],[-2.4822417,51.4666058],[-2.4823457,51.4667927],[-2.4824683,51.4671308],[-2.4825454,51.4675232],[-2.4826527,51.4682918],[-2.4827171,51.4689802],[-2.4825025,51.4699025],[-2.4820716,51.4707806],[-2.4818495,51.4712069]]}},{"type":"Feature","properties":{"foot":"yes","highway":"cycleway","name":"Bristol & Bath Railway Path","railway":"abandoned","segregated":"no","surface":"asphalt","source_id":"osm-way-38757886","dataset":"OpenStreetMap former/disused railway extract","publisher":"OpenStreetMap contributors","effective_date":"2026-09-07T10:02:26Z","licence":"ODbL-1.0"},"geometry":{"type":"LineString","coordinates":[[-2.480451,51.4645141],[-2.4803482,51.464436],[-2.480247,51.4643591],[-2.4801808,51.4643098],[-2.4795318,51.4638261]]}},{"type":"Feature","properties":{"designation":"public_footpath","foot":"designated","highway":"footway","railway":"abandoned","surface":"dirt","source_id":"osm-way-38759172","dataset":"OpenStreetMap former/disused railway extract","publisher":"OpenStreetMap contributors","effective_date":"2026-09-07T10:02:26Z","licence":"ODbL-1.0"},"geometry":{"type":"LineString","coordinates":[[-2.4769759,51.4629289],[-2.4771659,51.4631161]]}},{"type":"Feature","properties":{"alt_name":"Dramway","highway":"footway","historic:name":"Gloucester and Avon Tramway","historic:railway":"rail","name":"Avon and Gloucestershire Railway","railway":"abandoned","surface":"grass","wikidata":"Q791301","wikipedia":"en:Avon and Gloucestershire Railway","source_id":"osm-way-38776748","dataset":"OpenStreetMap former/disused railway extract","publisher":"OpenStreetMap contributors","effective_date":"2026-09-07T10:02:26Z","licence":"ODbL-1.0"},"geometry":{"type":"LineString","coordinates":[[-2.4828144,51.4663491],[-2.4834822,51.4666337],[-2.4840556,51.4669326],[-2.4843322,51.4673129],[-2.4844893,51.4675253]]}},{"type":"Feature","properties":{"alt_name":"Dramway","foot":"designated","highway":"footway","historic:railway":"rail","name":"Avon and Gloucestershire Railway","railway":"abandoned","surface":"grass","wikidata":"Q791301","wikipedia":"en:Avon and Gloucestershire Railway","source_id":"osm-way-38776749","dataset":"OpenStreetMap former/disused railway extract","publisher":"OpenStreetMap contributors","effective_date":"2026-09-07T10:02:26Z","licence":"ODbL-1.0"},"geometry":{"type":"LineString","coordinates":[[-2.4844893,51.4675253],[-2.4845692,51.4676824],[-2.484618,51.4678682],[-2.4846323,51.4681198],[-2.4846146,51.4683831],[-2.4845556,51.4686416],[-2.4844575,51.4688651],[-2.4843151,51.4690778]]}},{"type":"Feature","properties":{"abandoned:railway":"rail","historic:operator":"Midland Railway","name":"Mangotsfield and Bath Branch Line","railway":"abandoned","ref":"MBL","wikidata":"Q12061467","wikipedia":"en:Mangotsfield and Bath branch line","source_id":"osm-way-38780407","dataset":"OpenStreetMap former/disused railway extract","publisher":"OpenStreetMap contributors","effective_date":"2026-09-07T10:02:26Z","licence":"ODbL-1.0"},"geometry":{"type":"LineString","coordinates":[[-2.4818495,51.4712069],[-2.478737,51.4742197],[-2.4768371,51.4760731],[-2.475893,51.4770172],[-2.4749359,51.4779189],[-2.4742126,51.478627],[-2.4735787,51.4792533]]}},{"type":"Feature","properties":{"bicycle":"designated","foot":"designated","highway":"cycleway","lit":"yes","ncn_ref":"(4)","note":"This is a link to, but not the actual, NCN 4","railway":"abandoned","segregated":"no","surface":"asphalt","source_id":"osm-way-38934083","dataset":"OpenStreetMap former/disused railway extract","publisher":"OpenStreetMap contributors","effective_date":"2026-09-07T10:02:26Z","licence":"ODbL-1.0"},"geometry":{"type":"LineString","coordinates":[[-2.5774779,51.45276],[-2.5774057,51.4528099],[-2.5772433,51.4529221],[-2.5770618,51.4530446],[-2.5768477,51.4531738],[-2.5765038,51.4533847],[-2.5763477,51.4534778],[-2.5762245,51.453542],[-2.5760397,51.4536204],[-2.5759429,51.4536625],[-2.5758536,51.4537092],[-2.5756513,51.4538153],[-2.5755301,51.4538968],[-2.5753785,51.4539951],[-2.5752142,51.4540857],[-2.5750683,51.4541474],[-2.5749484,51.4541882],[-2.5748841,51.4542161],[-2.5745581,51.4543825],[-2.5745094,51.4543422]]}},{"type":"Feature","properties":{"foot":"yes","highway":"cycleway","name":"Bristol & Bath Railway Path","railway":"abandoned","surface":"asphalt","website":"http://www.bristolbathrailwaypath.org.uk/","source_id":"osm-way-38964498","dataset":"OpenStreetMap former/disused railway extract","publisher":"OpenStreetMap contributors","effective_date":"2026-09-07T10:02:26Z","licence":"ODbL-1.0"},"geometry":{"type":"LineString","coordinates":[[-2.4497626,51.4044436],[-2.4497663,51.4044546],[-2.4497736,51.4044661],[-2.4502415,51.405415]]}},{"type":"Feature","properties":{"bicycle":"designated","foot":"designated","highway":"cycleway","horse":"no","incline":"-1%","layer":"-1","length":"1672","lit":"yes","name":"Two Tunnels Greenway","note:lit":"05:00-23:00","old_name":"Somerset and Dorset Joint Railway","old_ref":"SAD","railway":"abandoned","segregated":"no","source":"survey","surface":"asphalt","tunnel":"yes","tunnel:name":"Combe Down Tunnel","wikidata":"Q7559923","wikipedia":"en:Somerset and Dorset Joint Railway","source_id":"osm-way-39040589","dataset":"OpenStreetMap former/disused railway extract","publisher":"OpenStreetMap contributors","effective_date":"2026-09-07T10:02:26Z","licence":"ODbL-1.0"},"geometry":{"type":"LineString","coordinates":[[-2.3551737,51.3681457],[-2.354957,51.3680304],[-2.3546017,51.3678196],[-2.3542108,51.3675525],[-2.3537266,51.367177],[-2.3450885,51.360198],[-2.3440495,51.3592642],[-2.3434569,51.358668],[-2.3430578,51.3582231],[-2.3423124,51.3572175],[-2.3415025,51.3559244]]}},{"type":"Feature","properties":{"bicycle":"designated","cutting":"yes","foot":"designated","highway":"cycleway","horse":"no","lit":"no","name":"Two Tunnels Greenway","old_name":"Somerset and Dorset Joint Railway","old_ref":"SAD","railway":"abandoned","segregated":"no","source":"survey","surface":"asphalt","wikidata":"Q7559923","wikipedia":"en:Somerset and Dorset Joint Railway","source_id":"osm-way-39042115","dataset":"OpenStreetMap former/disused railway extract","publisher":"OpenStreetMap contributors","effective_date":"2026-09-07T10:02:26Z","licence":"ODbL-1.0"},"geometry":{"type":"LineString","coordinates":[[-2.3554989,51.3683271],[-2.3551737,51.3681457]]}},{"type":"Feature","properties":{"bicycle":"designated","foot":"designated","highway":"cycleway","horse":"no","incline":"2%","layer":"-1","length":"407","lit":"yes","name":"Two Tunnels Greenway","old_name":"Somerset and Dorset Joint Railway","old_ref":"SAD","railway":"abandoned","segregated":"no","source":"survey","surface":"asphalt","tunnel":"yes","tunnel:name":"Devonshire Tunnel","tunnel:wikipedia":"en:Devonshire Tunnel","wikidata":"Q16960408","source_id":"osm-way-39042117","dataset":"OpenStreetMap former/disused railway extract","publisher":"OpenStreetMap contributors","effective_date":"2026-09-07T10:02:26Z","licence":"ODbL-1.0"},"geometry":{"type":"LineString","coordinates":[[-2.368789,51.3704043],[-2.3679728,51.3701304],[-2.3673497,51.3699502],[-2.3667582,51.3698021],[-2.3662818,51.3696964],[-2.3658691,51.3696174],[-2.3652614,51.3695151],[-2.3648507,51.3694655],[-2.364445,51.3694274],[-2.3641401,51.3694037],[-2.3638352,51.3693861],[-2.3632742,51.3693756]]}},{"type":"Feature","properties":{"bicycle":"designated","foot":"designated","highway":"cycleway","horse":"no","lit":"no","name":"Two Tunnels Greenway","old_name":"Somerset and Dorset Joint Railway","old_ref":"SAD","oneway":"no","railway":"abandoned","segregated":"no","source":"survey","surface":"asphalt","wikidata":"Q7559923","wikipedia":"en:Somerset and Dorset Joint Railway","source_id":"osm-way-39042304","dataset":"OpenStreetMap former/disused railway extract","publisher":"OpenStreetMap contributors","effective_date":"2026-09-07T10:02:26Z","licence":"ODbL-1.0"},"geometry":{"type":"LineString","coordinates":[[-2.3405825,51.3527054],[-2.3405948,51.3525612]]}},{"type":"Feature","properties":{"abandoned:railway":"rail","name":"Nine Mile Point Branch","railway":"abandoned","ref":"NMP","source_id":"osm-way-39178090","dataset":"OpenStreetMap former/disused railway extract","publisher":"OpenStreetMap contributors","effective_date":"2026-09-07T10:02:26Z","licence":"ODbL-1.0"},"geometry":{"type":"LineString","coordinates":[[-3.0993128,51.6086431],[-3.0996549,51.6088009],[-3.0999411,51.6089872],[-3.1002795,51.6092767],[-3.1005075,51.6096951],[-3.100624,51.6098629],[-3.100722,51.6099692],[-3.1014183,51.6104705],[-3.1017777,51.6106921],[-3.1048484,51.6124046],[-3.1050349,51.612515],[-3.1056538,51.61293],[-3.1061209,51.613118],[-3.1073546,51.6134636],[-3.1094563,51.6136595],[-3.1116224,51.6138754],[-3.1128198,51.6141459],[-3.1147531,51.6147781],[-3.1161811,51.6149107],[-3.118083,51.6148197],[-3.1201347,51.6147215],[-3.1235003,51.6146029],[-3.1260409,51.6147088],[-3.1279946,51.6149213],[-3.1297188,51.615333],[-3.1317261,51.6157754],[-3.1338569,51.6157921],[-3.1360198,51.6156069],[-3.1403446,51.6150046],[-3.1462916,51.6137095],[-3.1482872,51.6133837],[-3.1497323,51.6132425],[-3.1498404,51.613196]]}},{"type":"Feature","properties":{"name":"Western Valleys Line","railway":"razed","razed:railway":"rail","ref":"WVL","source_id":"osm-way-39185737","dataset":"OpenStreetMap former/disused railway extract","publisher":"OpenStreetMap contributors","effective_date":"2026-09-07T10:02:26Z","licence":"ODbL-1.0"},"geometry":{"type":"LineString","coordinates":[[-3.0133167,51.5720873],[-3.012482,51.5722414],[-3.0120352,51.5723332],[-3.0115761,51.5724588],[-3.0105032,51.5729122],[-3.0101548,51.5731044],[-3.0096878,51.5734457],[-3.0093445,51.5737391],[-3.0089278,51.5742332],[-3.008681,51.5746716],[-3.0086578,51.5747158],[-3.0085706,51.5748505],[-3.0084682,51.5749674]]}},{"type":"Feature","properties":{"abandoned:railway":"rail","disused:tracks":"2","name":"Ebbw Valley Line","railway":"abandoned","ref":"WVL","source_id":"osm-way-39185812","dataset":"OpenStreetMap former/disused railway extract","publisher":"OpenStreetMap contributors","effective_date":"2026-09-07T10:02:26Z","licence":"ODbL-1.0"},"geometry":{"type":"LineString","coordinates":[[-3.0076225,51.5754711],[-3.0075471,51.5755104],[-3.0073852,51.5755992],[-3.0072351,51.5756847],[-3.0068221,51.5759147],[-3.0064728,51.5761488],[-3.0060093,51.5764377],[-3.0055472,51.5766617],[-3.0052737,51.576761],[-3.0049558,51.5768659]]}},{"type":"Feature","properties":{"alt_name":"Newport Neutral Mile","name":"Newport Dock Street Branch","railway":"razed","razed:railway":"rail","ref":"NNM","service":"yard","source_id":"osm-way-39185813","dataset":"OpenStreetMap former/disused railway extract","publisher":"OpenStreetMap contributors","effective_date":"2026-09-07T10:02:26Z","licence":"ODbL-1.0"},"geometry":{"type":"LineString","coordinates":[[-2.9984265,51.5778774],[-2.9982645,51.5778515],[-2.9980742,51.5778211],[-2.9977144,51.5777664],[-2.9965906,51.5775283],[-2.9953473,51.5772529],[-2.9948436,51.57715],[-2.9942447,51.577024],[-2.9936661,51.5768846],[-2.9935022,51.5768707],[-2.9932691,51.5768353],[-2.9928914,51.5768038],[-2.992693,51.5767936],[-2.9924723,51.5768002],[-2.99165,51.576888],[-2.9899477,51.5773509],[-2.9891314,51.5775797],[-2.988494,51.5777761],[-2.9881871,51.5778777],[-2.9872838,51.5781761],[-2.9870138,51.5783046],[-2.9867281,51.5784598],[-2.9866989,51.5784846],[-2.9865103,51.5786447],[-2.986299,51.5788598],[-2.9858219,51.5795256],[-2.9856717,51.5797531],[-2.9855654,51.5799993],[-2.9855118,51.5801983],[-2.985501,51.580257],[-2.9854571,51.5804965],[-2.9854883,51.5808707],[-2.9855634,51.5811504]]}},{"type":"Feature","properties":{"bridge":"yes","layer":"1","name":"Western Valleys Line","railway":"razed","razed:railway":"rail","ref":"WVL","source_id":"osm-way-39185818","dataset":"OpenStreetMap former/disused railway extract","publisher":"OpenStreetMap contributors","effective_date":"2026-09-07T10:02:26Z","licence":"ODbL-1.0"},"geometry":{"type":"LineString","coordinates":[[-3.0084682,51.5749674],[-3.0078697,51.5753432],[-3.0076225,51.5754711]]}},{"type":"Feature","properties":{"alt_name":"East Usk Wharf Siding","name":"Nettlefolds Branch","railway":"razed","razed:railway":"rail","source":"NPE","source_id":"osm-way-39257060","dataset":"OpenStreetMap former/disused railway extract","publisher":"OpenStreetMap contributors","effective_date":"2026-09-07T10:02:26Z","licence":"ODbL-1.0"},"geometry":{"type":"LineString","coordinates":[[-2.9797726,51.5835886],[-2.9797235,51.5835883],[-2.9793987,51.5836232],[-2.9791585,51.583672],[-2.9787464,51.58382],[-2.978629,51.5838858],[-2.9784803,51.5839692],[-2.9780513,51.5843066],[-2.9778921,51.5844385],[-2.9777422,51.584602],[-2.977581,51.5848313],[-2.9774654,51.5851166],[-2.9773662,51.5854396],[-2.9772873,51.5858038],[-2.9772633,51.5859143],[-2.9772333,51.5860724],[-2.9772316,51.5860812],[-2.9772066,51.5862824],[-2.9771641,51.5866255],[-2.9771169,51.586844],[-2.9771461,51.587011],[-2.9771716,51.5872103],[-2.9772765,51.5874023],[-2.9774268,51.5876578],[-2.9775354,51.5877867],[-2.9776606,51.5878956],[-2.9778942,51.5880499],[-2.977993,51.5881015]]}},{"type":"Feature","properties":{"bridge":"yes","foot":"yes","highway":"cycleway","layer":"1","lit":"no","name":"Bristol & Bath Railway Path","railway":"abandoned","surface":"asphalt","source_id":"osm-way-39358425","dataset":"OpenStreetMap former/disused railway extract","publisher":"OpenStreetMap contributors","effective_date":"2026-09-07T10:02:26Z","licence":"ODbL-1.0"},"geometry":{"type":"LineString","coordinates":[[-2.4602477,51.4177576],[-2.4605349,51.4179994]]}},{"type":"Feature","properties":{"embankment":"yes","foot":"yes","highway":"cycleway","lit":"no","name":"Bristol & Bath Railway Path","railway":"abandoned","surface":"asphalt","source_id":"osm-way-39358426","dataset":"OpenStreetMap former/disused railway extract","publisher":"OpenStreetMap contributors","effective_date":"2026-09-07T10:02:26Z","licence":"ODbL-1.0"},"geometry":{"type":"LineString","coordinates":[[-2.4605349,51.4179994],[-2.4610162,51.4183872],[-2.4614095,51.418699],[-2.4619146,51.4190839]]}},{"type":"Feature","properties":{"abandoned:railway":"rail","railway":"abandoned","service":"spur","source":"NPE","source_id":"osm-way-39585130","dataset":"OpenStreetMap former/disused railway extract","publisher":"OpenStreetMap contributors","effective_date":"2026-09-07T10:02:26Z","licence":"ODbL-1.0"},"geometry":{"type":"LineString","coordinates":[[-2.4587085,51.5137358],[-2.4596145,51.5140369],[-2.4603744,51.5144667],[-2.4610441,51.5150434],[-2.4612214,51.5153402],[-2.461496,51.5158625],[-2.4615832,51.5166582],[-2.4614954,51.517082],[-2.4605697,51.518581],[-2.4593908,51.5201833],[-2.4591838,51.5204646],[-2.4587194,51.5210958],[-2.4584299,51.5214695],[-2.4583535,51.5215681],[-2.4583063,51.521629],[-2.4580467,51.5219867],[-2.4578513,51.5222561],[-2.4576713,51.5225041],[-2.4574066,51.5228689],[-2.4571755,51.5231874],[-2.4569819,51.5234543],[-2.456719,51.5238166],[-2.456472,51.524157],[-2.4563624,51.524308],[-2.4562123,51.524515],[-2.4558277,51.5250031]]}},{"type":"Feature","properties":{"railway":"razed","razed:railway":"rail","service":"spur","source_id":"osm-way-40063351","dataset":"OpenStreetMap former/disused railway extract","publisher":"OpenStreetMap contributors","effective_date":"2026-09-07T10:02:26Z","licence":"ODbL-1.0"},"geometry":{"type":"LineString","coordinates":[[-2.9676475,51.5710278],[-2.9680767,51.5710278],[-2.9684372,51.5710133],[-2.9686205,51.5709664],[-2.9686999,51.5709244],[-2.968729,51.5709012],[-2.9688259,51.5707885]]}},{"type":"Feature","properties":{"abandoned:railway":"rail","railway":"abandoned","service":"spur","source_id":"osm-way-40063352","dataset":"OpenStreetMap former/disused railway extract","publisher":"OpenStreetMap contributors","effective_date":"2026-09-07T10:02:26Z","licence":"ODbL-1.0"},"geometry":{"type":"LineString","coordinates":[[-2.9770031,51.5703876],[-2.9766597,51.5703342],[-2.9761018,51.5704409],[-2.9758014,51.5706277],[-2.9746856,51.5715079],[-2.9742974,51.5717999],[-2.9738702,51.5721214],[-2.9731828,51.5726503],[-2.972806,51.5728805],[-2.9721795,51.573166],[-2.9713382,51.5734817],[-2.9708104,51.5736073],[-2.9700601,51.5736838],[-2.9698569,51.5737522],[-2.9694674,51.5738649]]}},{"type":"Feature","properties":{"name":"Park Mile to Alexandra Docks","railway":"razed","razed:railway":"rail","service":"spur","source_id":"osm-way-40063353","dataset":"OpenStreetMap former/disused railway extract","publisher":"OpenStreetMap contributors","effective_date":"2026-09-07T10:02:26Z","licence":"ODbL-1.0"},"geometry":{"type":"LineString","coordinates":[[-2.9910657,51.5542675],[-2.9917148,51.554009],[-2.9917953,51.553984],[-2.9919281,51.5539576],[-2.9920501,51.5539446],[-2.9922137,51.5539352],[-2.992439,51.5539339],[-2.9926563,51.5539406],[-2.9928736,51.5539572],[-2.993174,51.5539879],[-2.9933724,51.5540086],[-2.9934945,51.5540301],[-2.9936112,51.5540583],[-2.993705,51.5540947],[-2.9938177,51.5541541],[-2.9939357,51.5542265],[-2.9940322,51.5543027],[-2.9944292,51.5546457],[-2.9956706,51.5558508],[-2.9957532,51.5559485],[-2.9958642,51.5560741],[-2.9959304,51.5561603],[-2.9959796,51.5562468],[-2.9961264,51.5565424],[-2.9961683,51.5566267],[-2.9961862,51.5566483],[-2.9963758,51.5571044],[-2.9963927,51.5572902],[-2.9964008,51.5573154],[-2.9963364,51.5575555],[-2.9962292,51.5577523],[-2.9961755,51.5578307],[-2.9961111,51.5579091],[-2.995989,51.5580334],[-2.9957383,51.5582511],[-2.9954444,51.5585207],[-2.99477,51.5591564],[-2.9943548,51.559549],[-2.9941832,51.5597838],[-2.9930699,51.5616035],[-2.9930963,51.5622779],[-2.9932251,51.5627848],[-2.9961862,51.5659595],[-2.9964834,51.5663734],[-2.9965678,51.5665478],[-2.9966067,51.5667465],[-2.996585,51.566996],[-2.9964437,51.5678001],[-2.9963962,51.5685698],[-2.9964008,51.5688138],[-2.9964477,51.569002],[-2.9965421,51.5692421],[-2.9969158,51.5702009],[-2.9972802,51.5706878],[-2.9974158,51.5708462],[-2.997742,51.5711129],[-2.9979154,51.5712053],[-2.9981471,51.5713013],[-2.9988645,51.5715885],[-2.9998838,51.5718592],[-3.0004403,51.5719432],[-3.000662,51.5719841],[-3.0007821,51.5720055],[-3.0009069,51.5720147],[-3.0010825,51.5720215],[-3.00134,51.5720215],[-3.0017652,51.571988],[-3.0030908,51.5718508],[-3.0036701,51.5717895],[-3.00424,51.5717531],[-3.0052722,51.5716976],[-3.0060486,51.5716516],[-3.0069569,51.5715771]]}},{"type":"Feature","properties":{"railway":"razed","razed:railway":"rail","service":"siding","source_id":"osm-way-40063354","dataset":"OpenStreetMap former/disused railway extract","publisher":"OpenStreetMap contributors","effective_date":"2026-09-07T10:02:26Z","licence":"ODbL-1.0"},"geometry":{"type":"LineString","coordinates":[[-2.9910411,51.5556717],[-2.9916435,51.5559545],[-2.9917631,51.5560239],[-2.9918634,51.5560892],[-2.9919457,51.5561653],[-2.9920084,51.5562533],[-2.9920656,51.556358],[-2.9924097,51.557262],[-2.9928176,51.5583436],[-2.9928391,51.5584107],[-2.9928338,51.5584643],[-2.9928243,51.5585669],[-2.9928339,51.5586814],[-2.9928827,51.5591279],[-2.9928804,51.5593056],[-2.9928782,51.559409],[-2.9929156,51.5597118],[-2.9929396,51.5599467],[-2.9929409,51.5601008],[-2.9929583,51.5605817],[-2.9929572,51.5606764]]}},{"type":"Feature","properties":{"railway":"razed","razed:railway":"rail","service":"spur","source_id":"osm-way-40063356","dataset":"OpenStreetMap former/disused railway extract","publisher":"OpenStreetMap contributors","effective_date":"2026-09-07T10:02:26Z","licence":"ODbL-1.0"},"geometry":{"type":"LineString","coordinates":[[-2.9691925,51.5674533],[-2.9688259,51.5707885],[-2.968776,51.5712417],[-2.9687204,51.571748],[-2.9685175,51.5738098],[-2.9683428,51.5740913],[-2.9681282,51.5743154],[-2.9675707,51.5746632],[-2.9673687,51.5748143]]}},{"type":"Feature","properties":{"railway":"razed","razed:railway":"rail","service":"spur","source_id":"osm-way-40063358","dataset":"OpenStreetMap former/disused railway extract","publisher":"OpenStreetMap contributors","effective_date":"2026-09-07T10:02:26Z","licence":"ODbL-1.0"},"geometry":{"type":"LineString","coordinates":[[-2.9665404,51.5716374],[-2.9673471,51.5716679],[-2.9679908,51.5715879],[-2.9683342,51.5714545],[-2.968776,51.5712417]]}},{"type":"Feature","properties":{"name":"Monmouthshire Eastern Valleys Line","name:cy":"Rheilffordd Cymoedd Dwyreiniol Sir Fynwy","railway":"razed","razed:railway":"rail","ref":"EVY","source_id":"osm-way-40063945","dataset":"OpenStreetMap former/disused railway extract","publisher":"OpenStreetMap contributors","effective_date":"2026-09-07T10:02:26Z","licence":"ODbL-1.0"},"geometry":{"type":"LineString","coordinates":[[-2.9967569,51.6011707],[-2.9972076,51.600637],[-2.9974865,51.6003037],[-2.9978084,51.5998792],[-2.998259,51.5990509],[-2.9984521,51.5984791],[-2.9985894,51.5976768],[-2.9986023,51.5970662],[-2.9985165,51.5965583],[-2.9984736,51.5963331],[-2.9983234,51.5959992],[-2.99798,51.5951214],[-2.9978309,51.5947755],[-2.9976008,51.594327],[-2.997508,51.5941463],[-2.9973907,51.593814],[-2.9973148,51.5935991],[-2.9971772,51.5932322],[-2.9971418,51.593047],[-2.9970449,51.5925411],[-2.9968947,51.5920287],[-2.9967888,51.5917912],[-2.9965769,51.5914346],[-2.9963332,51.5911099],[-2.9958678,51.5905534],[-2.9955298,51.5901676],[-2.9951047,51.5896618],[-2.9949733,51.5895119],[-2.9948392,51.5893002],[-2.9945669,51.588817],[-2.9943845,51.5885412],[-2.9940721,51.5881904],[-2.9937046,51.5878654],[-2.993333,51.5875611],[-2.9925528,51.5870072],[-2.9905397,51.5855782],[-2.9897523,51.585068],[-2.9894557,51.5848758],[-2.9886317,51.5843638],[-2.9872944,51.5834645],[-2.9865506,51.5828963],[-2.98648,51.5828148],[-2.986406,51.5827294],[-2.9861975,51.58249],[-2.9859778,51.5822017],[-2.9858,51.5818104],[-2.9856488,51.5814862],[-2.9856072,51.581317],[-2.9855634,51.5811504]]}},{"type":"Feature","properties":{"name":"Cwmbran Branch","railway":"razed","razed:railway":"rail","ref":"CMB","source_id":"osm-way-40077224","dataset":"OpenStreetMap former/disused railway extract","publisher":"OpenStreetMap contributors","effective_date":"2026-09-07T10:02:26Z","licence":"ODbL-1.0"},"geometry":{"type":"LineString","coordinates":[[-3.0098182,51.6416543],[-3.0134939,51.6436566],[-3.0171742,51.645981],[-3.0193156,51.6469284],[-3.022356,51.647992],[-3.0232261,51.6485971],[-3.0241069,51.6493953]]}},{"type":"Feature","properties":{"name":"Newport Town Dock West Side","railway":"razed","railway:track_ref":"NTD","razed:railway":"rail","service":"yard","source_id":"osm-way-40132785","dataset":"OpenStreetMap former/disused railway extract","publisher":"OpenStreetMap contributors","effective_date":"2026-09-07T10:02:26Z","licence":"ODbL-1.0"},"geometry":{"type":"LineString","coordinates":[[-2.9821195,51.5763375],[-2.9824142,51.5765129],[-2.982563,51.5766229],[-2.982685,51.5767196],[-2.9830068,51.5770002],[-2.9841487,51.5780668],[-2.9842786,51.5781882],[-2.9844315,51.5783645],[-2.9844858,51.578447],[-2.984685,51.5787493],[-2.9848205,51.5789142],[-2.9849138,51.5790043],[-2.9850071,51.5790944],[-2.9851561,51.5792546],[-2.9852394,51.5793494],[-2.9853172,51.5794643],[-2.985371,51.5796172],[-2.9853872,51.5797337],[-2.9854355,51.5800035],[-2.9854571,51.5804965]]}},{"type":"Feature","properties":{"designation":"public_bridleway","highway":"track","prow_ref":"Congresbury Bridleway 19 (AX16/19)","railway":"abandoned","source":"Survey","source_id":"osm-way-40281492","dataset":"OpenStreetMap former/disused railway extract","publisher":"OpenStreetMap contributors","effective_date":"2026-09-07T10:02:26Z","licence":"ODbL-1.0"},"geometry":{"type":"LineString","coordinates":[[-2.8140595,51.362239],[-2.813751,51.3618323]]}},{"type":"Feature","properties":{"name":"Godfrey Road Stabling Yard","name:cy":"Iard Stablau Heol Godfrey","railway":"razed","razed:railway":"rail","service":"yard","source_id":"osm-way-40800277","dataset":"OpenStreetMap former/disused railway extract","publisher":"OpenStreetMap contributors","effective_date":"2026-09-07T10:02:26Z","licence":"ODbL-1.0"},"geometry":{"type":"LineString","coordinates":[[-3.0024986,51.5883415],[-3.0020426,51.5884201],[-3.0019301,51.5884503],[-3.0018071,51.5884896],[-3.0016242,51.5885716],[-3.0013208,51.5887026],[-3.0005854,51.5890909],[-3.0003944,51.5891861],[-2.9999604,51.5893905],[-2.9997418,51.589476],[-2.9996732,51.589492]]}},{"type":"Feature","properties":{"railway":"razed","razed:railway":"rail","source_id":"osm-way-40800280","dataset":"OpenStreetMap former/disused railway extract","publisher":"OpenStreetMap contributors","effective_date":"2026-09-07T10:02:26Z","licence":"ODbL-1.0"},"geometry":{"type":"LineString","coordinates":[[-3.0010018,51.5881656],[-3.0008507,51.5882535],[-3.0006274,51.5883835],[-3.0002782,51.5886267],[-3.0001481,51.5886825],[-2.9999997,51.5887624],[-2.9997141,51.5889132],[-2.9987444,51.5894406]]}},{"type":"Feature","properties":{"name":"Godfrey Road Stabling Yard","name:cy":"Iard Stablau Heol Godfrey","railway":"razed","razed:railway":"rail","service":"yard","source_id":"osm-way-40800299","dataset":"OpenStreetMap former/disused railway extract","publisher":"OpenStreetMap contributors","effective_date":"2026-09-07T10:02:26Z","licence":"ODbL-1.0"},"geometry":{"type":"LineString","coordinates":[[-3.0024553,51.5882302],[-3.0020083,51.5883081],[-3.0018637,51.5883476],[-3.0017488,51.588389],[-3.0016984,51.5884146],[-3.0013208,51.5887026]]}},{"type":"Feature","properties":{"abandoned:railway":"rail","electrified":"no","gauge":"1435","railway":"abandoned","service":"spur","usage":"industrial","source_id":"osm-way-40944899","dataset":"OpenStreetMap former/disused railway extract","publisher":"OpenStreetMap contributors","effective_date":"2026-09-07T10:02:26Z","licence":"ODbL-1.0"},"geometry":{"type":"LineString","coordinates":[[-2.9618454,51.5596445],[-2.9618205,51.5598468],[-2.9617228,51.5609225],[-2.9617168,51.5610172],[-2.961719,51.5610709],[-2.9617268,51.5611269],[-2.9617387,51.5611749],[-2.9617581,51.5612323],[-2.961815,51.561383],[-2.9618517,51.5614731],[-2.9619425,51.5616698],[-2.9619689,51.5617265],[-2.9619974,51.561777],[-2.9620285,51.5618175],[-2.9620693,51.5618584],[-2.962124,51.5619103],[-2.9622012,51.5619807],[-2.9624683,51.5621997],[-2.9625637,51.562272],[-2.9627653,51.5624315]]}},{"type":"Feature","properties":{"railway":"razed","razed:railway":"rail","service":"spur","source_id":"osm-way-41797848","dataset":"OpenStreetMap former/disused railway extract","publisher":"OpenStreetMap contributors","effective_date":"2026-09-07T10:02:26Z","licence":"ODbL-1.0"},"geometry":{"type":"LineString","coordinates":[[-2.9402946,51.5818806],[-2.9391057,51.5817031]]}},{"type":"Feature","properties":{"abandoned:railway":"rail","name":"Newport Monmouthshire Loop","railway":"abandoned","ref":"NML","source_id":"osm-way-41810514","dataset":"OpenStreetMap former/disused railway extract","publisher":"OpenStreetMap contributors","effective_date":"2026-09-07T10:02:26Z","licence":"ODbL-1.0"},"geometry":{"type":"LineString","coordinates":[[-3.0075471,51.5755104],[-3.0072173,51.5755814]]}},{"type":"Feature","properties":{"name":"Newport Monmouthshire Loop","railway":"razed","razed:railway":"rail","ref":"NML","source":"OS 1:25k","source_id":"osm-way-41810516","dataset":"OpenStreetMap former/disused railway extract","publisher":"OpenStreetMap contributors","effective_date":"2026-09-07T10:02:26Z","licence":"ODbL-1.0"},"geometry":{"type":"LineString","coordinates":[[-3.0068792,51.5756577],[-3.0060507,51.5759054],[-3.0052911,51.5760427],[-3.0049667,51.5760798],[-3.0045025,51.5760808],[-3.0039747,51.5760381],[-3.0033245,51.5759601],[-3.0024673,51.5756774],[-3.0013922,51.5750252],[-3.000466,51.5743491],[-2.9983081,51.5724244],[-2.9971487,51.5712949]]}},{"type":"Feature","properties":{"name":"Park Mile to Alexandra Docks","railway":"razed","razed:railway":"rail","service":"spur","source_id":"osm-way-42040457","dataset":"OpenStreetMap former/disused railway extract","publisher":"OpenStreetMap contributors","effective_date":"2026-09-07T10:02:26Z","licence":"ODbL-1.0"},"geometry":{"type":"LineString","coordinates":[[-3.007996,51.5714549],[-3.0092805,51.5713455],[-3.009716,51.5713293],[-3.0098973,51.5713226],[-3.0105572,51.5713041],[-3.0114982,51.5713455],[-3.0123693,51.5713935],[-3.0130345,51.5714502],[-3.0135725,51.5714625],[-3.0140875,51.5713932],[-3.0178521,51.5708462],[-3.0187996,51.5706833]]}},{"type":"Feature","properties":{"bridge":"yes","layer":"1","name":"Park Mile to Alexandra Docks","railway":"razed","razed:railway":"rail","service":"spur","source_id":"osm-way-42040458","dataset":"OpenStreetMap former/disused railway extract","publisher":"OpenStreetMap contributors","effective_date":"2026-09-07T10:02:26Z","licence":"ODbL-1.0"},"geometry":{"type":"LineString","coordinates":[[-3.0069569,51.5715771],[-3.007996,51.5714549]]}},{"type":"Feature","properties":{"abandoned:railway":"rail","bridge":"yes","bridge:name":"Locksbrook Railway Bridge","bridge:ref":"204","layer":"1","name":"Mangotsfield and Bath Branch Line","railway":"abandoned","ref":"MBL","source_id":"osm-way-42112423","dataset":"OpenStreetMap former/disused railway extract","publisher":"OpenStreetMap contributors","effective_date":"2026-09-07T10:02:26Z","licence":"ODbL-1.0"},"geometry":{"type":"LineString","coordinates":[[-2.3833291,51.3831601],[-2.3824179,51.3830269]]}},{"type":"Feature","properties":{"disused:railway":"rail","electrified":"no","gauge":"1435","name":"RAF Caerwent","railway":"disused","service":"yard","usage":"military","source_id":"osm-way-42446123","dataset":"OpenStreetMap former/disused railway extract","publisher":"OpenStreetMap contributors","effective_date":"2026-09-07T10:02:26Z","licence":"ODbL-1.0"},"geometry":{"type":"LineString","coordinates":[[-2.7506781,51.6112957],[-2.7502587,51.6110824],[-2.7498709,51.6109333],[-2.7496538,51.6108672],[-2.7494001,51.610792],[-2.747999,51.6105187],[-2.746828,51.610294],[-2.7465325,51.6102236],[-2.746362,51.6101786],[-2.7459649,51.6100423],[-2.7456241,51.6098937],[-2.7453049,51.6097268]]}},{"type":"Feature","properties":{"disused:railway":"rail","electrified":"no","gauge":"1435","name":"RAF Caerwent","railway":"disused","service":"yard","usage":"military","source_id":"osm-way-42446137","dataset":"OpenStreetMap former/disused railway extract","publisher":"OpenStreetMap contributors","effective_date":"2026-09-07T10:02:26Z","licence":"ODbL-1.0"},"geometry":{"type":"LineString","coordinates":[[-2.7611248,51.6166559],[-2.7607501,51.6166258],[-2.7604457,51.6165898],[-2.7599029,51.6165117],[-2.7596702,51.6164848],[-2.7592943,51.6163936],[-2.7590025,51.6163083],[-2.7585733,51.6161644],[-2.7582472,51.6160098],[-2.7578695,51.6158073],[-2.7573889,51.6155675],[-2.7571314,51.6154716],[-2.7565134,51.615333],[-2.7546944,51.614992],[-2.7530802,51.6146615],[-2.7526339,51.6145602],[-2.7521961,51.614363],[-2.7516811,51.6141285],[-2.7510288,51.613862],[-2.7506855,51.6137341],[-2.7502134,51.6136275],[-2.7495869,51.6135742],[-2.7491491,51.6135902],[-2.7484625,51.6137234],[-2.7475982,51.6140839],[-2.7474153,51.6141605],[-2.7456695,51.6149524],[-2.7445486,51.6154609],[-2.7441194,51.6156261],[-2.743784,51.6157222]]}},{"type":"Feature","properties":{"bicycle":"designated","foot":"designated","highway":"cycleway","name":"Bristol & Bath Railway Path","railway":"abandoned","segregated":"no","smoothness":"excellent","surface":"asphalt","source_id":"osm-way-42558876","dataset":"OpenStreetMap former/disused railway extract","publisher":"OpenStreetMap contributors","effective_date":"2026-09-07T10:02:26Z","licence":"ODbL-1.0"},"geometry":{"type":"LineString","coordinates":[[-2.4897659,51.477171],[-2.4895449,51.4771194],[-2.4888445,51.4768946],[-2.4870701,51.4763249],[-2.4863788,51.4761379],[-2.4862765,51.4761114],[-2.4859854,51.4760643],[-2.4857996,51.4760342],[-2.4850701,51.4759397]]}},{"type":"Feature","properties":{"abandoned:railway":"rail","name":"Rogerstone Sidings","railway":"abandoned","service":"siding","source_id":"osm-way-44352111","dataset":"OpenStreetMap former/disused railway extract","publisher":"OpenStreetMap contributors","effective_date":"2026-09-07T10:02:26Z","licence":"ODbL-1.0"},"geometry":{"type":"LineString","coordinates":[[-3.0485765,51.5843571],[-3.0496467,51.5846448],[-3.0508108,51.5849994],[-3.0519513,51.5855208],[-3.0561999,51.5876619],[-3.0576547,51.5884732],[-3.0593552,51.5896277],[-3.0604067,51.5902981]]}},{"type":"Feature","properties":{"abandoned:railway":"rail","bridge":"viaduct","layer":"1","name":"Somerset and Dorset Line","railway":"abandoned","ref":"SAD","source_id":"osm-way-49771228","dataset":"OpenStreetMap former/disused railway extract","publisher":"OpenStreetMap contributors","effective_date":"2026-09-07T10:02:26Z","licence":"ODbL-1.0"},"geometry":{"type":"LineString","coordinates":[[-2.3685945,51.3232631],[-2.3678677,51.3232971]]}},{"type":"Feature","properties":{"access":"private","highway":"track","old_name":"Somerset and Dorset Joint Railway","old_ref":"SAD","railway":"abandoned","tracktype":"grade1","wikidata":"Q7559923","wikipedia":"en:Somerset and Dorset Joint Railway","source_id":"osm-way-49772045","dataset":"OpenStreetMap former/disused railway extract","publisher":"OpenStreetMap contributors","effective_date":"2026-09-07T10:02:26Z","licence":"ODbL-1.0"},"geometry":{"type":"LineString","coordinates":[[-2.3648711,51.3234324],[-2.3678677,51.3232971]]}},{"type":"Feature","properties":{"abandoned:railway":"rail","name":"Hall's Tramroad","name:cy":"Ffordd Dramiau Hall","railway":"abandoned","ref":"HRD2","source_id":"osm-way-56658869","dataset":"OpenStreetMap former/disused railway extract","publisher":"OpenStreetMap contributors","effective_date":"2026-09-07T10:02:26Z","licence":"ODbL-1.0"},"geometry":{"type":"LineString","coordinates":[[-3.1164377,51.6182903],[-3.1176595,51.6186235],[-3.1196116,51.618986],[-3.1213647,51.619365],[-3.1227273,51.6197231],[-3.1238349,51.620038],[-3.1243041,51.6202186],[-3.1248139,51.6205189],[-3.1251753,51.6208855],[-3.1259049,51.6220712],[-3.126892,51.6238829],[-3.1270222,51.6241457],[-3.1280721,51.6262674],[-3.1286198,51.6272993],[-3.1290594,51.6283573],[-3.1291333,51.6285041]]}},{"type":"Feature","properties":{"name":"Weston-super-Mare Miniature Railway","railway":"razed","razed:railway":"miniature","razed:usage":"tourism","source_id":"osm-way-58209361","dataset":"OpenStreetMap former/disused railway extract","publisher":"OpenStreetMap contributors","effective_date":"2026-09-07T10:02:26Z","licence":"ODbL-1.0"},"geometry":{"type":"LineString","coordinates":[[-2.9832476,51.3361075],[-2.9832293,51.3360438],[-2.9831917,51.3360028],[-2.9831542,51.3359759],[-2.9830898,51.3359475],[-2.9828537,51.3358863],[-2.9828001,51.3358695],[-2.9827532,51.3358469],[-2.9827076,51.3358109],[-2.9826826,51.3357727],[-2.9826665,51.3357241],[-2.9826584,51.3356419],[-2.9826477,51.3355816],[-2.9826032,51.3355057],[-2.9825635,51.3354594],[-2.9825595,51.3354233],[-2.9826929,51.3348667],[-2.9827433,51.3347913],[-2.9828254,51.3347402],[-2.9828883,51.334717],[-2.9829516,51.3347101],[-2.983096,51.3347117],[-2.9831899,51.334707],[-2.9832729,51.3346891],[-2.983376,51.3346888],[-2.9834591,51.3347063],[-2.9835682,51.3347663],[-2.9836207,51.334837],[-2.9836353,51.3349217],[-2.9835768,51.3350902],[-2.98348,51.3353383],[-2.9833862,51.3354925],[-2.9832673,51.3357215],[-2.9832491,51.3357655],[-2.9832498,51.3358105],[-2.9832712,51.3358998],[-2.9832936,51.3359849],[-2.9832816,51.3360301],[-2.9832476,51.3361075],[-2.9827689,51.3373532],[-2.9826477,51.3376796],[-2.9826081,51.3377415],[-2.9825496,51.3377864],[-2.9824819,51.3378159],[-2.9823984,51.3378342],[-2.9823205,51.3378377],[-2.9822385,51.3378281],[-2.9821583,51.3378033],[-2.9820971,51.3377688],[-2.9820538,51.3377276],[-2.9820303,51.3376867],[-2.9820219,51.3376345],[-2.9820358,51.3375829],[-2.9820665,51.3375398],[-2.9821049,51.3375077],[-2.9821681,51.3374747],[-2.9822521,51.3374513],[-2.9823207,51.3374443],[-2.9823902,51.337445],[-2.9824707,51.33745],[-2.982527,51.3374483],[-2.9826048,51.33744],[-2.9826745,51.3374249],[-2.9827228,51.3374014],[-2.9827689,51.3373532]]}},{"type":"Feature","properties":{"abandoned:railway":"rail","bicycle":"designated","designation":"public_footpath","foot":"designated","highway":"bridleway","historic:railway":"rail","name":"Bristol and Gloucestershire Railway","prow_ref":"LPU 36","railway":"abandoned","surface":"dirt","wikidata":"Q16985307","wikipedia":"en:Bristol and Gloucestershire Railway","source_id":"osm-way-58561830","dataset":"OpenStreetMap former/disused railway extract","publisher":"OpenStreetMap contributors","effective_date":"2026-09-07T10:02:26Z","licence":"ODbL-1.0"},"geometry":{"type":"LineString","coordinates":[[-2.4618628,51.4916277],[-2.4596824,51.4926945],[-2.4585324,51.4933088]]}},{"type":"Feature","properties":{"bridge":"yes","highway":"cycleway","layer":"1","name":"Bristol & Bath Railway Path","railway":"abandoned","surface":"asphalt","source_id":"osm-way-60844176","dataset":"OpenStreetMap former/disused railway extract","publisher":"OpenStreetMap contributors","effective_date":"2026-09-07T10:02:26Z","licence":"ODbL-1.0"},"geometry":{"type":"LineString","coordinates":[[-2.4899761,51.4772335],[-2.4897659,51.477171]]}},{"type":"Feature","properties":{"abandoned:railway":"rail","name":"Frome and North Somerset Line","railway":"abandoned","ref":"FNS2","source_id":"osm-way-67051974","dataset":"OpenStreetMap former/disused railway extract","publisher":"OpenStreetMap contributors","effective_date":"2026-09-07T10:02:26Z","licence":"ODbL-1.0"},"geometry":{"type":"LineString","coordinates":[[-2.5558267,51.4061339],[-2.5557702,51.4065126],[-2.5558542,51.4071029],[-2.556406,51.4086971]]}},{"type":"Feature","properties":{"abandoned:railway":"rail","embankment":"yes","name":"Wye Valley Railway","railway":"abandoned","ref":"WYE","source":"OS 1:25k","source_id":"osm-way-72503339","dataset":"OpenStreetMap former/disused railway extract","publisher":"OpenStreetMap contributors","effective_date":"2026-09-07T10:02:26Z","licence":"ODbL-1.0"},"geometry":{"type":"LineString","coordinates":[[-2.650373,51.6501465],[-2.6507627,51.6498878],[-2.65104,51.6497517],[-2.6513605,51.6496083],[-2.6515768,51.6495064],[-2.6520852,51.6493067],[-2.6529382,51.6490038],[-2.654223,51.6485128],[-2.6558028,51.6478954],[-2.6570483,51.6474062],[-2.6583749,51.64686]]}},{"type":"Feature","properties":{"abandoned:railway":"rail","name":"Hallatrow & Camerton Branch","railway":"abandoned","ref":"CMZ","source":"NPE","source_id":"osm-way-74550445","dataset":"OpenStreetMap former/disused railway extract","publisher":"OpenStreetMap contributors","effective_date":"2026-09-07T10:02:26Z","licence":"ODbL-1.0"},"geometry":{"type":"LineString","coordinates":[[-2.5268234,51.3157093],[-2.5265317,51.3158439],[-2.5260966,51.3159709],[-2.5253086,51.3160786],[-2.5246005,51.3161121],[-2.5240318,51.3160719],[-2.5232916,51.3159914],[-2.5220256,51.315864],[-2.5214569,51.3157768]]}},{"type":"Feature","properties":{"abandoned:railway":"rail","name":"Hallatrow & Camerton Branch","railway":"abandoned","ref":"CMZ","source":"NPE","source_id":"osm-way-74550583","dataset":"OpenStreetMap former/disused railway extract","publisher":"OpenStreetMap contributors","effective_date":"2026-09-07T10:02:26Z","licence":"ODbL-1.0"},"geometry":{"type":"LineString","coordinates":[[-2.5175302,51.3139126],[-2.5169723,51.3136309],[-2.5162105,51.3133492],[-2.5153837,51.3131462],[-2.514829,51.3130656],[-2.5141399,51.3130072],[-2.5139741,51.3129986],[-2.5137315,51.3129953],[-2.5131971,51.3130019],[-2.5121495,51.3131059],[-2.5101888,51.3133581],[-2.5088191,51.3135284],[-2.5070261,51.3137572],[-2.505575,51.3139768],[-2.5040998,51.3143339],[-2.5035875,51.3144898],[-2.5024931,51.314862],[-2.5018816,51.3151269],[-2.5003822,51.3158763],[-2.4993791,51.3163826],[-2.4978234,51.3171101],[-2.4975331,51.3172625],[-2.4971239,51.3174197],[-2.4959008,51.317708],[-2.4953322,51.317755],[-2.4944095,51.3178086],[-2.4933259,51.3177282],[-2.4910943,51.3172722],[-2.4900643,51.3170375],[-2.4892275,51.3169838],[-2.4885087,51.3169838],[-2.487189,51.317118],[-2.4858265,51.3174935],[-2.4829638,51.3183062],[-2.4825749,51.3184138],[-2.4823825,51.3184524],[-2.4818467,51.3185295],[-2.481433,51.3185531],[-2.480893,51.3185651],[-2.4804028,51.3185511],[-2.47928,51.3184335],[-2.4788418,51.3184048],[-2.4785595,51.3183957],[-2.4782231,51.3184069],[-2.4778657,51.3184457],[-2.4766169,51.3186833],[-2.4753952,51.3190015],[-2.474518,51.3191792],[-2.4742356,51.3192071],[-2.4739993,51.3192177],[-2.4735936,51.3192485],[-2.4732739,51.3192355],[-2.4728949,51.319197],[-2.472479,51.3191392],[-2.471946,51.3190295],[-2.4715001,51.3189146],[-2.4709895,51.3187899],[-2.4708705,51.3187608],[-2.4704661,51.3186588],[-2.4702026,51.3186183]]}},{"type":"Feature","properties":{"abandoned:railway":"rail","name":"Hallatrow & Camerton","railway":"abandoned","ref":"CMZ","source":"NPE","source_id":"osm-way-74551009","dataset":"OpenStreetMap former/disused railway extract","publisher":"OpenStreetMap contributors","effective_date":"2026-09-07T10:02:26Z","licence":"ODbL-1.0"},"geometry":{"type":"LineString","coordinates":[[-2.4674211,51.3186417],[-2.4665731,51.3188945],[-2.4653451,51.3192302],[-2.4642556,51.3194309],[-2.4630732,51.3196404],[-2.4626736,51.3196794],[-2.4622347,51.319663],[-2.4617724,51.3196258],[-2.4616354,51.3196066],[-2.4612467,51.319552],[-2.4594849,51.3192513],[-2.4593611,51.3192302]]}},{"type":"Feature","properties":{"abandoned:railway":"rail","name":"Camerton & Limpley Stoke Railway","railway":"abandoned","ref":"CMZ","source":"NPE","source_id":"osm-way-74551418","dataset":"OpenStreetMap former/disused railway extract","publisher":"OpenStreetMap contributors","effective_date":"2026-09-07T10:02:26Z","licence":"ODbL-1.0"},"geometry":{"type":"LineString","coordinates":[[-2.4537019,51.3192573],[-2.4531142,51.3194649],[-2.452267,51.3197721]]}},{"type":"Feature","properties":{"abandoned:railway":"rail","name":"Camerton & Limpley Stoke Railway","railway":"abandoned","ref":"CMZ","source":"NPE","source_id":"osm-way-74551895","dataset":"OpenStreetMap former/disused railway extract","publisher":"OpenStreetMap contributors","effective_date":"2026-09-07T10:02:26Z","licence":"ODbL-1.0"},"geometry":{"type":"LineString","coordinates":[[-2.4504204,51.3206878],[-2.4499921,51.3208998],[-2.4488798,51.3214337],[-2.447948,51.3218474],[-2.446639,51.3222296],[-2.4456413,51.3224844],[-2.4442951,51.3229247],[-2.4431257,51.3232063],[-2.4423425,51.3235013],[-2.4418168,51.323803],[-2.4413018,51.3241985],[-2.4408619,51.3246075],[-2.4404757,51.3248958],[-2.4396397,51.3253508],[-2.4384062,51.3256429],[-2.438094,51.3256898],[-2.4375145,51.3256936],[-2.4364953,51.3258411],[-2.4356477,51.3260155],[-2.4346928,51.326297],[-2.4340062,51.326639],[-2.4332981,51.3270881],[-2.4325256,51.3277384],[-2.4320857,51.3282479],[-2.4314098,51.3289434],[-2.4309485,51.3294278],[-2.4303047,51.3299239],[-2.4294563,51.3303177],[-2.4290166,51.3305015],[-2.4280195,51.330782],[-2.4260015,51.3314182],[-2.4252836,51.3318344],[-2.4243073,51.3325785],[-2.4232773,51.333088],[-2.422301,51.3333829],[-2.4210136,51.3336242],[-2.4194042,51.3337985],[-2.4169151,51.3340063],[-2.4153487,51.3340868],[-2.4141353,51.3341622],[-2.4132995,51.3342141],[-2.4111752,51.334375],[-2.4101453,51.3343281],[-2.4094251,51.3341659]]}},{"type":"Feature","properties":{"abandoned:railway":"rail","name":"Camerton & Limpleystoke","railway":"abandoned","ref":"CMZ","source_id":"osm-way-74763187","dataset":"OpenStreetMap former/disused railway extract","publisher":"OpenStreetMap contributors","effective_date":"2026-09-07T10:02:26Z","licence":"ODbL-1.0"},"geometry":{"type":"LineString","coordinates":[[-2.3715174,51.3413544],[-2.371158,51.3417666],[-2.3708668,51.3420568],[-2.370407,51.3422893],[-2.3699993,51.3424234],[-2.369495,51.3425909],[-2.3691204,51.3426579],[-2.368768,51.3427023],[-2.3683361,51.3427167],[-2.3678962,51.3426936],[-2.3673587,51.3426057],[-2.3669295,51.3425118],[-2.3667839,51.3424804]]}},{"type":"Feature","properties":{"abandoned:railway":"rail","railway":"abandoned","ref":"CMZ","source":"NPE","source_id":"osm-way-74763376","dataset":"OpenStreetMap former/disused railway extract","publisher":"OpenStreetMap contributors","effective_date":"2026-09-07T10:02:26Z","licence":"ODbL-1.0"},"geometry":{"type":"LineString","coordinates":[[-2.3287354,51.3546264],[-2.3294328,51.3544441],[-2.3298334,51.354299],[-2.3303638,51.3539888],[-2.3321144,51.3528584],[-2.3331518,51.3522512],[-2.3337834,51.3519389]]}},{"type":"Feature","properties":{"abandoned:railway":"rail","railway":"razed","ref":"CMZ","source":"NPE","source_id":"osm-way-74763475","dataset":"OpenStreetMap former/disused railway extract","publisher":"OpenStreetMap contributors","effective_date":"2026-09-07T10:02:26Z","licence":"ODbL-1.0"},"geometry":{"type":"LineString","coordinates":[[-2.3137197,51.3570233],[-2.313648,51.3569749],[-2.3133368,51.3567484],[-2.3130684,51.3565151],[-2.3127972,51.3562171],[-2.3125834,51.3557993],[-2.3124871,51.3553745]]}},{"type":"Feature","properties":{"abandoned:railway":"rail","name":"Greyfield Colliery Railway","railway":"abandoned","ref":"GCZ","source":"NPE","source_id":"osm-way-74764916","dataset":"OpenStreetMap former/disused railway extract","publisher":"OpenStreetMap contributors","effective_date":"2026-09-07T10:02:26Z","licence":"ODbL-1.0"},"geometry":{"type":"LineString","coordinates":[[-2.5371665,51.3316814],[-2.5369144,51.3311984],[-2.5368447,51.3310915],[-2.5367718,51.3310006],[-2.5366507,51.3309031],[-2.5364584,51.3307831],[-2.5362281,51.3306713],[-2.5359649,51.330582],[-2.535826,51.3305555],[-2.5353641,51.3304747],[-2.5350696,51.3304432],[-2.5348625,51.3304144],[-2.528562,51.3297641],[-2.5276608,51.3296703],[-2.5268883,51.3296971],[-2.5261588,51.3298446],[-2.5255365,51.3300591],[-2.5249142,51.3303675],[-2.5242919,51.3307027],[-2.5237126,51.3309574],[-2.523262,51.3311049],[-2.5228114,51.3311585],[-2.5223608,51.3311317],[-2.5219316,51.3310647],[-2.5214595,51.3309708],[-2.5209875,51.3308367],[-2.5206441,51.330649],[-2.5202579,51.3303273],[-2.519979,51.3298982],[-2.5197215,51.3294155],[-2.5195283,51.3290401],[-2.5193903,51.3288903],[-2.5191206,51.3285977]]}},{"type":"Feature","properties":{"abandoned:railway":"rail","alt_name":"Clutton Branch","name":"Fry's Bottom Colliery Line","railway":"abandoned","ref":"CBZ","source":"NPE","source_id":"osm-way-74766757","dataset":"OpenStreetMap former/disused railway extract","publisher":"OpenStreetMap contributors","effective_date":"2026-09-07T10:02:26Z","licence":"ODbL-1.0"},"geometry":{"type":"LineString","coordinates":[[-2.5379819,51.3384112],[-2.537703,51.3387061],[-2.5373382,51.3389474],[-2.5369305,51.339068],[-2.5363082,51.3390948],[-2.5357289,51.3390948],[-2.5352139,51.3391351],[-2.5346989,51.3392557],[-2.5342912,51.339497],[-2.5339479,51.3398991],[-2.5335617,51.3403817],[-2.5331969,51.3409179],[-2.5328536,51.3415479]]}},{"type":"Feature","properties":{"abandoned:railway":"rail","name":"Somerset Coal Canal Tramway","railway":"abandoned","source_id":"osm-way-74958072","dataset":"OpenStreetMap former/disused railway extract","publisher":"OpenStreetMap contributors","effective_date":"2026-09-07T10:02:26Z","licence":"ODbL-1.0"},"geometry":{"type":"LineString","coordinates":[[-2.3702071,51.3257814],[-2.3698208,51.3255802],[-2.3695204,51.3254059],[-2.3692844,51.3251645],[-2.3688123,51.3246818],[-2.3683402,51.3242259],[-2.3678467,51.323837],[-2.3673103,51.3235018]]}},{"type":"Feature","properties":{"abandoned:railway":"rail","name":"Somerset Coal Canal Tramway","railway":"abandoned","source_id":"osm-way-74958701","dataset":"OpenStreetMap former/disused railway extract","publisher":"OpenStreetMap contributors","effective_date":"2026-09-07T10:02:26Z","licence":"ODbL-1.0"},"geometry":{"type":"LineString","coordinates":[[-2.379112,51.3195325],[-2.3795197,51.3197739],[-2.3798201,51.3199214],[-2.3799274,51.3200957],[-2.3797772,51.32027],[-2.3795197,51.3203505]]}},{"type":"Feature","properties":{"name":"Somerset Coal Canal Tramway","railway":"razed","razed:railway":"rail","source":"NPE","source_id":"osm-way-74959507","dataset":"OpenStreetMap former/disused railway extract","publisher":"OpenStreetMap contributors","effective_date":"2026-09-07T10:02:26Z","licence":"ODbL-1.0"},"geometry":{"type":"LineString","coordinates":[[-2.387223,51.3142886],[-2.3878453,51.3142752],[-2.3884461,51.3143155],[-2.3891971,51.3144764],[-2.389476,51.314463],[-2.3896048,51.3143423],[-2.3895833,51.3141411],[-2.3894117,51.3139802],[-2.3891971,51.3138997],[-2.3886392,51.3135376],[-2.3882315,51.3133498],[-2.3880169,51.3132023],[-2.3874279,51.3128158]]}},{"type":"Feature","properties":{"abandoned:railway":"rail","name":"Bromley Colliery Tramway","railway":"abandoned","source":"NPE","source_id":"osm-way-75662258","dataset":"OpenStreetMap former/disused railway extract","publisher":"OpenStreetMap contributors","effective_date":"2026-09-07T10:02:26Z","licence":"ODbL-1.0"},"geometry":{"type":"LineString","coordinates":[[-2.5664466,51.3536029],[-2.5534938,51.3611439]]}},{"type":"Feature","properties":{"name":"Pensford Colliery Incline","railway":"razed","razed:railway":"rail","source":"NPE","source_id":"osm-way-75662285","dataset":"OpenStreetMap former/disused railway extract","publisher":"OpenStreetMap contributors","effective_date":"2026-09-07T10:02:26Z","licence":"ODbL-1.0"},"geometry":{"type":"LineString","coordinates":[[-2.5492113,51.3636426],[-2.5489309,51.3606554]]}},{"type":"Feature","properties":{"abandoned:railway":"rail","bridge":"yes","layer":"1","name":"Camerton & Limpley Stoke Railway","railway":"abandoned","ref":"CMZ","source":"NPE","source_id":"osm-way-76504718","dataset":"OpenStreetMap former/disused railway extract","publisher":"OpenStreetMap contributors","effective_date":"2026-09-07T10:02:26Z","licence":"ODbL-1.0"},"geometry":{"type":"LineString","coordinates":[[-2.4506174,51.3205902],[-2.4504204,51.3206878]]}},{"type":"Feature","properties":{"abandoned:railway":"rail","name":"Camerton & Limpley Stoke Railway","railway":"abandoned","ref":"CMZ","source":"NPE","source_id":"osm-way-76504768","dataset":"OpenStreetMap former/disused railway extract","publisher":"OpenStreetMap contributors","effective_date":"2026-09-07T10:02:26Z","licence":"ODbL-1.0"},"geometry":{"type":"LineString","coordinates":[[-2.4511202,51.3203559],[-2.4508183,51.3204908],[-2.4506174,51.3205902]]}},{"type":"Feature","properties":{"abandoned:railway":"rail","name":"Somerset and Dorset Line","railway":"abandoned","ref":"SAD","source":"NPE","source_id":"osm-way-77204684","dataset":"OpenStreetMap former/disused railway extract","publisher":"OpenStreetMap contributors","effective_date":"2026-09-07T10:02:26Z","licence":"ODbL-1.0"},"geometry":{"type":"LineString","coordinates":[[-2.3685945,51.3232631],[-2.3694363,51.3232229],[-2.3703805,51.3231625],[-2.3713031,51.3230485],[-2.3719898,51.3229211],[-2.3724189,51.3228139],[-2.3731986,51.3225869]]}},{"type":"Feature","properties":{"abandoned:railway":"rail","name":"Somerset and Dorset Line","railway":"abandoned","ref":"SAD","source":"NPE","source_id":"osm-way-77205143","dataset":"OpenStreetMap former/disused railway extract","publisher":"OpenStreetMap contributors","effective_date":"2026-09-07T10:02:26Z","licence":"ODbL-1.0"},"geometry":{"type":"LineString","coordinates":[[-2.3819393,51.3175828],[-2.3825831,51.3173548],[-2.3837203,51.3169122],[-2.3843641,51.3166306],[-2.3850078,51.316255],[-2.3855871,51.3158795],[-2.3860807,51.3153565],[-2.3865957,51.3147261],[-2.3869175,51.3141091],[-2.3871106,51.3136263],[-2.3872394,51.3129959],[-2.3872823,51.312446],[-2.3873896,51.3119497],[-2.3875398,51.3115608],[-2.3878402,51.3110108],[-2.3881835,51.3105145],[-2.3884625,51.3101926],[-2.3893208,51.3093878],[-2.3901791,51.3088245],[-2.3910374,51.3084489],[-2.392031,51.3080887],[-2.3928199,51.3078607],[-2.3935623,51.307746],[-2.3945574,51.3076186],[-2.3952216,51.3075233],[-2.3956678,51.307461],[-2.3957832,51.3074308],[-2.3965422,51.3072229],[-2.3974032,51.3069613],[-2.3980755,51.3067453],[-2.3988972,51.306309],[-2.3998762,51.3057439],[-2.4004904,51.3052744],[-2.4023036,51.3039648]]}},{"type":"Feature","properties":{"abandoned:railway":"rail","name":"Somerset and Dorset Line","railway":"abandoned","ref":"SAD","source_id":"osm-way-77206838","dataset":"OpenStreetMap former/disused railway extract","publisher":"OpenStreetMap contributors","effective_date":"2026-09-07T10:02:26Z","licence":"ODbL-1.0"},"geometry":{"type":"LineString","coordinates":[[-2.4023769,51.3038999],[-2.4029044,51.303502],[-2.4032907,51.3032756],[-2.4039371,51.3029419],[-2.4047042,51.3026233],[-2.4055482,51.3022884],[-2.4061465,51.3021192],[-2.4067775,51.302022],[-2.407535,51.3018829],[-2.4083009,51.3017739],[-2.4089791,51.3017858],[-2.4099424,51.3017424],[-2.4109217,51.3016172],[-2.4117872,51.3014518],[-2.4121376,51.3013513],[-2.4127891,51.3011677],[-2.4134223,51.3009818],[-2.4141564,51.3007411],[-2.4143881,51.300659],[-2.4150495,51.3003677],[-2.4154186,51.3001738],[-2.4177806,51.2987606],[-2.4191703,51.2981568]]}},{"type":"Feature","properties":{"abandoned:railway":"rail","name":"Somerset Coal Canal Tramway","railway":"abandoned","source_id":"osm-way-77207040","dataset":"OpenStreetMap former/disused railway extract","publisher":"OpenStreetMap contributors","effective_date":"2026-09-07T10:02:26Z","licence":"ODbL-1.0"},"geometry":{"type":"LineString","coordinates":[[-2.4108225,51.3022458],[-2.4105424,51.3023452],[-2.4102206,51.3025062],[-2.4098987,51.3025867],[-2.4095768,51.3025733],[-2.4094368,51.3025208],[-2.4093259,51.3024525],[-2.4092335,51.3023452],[-2.4091691,51.3022245],[-2.4090618,51.3020769],[-2.4088258,51.3019427],[-2.4084595,51.3018546]]}},{"type":"Feature","properties":{"abandoned:railway":"rail","name":"Somerset Coal Canal Tramway","railway":"abandoned","source_id":"osm-way-77207134","dataset":"OpenStreetMap former/disused railway extract","publisher":"OpenStreetMap contributors","effective_date":"2026-09-07T10:02:26Z","licence":"ODbL-1.0"},"geometry":{"type":"LineString","coordinates":[[-2.4076456,51.3017281],[-2.406959,51.3016744],[-2.4066749,51.3016971],[-2.4064655,51.3017549],[-2.4061007,51.301983],[-2.4059505,51.3020903]]}},{"type":"Feature","properties":{"abandoned:railway":"rail","name":"Braysdown Colliery Inclined Plane","railway":"abandoned","service":"spur","source":"NPE","source_id":"osm-way-77208027","dataset":"OpenStreetMap former/disused railway extract","publisher":"OpenStreetMap contributors","effective_date":"2026-09-07T10:02:26Z","licence":"ODbL-1.0"},"geometry":{"type":"LineString","coordinates":[[-2.4247903,51.2973812],[-2.4248452,51.2975432],[-2.4261636,51.3014329],[-2.4263567,51.3023318]]}},{"type":"Feature","properties":{"abandoned:railway":"rail","name":"Foxcote Colliery - Turners Tower Tramway","railway":"abandoned","service":"spur","source":"NPE","source_id":"osm-way-77209879","dataset":"OpenStreetMap former/disused railway extract","publisher":"OpenStreetMap contributors","effective_date":"2026-09-07T10:02:26Z","licence":"ODbL-1.0"},"geometry":{"type":"LineString","coordinates":[[-2.4251839,51.2956991],[-2.4246797,51.2956622],[-2.4242988,51.2957293],[-2.4236531,51.2957577],[-2.420649,51.2958919],[-2.4187607,51.2965091],[-2.4165935,51.2948587],[-2.4152631,51.2952478],[-2.4137182,51.2946843],[-2.4122161,51.2933425],[-2.4106497,51.2904709],[-2.4090404,51.288203],[-2.4067031,51.2855704],[-2.4032254,51.2829724]]}},{"type":"Feature","properties":{"abandoned:railway":"rail","description":"inclined plane","railway":"abandoned","service":"spur","source":"NPE","source_id":"osm-way-77210506","dataset":"OpenStreetMap former/disused railway extract","publisher":"OpenStreetMap contributors","effective_date":"2026-09-07T10:02:26Z","licence":"ODbL-1.0"},"geometry":{"type":"LineString","coordinates":[[-2.4391884,51.2866329],[-2.4362434,51.2880775],[-2.43589,51.288224]]}},{"type":"Feature","properties":{"abandoned:railway":"rail","name":"GWR to Writhlington Tramway","railway":"abandoned","service":"spur","source":"NPE","source_id":"osm-way-77210925","dataset":"OpenStreetMap former/disused railway extract","publisher":"OpenStreetMap contributors","effective_date":"2026-09-07T10:02:26Z","licence":"ODbL-1.0"},"geometry":{"type":"LineString","coordinates":[[-2.43589,51.288224],[-2.4355906,51.2883359],[-2.431712,51.2893293],[-2.4316472,51.2893615],[-2.4315054,51.289506],[-2.4314636,51.2895986],[-2.4314894,51.2897909],[-2.4320859,51.2942415],[-2.4317211,51.2943086],[-2.4274081,51.294161],[-2.4267859,51.2942817],[-2.4265498,51.2943488]]}},{"type":"Feature","properties":{"abandoned:railway":"rail","name":"Somerset and Dorset Line","railway":"abandoned","ref":"SAD","source_id":"osm-way-77213370","dataset":"OpenStreetMap former/disused railway extract","publisher":"OpenStreetMap contributors","effective_date":"2026-09-07T10:02:26Z","licence":"ODbL-1.0"},"geometry":{"type":"LineString","coordinates":[[-2.4619179,51.2909681],[-2.4612493,51.2912245],[-2.4607142,51.2914098],[-2.4601865,51.2915486],[-2.4595396,51.2916831]]}},{"type":"Feature","properties":{"abandoned:railway":"rail","name":"Camerton & Limpleystoke","railway":"abandoned","ref":"CMZ","source":"NPE","source_id":"osm-way-80604653","dataset":"OpenStreetMap former/disused railway extract","publisher":"OpenStreetMap contributors","effective_date":"2026-09-07T10:02:26Z","licence":"ODbL-1.0"},"geometry":{"type":"LineString","coordinates":[[-2.3770535,51.339709],[-2.3774398,51.3397354],[-2.3802102,51.3400691],[-2.3814845,51.3401882],[-2.3824393,51.3402854]]}},{"type":"Feature","properties":{"designation":"public_footpath","foot":"designated","highway":"footway","prow_ref":"BA7/19","railway":"abandoned","railway:name":"Camerton & Limpleystoke","surface":"dirt","source_id":"osm-way-80604676","dataset":"OpenStreetMap former/disused railway extract","publisher":"OpenStreetMap contributors","effective_date":"2026-09-07T10:02:26Z","licence":"ODbL-1.0"},"geometry":{"type":"LineString","coordinates":[[-2.3770535,51.339709],[-2.3765519,51.3396688],[-2.3759779,51.3396202],[-2.3752966,51.3396152],[-2.3749238,51.339642],[-2.3743525,51.3397459],[-2.3736283,51.3399218],[-2.3730784,51.3400877],[-2.3728424,51.3402016],[-2.3726488,51.3403287],[-2.3722487,51.340609],[-2.3717346,51.3411232],[-2.3715174,51.3413544]]}},{"type":"Feature","properties":{"abandoned:railway":"rail","name":"Camerton & Limpley Stoke Railway","railway":"abandoned","ref":"CMZ","source":"NPE","source_id":"osm-way-80607943","dataset":"OpenStreetMap former/disused railway extract","publisher":"OpenStreetMap contributors","effective_date":"2026-09-07T10:02:26Z","licence":"ODbL-1.0"},"geometry":{"type":"LineString","coordinates":[[-2.3899161,51.3384082],[-2.389353,51.338637],[-2.3861878,51.3397859]]}},{"type":"Feature","properties":{"abandoned:railway":"rail","layer":"-1","name":"Camerton & Limpleystoke","railway":"abandoned","ref":"CMZ","tunnel":"yes","wikidata":"Q116733041","source_id":"osm-way-80607944","dataset":"OpenStreetMap former/disused railway extract","publisher":"OpenStreetMap contributors","effective_date":"2026-09-07T10:02:26Z","licence":"ODbL-1.0"},"geometry":{"type":"LineString","coordinates":[[-2.3907367,51.338109],[-2.3899161,51.3384082]]}},{"type":"Feature","properties":{"bridge":"yes","highway":"cycleway","layer":"1","name":"Bristol & Bath Railway Path","railway":"abandoned","surface":"asphalt","website":"http://www.bristolbathrailwaypath.org.uk/","source_id":"osm-way-81735358","dataset":"OpenStreetMap former/disused railway extract","publisher":"OpenStreetMap contributors","effective_date":"2026-09-07T10:02:26Z","licence":"ODbL-1.0"},"geometry":{"type":"LineString","coordinates":[[-2.448981,51.402949],[-2.4490231,51.4030362]]}},{"type":"Feature","properties":{"foot":"yes","highway":"cycleway","name":"Bristol & Bath Railway Path","railway":"abandoned","surface":"asphalt","website":"http://www.bristolbathrailwaypath.org.uk/","source_id":"osm-way-81735444","dataset":"OpenStreetMap former/disused railway extract","publisher":"OpenStreetMap contributors","effective_date":"2026-09-07T10:02:26Z","licence":"ODbL-1.0"},"geometry":{"type":"LineString","coordinates":[[-2.4490231,51.4030362],[-2.4495229,51.4039998]]}},{"type":"Feature","properties":{"access":"yes","bicycle":"designated","foot":"designated","highway":"cycleway","horse":"no","layer":"-1","lit":"yes","name":"Bristol & Bath Railway Path","railway":"abandoned","segregated":"no","smoothness":"excellent","surface":"asphalt","tunnel":"yes","width":"2.5","source_id":"osm-way-84009097","dataset":"OpenStreetMap former/disused railway extract","publisher":"OpenStreetMap contributors","effective_date":"2026-09-07T10:02:26Z","licence":"ODbL-1.0"},"geometry":{"type":"LineString","coordinates":[[-2.5112404,51.4791903],[-2.5090088,51.479132],[-2.5067949,51.4790741],[-2.5044982,51.4790141]]}},{"type":"Feature","properties":{"abandoned:railway":"rail","name":"Monmouthshire Eastern Valleys Line","name:cy":"Rheilffordd Cymoedd Dwyreiniol Sir Fynwy","railway":"abandoned","ref":"EVY","source_id":"osm-way-85012054","dataset":"OpenStreetMap former/disused railway extract","publisher":"OpenStreetMap contributors","effective_date":"2026-09-07T10:02:26Z","licence":"ODbL-1.0"},"geometry":{"type":"LineString","coordinates":[[-3.0220992,51.6670878],[-3.0224549,51.664823],[-3.0227918,51.6638374],[-3.0239524,51.6616015],[-3.0250953,51.6595615],[-3.0259576,51.6574658],[-3.0260563,51.655464],[-3.0259555,51.6540802],[-3.0256776,51.6526045],[-3.0248171,51.6505676],[-3.0241069,51.6493953],[-3.0238398,51.6487123],[-3.0232561,51.647309],[-3.0227025,51.6451406],[-3.0224849,51.6443882],[-3.0223409,51.6438903],[-3.022236,51.6434872],[-3.021959,51.6424223],[-3.0217219,51.6413097],[-3.0211523,51.6391523],[-3.0208093,51.6376392],[-3.0202997,51.635252],[-3.0197912,51.6336131],[-3.0193896,51.6321986],[-3.0190907,51.6313985],[-3.0185957,51.6301752],[-3.0182127,51.6295317],[-3.0175776,51.6285113],[-3.0169892,51.6277228],[-3.0162233,51.6268879],[-3.0154107,51.6260413],[-3.0148317,51.6254963],[-3.013963,51.6247889],[-3.0125434,51.6237336],[-3.0111851,51.6229477],[-3.0097925,51.6221978],[-3.0086534,51.6217142],[-3.0062069,51.6207501],[-3.0039267,51.6197234],[-3.0037757,51.6196128],[-3.0030684,51.6190946],[-3.0025252,51.6185326],[-3.0021447,51.6180585],[-3.0018993,51.6177039],[-3.0018104,51.6175494],[-3.0015806,51.616605],[-3.0012856,51.6153929],[-3.0008994,51.6141198],[-3.000291,51.613281],[-2.9997144,51.6125252],[-2.9991045,51.6120069],[-2.9969737,51.6104423],[-2.9954341,51.6093981],[-2.9949581,51.6088965],[-2.9945463,51.6084624],[-2.994232,51.6077946],[-2.9939685,51.6072373],[-2.993822,51.6061543],[-2.9939707,51.6049673],[-2.994275,51.6041584],[-2.9948059,51.6032615],[-2.9956199,51.6022504],[-2.9963632,51.6015293],[-2.9967569,51.6011707]]}},{"type":"Feature","properties":{"abandoned:railway":"rail","name":"Somerset Coal Canal Tramway","railway":"abandoned","source_id":"osm-way-89097548","dataset":"OpenStreetMap former/disused railway extract","publisher":"OpenStreetMap contributors","effective_date":"2026-09-07T10:02:26Z","licence":"ODbL-1.0"},"geometry":{"type":"LineString","coordinates":[[-2.3439922,51.3424349],[-2.3437347,51.3423411],[-2.3435094,51.3422338],[-2.3433163,51.342073],[-2.3431876,51.3419188],[-2.3431232,51.3417513],[-2.3431554,51.3415971],[-2.3432519,51.3414162],[-2.3433699,51.3412486],[-2.3435738,51.3410677],[-2.3438098,51.3408934]]}},{"type":"Feature","properties":{"abandoned:railway":"rail","name":"Somerset Coal Canal Radstock Tramway","railway":"abandoned","source":"survey","source_id":"osm-way-89098731","dataset":"OpenStreetMap former/disused railway extract","publisher":"OpenStreetMap contributors","effective_date":"2026-09-07T10:02:26Z","licence":"ODbL-1.0"},"geometry":{"type":"LineString","coordinates":[[-2.3519959,51.3304704],[-2.351953,51.3308257],[-2.3519304,51.3312691],[-2.3519089,51.3317383],[-2.3519411,51.3322076],[-2.3521235,51.3327975]]}},{"type":"Feature","properties":{"abandoned:railway":"rail","name":"Somerset Coal Canal Tramway","railway":"abandoned","source":"survey","source_id":"osm-way-89101061","dataset":"OpenStreetMap former/disused railway extract","publisher":"OpenStreetMap contributors","effective_date":"2026-09-07T10:02:26Z","licence":"ODbL-1.0"},"geometry":{"type":"LineString","coordinates":[[-2.3447003,51.3425823],[-2.3450436,51.3426225],[-2.3456337,51.3426628],[-2.3460629,51.3426628]]}},{"type":"Feature","properties":{"abandoned:railway":"rail","name":"Somerset Coal Canal Tramway","railway":"abandoned","source":"survey","source_id":"osm-way-89124621","dataset":"OpenStreetMap former/disused railway extract","publisher":"OpenStreetMap contributors","effective_date":"2026-09-07T10:02:26Z","licence":"ODbL-1.0"},"geometry":{"type":"LineString","coordinates":[[-2.3521986,51.3327908],[-2.3523488,51.3328042],[-2.3523917,51.3328913],[-2.3523703,51.333079],[-2.3521986,51.3333539],[-2.3519196,51.3335348],[-2.3515656,51.3335952],[-2.3511043,51.3336354],[-2.3506858,51.3337091],[-2.3504283,51.3338164]]}},{"type":"Feature","properties":{"abandoned:railway":"rail","name":"Somerset Coal Canal Tramway","railway":"abandoned","source":"survey","source_id":"osm-way-89124691","dataset":"OpenStreetMap former/disused railway extract","publisher":"OpenStreetMap contributors","effective_date":"2026-09-07T10:02:26Z","licence":"ODbL-1.0"},"geometry":{"type":"LineString","coordinates":[[-2.3502459,51.3338968],[-2.3496773,51.3341582],[-2.3488083,51.3347146],[-2.3479071,51.3351369],[-2.3474994,51.3353112]]}},{"type":"Feature","properties":{"abandoned:railway":"rail","name":"Somerset Coal Canal Tramway","railway":"abandoned","source":"NPE","source_id":"osm-way-89838398","dataset":"OpenStreetMap former/disused railway extract","publisher":"OpenStreetMap contributors","effective_date":"2026-09-07T10:02:26Z","licence":"ODbL-1.0"},"geometry":{"type":"LineString","coordinates":[[-2.3789099,51.3192535],[-2.3790279,51.3190456],[-2.3792532,51.318831],[-2.3794892,51.3186165],[-2.3797467,51.3185025]]}},{"type":"Feature","properties":{"abandoned:railway":"rail","name":"Somerset Coal Canal Tramway","railway":"abandoned","source_id":"osm-way-89856561","dataset":"OpenStreetMap former/disused railway extract","publisher":"OpenStreetMap contributors","effective_date":"2026-09-07T10:02:26Z","licence":"ODbL-1.0"},"geometry":{"type":"LineString","coordinates":[[-2.3485881,51.3428959],[-2.3484487,51.3428423],[-2.3481697,51.3428021],[-2.3476869,51.3427217],[-2.3472578,51.3426949]]}},{"type":"Feature","properties":{"abandoned:railway":"rail","name":"Somerset Coal Canal Tramway","railway":"abandoned","source":"survey","source_id":"osm-way-92142670","dataset":"OpenStreetMap former/disused railway extract","publisher":"OpenStreetMap contributors","effective_date":"2026-09-07T10:02:26Z","licence":"ODbL-1.0"},"geometry":{"type":"LineString","coordinates":[[-2.3842967,51.3165757],[-2.3834169,51.3166964],[-2.3827088,51.3167768],[-2.3821724,51.3169512],[-2.3819578,51.3170987]]}},{"type":"Feature","properties":{"abandoned:railway":"rail","layer":"-1","name":"Wellow Tunnel","railway":"abandoned","tunnel":"yes","source_id":"osm-way-92907896","dataset":"OpenStreetMap former/disused railway extract","publisher":"OpenStreetMap contributors","effective_date":"2026-09-07T10:02:26Z","licence":"ODbL-1.0"},"geometry":{"type":"LineString","coordinates":[[-2.3716338,51.3235559],[-2.3706259,51.3243523]]}},{"type":"Feature","properties":{"highway":"footway","railway":"abandoned","surface":"paved","source_id":"osm-way-93522910","dataset":"OpenStreetMap former/disused railway extract","publisher":"OpenStreetMap contributors","effective_date":"2026-09-07T10:02:26Z","licence":"ODbL-1.0"},"geometry":{"type":"LineString","coordinates":[[-2.4275312,51.3916496],[-2.4274081,51.3916536],[-2.4273334,51.3916459]]}},{"type":"Feature","properties":{"highway":"footway","railway":"abandoned","surface":"paved","source_id":"osm-way-93522911","dataset":"OpenStreetMap former/disused railway extract","publisher":"OpenStreetMap contributors","effective_date":"2026-09-07T10:02:26Z","licence":"ODbL-1.0"},"geometry":{"type":"LineString","coordinates":[[-2.4265896,51.3915185],[-2.4265016,51.3915016],[-2.4264695,51.391472]]}},{"type":"Feature","properties":{"bridge":"yes","bridge:ref":"209","highway":"footway","layer":"1","railway":"abandoned","surface":"paved","source_id":"osm-way-93522912","dataset":"OpenStreetMap former/disused railway extract","publisher":"OpenStreetMap contributors","effective_date":"2026-09-07T10:02:26Z","licence":"ODbL-1.0"},"geometry":{"type":"LineString","coordinates":[[-2.4273334,51.3916459],[-2.4265896,51.3915185]]}},{"type":"Feature","properties":{"foot":"yes","highway":"footway","railway":"abandoned","source_id":"osm-way-93540748","dataset":"OpenStreetMap former/disused railway extract","publisher":"OpenStreetMap contributors","effective_date":"2026-09-07T10:02:26Z","licence":"ODbL-1.0"},"geometry":{"type":"LineString","coordinates":[[-2.4063546,51.3879824],[-2.4062013,51.3879541]]}},{"type":"Feature","properties":{"foot":"yes","highway":"footway","railway":"abandoned","source_id":"osm-way-93540749","dataset":"OpenStreetMap former/disused railway extract","publisher":"OpenStreetMap contributors","effective_date":"2026-09-07T10:02:26Z","licence":"ODbL-1.0"},"geometry":{"type":"LineString","coordinates":[[-2.405188,51.3876496],[-2.4051273,51.387638],[-2.4049949,51.3875897]]}},{"type":"Feature","properties":{"bridge":"yes","bridge:ref":"207","highway":"footway","layer":"1","railway":"abandoned","source_id":"osm-way-93540750","dataset":"OpenStreetMap former/disused railway extract","publisher":"OpenStreetMap contributors","effective_date":"2026-09-07T10:02:26Z","licence":"ODbL-1.0"},"geometry":{"type":"LineString","coordinates":[[-2.4062013,51.3879541],[-2.405188,51.3876496]]}},{"type":"Feature","properties":{"abandoned:railway":"funicular","email":"peter.davey44tram@blueyonder.co.uk","end_date":"1934-10-01","incline":"up","name":"Clifton Rocks Railway","note":"funicular (but adding this tag to railway messes up mapnik)","railway":"abandoned","start_date":"1893-03-11","tunnel":"yes","website":"https://www.cliftonrocksrailway.org.uk/","wikidata":"Q5133307","source_id":"osm-way-104679657","dataset":"OpenStreetMap former/disused railway extract","publisher":"OpenStreetMap contributors","effective_date":"2026-09-07T10:02:26Z","licence":"ODbL-1.0"},"geometry":{"type":"LineString","coordinates":[[-2.6265865,51.4532514],[-2.6254967,51.4539583]]}},{"type":"Feature","properties":{"name":"Godfrey Road Stabling Yard","name:cy":"Iard Stablau Heol Godfrey","railway":"razed","razed:railway":"rail","service":"yard","source_id":"osm-way-116921029","dataset":"OpenStreetMap former/disused railway extract","publisher":"OpenStreetMap contributors","effective_date":"2026-09-07T10:02:26Z","licence":"ODbL-1.0"},"geometry":{"type":"LineString","coordinates":[[-3.0022041,51.5876652],[-3.0020128,51.5878714],[-3.0016386,51.5882129],[-3.0013248,51.5884946],[-3.0009892,51.5888012]]}},{"type":"Feature","properties":{"name":"Godfrey Road Stabling Yard","name:cy":"Iard Stablau Heol Godfrey","railway":"razed","razed:railway":"rail","service":"yard","source_id":"osm-way-116921030","dataset":"OpenStreetMap former/disused railway extract","publisher":"OpenStreetMap contributors","effective_date":"2026-09-07T10:02:26Z","licence":"ODbL-1.0"},"geometry":{"type":"LineString","coordinates":[[-3.0022728,51.5877016],[-3.0020795,51.5879089],[-3.0011773,51.5886929],[-3.0009892,51.5888012],[-3.0008612,51.5888748],[-3.0007025,51.5889662]]}},{"type":"Feature","properties":{"name":"Godfrey Road Stabling Yard","name:cy":"Iard Stablau Heol Godfrey","railway":"razed","razed:railway":"rail","service":"yard","source_id":"osm-way-116921031","dataset":"OpenStreetMap former/disused railway extract","publisher":"OpenStreetMap contributors","effective_date":"2026-09-07T10:02:26Z","licence":"ODbL-1.0"},"geometry":{"type":"LineString","coordinates":[[-3.0021342,51.5876664],[-3.0019498,51.5878487],[-3.0013999,51.5883629],[-3.0008612,51.5888748]]}},{"type":"Feature","properties":{"disused:railway":"rail","railway":"disused","service":"siding","source_id":"osm-way-118717589","dataset":"OpenStreetMap former/disused railway extract","publisher":"OpenStreetMap contributors","effective_date":"2026-09-07T10:02:26Z","licence":"ODbL-1.0"},"geometry":{"type":"LineString","coordinates":[[-3.0885248,51.5157525],[-3.0884591,51.5158142],[-3.0883438,51.5159044],[-3.0882123,51.5159879],[-3.0879585,51.5161331]]}},{"type":"Feature","properties":{"abandoned:railway":"rail","alt_name":"Thornbury Branch Line","gauge":"1435","layer":"-1","name":"Grovesend Tunnel","railway":"abandoned","ref":"THO","tunnel":"yes","tunnel:name":"Grovesend Tunnel","wikidata":"Q7796331","wikipedia":"en:Thornbury branch line","source_id":"osm-way-119568539","dataset":"OpenStreetMap former/disused railway extract","publisher":"OpenStreetMap contributors","effective_date":"2026-09-07T10:02:26Z","licence":"ODbL-1.0"},"geometry":{"type":"LineString","coordinates":[[-2.501856,51.5989154],[-2.5025504,51.5995158],[-2.5032729,51.5999698]]}},{"type":"Feature","properties":{"disused:railway":"rail","electrified":"no","gauge":"1435","name":"Thornbury Branch Line","note":"Rails still in situ","railway":"disused","ref":"THO","service":"spur","source":"Bing","wikidata":"Q7796331","wikipedia":"en:Thornbury branch line","source_id":"osm-way-119568540","dataset":"OpenStreetMap former/disused railway extract","publisher":"OpenStreetMap contributors","effective_date":"2026-09-07T10:02:26Z","licence":"ODbL-1.0"},"geometry":{"type":"LineString","coordinates":[[-2.4922383,51.5944088],[-2.492369,51.5944211],[-2.4925538,51.5944349],[-2.4928631,51.5944811],[-2.4934666,51.5945669],[-2.494237,51.594718],[-2.49486,51.5948691],[-2.4949502,51.594891],[-2.495572,51.5950461],[-2.4960023,51.5951568],[-2.4964926,51.5953123],[-2.4968112,51.5954263],[-2.497093,51.5955452],[-2.4975437,51.5957521],[-2.4985011,51.5962388],[-2.4989928,51.5965415],[-2.499437,51.5968394],[-2.499853,51.5971369],[-2.5003129,51.5975002],[-2.501734,51.598802],[-2.5018084,51.5988701]]}},{"type":"Feature","properties":{"abandoned:railway":"rail","electrified":"no","embankment":"yes","gauge":"1435","name":"Caerwent Branch","railway":"abandoned","ref":"CWT","source_id":"osm-way-120176443","dataset":"OpenStreetMap former/disused railway extract","publisher":"OpenStreetMap contributors","effective_date":"2026-09-07T10:02:26Z","licence":"ODbL-1.0"},"geometry":{"type":"LineString","coordinates":[[-2.7441181,51.6084792],[-2.7442526,51.6087037],[-2.7443819,51.6088985],[-2.7446001,51.6091663]]}},{"type":"Feature","properties":{"abandoned:railway":"rail","bridge":"yes","electrified":"no","gauge":"1435","layer":"1","name":"Caerwent Branch","railway":"abandoned","ref":"CWT","source":"OS OpenMan Local April 2022","source_id":"osm-way-120176455","dataset":"OpenStreetMap former/disused railway extract","publisher":"OpenStreetMap contributors","effective_date":"2026-09-07T10:02:26Z","licence":"ODbL-1.0"},"geometry":{"type":"LineString","coordinates":[[-2.7437744,51.6079135],[-2.7441181,51.6084792]]}},{"type":"Feature","properties":{"disused:railway":"miniature","gauge":"241.3","name":"Clevedon Miniature Railway","note":"Observed mostly grassed over 29/12/2025.   Although efforts are being made to reopen it,  https://n-somerset.gov.uk/news/miniature-railway-set-return-clevedon","railway":"disused","usage":"tourism","source_id":"osm-way-125618884","dataset":"OpenStreetMap former/disused railway extract","publisher":"OpenStreetMap contributors","effective_date":"2026-09-07T10:02:26Z","licence":"ODbL-1.0"},"geometry":{"type":"LineString","coordinates":[[-2.8683978,51.4351191],[-2.8683196,51.4351637],[-2.8681811,51.435251],[-2.8681434,51.4352743]]}},{"type":"Feature","properties":{"abandoned:railway":"rail","bridge":"yes","layer":"1","railway":"abandoned","service":"siding","source_id":"osm-way-126551437","dataset":"OpenStreetMap former/disused railway extract","publisher":"OpenStreetMap contributors","effective_date":"2026-09-07T10:02:26Z","licence":"ODbL-1.0"},"geometry":{"type":"LineString","coordinates":[[-3.0069144,51.566628],[-3.0068632,51.5663217]]}},{"type":"Feature","properties":{"abandoned:railway":"rail","bridge":"yes","layer":"1","railway":"abandoned","service":"siding","source_id":"osm-way-126551439","dataset":"OpenStreetMap former/disused railway extract","publisher":"OpenStreetMap contributors","effective_date":"2026-09-07T10:02:26Z","licence":"ODbL-1.0"},"geometry":{"type":"LineString","coordinates":[[-3.0069752,51.5666239],[-3.0069239,51.5663177]]}},{"type":"Feature","properties":{"abandoned:railway":"rail","name":"Newport Tunnel Sidings","railway":"abandoned","service":"siding","source_id":"osm-way-126880434","dataset":"OpenStreetMap former/disused railway extract","publisher":"OpenStreetMap contributors","effective_date":"2026-09-07T10:02:26Z","licence":"ODbL-1.0"},"geometry":{"type":"LineString","coordinates":[[-3.0025165,51.5857222],[-3.0019962,51.5866271],[-3.0017759,51.5870604]]}},{"type":"Feature","properties":{"abandoned:railway":"rail","name":"Newport Tunnel Sidings","railway":"abandoned","service":"siding","source_id":"osm-way-126880436","dataset":"OpenStreetMap former/disused railway extract","publisher":"OpenStreetMap contributors","effective_date":"2026-09-07T10:02:26Z","licence":"ODbL-1.0"},"geometry":{"type":"LineString","coordinates":[[-3.0025651,51.5857314],[-3.0017759,51.5870604],[-3.0015335,51.5874662],[-3.0013605,51.5876887],[-3.0012532,51.587827],[-3.0009742,51.588132],[-3.0008507,51.5882535]]}},{"type":"Feature","properties":{"abandoned:railway":"rail","railway":"abandoned","service":"siding","source_id":"osm-way-126880483","dataset":"OpenStreetMap former/disused railway extract","publisher":"OpenStreetMap contributors","effective_date":"2026-09-07T10:02:26Z","licence":"ODbL-1.0"},"geometry":{"type":"LineString","coordinates":[[-3.0068295,51.5620574],[-3.0067973,51.5623675],[-3.0066847,51.5637014],[-3.0067513,51.5651656],[-3.0068456,51.5659524],[-3.0069239,51.5663177]]}},{"type":"Feature","properties":{"abandoned:railway":"rail","railway":"abandoned","service":"siding","source_id":"osm-way-126880484","dataset":"OpenStreetMap former/disused railway extract","publisher":"OpenStreetMap contributors","effective_date":"2026-09-07T10:02:26Z","licence":"ODbL-1.0"},"geometry":{"type":"LineString","coordinates":[[-3.0067705,51.5620474],[-3.0067505,51.5622703],[-3.0066578,51.5633013],[-3.0066418,51.5636714],[-3.0066632,51.5646118],[-3.0067276,51.5655155],[-3.0068632,51.5663217]]}},{"type":"Feature","properties":{"abandoned:railway":"rail","railway":"abandoned","service":"siding","source_id":"osm-way-126880485","dataset":"OpenStreetMap former/disused railway extract","publisher":"OpenStreetMap contributors","effective_date":"2026-09-07T10:02:26Z","licence":"ODbL-1.0"},"geometry":{"type":"LineString","coordinates":[[-3.0077578,51.5695471],[-3.0075564,51.5683899]]}},{"type":"Feature","properties":{"abandoned:railway":"rail","railway":"abandoned","service":"siding","source_id":"osm-way-126880486","dataset":"OpenStreetMap former/disused railway extract","publisher":"OpenStreetMap contributors","effective_date":"2026-09-07T10:02:26Z","licence":"ODbL-1.0"},"geometry":{"type":"LineString","coordinates":[[-3.0079764,51.5705359],[-3.0078648,51.5702704],[-3.0077951,51.5700721],[-3.0077242,51.5698918],[-3.0076744,51.5697653],[-3.0075377,51.5694574],[-3.0074115,51.5691501],[-3.0072689,51.5685018],[-3.0071264,51.5678117],[-3.0069878,51.5671078],[-3.0069144,51.566628]]}},{"type":"Feature","properties":{"abandoned:railway":"rail","railway":"abandoned","service":"siding","source_id":"osm-way-126880487","dataset":"OpenStreetMap former/disused railway extract","publisher":"OpenStreetMap contributors","effective_date":"2026-09-07T10:02:26Z","licence":"ODbL-1.0"},"geometry":{"type":"LineString","coordinates":[[-3.0077951,51.5700721],[-3.0077468,51.5696903],[-3.0077578,51.5695471],[-3.0077656,51.5694452],[-3.0077549,51.5691168],[-3.007736,51.5689619],[-3.007712,51.568765],[-3.0076395,51.5683732]]}},{"type":"Feature","properties":{"abandoned:railway":"rail","railway":"abandoned","service":"siding","source_id":"osm-way-126880488","dataset":"OpenStreetMap former/disused railway extract","publisher":"OpenStreetMap contributors","effective_date":"2026-09-07T10:02:26Z","licence":"ODbL-1.0"},"geometry":{"type":"LineString","coordinates":[[-3.0077242,51.5698918],[-3.007543,51.5692168],[-3.0074142,51.5687133],[-3.0071836,51.567743],[-3.0070858,51.5672331],[-3.0070624,51.5671112],[-3.0070592,51.5670944],[-3.0069752,51.5666239]]}},{"type":"Feature","properties":{"abandoned:railway":"rail","name":"Weston, Clevedon and Portishead Railway","railway":"abandoned","ref":"WCA","source":"GPX + NPE","source_id":"osm-way-126927245","dataset":"OpenStreetMap former/disused railway extract","publisher":"OpenStreetMap contributors","effective_date":"2026-09-07T10:02:26Z","licence":"ODbL-1.0"},"geometry":{"type":"LineString","coordinates":[[-2.9042727,51.3767261],[-2.9052301,51.3758343],[-2.9063374,51.3748217],[-2.9064426,51.3747302],[-2.9071012,51.3741573],[-2.9080711,51.3732465],[-2.9093379,51.3720591],[-2.9098597,51.3716275],[-2.9112931,51.3704272],[-2.9124346,51.3694681],[-2.9133616,51.3686965],[-2.9143572,51.3678606],[-2.9152241,51.3670514],[-2.9164429,51.3659154],[-2.9173844,51.3650268],[-2.917533,51.3648865],[-2.9185973,51.3638951],[-2.9189575,51.3635701]]}},{"type":"Feature","properties":{"highway":"footway","railway":"abandoned","surface":"grass","source_id":"osm-way-128311626","dataset":"OpenStreetMap former/disused railway extract","publisher":"OpenStreetMap contributors","effective_date":"2026-09-07T10:02:26Z","licence":"ODbL-1.0"},"geometry":{"type":"LineString","coordinates":[[-2.3997858,51.3853502],[-2.3997513,51.3853702],[-2.3984039,51.3849048]]}},{"type":"Feature","properties":{"bridge":"yes","disused:railway":"rail","layer":"1","railway":"disused","source_id":"osm-way-128381919","dataset":"OpenStreetMap former/disused railway extract","publisher":"OpenStreetMap contributors","effective_date":"2026-09-07T10:02:26Z","licence":"ODbL-1.0"},"geometry":{"type":"LineString","coordinates":[[-2.9594292,51.5808436],[-2.9594728,51.5807219]]}},{"type":"Feature","properties":{"abandoned:railway":"rail","alt_name":"Frome and North Somerset Line","name":"Bristol and North Somerset Railway","railway":"abandoned","ref":"FNS2","source":"NPE","wikidata":"Q917987","wikipedia":"en:Bristol and North Somerset Railway","source_id":"osm-way-130112137","dataset":"OpenStreetMap former/disused railway extract","publisher":"OpenStreetMap contributors","effective_date":"2026-09-07T10:02:26Z","licence":"ODbL-1.0"},"geometry":{"type":"LineString","coordinates":[[-2.5399562,51.3544351],[-2.5394537,51.3540131],[-2.5384513,51.3530915],[-2.5380536,51.3521933],[-2.5379026,51.3518633],[-2.5377102,51.3514429],[-2.5375386,51.3506924],[-2.5376244,51.3498347],[-2.5377292,51.3495467],[-2.5380536,51.3486553],[-2.5380536,51.3475296],[-2.5376244,51.3462429],[-2.5367661,51.3449562],[-2.5361653,51.3437768],[-2.5359936,51.3427581],[-2.5361653,51.3416858],[-2.5367661,51.3402917],[-2.5377102,51.3392194],[-2.5380147,51.3387332],[-2.5384827,51.3379861],[-2.5389977,51.3366992],[-2.5390835,51.3358948],[-2.538826,51.3347687],[-2.5382252,51.3336426],[-2.5377014,51.3325081],[-2.5374896,51.331992],[-2.5373869,51.3316042],[-2.5373145,51.3310258],[-2.537314,51.330822],[-2.5373517,51.3305083],[-2.5374478,51.3301355]]}},{"type":"Feature","properties":{"abandoned:railway":"rail","name":"Uskmouth Branch","railway":"abandoned","ref":"EUB","source_id":"osm-way-130851955","dataset":"OpenStreetMap former/disused railway extract","publisher":"OpenStreetMap contributors","effective_date":"2026-09-07T10:02:26Z","licence":"ODbL-1.0"},"geometry":{"type":"LineString","coordinates":[[-2.9594292,51.5808436],[-2.9593153,51.5812022],[-2.9592598,51.5814026],[-2.959227,51.5815422],[-2.9592101,51.5816851],[-2.9592084,51.5818378],[-2.9592227,51.5819737],[-2.95925,51.5821416],[-2.9592847,51.5822578],[-2.959341,51.5824287],[-2.9594009,51.582556],[-2.9594959,51.5827165],[-2.9595881,51.5828517],[-2.9597161,51.5830306],[-2.9598238,51.5831445],[-2.9599493,51.583264],[-2.9601232,51.5833971],[-2.9603177,51.5835346],[-2.9604628,51.5836258],[-2.9606227,51.5837065],[-2.9607615,51.5837728],[-2.9609547,51.583866],[-2.9611853,51.5839498],[-2.961483,51.5840365],[-2.9617459,51.5841165],[-2.9620865,51.5842132],[-2.9623548,51.5842932],[-2.9625868,51.5843516],[-2.9635602,51.5845549]]}},{"type":"Feature","properties":{"abandoned:railway":"rail","name":"East Usk Branch","railway":"abandoned","ref":"EUB","source_id":"osm-way-130851956","dataset":"OpenStreetMap former/disused railway extract","publisher":"OpenStreetMap contributors","effective_date":"2026-09-07T10:02:26Z","licence":"ODbL-1.0"},"geometry":{"type":"LineString","coordinates":[[-2.9650588,51.5758155],[-2.9647471,51.5759401],[-2.9643459,51.5761314],[-2.9638507,51.576347],[-2.9633687,51.5765565],[-2.9629739,51.5767409]]}},{"type":"Feature","properties":{"abandoned:railway":"rail","railway":"abandoned","source_id":"osm-way-130852058","dataset":"OpenStreetMap former/disused railway extract","publisher":"OpenStreetMap contributors","effective_date":"2026-09-07T10:02:26Z","licence":"ODbL-1.0"},"geometry":{"type":"LineString","coordinates":[[-2.9700601,51.5736838],[-2.970675,51.5734138],[-2.9712972,51.5731404],[-2.9718256,51.5728887],[-2.9723299,51.572652],[-2.9727832,51.5724003],[-2.973148,51.5721402],[-2.9734081,51.5719435],[-2.9736603,51.5716967],[-2.9738185,51.5715017],[-2.9738768,51.5714245]]}},{"type":"Feature","properties":{"abandoned:railway":"rail","bridge":"yes","layer":"1","name":"East Usk Branch","railway":"abandoned","ref":"EUB","source_id":"osm-way-130852138","dataset":"OpenStreetMap former/disused railway extract","publisher":"OpenStreetMap contributors","effective_date":"2026-09-07T10:02:26Z","licence":"ODbL-1.0"},"geometry":{"type":"LineString","coordinates":[[-2.974351,51.5698923],[-2.9743536,51.569736]]}},{"type":"Feature","properties":{"disused:railway":"rail","name":"RAF Caerwent","railway":"disused","service":"siding","usage":"military","source_id":"osm-way-139892960","dataset":"OpenStreetMap former/disused railway extract","publisher":"OpenStreetMap contributors","effective_date":"2026-09-07T10:02:26Z","licence":"ODbL-1.0"},"geometry":{"type":"LineString","coordinates":[[-2.7638734,51.614434],[-2.7643115,51.6145791],[-2.7646396,51.6147117],[-2.7648906,51.6148456],[-2.7652178,51.6150688],[-2.7654431,51.6152986],[-2.765573,51.6154845],[-2.7659367,51.6163845]]}},{"type":"Feature","properties":{"disused:railway":"rail","name":"RAF Caerwent","railway":"disused","service":"siding","usage":"military","source_id":"osm-way-139893607","dataset":"OpenStreetMap former/disused railway extract","publisher":"OpenStreetMap contributors","effective_date":"2026-09-07T10:02:26Z","licence":"ODbL-1.0"},"geometry":{"type":"LineString","coordinates":[[-2.741433,51.6167468],[-2.7412704,51.6169578]]}},{"type":"Feature","properties":{"disused:railway":"rail","name":"RAF Caerwent","railway":"disused","service":"siding","usage":"military","source_id":"osm-way-139893609","dataset":"OpenStreetMap former/disused railway extract","publisher":"OpenStreetMap contributors","effective_date":"2026-09-07T10:02:26Z","licence":"ODbL-1.0"},"geometry":{"type":"LineString","coordinates":[[-2.7431164,51.6159321],[-2.7428325,51.6160542],[-2.7426537,51.6161425],[-2.7423303,51.6163264],[-2.7420071,51.6165104],[-2.7416254,51.6167442],[-2.7412241,51.6170197]]}},{"type":"Feature","properties":{"disused:railway":"rail","name":"RAF Caerwent","railway":"disused","service":"siding","usage":"military","source_id":"osm-way-139893611","dataset":"OpenStreetMap former/disused railway extract","publisher":"OpenStreetMap contributors","effective_date":"2026-09-07T10:02:26Z","licence":"ODbL-1.0"},"geometry":{"type":"LineString","coordinates":[[-2.7428186,51.6160195],[-2.7426216,51.6161169],[-2.7419773,51.6164848],[-2.7415871,51.6167105],[-2.7414243,51.6168353],[-2.7412704,51.6169578],[-2.7412241,51.6170197],[-2.7411754,51.6170691],[-2.7411455,51.6170981],[-2.7408775,51.6173564],[-2.7408179,51.6173915],[-2.7407308,51.6174437],[-2.7404733,51.6176007]]}},{"type":"Feature","properties":{"disused:railway":"rail","name":"RAF Caerwent","railway":"disused","service":"siding","usage":"military","source_id":"osm-way-139893798","dataset":"OpenStreetMap former/disused railway extract","publisher":"OpenStreetMap contributors","effective_date":"2026-09-07T10:02:26Z","licence":"ODbL-1.0"},"geometry":{"type":"LineString","coordinates":[[-2.7475982,51.6140839],[-2.7473232,51.614252],[-2.7453387,51.6151572],[-2.7452418,51.6152014],[-2.7444042,51.6155951]]}},{"type":"Feature","properties":{"disused:railway":"rail","name":"RAF Caerwent","railway":"disused","service":"siding","usage":"military","source_id":"osm-way-139893799","dataset":"OpenStreetMap former/disused railway extract","publisher":"OpenStreetMap contributors","effective_date":"2026-09-07T10:02:26Z","licence":"ODbL-1.0"},"geometry":{"type":"LineString","coordinates":[[-2.7456695,51.6149524],[-2.7453387,51.6151572]]}},{"type":"Feature","properties":{"bridge":"yes","highway":"footway","layer":"1","name":"Somerset & Dorset","railway":"abandoned","source_id":"osm-way-141223963","dataset":"OpenStreetMap former/disused railway extract","publisher":"OpenStreetMap contributors","effective_date":"2026-09-07T10:02:26Z","licence":"ODbL-1.0"},"geometry":{"type":"LineString","coordinates":[[-2.4595458,51.291692],[-2.4586956,51.2918861],[-2.4583434,51.2919612]]}},{"type":"Feature","properties":{"highway":"footway","name":"Somerset & Dorset","railway":"abandoned","source_id":"osm-way-141223965","dataset":"OpenStreetMap former/disused railway extract","publisher":"OpenStreetMap contributors","effective_date":"2026-09-07T10:02:26Z","licence":"ODbL-1.0"},"geometry":{"type":"LineString","coordinates":[[-2.4583434,51.2919612],[-2.4578615,51.2920386],[-2.4572544,51.2921343],[-2.4568553,51.2921257],[-2.4564641,51.2921788],[-2.4560576,51.2921923],[-2.4558418,51.2922411],[-2.4554672,51.2923003],[-2.4551098,51.2923123],[-2.4546322,51.2923554],[-2.4539277,51.292431],[-2.4534805,51.2924982],[-2.453197,51.2925222],[-2.4530827,51.2925383],[-2.4515106,51.2928255]]}},{"type":"Feature","properties":{"abandoned:railway":"rail","name":"Panteg Goods Lines","railway":"abandoned","ref":"PGL","source_id":"osm-way-141473210","dataset":"OpenStreetMap former/disused railway extract","publisher":"OpenStreetMap contributors","effective_date":"2026-09-07T10:02:26Z","licence":"ODbL-1.0"},"geometry":{"type":"LineString","coordinates":[[-3.017553,51.6783167],[-3.0176235,51.6785188],[-3.017697,51.6786909],[-3.0177681,51.6789278],[-3.0178029,51.679135],[-3.017858,51.6793728],[-3.0179685,51.6799789],[-3.0179929,51.6800864],[-3.0181887,51.6808218]]}},{"type":"Feature","properties":{"abandoned:railway":"rail","railway":"abandoned","source_id":"osm-way-141473211","dataset":"OpenStreetMap former/disused railway extract","publisher":"OpenStreetMap contributors","effective_date":"2026-09-07T10:02:26Z","licence":"ODbL-1.0"},"geometry":{"type":"LineString","coordinates":[[-3.0179685,51.6799789],[-3.017972,51.6797472],[-3.0178469,51.6791286],[-3.0177681,51.6789278]]}},{"type":"Feature","properties":{"name":"Panteg Goods Lines","railway":"razed","razed:railway":"rail","ref":"PGL","source_id":"osm-way-141473212","dataset":"OpenStreetMap former/disused railway extract","publisher":"OpenStreetMap contributors","effective_date":"2026-09-07T10:02:26Z","licence":"ODbL-1.0"},"geometry":{"type":"LineString","coordinates":[[-3.0181887,51.6808218],[-3.0185646,51.6818955],[-3.0189466,51.6826424],[-3.0198556,51.683737],[-3.0207706,51.6846615],[-3.0221201,51.6862088],[-3.0225392,51.6870798],[-3.022875,51.6879584]]}},{"type":"Feature","properties":{"abandoned:railway":"rail","name":"Caerwent Branch","railway":"abandoned","ref":"CWT","source_id":"osm-way-141504313","dataset":"OpenStreetMap former/disused railway extract","publisher":"OpenStreetMap contributors","effective_date":"2026-09-07T10:02:26Z","licence":"ODbL-1.0"},"geometry":{"type":"LineString","coordinates":[[-2.7339341,51.585702],[-2.7334644,51.5859049],[-2.7333824,51.5859442],[-2.7331637,51.5860489],[-2.7331164,51.5860715],[-2.7330127,51.5861317],[-2.7329615,51.5861614],[-2.7329177,51.5861868],[-2.7328667,51.5862164],[-2.7328234,51.5862416],[-2.7327301,51.5863056],[-2.7326829,51.586338],[-2.7326078,51.5863896],[-2.7325685,51.5864166],[-2.7324719,51.5864924],[-2.7324304,51.586525],[-2.7323647,51.5865765],[-2.7323126,51.5866259],[-2.732252,51.5866832],[-2.7321792,51.5867636],[-2.7320241,51.5869348],[-2.7319964,51.5869724],[-2.7318983,51.5871059],[-2.731869,51.5871502],[-2.7318474,51.5871828],[-2.7318055,51.5872462],[-2.7317615,51.5873434],[-2.7317479,51.5873737],[-2.731721,51.5874331],[-2.7316812,51.5875395],[-2.7316459,51.5876398],[-2.7316029,51.5878231],[-2.7316006,51.5878457],[-2.7315869,51.5879797],[-2.7315922,51.5881214],[-2.7315949,51.5882597],[-2.731611,51.5883914],[-2.7316351,51.588548],[-2.7316646,51.588658],[-2.7316941,51.588738],[-2.7318225,51.589102],[-2.7320205,51.5893826]]}},{"type":"Feature","properties":{"abandoned:railway":"rail","name":"Caerwent Branch","railway":"abandoned","ref":"CWT","source_id":"osm-way-141504425","dataset":"OpenStreetMap former/disused railway extract","publisher":"OpenStreetMap contributors","effective_date":"2026-09-07T10:02:26Z","licence":"ODbL-1.0"},"geometry":{"type":"LineString","coordinates":[[-2.7333824,51.5859442],[-2.7331425,51.5860849],[-2.7328582,51.5862716],[-2.7326705,51.5863966],[-2.732539,51.5864965],[-2.7323888,51.5866249],[-2.7322815,51.5867282],[-2.7321635,51.5868499],[-2.7320723,51.5869615],[-2.7319795,51.5870795],[-2.7319174,51.5871646],[-2.7318551,51.5872665],[-2.7317853,51.5874131],[-2.7317349,51.5875329],[-2.7316915,51.5876664],[-2.7316625,51.5878048],[-2.7316382,51.5879613],[-2.7316405,51.5881097],[-2.7316432,51.5882497],[-2.7316593,51.588413],[-2.7316941,51.588738]]}},{"type":"Feature","properties":{"abandoned:railway":"rail","bridge":"yes","layer":"1","railway":"abandoned","source_id":"osm-way-143197485","dataset":"OpenStreetMap former/disused railway extract","publisher":"OpenStreetMap contributors","effective_date":"2026-09-07T10:02:26Z","licence":"ODbL-1.0"},"geometry":{"type":"LineString","coordinates":[[-2.997112,51.5713097],[-2.9969085,51.5711246]]}},{"type":"Feature","properties":{"abandoned:railway":"rail","bridge":"yes","layer":"1","name":"Newport Monmouthshire Loop","railway":"abandoned","ref":"NML","source_id":"osm-way-143197486","dataset":"OpenStreetMap former/disused railway extract","publisher":"OpenStreetMap contributors","effective_date":"2026-09-07T10:02:26Z","licence":"ODbL-1.0"},"geometry":{"type":"LineString","coordinates":[[-2.9969906,51.5710919],[-2.9971885,51.5712841]]}},{"type":"Feature","properties":{"abandoned:railway":"rail","bridge":"yes","layer":"1","name":"Newport Monmouthshire Loop","railway":"abandoned","ref":"NML","source_id":"osm-way-143197487","dataset":"OpenStreetMap former/disused railway extract","publisher":"OpenStreetMap contributors","effective_date":"2026-09-07T10:02:26Z","licence":"ODbL-1.0"},"geometry":{"type":"LineString","coordinates":[[-2.9971487,51.5712949],[-2.9969526,51.5711037]]}},{"type":"Feature","properties":{"disused:railway":"rail","railway":"disused","service":"siding","source_id":"osm-way-146870008","dataset":"OpenStreetMap former/disused railway extract","publisher":"OpenStreetMap contributors","effective_date":"2026-09-07T10:02:26Z","licence":"ODbL-1.0"},"geometry":{"type":"LineString","coordinates":[[-2.6144781,51.431228],[-2.6143015,51.4312837],[-2.6140816,51.4313444],[-2.6137155,51.4314267]]}},{"type":"Feature","properties":{"abandoned:railway":"rail","railway":"abandoned","service":"siding","source_id":"osm-way-146982481","dataset":"OpenStreetMap former/disused railway extract","publisher":"OpenStreetMap contributors","effective_date":"2026-09-07T10:02:26Z","licence":"ODbL-1.0"},"geometry":{"type":"LineString","coordinates":[[-2.6826408,51.5279139],[-2.6836978,51.527844],[-2.6841175,51.5278012],[-2.6842577,51.5277704]]}},{"type":"Feature","properties":{"disused:railway":"rail","electrified":"no","railway":"disused","service":"siding","source_id":"osm-way-146982497","dataset":"OpenStreetMap former/disused railway extract","publisher":"OpenStreetMap contributors","effective_date":"2026-09-07T10:02:26Z","licence":"ODbL-1.0"},"geometry":{"type":"LineString","coordinates":[[-2.6887083,51.5248444],[-2.6874818,51.5257304],[-2.6860575,51.5266897],[-2.684853,51.5275313]]}},{"type":"Feature","properties":{"bicycle":"designated","foot":"designated","highway":"cycleway","name":"Norton Radstock Greenway","railway":"abandoned","segregated":"no","source":"Bing","surface":"asphalt","source_id":"osm-way-151197835","dataset":"OpenStreetMap former/disused railway extract","publisher":"OpenStreetMap contributors","effective_date":"2026-09-07T10:02:26Z","licence":"ODbL-1.0"},"geometry":{"type":"LineString","coordinates":[[-2.4818237,51.2913057],[-2.4820894,51.2912711],[-2.4822609,51.2912508],[-2.4824279,51.2912327],[-2.4826672,51.2912139],[-2.482916,51.2911967],[-2.4831415,51.291181],[-2.483505,51.2911608],[-2.4838536,51.2911537],[-2.4839143,51.2911526],[-2.483966,51.2911504],[-2.4840059,51.2911473],[-2.4840427,51.2911441],[-2.4841337,51.2911401],[-2.4842157,51.2911386],[-2.4843116,51.2911386],[-2.48438,51.291142],[-2.4844283,51.291142],[-2.4848472,51.2911376],[-2.4852511,51.2911424],[-2.4858138,51.2911483],[-2.4864259,51.2911547],[-2.4875719,51.291194],[-2.4879112,51.2912007],[-2.4889807,51.2912127],[-2.4897306,51.2912342],[-2.4901989,51.2912468],[-2.4906222,51.291259],[-2.4908539,51.2912654],[-2.4912949,51.2912801],[-2.4919866,51.2912902],[-2.4920766,51.2912959],[-2.4921886,51.2913055]]}},{"type":"Feature","properties":{"bicycle":"designated","bridge":"yes","bridge:name":"Monksdale Road Bridge","foot":"designated","highway":"cycleway","horse":"no","layer":"1","lit":"no","name":"Linear Park","old_name":"Somerset and Dorset Joint Railway","old_ref":"SAD","railway":"abandoned","segregated":"no","surface":"asphalt","wikidata":"Q7559923","wikipedia":"en:Somerset and Dorset Joint Railway","source_id":"osm-way-157289374","dataset":"OpenStreetMap former/disused railway extract","publisher":"OpenStreetMap contributors","effective_date":"2026-09-07T10:02:26Z","licence":"ODbL-1.0"},"geometry":{"type":"LineString","coordinates":[[-2.3783958,51.3737338],[-2.3780339,51.3735734]]}},{"type":"Feature","properties":{"alt_name":"Strawberry Line","name":"Cheddar Valley Line","railway":"razed","razed:railway":"rail","ref":"CVB","source_id":"osm-way-157967319","dataset":"OpenStreetMap former/disused railway extract","publisher":"OpenStreetMap contributors","effective_date":"2026-09-07T10:02:26Z","licence":"ODbL-1.0"},"geometry":{"type":"LineString","coordinates":[[-2.8306368,51.2934432],[-2.830707,51.293767],[-2.8307725,51.2942009],[-2.8307746,51.294223],[-2.8307845,51.2943105],[-2.8308153,51.2945262]]}},{"type":"Feature","properties":{"abandoned:railway":"rail","name":"Cheddar Valley Branch","railway":"abandoned","ref":"CVB","source_id":"osm-way-157967324","dataset":"OpenStreetMap former/disused railway extract","publisher":"OpenStreetMap contributors","effective_date":"2026-09-07T10:02:26Z","licence":"ODbL-1.0"},"geometry":{"type":"LineString","coordinates":[[-2.8349253,51.3144396],[-2.8350326,51.3147221],[-2.8351439,51.3149912],[-2.8351882,51.3151169],[-2.835346,51.3157214],[-2.8353798,51.3158518],[-2.8358311,51.3174212],[-2.8362299,51.3190256],[-2.8364691,51.3200615]]}},{"type":"Feature","properties":{"bicycle":"designated","foot":"designated","highway":"cycleway","name":"Bristol & Bath Railway Path","railway":"abandoned","segregated":"yes","surface":"asphalt","source_id":"osm-way-165355460","dataset":"OpenStreetMap former/disused railway extract","publisher":"OpenStreetMap contributors","effective_date":"2026-09-07T10:02:26Z","licence":"ODbL-1.0"},"geometry":{"type":"LineString","coordinates":[[-2.4830568,51.4753446],[-2.4830215,51.4753285],[-2.4823248,51.4749027],[-2.4822516,51.4748482],[-2.4821595,51.4747798],[-2.4819879,51.4746235],[-2.4817248,51.4743215],[-2.4816041,51.4741607],[-2.4814814,51.4739744],[-2.4814653,51.4739385],[-2.481312,51.4735975],[-2.4812391,51.4733648],[-2.4812395,51.4732293],[-2.4812157,51.4730767]]}},{"type":"Feature","properties":{"bicycle":"designated","cycleway:surface":"asphalt","cycleway:width":"3","foot":"designated","footway:surface":"asphalt","highway":"cycleway","lit":"yes","name":"Ring Road Path","railway":"abandoned","rcn_ref":"16","segregated":"yes","surface":"asphalt","source_id":"osm-way-165355464","dataset":"OpenStreetMap former/disused railway extract","publisher":"OpenStreetMap contributors","effective_date":"2026-09-07T10:02:26Z","licence":"ODbL-1.0"},"geometry":{"type":"LineString","coordinates":[[-2.4825659,51.4760225],[-2.4825969,51.4760188],[-2.4830443,51.4759638],[-2.4834393,51.475928],[-2.4839134,51.4759187],[-2.4843077,51.4759187],[-2.4850701,51.4759397]]}},{"type":"Feature","properties":{"name":"Frome and North Somerset Line","railway":"razed","razed:railway":"rail","ref":"FNS2","source_id":"osm-way-167290905","dataset":"OpenStreetMap former/disused railway extract","publisher":"OpenStreetMap contributors","effective_date":"2026-09-07T10:02:26Z","licence":"ODbL-1.0"},"geometry":{"type":"LineString","coordinates":[[-2.556406,51.4086971],[-2.5564888,51.4090209],[-2.5565566,51.4097517],[-2.5565496,51.4098931]]}},{"type":"Feature","properties":{"name":"Frome and North Somerset Line","railway":"razed","razed:railway":"rail","ref":"FNS2","source_id":"osm-way-167290906","dataset":"OpenStreetMap former/disused railway extract","publisher":"OpenStreetMap contributors","effective_date":"2026-09-07T10:02:26Z","licence":"ODbL-1.0"},"geometry":{"type":"LineString","coordinates":[[-2.5572921,51.4026587],[-2.5566344,51.4036732],[-2.5561242,51.4044601],[-2.5559204,51.4051763],[-2.5558582,51.4055015],[-2.5558572,51.4055223],[-2.5558267,51.4061339]]}},{"type":"Feature","properties":{"abandoned:railway":"rail","name":"Mangotsfield and Bath Branch Line","railway":"abandoned","ref":"MBL","wikidata":"Q12061467","wikipedia":"en:Mangotsfield and Bath branch line","source_id":"osm-way-167291446","dataset":"OpenStreetMap former/disused railway extract","publisher":"OpenStreetMap contributors","effective_date":"2026-09-07T10:02:26Z","licence":"ODbL-1.0"},"geometry":{"type":"LineString","coordinates":[[-2.4273559,51.3915943],[-2.427866,51.3917041],[-2.4292373,51.3919143],[-2.4302951,51.3921066],[-2.4310003,51.392248],[-2.4316681,51.3924053],[-2.4324503,51.3926282],[-2.4330644,51.3927943],[-2.4338209,51.39301],[-2.4343767,51.3931863],[-2.4350468,51.3934092],[-2.4356562,51.3936306],[-2.4362237,51.3938638],[-2.4374262,51.3943722],[-2.4383298,51.3947583],[-2.439035,51.3950482],[-2.4406788,51.3957446],[-2.4413887,51.3960841],[-2.4420308,51.3964061],[-2.4425188,51.3966887],[-2.4430022,51.3969772],[-2.443733,51.3974375],[-2.4443541,51.3978513],[-2.4448141,51.3981907],[-2.445141,51.3984442],[-2.4457108,51.3989278],[-2.4465304,51.3996937],[-2.4469648,51.4001531],[-2.4472945,51.4004914],[-2.4476981,51.4009633],[-2.4479738,51.401342],[-2.4483682,51.4019186],[-2.4486301,51.4023175],[-2.4489351,51.4029056],[-2.4490137,51.4030421],[-2.4495106,51.4040024]]}},{"type":"Feature","properties":{"foot":"yes","highway":"cycleway","name":"Bristol & Bath Railway Path","railway":"abandoned","surface":"asphalt","website":"http://www.bristolbathrailwaypath.org.uk/","wikidata":"Q4969083","wikipedia":"en:Bristol and Bath Railway Path","source_id":"osm-way-167291447","dataset":"OpenStreetMap former/disused railway extract","publisher":"OpenStreetMap contributors","effective_date":"2026-09-07T10:02:26Z","licence":"ODbL-1.0"},"geometry":{"type":"LineString","coordinates":[[-2.4051093,51.3876093],[-2.405049,51.3876035],[-2.4049949,51.3875897],[-2.4048049,51.3875196],[-2.4044881,51.3874006],[-2.4040665,51.3872668],[-2.4028588,51.3867786],[-2.4023895,51.3865611],[-2.4008917,51.3858669],[-2.4006778,51.3857516],[-2.4005602,51.3856556],[-2.4005017,51.3855713],[-2.4005083,51.385537]]}},{"type":"Feature","properties":{"foot":"yes","highway":"cycleway","lit":"no","name":"Bristol & Bath Railway Path","railway":"abandoned","surface":"asphalt","source_id":"osm-way-167291448","dataset":"OpenStreetMap former/disused railway extract","publisher":"OpenStreetMap contributors","effective_date":"2026-09-07T10:02:26Z","licence":"ODbL-1.0"},"geometry":{"type":"LineString","coordinates":[[-2.4563846,51.4139926],[-2.4565287,51.4141132],[-2.4569479,51.4145676],[-2.4570702,51.4146695],[-2.4571476,51.414734],[-2.45819,51.4158414],[-2.4582931,51.4159689],[-2.4583398,51.4160216],[-2.4584118,51.4161051]]}},{"type":"Feature","properties":{"name":"Bristol and Gloucester Line","railway":"razed","razed:railway":"rail","ref":"BGL2","source_id":"osm-way-167292237","dataset":"OpenStreetMap former/disused railway extract","publisher":"OpenStreetMap contributors","effective_date":"2026-09-07T10:02:26Z","licence":"ODbL-1.0"},"geometry":{"type":"LineString","coordinates":[[-2.5668104,51.4585693],[-2.5663381,51.4588651]]}},{"type":"Feature","properties":{"abandoned:railway":"rail","name":"Sudbrook Branch","railway":"abandoned","ref":"SBK2","source_id":"osm-way-167668083","dataset":"OpenStreetMap former/disused railway extract","publisher":"OpenStreetMap contributors","effective_date":"2026-09-07T10:02:26Z","licence":"ODbL-1.0"},"geometry":{"type":"LineString","coordinates":[[-2.7336198,51.5855896],[-2.7332567,51.5856512],[-2.7327377,51.5856975],[-2.7320716,51.5857228],[-2.7311629,51.5857481],[-2.7301745,51.5857723],[-2.7294783,51.5857943],[-2.7283639,51.5857919],[-2.7272295,51.5857768],[-2.726082,51.5857258],[-2.7249867,51.5856574],[-2.7237135,51.5855432]]}},{"type":"Feature","properties":{"railway":"razed","razed:railway":"rail","service":"siding","source_id":"osm-way-167668310","dataset":"OpenStreetMap former/disused railway extract","publisher":"OpenStreetMap contributors","effective_date":"2026-09-07T10:02:26Z","licence":"ODbL-1.0"},"geometry":{"type":"LineString","coordinates":[[-2.7177863,51.5846163],[-2.7181007,51.5846644],[-2.7184622,51.5846939]]}},{"type":"Feature","properties":{"abandoned:railway":"rail","name":"Sudbrook Branch","railway":"abandoned","ref":"SBK2","source_id":"osm-way-167668311","dataset":"OpenStreetMap former/disused railway extract","publisher":"OpenStreetMap contributors","effective_date":"2026-09-07T10:02:26Z","licence":"ODbL-1.0"},"geometry":{"type":"LineString","coordinates":[[-2.7218763,51.585356],[-2.7213095,51.5852374],[-2.7207923,51.5851407],[-2.7203916,51.5850706]]}},{"type":"Feature","properties":{"name":"Weston-super-Mare Miniature Railway","railway":"razed","razed:railway":"miniature","razed:usage":"tourism","source_id":"osm-way-167877250","dataset":"OpenStreetMap former/disused railway extract","publisher":"OpenStreetMap contributors","effective_date":"2026-09-07T10:02:26Z","licence":"ODbL-1.0"},"geometry":{"type":"LineString","coordinates":[[-2.9835768,51.3350902],[-2.9835213,51.3351438],[-2.9834118,51.3354111],[-2.983313,51.3355003],[-2.9832429,51.3355616],[-2.983181,51.3355994],[-2.9831062,51.3356201],[-2.9830147,51.3356295],[-2.9829146,51.3356333],[-2.9828115,51.3356198],[-2.9827321,51.3355945],[-2.98267,51.3355545],[-2.9826032,51.3355057]]}},{"type":"Feature","properties":{"abandoned:railway":"rail","name":"Cheddar Valley Branch","railway":"abandoned","ref":"CVB","source_id":"osm-way-168836591","dataset":"OpenStreetMap former/disused railway extract","publisher":"OpenStreetMap contributors","effective_date":"2026-09-07T10:02:26Z","licence":"ODbL-1.0"},"geometry":{"type":"LineString","coordinates":[[-2.8290303,51.3903277],[-2.829548,51.3900042],[-2.8301548,51.389577],[-2.8304337,51.389363],[-2.8306659,51.3891242],[-2.8309714,51.3887168],[-2.8313008,51.3881534],[-2.8314564,51.3877737],[-2.8315386,51.3873165],[-2.8315423,51.3867554],[-2.8314404,51.3862232],[-2.8312672,51.3857866],[-2.8310124,51.3854067],[-2.8306726,51.3850158],[-2.8302975,51.3846756],[-2.8299258,51.3843907],[-2.829395,51.3840572],[-2.8281846,51.3833349],[-2.8267087,51.382416],[-2.8256293,51.3816385],[-2.8245215,51.3807969],[-2.8235376,51.3799133],[-2.8224829,51.3789015],[-2.8214601,51.3777815],[-2.8203948,51.3764273],[-2.8199559,51.3757624],[-2.8192396,51.3746521],[-2.818896,51.3739731],[-2.8186358,51.3734346],[-2.818414,51.3728195],[-2.818252,51.3723523]]}},{"type":"Feature","properties":{"name":"Somerset and Dorset Line","railway":"razed","razed:railway":"rail","ref":"SAD","source_id":"osm-way-168888943","dataset":"OpenStreetMap former/disused railway extract","publisher":"OpenStreetMap contributors","effective_date":"2026-09-07T10:02:26Z","licence":"ODbL-1.0"},"geometry":{"type":"LineString","coordinates":[[-2.4478787,51.2930328],[-2.4476655,51.2929961],[-2.447442,51.2929612],[-2.4468592,51.2928701],[-2.4467934,51.2928598],[-2.4467752,51.2928578],[-2.4467607,51.2928529],[-2.4460577,51.2927436],[-2.4457754,51.2926997],[-2.4454912,51.2926861],[-2.4452652,51.2927038],[-2.4443136,51.2928057],[-2.4415082,51.2932598],[-2.4410155,51.2933609],[-2.4402903,51.2935166],[-2.439956,51.2935744]]}},{"type":"Feature","properties":{"bicycle":"designated","foot":"designated","highway":"cycleway","horse":"designated","railway":"abandoned","source":"survey","surface":"asphalt","source_id":"osm-way-168888945","dataset":"OpenStreetMap former/disused railway extract","publisher":"OpenStreetMap contributors","effective_date":"2026-09-07T10:02:26Z","licence":"ODbL-1.0"},"geometry":{"type":"LineString","coordinates":[[-2.439945,51.2935795],[-2.4394858,51.2936034],[-2.438433,51.2937204],[-2.4380933,51.2937726],[-2.4374075,51.2939349],[-2.4372357,51.293988],[-2.436976,51.2940826],[-2.4368814,51.2941592],[-2.4367281,51.2942361],[-2.4364448,51.294338],[-2.4356342,51.2946849],[-2.4344999,51.2951647],[-2.4340849,51.2953143],[-2.4338379,51.295392],[-2.4329571,51.295657],[-2.4325325,51.2957492],[-2.4321274,51.2958348],[-2.4316878,51.2959049],[-2.4309956,51.2959881],[-2.4306805,51.2960157],[-2.4297878,51.2960904],[-2.4292291,51.2961902],[-2.4279749,51.2964634],[-2.4264727,51.2968247],[-2.4251487,51.2971628],[-2.4248927,51.2972103],[-2.4247196,51.2972297],[-2.4242141,51.2972862],[-2.4240421,51.2973032],[-2.423912,51.2973352],[-2.4237392,51.2973605]]}},{"type":"Feature","properties":{"name":"Somerset and Dorset Line","railway":"razed","razed:railway":"rail","ref":"SAD","source_id":"osm-way-168889067","dataset":"OpenStreetMap former/disused railway extract","publisher":"OpenStreetMap contributors","effective_date":"2026-09-07T10:02:26Z","licence":"ODbL-1.0"},"geometry":{"type":"LineString","coordinates":[[-2.4619179,51.2909681],[-2.4630783,51.2906117],[-2.4645257,51.2900948]]}},{"type":"Feature","properties":{"abandoned:railway":"rail","name":"Somerset and Dorset Line","railway":"abandoned","ref":"SAD","source_id":"osm-way-168889069","dataset":"OpenStreetMap former/disused railway extract","publisher":"OpenStreetMap contributors","effective_date":"2026-09-07T10:02:26Z","licence":"ODbL-1.0"},"geometry":{"type":"LineString","coordinates":[[-2.4819495,51.2817918],[-2.481564,51.2820958],[-2.4811473,51.2825141],[-2.4807187,51.2829747],[-2.4801713,51.2834673],[-2.4795374,51.2839329],[-2.4786545,51.2843955],[-2.477487,51.2850323],[-2.4769483,51.2852859],[-2.476013,51.2856586],[-2.472785,51.2868918],[-2.471232,51.2874893],[-2.4698457,51.288008],[-2.4679918,51.2886945],[-2.466142,51.2894751],[-2.4645257,51.2900948]]}},{"type":"Feature","properties":{"abandoned:railway":"rail","historic:operator":"Midland Railway","name":"Mangotsfield and Bath Branch Line","railway":"abandoned","ref":"MBL","wikidata":"Q12061467","wikipedia":"en:Mangotsfield and Bath branch line","source_id":"osm-way-168889653","dataset":"OpenStreetMap former/disused railway extract","publisher":"OpenStreetMap contributors","effective_date":"2026-09-07T10:02:26Z","licence":"ODbL-1.0"},"geometry":{"type":"LineString","coordinates":[[-2.4748739,51.4598322],[-2.4746536,51.4595174],[-2.4740624,51.4587111],[-2.4736094,51.4581029],[-2.4732872,51.4576926],[-2.4728622,51.4571718],[-2.4724372,51.4567018],[-2.4720776,51.4563337],[-2.4715849,51.4558783],[-2.4708798,51.4552628],[-2.4703684,51.454854],[-2.4696422,51.45432],[-2.4686919,51.4536274],[-2.467989,51.4530818],[-2.4676318,51.4527136],[-2.4671811,51.4522538],[-2.466809,51.4518547],[-2.4663816,51.4512797],[-2.4660919,51.4507683],[-2.4659364,51.4504657],[-2.4656762,51.4499709],[-2.4655743,51.4497001],[-2.4655394,51.4494878],[-2.4654428,51.4489346],[-2.4653945,51.4485718],[-2.4653624,51.4482709],[-2.465349,51.448077],[-2.4653409,51.4477176],[-2.465357,51.4475053],[-2.4654026,51.447156],[-2.4654777,51.4467765],[-2.4655796,51.4463536],[-2.4657057,51.4460293],[-2.4659551,51.4454391],[-2.4661161,51.4450781],[-2.466283,51.4447994],[-2.466392,51.4446325]]}},{"type":"Feature","properties":{"foot":"yes","highway":"cycleway","name":"Bristol & Bath Railway Path","railway":"abandoned","segregated":"no","surface":"asphalt","source_id":"osm-way-168889654","dataset":"OpenStreetMap former/disused railway extract","publisher":"OpenStreetMap contributors","effective_date":"2026-09-07T10:02:26Z","licence":"ODbL-1.0"},"geometry":{"type":"LineString","coordinates":[[-2.4814577,51.4654755],[-2.4812944,51.4652891],[-2.4807555,51.4647815],[-2.480451,51.4645141]]}},{"type":"Feature","properties":{"alt_name":"Dramway","name":"Avon and Gloucestershire Railway","railway":"razed","razed:railway":"rail","wikidata":"Q791301","wikipedia":"en:Avon and Gloucestershire Railway","source_id":"osm-way-168889959","dataset":"OpenStreetMap former/disused railway extract","publisher":"OpenStreetMap contributors","effective_date":"2026-09-07T10:02:26Z","licence":"ODbL-1.0"},"geometry":{"type":"LineString","coordinates":[[-2.4818495,51.4712069],[-2.4833607,51.4700527],[-2.4835713,51.469864]]}},{"type":"Feature","properties":{"abandoned:railway":"rail","alt_name":"Bristol and Gloucester Line","name":"Bristol and Gloucestershire Railway","railway":"abandoned","ref":"BGL2","wikidata":"Q16985307","wikipedia":"en:Bristol and Gloucestershire Railway","source_id":"osm-way-168890653","dataset":"OpenStreetMap former/disused railway extract","publisher":"OpenStreetMap contributors","effective_date":"2026-09-07T10:02:26Z","licence":"ODbL-1.0"},"geometry":{"type":"LineString","coordinates":[[-2.4754325,51.4782379],[-2.4794768,51.4769091],[-2.4809197,51.4764067],[-2.4817929,51.4761333],[-2.4821906,51.4760751],[-2.4826145,51.4760171],[-2.4833356,51.4759343],[-2.4837182,51.4759224],[-2.4842685,51.475925],[-2.4847013,51.475927],[-2.4850713,51.4759463],[-2.4853493,51.4759808],[-2.4858777,51.4760476],[-2.4861191,51.4760827],[-2.4863954,51.4761462],[-2.4870713,51.4763266],[-2.4888979,51.4769213],[-2.4897527,51.4771899]]}},{"type":"Feature","properties":{"name":"Bromley Colliery Tramway","railway":"razed","razed:railway":"rail","source":"NPE","source_id":"osm-way-169032055","dataset":"OpenStreetMap former/disused railway extract","publisher":"OpenStreetMap contributors","effective_date":"2026-09-07T10:02:26Z","licence":"ODbL-1.0"},"geometry":{"type":"LineString","coordinates":[[-2.5534938,51.3611439],[-2.5524992,51.3617229],[-2.5521129,51.3618301],[-2.5504392,51.3620981],[-2.5502012,51.3620006],[-2.5499866,51.3615183],[-2.5494716,51.3605],[-2.5489309,51.3606554]]}},{"type":"Feature","properties":{"abandoned:railway":"rail","railway":"abandoned","service":"siding","source_id":"osm-way-169477586","dataset":"OpenStreetMap former/disused railway extract","publisher":"OpenStreetMap contributors","effective_date":"2026-09-07T10:02:26Z","licence":"ODbL-1.0"},"geometry":{"type":"LineString","coordinates":[[-2.5416828,51.513445],[-2.5413161,51.5133958],[-2.5410393,51.5133714],[-2.5408564,51.5133586]]}},{"type":"Feature","properties":{"historic:railway":"rail","name":"Bristol and Gloucestershire Railway","note":"I am not sure of the exact ralignment re trunk road etc","railway":"razed","razed:railway":"rail","ref":"BGL2","wikidata":"Q16985307","wikipedia":"en:Bristol and Gloucestershire Railway","source_id":"osm-way-169674081","dataset":"OpenStreetMap former/disused railway extract","publisher":"OpenStreetMap contributors","effective_date":"2026-09-07T10:02:26Z","licence":"ODbL-1.0"},"geometry":{"type":"LineString","coordinates":[[-2.4712023,51.4839085],[-2.4710542,51.4845324],[-2.4707616,51.4852115],[-2.4704593,51.4858894],[-2.4701428,51.4864105],[-2.4698746,51.486818],[-2.4694562,51.4873024],[-2.4690032,51.4877525]]}},{"type":"Feature","properties":{"abandoned:railway":"rail","alt_name":"Bristol and Gloucester Line","name":"Bristol and Gloucestershire Railway","railway":"abandoned","ref":"BGL2","wikidata":"Q16985307","wikipedia":"en:Bristol and Gloucestershire Railway","source_id":"osm-way-169674082","dataset":"OpenStreetMap former/disused railway extract","publisher":"OpenStreetMap contributors","effective_date":"2026-09-07T10:02:26Z","licence":"ODbL-1.0"},"geometry":{"type":"LineString","coordinates":[[-2.4735787,51.4792533],[-2.4724375,51.4805278],[-2.4720955,51.4811691],[-2.4719024,51.4818506],[-2.471366,51.4833205],[-2.4712023,51.4839085]]}},{"type":"Feature","properties":{"bicycle":"designated","foot":"designated","highway":"cycleway","horse":"no","lit":"no","name":"Linear Park","old_name":"Somerset and Dorset Joint Railway","old_ref":"SAD","railway":"abandoned","segregated":"no","surface":"asphalt","wikidata":"Q7559923","wikipedia":"en:Somerset and Dorset Joint Railway","source_id":"osm-way-170231341","dataset":"OpenStreetMap former/disused railway extract","publisher":"OpenStreetMap contributors","effective_date":"2026-09-07T10:02:26Z","licence":"ODbL-1.0"},"geometry":{"type":"LineString","coordinates":[[-2.3850212,51.3795215],[-2.385094,51.3793122],[-2.3851232,51.3792222],[-2.3851641,51.3790587],[-2.3851795,51.3789136],[-2.3851735,51.3787951],[-2.3851655,51.3787036],[-2.38515,51.3785608],[-2.3851294,51.3784623],[-2.3850286,51.3781082],[-2.3848998,51.3777713],[-2.3848902,51.3777462],[-2.3847786,51.3775373],[-2.3846581,51.3773512],[-2.3845983,51.3772587],[-2.3845592,51.3771948],[-2.3845443,51.3771418],[-2.384547,51.3770656],[-2.3845463,51.3770372],[-2.3845277,51.3770047],[-2.3844968,51.3769752],[-2.3844498,51.3769432],[-2.384418,51.3769182]]}},{"type":"Feature","properties":{"highway":"footway","railway":"abandoned","surface":"dirt","source_id":"osm-way-171995795","dataset":"OpenStreetMap former/disused railway extract","publisher":"OpenStreetMap contributors","effective_date":"2026-09-07T10:02:26Z","licence":"ODbL-1.0"},"geometry":{"type":"LineString","coordinates":[[-2.3908374,51.3835446],[-2.3909928,51.3835766],[-2.3911432,51.3835921],[-2.3912939,51.3835881],[-2.3913916,51.3835809],[-2.3914412,51.3835837],[-2.3915603,51.3836037],[-2.3916058,51.3836029],[-2.3917332,51.3836004],[-2.3920102,51.383666],[-2.3923471,51.383664],[-2.392995,51.3837368]]}},{"type":"Feature","properties":{"abandoned:railway":"rail","alt_name":"Frome and North Somerset Line","name":"Bristol and North Somerset Railway","railway":"abandoned","ref":"FNS2","source":"NPE","wikidata":"Q917987","wikipedia":"en:Bristol and North Somerset Railway","source_id":"osm-way-172623171","dataset":"OpenStreetMap former/disused railway extract","publisher":"OpenStreetMap contributors","effective_date":"2026-09-07T10:02:26Z","licence":"ODbL-1.0"},"geometry":{"type":"LineString","coordinates":[[-2.5370161,51.3244704],[-2.5363005,51.3237725],[-2.5359353,51.3234495],[-2.5352124,51.3229801],[-2.5344163,51.32252],[-2.533247,51.3220044],[-2.5323088,51.3215776],[-2.5314789,51.3212106],[-2.5303888,51.3205398],[-2.5294685,51.319805],[-2.5291188,51.3194403],[-2.5287531,51.3189574],[-2.5283808,51.318453],[-2.5281148,51.3179481],[-2.5280273,51.3175055]]}},{"type":"Feature","properties":{"abandoned:railway":"rail","alt_name":"Frome and North Somerset Line","name":"Bristol and North Somerset Railway","railway":"abandoned","ref":"FNS2","source":"NPE","wikidata":"Q917987","wikipedia":"en:Bristol and North Somerset Railway","source_id":"osm-way-172623172","dataset":"OpenStreetMap former/disused railway extract","publisher":"OpenStreetMap contributors","effective_date":"2026-09-07T10:02:26Z","licence":"ODbL-1.0"},"geometry":{"type":"LineString","coordinates":[[-2.5283172,51.3103353],[-2.5279964,51.30906],[-2.5277016,51.3084215],[-2.5254081,51.3051397],[-2.5245911,51.3035174],[-2.5242367,51.3025177],[-2.523902,51.3011803],[-2.5229412,51.2983916],[-2.5227355,51.2980737],[-2.5224662,51.2976816],[-2.5222182,51.2973824],[-2.5218912,51.2970229],[-2.5211541,51.2963743],[-2.520996,51.2962742]]}},{"type":"Feature","properties":{"abandoned:railway":"rail","alt_name":"Frome and North Somerset Line","name":"Bristol and North Somerset Railway","railway":"abandoned","ref":"FNS2","source":"NPE","wikidata":"Q917987","wikipedia":"en:Bristol and North Somerset Railway","source_id":"osm-way-172623173","dataset":"OpenStreetMap former/disused railway extract","publisher":"OpenStreetMap contributors","effective_date":"2026-09-07T10:02:26Z","licence":"ODbL-1.0"},"geometry":{"type":"LineString","coordinates":[[-2.5280066,51.3173267],[-2.5279633,51.3168913],[-2.527997,51.3163109],[-2.5280972,51.3156209],[-2.5281541,51.3147923],[-2.5284014,51.3125232],[-2.5284713,51.3116884],[-2.528401,51.3108853]]}},{"type":"Feature","properties":{"highway":"service","railway":"razed","sidewalk":"no","surface":"asphalt","source_id":"osm-way-174675399","dataset":"OpenStreetMap former/disused railway extract","publisher":"OpenStreetMap contributors","effective_date":"2026-09-07T10:02:26Z","licence":"ODbL-1.0"},"geometry":{"type":"LineString","coordinates":[[-2.3240703,51.3567539],[-2.3237757,51.3569195]]}},{"type":"Feature","properties":{"disused:railway":"rail","gauge":"1435","name":"Bath Waste Transfer Station","railway":"disused","service":"siding","source_id":"osm-way-176464641","dataset":"OpenStreetMap former/disused railway extract","publisher":"OpenStreetMap contributors","effective_date":"2026-09-07T10:02:26Z","licence":"ODbL-1.0"},"geometry":{"type":"LineString","coordinates":[[-2.3741559,51.3785286],[-2.3739997,51.3784993],[-2.3739022,51.3784761],[-2.3737239,51.3784226],[-2.3732927,51.3782773],[-2.3731733,51.3782489],[-2.373056,51.3782229],[-2.3729803,51.3782109],[-2.3728642,51.3781924],[-2.3715962,51.3780597]]}},{"type":"Feature","properties":{"disused:railway":"rail","gauge":"1435","railway":"disused","service":"siding","source_id":"osm-way-176464677","dataset":"OpenStreetMap former/disused railway extract","publisher":"OpenStreetMap contributors","effective_date":"2026-09-07T10:02:26Z","licence":"ODbL-1.0"},"geometry":{"type":"LineString","coordinates":[[-2.3741559,51.3785286],[-2.3734193,51.3784525],[-2.3709818,51.3782008]]}},{"type":"Feature","properties":{"embankment":"yes","foot":"yes","highway":"cycleway","name":"Bristol & Bath Railway Path","railway":"abandoned","segregated":"no","surface":"asphalt","source_id":"osm-way-186767507","dataset":"OpenStreetMap former/disused railway extract","publisher":"OpenStreetMap contributors","effective_date":"2026-09-07T10:02:26Z","licence":"ODbL-1.0"},"geometry":{"type":"LineString","coordinates":[[-2.4694418,51.4245348],[-2.4719393,51.4263592],[-2.4735199,51.427502],[-2.4740185,51.4278621],[-2.474515,51.4282677],[-2.4749714,51.4287],[-2.4755388,51.4293239],[-2.4757923,51.4296485],[-2.4759209,51.4298372],[-2.4762256,51.4302932]]}},{"type":"Feature","properties":{"embankment":"yes","foot":"yes","highway":"cycleway","name":"Bristol & Bath Railway Path","railway":"abandoned","segregated":"no","surface":"asphalt","source_id":"osm-way-186767508","dataset":"OpenStreetMap former/disused railway extract","publisher":"OpenStreetMap contributors","effective_date":"2026-09-07T10:02:26Z","licence":"ODbL-1.0"},"geometry":{"type":"LineString","coordinates":[[-2.4623337,51.419388],[-2.4642181,51.4207631],[-2.4667261,51.4225664],[-2.468741,51.4240304],[-2.4692622,51.4244082],[-2.4692944,51.4244327]]}},{"type":"Feature","properties":{"bicycle":"designated","foot":"designated","highway":"cycleway","horse":"permissive","old_name":"Somerset and Dorset Joint Railway","old_ref":"SAD","railway":"abandoned","segregated":"no","source":"NPE","surface":"asphalt","wikidata":"Q7559923","wikipedia":"en:Somerset and Dorset Joint Railway","source_id":"osm-way-189173695","dataset":"OpenStreetMap former/disused railway extract","publisher":"OpenStreetMap contributors","effective_date":"2026-09-07T10:02:26Z","licence":"ODbL-1.0"},"geometry":{"type":"LineString","coordinates":[[-2.3648711,51.3234324],[-2.3644225,51.3235082],[-2.3640577,51.3235832],[-2.3639521,51.3236148],[-2.3638608,51.3236142],[-2.3637719,51.3236282],[-2.3634687,51.3237059],[-2.3627932,51.3238361],[-2.3623151,51.3239521],[-2.360885,51.3243224],[-2.3597774,51.3246105],[-2.3592469,51.3247461],[-2.3586928,51.32493],[-2.3583516,51.3250526],[-2.3578843,51.3252323],[-2.3573358,51.3255047],[-2.3566593,51.3258711]]}},{"type":"Feature","properties":{"cutting":"yes","foot":"yes","highway":"cycleway","lit":"no","name":"Bristol & Bath Railway Path","railway":"abandoned","segregated":"no","surface":"asphalt","source_id":"osm-way-190444369","dataset":"OpenStreetMap former/disused railway extract","publisher":"OpenStreetMap contributors","effective_date":"2026-09-07T10:02:26Z","licence":"ODbL-1.0"},"geometry":{"type":"LineString","coordinates":[[-2.4663957,51.4512585],[-2.4667914,51.4518133],[-2.4671586,51.4522621]]}},{"type":"Feature","properties":{"name":"Newport Town Dock West Side","railway":"razed","razed:railway":"rail","ref":"NTD","service":"yard","source_id":"osm-way-194282570","dataset":"OpenStreetMap former/disused railway extract","publisher":"OpenStreetMap contributors","effective_date":"2026-09-07T10:02:26Z","licence":"ODbL-1.0"},"geometry":{"type":"LineString","coordinates":[[-2.9824041,51.5750578],[-2.9816745,51.5751978],[-2.9815243,51.5752378],[-2.9813366,51.5752945],[-2.9810469,51.5753978],[-2.9806767,51.5755412],[-2.9804902,51.5756445],[-2.9802866,51.5758092],[-2.9802476,51.5758879],[-2.9802426,51.5759437],[-2.9802798,51.5759979],[-2.9803656,51.5760546],[-2.9810791,51.5765413],[-2.9812778,51.576693],[-2.9821359,51.5773481],[-2.9822539,51.5774315],[-2.9824202,51.5775215],[-2.9826133,51.5776181],[-2.9827313,51.5776982],[-2.9828815,51.5778148],[-2.9834972,51.5782962],[-2.9842119,51.5788549],[-2.9849093,51.5794583],[-2.9850648,51.5796183],[-2.9851131,51.579695],[-2.985156,51.5797684],[-2.9852097,51.579895],[-2.9852311,51.5800184],[-2.9852419,51.5801617],[-2.9852321,51.5807614],[-2.9852312,51.5807793],[-2.98522,51.5809407],[-2.9852097,51.5810518]]}},{"type":"Feature","properties":{"railway":"razed","razed:railway":"rail","service":"siding","source_id":"osm-way-194283159","dataset":"OpenStreetMap former/disused railway extract","publisher":"OpenStreetMap contributors","effective_date":"2026-09-07T10:02:26Z","licence":"ODbL-1.0"},"geometry":{"type":"LineString","coordinates":[[-2.9865006,51.5574207],[-2.9871229,51.5579543],[-2.987322,51.5581407],[-2.9874137,51.558247],[-2.9875222,51.5583797],[-2.9875567,51.5584315],[-2.987595,51.5585013],[-2.9880885,51.5595819],[-2.9883372,51.5604479]]}},{"type":"Feature","properties":{"bridge":"yes","disused:railway":"rail","layer":"1","name":"RAF Caerwent","railway":"disused","service":"siding","usage":"military","source_id":"osm-way-195449911","dataset":"OpenStreetMap former/disused railway extract","publisher":"OpenStreetMap contributors","effective_date":"2026-09-07T10:02:26Z","licence":"ODbL-1.0"},"geometry":{"type":"LineString","coordinates":[[-2.743784,51.6157222],[-2.7436324,51.6157732]]}},{"type":"Feature","properties":{"bridge":"yes","disused:railway":"rail","layer":"1","name":"RAF Caerwent","railway":"disused","service":"siding","usage":"military","source_id":"osm-way-195449912","dataset":"OpenStreetMap former/disused railway extract","publisher":"OpenStreetMap contributors","effective_date":"2026-09-07T10:02:26Z","licence":"ODbL-1.0"},"geometry":{"type":"LineString","coordinates":[[-2.7644026,51.6171495],[-2.7645815,51.6171876]]}},{"type":"Feature","properties":{"disused:railway":"rail","electrified":"no","gauge":"1435","name":"RAF Caerwent","railway":"disused","service":"yard","usage":"military","source_id":"osm-way-195449913","dataset":"OpenStreetMap former/disused railway extract","publisher":"OpenStreetMap contributors","effective_date":"2026-09-07T10:02:26Z","licence":"ODbL-1.0"},"geometry":{"type":"LineString","coordinates":[[-2.7724268,51.6157299],[-2.7721952,51.615747],[-2.7719553,51.6157577],[-2.7715381,51.6157461],[-2.771334,51.6157344],[-2.7711585,51.615714],[-2.7707848,51.6156587],[-2.768586,51.6152706],[-2.7676057,51.6150972],[-2.7662183,51.6148431],[-2.7657983,51.6147817],[-2.7649837,51.6146226],[-2.7644226,51.61453],[-2.7638734,51.614434],[-2.763641,51.6144026],[-2.7623213,51.6141461],[-2.7619413,51.6140955],[-2.761614,51.6140888],[-2.7612171,51.6141021],[-2.7605358,51.6141621],[-2.7591778,51.6143559],[-2.7587808,51.6143993],[-2.7585877,51.6144092],[-2.7582452,51.6144286],[-2.7579708,51.6144159],[-2.7576972,51.6143893],[-2.7569408,51.6142394],[-2.7563024,51.6141128],[-2.7561088,51.614074],[-2.7554871,51.6139496],[-2.7548111,51.6138163],[-2.7544678,51.6137164],[-2.7541084,51.6135965],[-2.7537061,51.6134099],[-2.7534378,51.6132667],[-2.7530578,51.6130062],[-2.7527619,51.612757],[-2.7527141,51.6127111],[-2.7524079,51.6124172],[-2.7521343,51.6122107],[-2.7518929,51.6120441],[-2.7514471,51.6117395],[-2.7509219,51.6113964],[-2.7506146,51.6112227],[-2.7502587,51.6110824]]}},{"type":"Feature","properties":{"disused:railway":"rail","electrified":"no","gauge":"1435","name":"RAF Caerwent","railway":"disused","service":"yard","usage":"military","source_id":"osm-way-195449914","dataset":"OpenStreetMap former/disused railway extract","publisher":"OpenStreetMap contributors","effective_date":"2026-09-07T10:02:26Z","licence":"ODbL-1.0"},"geometry":{"type":"LineString","coordinates":[[-2.7645815,51.6171876],[-2.7650106,51.6172782],[-2.7654398,51.6174541],[-2.7657745,51.6176566],[-2.7660406,51.6179178],[-2.7661578,51.6181826],[-2.7662642,51.6184365],[-2.7668673,51.619819],[-2.7669203,51.6199405]]}},{"type":"Feature","properties":{"disused:railway":"rail","name":"RAF Caerwent","railway":"disused","service":"siding","usage":"military","source_id":"osm-way-195449915","dataset":"OpenStreetMap former/disused railway extract","publisher":"OpenStreetMap contributors","effective_date":"2026-09-07T10:02:26Z","licence":"ODbL-1.0"},"geometry":{"type":"LineString","coordinates":[[-2.7436324,51.6157732],[-2.7434671,51.615818],[-2.7431164,51.6159321],[-2.7429502,51.6159802],[-2.7428186,51.6160195],[-2.7425696,51.6160998],[-2.7424152,51.6161681],[-2.7419254,51.6164396],[-2.7415506,51.6166587],[-2.741433,51.6167468],[-2.7410622,51.6170716],[-2.7404733,51.6176007],[-2.7403945,51.6176715],[-2.7400675,51.6179675]]}},{"type":"Feature","properties":{"disused:railway":"rail","electrified":"no","gauge":"1435","name":"RAF Caerwent","railway":"disused","service":"yard","usage":"military","source_id":"osm-way-195529486","dataset":"OpenStreetMap former/disused railway extract","publisher":"OpenStreetMap contributors","effective_date":"2026-09-07T10:02:26Z","licence":"ODbL-1.0"},"geometry":{"type":"LineString","coordinates":[[-2.7584504,51.615747],[-2.757945,51.615539],[-2.7573889,51.6152584],[-2.7572488,51.6151903],[-2.7569941,51.6150665],[-2.7564362,51.6147681],[-2.7562044,51.6146668],[-2.7559297,51.6145815],[-2.7554062,51.6144749],[-2.7550918,51.6144672]]}},{"type":"Feature","properties":{"disused:railway":"rail","electrified":"no","gauge":"1435","name":"RAF Caerwent","railway":"disused","service":"yard","usage":"military","source_id":"osm-way-195529487","dataset":"OpenStreetMap former/disused railway extract","publisher":"OpenStreetMap contributors","effective_date":"2026-09-07T10:02:26Z","licence":"ODbL-1.0"},"geometry":{"type":"LineString","coordinates":[[-2.7722288,51.6181284],[-2.7717788,51.6173251],[-2.7713881,51.616663],[-2.771116,51.6162226],[-2.7709784,51.6160727],[-2.770842,51.6159512],[-2.770654,51.6158291],[-2.7703232,51.6156801],[-2.769999,51.6155834],[-2.7685701,51.6153324],[-2.7680405,51.6152385],[-2.7678481,51.6151794],[-2.7676057,51.6150972]]}},{"type":"Feature","properties":{"disused:railway":"rail","electrified":"no","gauge":"1435","name":"RAF Caerwent","railway":"disused","service":"yard","usage":"military","source_id":"osm-way-195529488","dataset":"OpenStreetMap former/disused railway extract","publisher":"OpenStreetMap contributors","effective_date":"2026-09-07T10:02:26Z","licence":"ODbL-1.0"},"geometry":{"type":"LineString","coordinates":[[-2.769999,51.6155834],[-2.7710625,51.6157754],[-2.7714927,51.6158586],[-2.7717716,51.6159499],[-2.7721477,51.6161333],[-2.7724093,51.6163038],[-2.772619,51.6165494],[-2.7727249,51.6167507],[-2.7728804,51.6170069],[-2.7735698,51.6181429],[-2.773689,51.6182549],[-2.7737471,51.6183175],[-2.7738816,51.6186478],[-2.7739091,51.6188357],[-2.7739305,51.6189742]]}},{"type":"Feature","properties":{"disused:railway":"rail","electrified":"no","gauge":"1435","name":"RAF Caerwent","railway":"disused","service":"yard","usage":"military","source_id":"osm-way-195529490","dataset":"OpenStreetMap former/disused railway extract","publisher":"OpenStreetMap contributors","effective_date":"2026-09-07T10:02:26Z","licence":"ODbL-1.0"},"geometry":{"type":"LineString","coordinates":[[-2.7466335,51.6102929],[-2.7475767,51.6104684],[-2.7496538,51.6108672]]}},{"type":"Feature","properties":{"disused:railway":"rail","electrified":"no","gauge":"1435","name":"RAF Caerwent","railway":"disused","service":"yard","usage":"military","source_id":"osm-way-195529491","dataset":"OpenStreetMap former/disused railway extract","publisher":"OpenStreetMap contributors","effective_date":"2026-09-07T10:02:26Z","licence":"ODbL-1.0"},"geometry":{"type":"LineString","coordinates":[[-2.763825,51.6170482],[-2.7630063,51.6169065],[-2.7623619,51.6167949],[-2.7621576,51.6167731],[-2.7615609,51.6167272]]}},{"type":"Feature","properties":{"disused:railway":"rail","electrified":"no","gauge":"1435","railway":"disused","service":"yard","usage":"military","source_id":"osm-way-195529492","dataset":"OpenStreetMap former/disused railway extract","publisher":"OpenStreetMap contributors","effective_date":"2026-09-07T10:02:26Z","licence":"ODbL-1.0"},"geometry":{"type":"LineString","coordinates":[[-2.7668673,51.619819],[-2.7667229,51.6196018],[-2.766659,51.6194749],[-2.7662887,51.618583],[-2.7662642,51.6184365]]}},{"type":"Feature","properties":{"disused:railway":"rail","electrified":"no","gauge":"1435","name":"RAF Caerwent","railway":"disused","service":"yard","usage":"military","source_id":"osm-way-195529493","dataset":"OpenStreetMap former/disused railway extract","publisher":"OpenStreetMap contributors","effective_date":"2026-09-07T10:02:26Z","licence":"ODbL-1.0"},"geometry":{"type":"LineString","coordinates":[[-2.750347,51.6111706],[-2.7501208,51.611074],[-2.7497957,51.6109647],[-2.7496196,51.6109212],[-2.7482633,51.6106654],[-2.7467005,51.6103706]]}},{"type":"Feature","properties":{"disused:railway":"rail","electrified":"no","gauge":"1435","name":"RAF Caerwent","railway":"disused","service":"yard","usage":"military","source_id":"osm-way-195529494","dataset":"OpenStreetMap former/disused railway extract","publisher":"OpenStreetMap contributors","effective_date":"2026-09-07T10:02:26Z","licence":"ODbL-1.0"},"geometry":{"type":"LineString","coordinates":[[-2.7728804,51.6170069],[-2.7730317,51.6171729],[-2.7731449,51.6172944],[-2.7732549,51.6174709],[-2.7737471,51.6183175]]}},{"type":"Feature","properties":{"disused:railway":"rail","electrified":"no","gauge":"1435","name":"RAF Caerwent","railway":"disused","service":"yard","usage":"military","source_id":"osm-way-195529495","dataset":"OpenStreetMap former/disused railway extract","publisher":"OpenStreetMap contributors","effective_date":"2026-09-07T10:02:26Z","licence":"ODbL-1.0"},"geometry":{"type":"LineString","coordinates":[[-2.7728025,51.6175032],[-2.7722308,51.6165256],[-2.7721513,51.616406],[-2.7719709,51.6162257],[-2.7717783,51.6160757],[-2.7714726,51.6159125],[-2.7710625,51.6157754]]}},{"type":"Feature","properties":{"disused:railway":"rail","electrified":"no","gauge":"1435","name":"RAF Caerwent","railway":"disused","service":"yard","usage":"military","source_id":"osm-way-195529496","dataset":"OpenStreetMap former/disused railway extract","publisher":"OpenStreetMap contributors","effective_date":"2026-09-07T10:02:26Z","licence":"ODbL-1.0"},"geometry":{"type":"LineString","coordinates":[[-2.7496196,51.6109212],[-2.7493533,51.6108385],[-2.7470665,51.610404],[-2.7467866,51.6103381],[-2.7466335,51.6102929],[-2.7464897,51.6102504],[-2.7462042,51.6101488],[-2.7459649,51.6100423]]}},{"type":"Feature","properties":{"bicycle":"designated","highway":"cycleway","horse":"designated","name":"Bristol and Gloucestershire Railway","railway":"abandoned","surface":"asphalt","source_id":"osm-way-196770714","dataset":"OpenStreetMap former/disused railway extract","publisher":"OpenStreetMap contributors","effective_date":"2026-09-07T10:02:26Z","licence":"ODbL-1.0"},"geometry":{"type":"LineString","coordinates":[[-2.45746,51.4939199],[-2.4582776,51.4934459],[-2.4582891,51.4934392],[-2.4584148,51.4933487]]}},{"type":"Feature","properties":{"bicycle":"designated","cycleway":"shared","foot":"yes","highway":"cycleway","oneway":"no","railway":"abandoned","segregated":"no","surface":"compacted","source_id":"osm-way-196771261","dataset":"OpenStreetMap former/disused railway extract","publisher":"OpenStreetMap contributors","effective_date":"2026-09-07T10:02:26Z","licence":"ODbL-1.0"},"geometry":{"type":"LineString","coordinates":[[-2.4500571,51.4987891],[-2.4498438,51.498859],[-2.4496772,51.498971],[-2.4492068,51.4992933],[-2.4489041,51.4993902],[-2.4488145,51.49943],[-2.448684,51.4994943],[-2.4476125,51.5002346]]}},{"type":"Feature","properties":{"abandoned:railway":"rail","name":"Bristol and Gloucester Line","railway":"abandoned","ref":"BGL2","wikidata":"Q16985307","wikipedia":"en:Bristol and Gloucestershire Railway","source_id":"osm-way-196775100","dataset":"OpenStreetMap former/disused railway extract","publisher":"OpenStreetMap contributors","effective_date":"2026-09-07T10:02:26Z","licence":"ODbL-1.0"},"geometry":{"type":"LineString","coordinates":[[-2.4568104,51.4943277],[-2.4561361,51.4947575],[-2.455221,51.4953607],[-2.4540749,51.4961175],[-2.4531059,51.4967581],[-2.4524527,51.497183],[-2.4520814,51.4974343],[-2.4514144,51.4978706],[-2.4504854,51.4985046],[-2.4500294,51.4987939],[-2.4497475,51.4989886]]}},{"type":"Feature","properties":{"abandoned:railway":"rail","bicycle":"designated","foot":"yes","highway":"cycleway","historic:railway":"rail","horse":"designated","motor_vehicle":"no","name":"Bristol and Gloucestershire Railway","railway":"abandoned","segregated":"no","surface":"asphalt","width":"2","wikidata":"Q16985307","wikipedia":"en:Bristol and Gloucestershire Railway","source_id":"osm-way-196793543","dataset":"OpenStreetMap former/disused railway extract","publisher":"OpenStreetMap contributors","effective_date":"2026-09-07T10:02:26Z","licence":"ODbL-1.0"},"geometry":{"type":"LineString","coordinates":[[-2.4651477,51.4900045],[-2.4651958,51.4899795],[-2.4659017,51.4896245],[-2.4673788,51.4888888],[-2.4678953,51.4885651],[-2.4684555,51.4881885],[-2.4687376,51.4879794],[-2.4690032,51.4877525]]}},{"type":"Feature","properties":{"abandoned:railway":"rail","bridge":"yes","name":"Castle Works","railway":"abandoned","service":"spur","source_id":"osm-way-203246360","dataset":"OpenStreetMap former/disused railway extract","publisher":"OpenStreetMap contributors","effective_date":"2026-09-07T10:02:26Z","licence":"ODbL-1.0"},"geometry":{"type":"LineString","coordinates":[[-3.0497325,51.5832147],[-3.0496156,51.583384]]}},{"type":"Feature","properties":{"name":"Nettlefolds Siding","railway":"razed","razed:railway":"rail","ref":"NSZ","service":"siding","source_id":"osm-way-203246361","dataset":"OpenStreetMap former/disused railway extract","publisher":"OpenStreetMap contributors","effective_date":"2026-09-07T10:02:26Z","licence":"ODbL-1.0"},"geometry":{"type":"LineString","coordinates":[[-3.0452543,51.5792506],[-3.0462618,51.5796714],[-3.047958,51.5803006],[-3.0488163,51.5804873],[-3.0499725,51.5806259]]}},{"type":"Feature","properties":{"bridge":"yes","name":"Castle Works","railway":"razed","razed:railway":"rail","service":"spur","source_id":"osm-way-203246362","dataset":"OpenStreetMap former/disused railway extract","publisher":"OpenStreetMap contributors","effective_date":"2026-09-07T10:02:26Z","licence":"ODbL-1.0"},"geometry":{"type":"LineString","coordinates":[[-3.0484681,51.5808138],[-3.0482174,51.5806497]]}},{"type":"Feature","properties":{"name":"Castle Works","railway":"razed","razed:railway":"rail","service":"spur","source_id":"osm-way-203246363","dataset":"OpenStreetMap former/disused railway extract","publisher":"OpenStreetMap contributors","effective_date":"2026-09-07T10:02:26Z","licence":"ODbL-1.0"},"geometry":{"type":"LineString","coordinates":[[-3.0535626,51.5815871],[-3.0529126,51.5815901],[-3.0523547,51.5816568],[-3.0518826,51.5817501],[-3.0514974,51.5817781],[-3.0509824,51.5817381],[-3.0504449,51.5816035],[-3.0501176,51.5815156],[-3.0495008,51.5813501],[-3.0492106,51.5812539],[-3.0489225,51.5811114],[-3.048725,51.5809821],[-3.0484681,51.5808138]]}},{"type":"Feature","properties":{"abandoned:railway":"rail","name":"Castle Works","railway":"abandoned","service":"spur","source_id":"osm-way-203246364","dataset":"OpenStreetMap former/disused railway extract","publisher":"OpenStreetMap contributors","effective_date":"2026-09-07T10:02:26Z","licence":"ODbL-1.0"},"geometry":{"type":"LineString","coordinates":[[-3.06156,51.58671],[-3.0601449,51.5853514],[-3.0595001,51.5847368],[-3.0589636,51.5840835],[-3.0584712,51.5834981],[-3.0578693,51.5830435],[-3.057011,51.5825368],[-3.0563029,51.5822701],[-3.0551656,51.5818968],[-3.0540498,51.5816435],[-3.0535626,51.5815871],[-3.0531271,51.5815368],[-3.0519695,51.5815115],[-3.0513032,51.5815018],[-3.0511096,51.581537],[-3.050961,51.5815818],[-3.050843,51.5816418],[-3.0507239,51.5817101],[-3.0501885,51.5824581],[-3.0497325,51.5832147]]}},{"type":"Feature","properties":{"abandoned:railway":"rail","name":"Castle Works","railway":"abandoned","service":"spur","source_id":"osm-way-203246365","dataset":"OpenStreetMap former/disused railway extract","publisher":"OpenStreetMap contributors","effective_date":"2026-09-07T10:02:26Z","licence":"ODbL-1.0"},"geometry":{"type":"LineString","coordinates":[[-3.0496156,51.583384],[-3.0495437,51.5835101],[-3.0495448,51.5837515],[-3.0496081,51.5840435],[-3.0498666,51.5843515],[-3.0501016,51.5845635],[-3.0505318,51.5847781],[-3.0516476,51.5852181],[-3.0563029,51.5875633],[-3.0576547,51.5884732]]}},{"type":"Feature","properties":{"bicycle":"designated","bridge":"yes","bridge:name":"Dartmouth Avenue Bridge","foot":"designated","highway":"cycleway","horse":"no","layer":"1","lit":"no","name":"Linear Park","old_name":"Somerset and Dorset Joint Railway","old_ref":"SAD","railway":"abandoned","segregated":"no","surface":"asphalt","wikidata":"Q7559923","wikipedia":"en:Somerset and Dorset Joint Railway","source_id":"osm-way-204333801","dataset":"OpenStreetMap former/disused railway extract","publisher":"OpenStreetMap contributors","effective_date":"2026-09-07T10:02:26Z","licence":"ODbL-1.0"},"geometry":{"type":"LineString","coordinates":[[-2.384418,51.3769182],[-2.3840351,51.3766338]]}},{"type":"Feature","properties":{"railway":"razed","razed:railway":"rail","service":"siding","source_id":"osm-way-206145080","dataset":"OpenStreetMap former/disused railway extract","publisher":"OpenStreetMap contributors","effective_date":"2026-09-07T10:02:26Z","licence":"ODbL-1.0"},"geometry":{"type":"LineString","coordinates":[[-2.984882,51.5625568],[-2.9843635,51.5626332],[-2.9838809,51.5626797],[-2.9832815,51.5627229],[-2.9825446,51.5627581],[-2.9815964,51.5627909]]}},{"type":"Feature","properties":{"bridge":"movable","description":"Old swing bridge","layer":"1","railway":"razed","razed:railway":"rail","service":"siding","source_id":"osm-way-206145081","dataset":"OpenStreetMap former/disused railway extract","publisher":"OpenStreetMap contributors","effective_date":"2026-09-07T10:02:26Z","licence":"ODbL-1.0"},"geometry":{"type":"LineString","coordinates":[[-2.9852058,51.5625013],[-2.984882,51.5625568]]}},{"type":"Feature","properties":{"railway":"razed","razed:railway":"rail","service":"siding","source_id":"osm-way-206145082","dataset":"OpenStreetMap former/disused railway extract","publisher":"OpenStreetMap contributors","effective_date":"2026-09-07T10:02:26Z","licence":"ODbL-1.0"},"geometry":{"type":"LineString","coordinates":[[-2.9895659,51.5629704],[-2.9893377,51.5628677],[-2.9891083,51.5627945],[-2.9887768,51.5626994],[-2.9883383,51.5626037],[-2.9876803,51.5624785],[-2.9872174,51.5624048],[-2.986734,51.5623564],[-2.9862786,51.5623546],[-2.9857277,51.5624118],[-2.9852058,51.5625013]]}},{"type":"Feature","properties":{"bicycle":"designated","bridge":"yes","bridge:name":"Lyn Brook Bridge","foot":"designated","highway":"cycleway","horse":"no","layer":"1","lit":"no","name":"Two Tunnels Greenway","old_name":"Somerset and Dorset Joint Railway","old_ref":"SAD","railway":"abandoned","segregated":"no","source":"survey","surface":"asphalt","wikidata":"Q7559923","wikipedia":"en:Somerset and Dorset Joint Railway","source_id":"osm-way-206905949","dataset":"OpenStreetMap former/disused railway extract","publisher":"OpenStreetMap contributors","effective_date":"2026-09-07T10:02:26Z","licence":"ODbL-1.0"},"geometry":{"type":"LineString","coordinates":[[-2.3615436,51.3693826],[-2.3614712,51.3693847]]}},{"type":"Feature","properties":{"bicycle":"designated","foot":"designated","highway":"cycleway","horse":"no","lit":"no","name":"Two Tunnels Greenway","old_name":"Somerset and Dorset Joint Railway","old_ref":"SAD","railway":"abandoned","segregated":"no","source":"survey","surface":"asphalt","wikidata":"Q7559923","wikipedia":"en:Somerset and Dorset Joint Railway","source_id":"osm-way-206905950","dataset":"OpenStreetMap former/disused railway extract","publisher":"OpenStreetMap contributors","effective_date":"2026-09-07T10:02:26Z","licence":"ODbL-1.0"},"geometry":{"type":"LineString","coordinates":[[-2.3632742,51.3693756],[-2.3623134,51.369363],[-2.3615436,51.3693826]]}},{"type":"Feature","properties":{"abandoned:railway":"rail","name":"Cwmcarn Branch","railway":"abandoned","ref":"CMC","source":"OS 1:25k","source_id":"osm-way-210111984","dataset":"OpenStreetMap former/disused railway extract","publisher":"OpenStreetMap contributors","effective_date":"2026-09-07T10:02:26Z","licence":"ODbL-1.0"},"geometry":{"type":"LineString","coordinates":[[-3.1107885,51.6348917],[-3.1128913,51.6354777],[-3.1141573,51.6358905]]}},{"type":"Feature","properties":{"abandoned:railway":"rail","name":"Cwmcarn Branch","railway":"abandoned","ref":"CMC","source":"OS 1:25k","source_id":"osm-way-210112010","dataset":"OpenStreetMap former/disused railway extract","publisher":"OpenStreetMap contributors","effective_date":"2026-09-07T10:02:26Z","licence":"ODbL-1.0"},"geometry":{"type":"LineString","coordinates":[[-3.1294239,51.6290812],[-3.1295811,51.6296207],[-3.1295156,51.6298646],[-3.1294191,51.6300256],[-3.1292635,51.6302341],[-3.1278773,51.6309285],[-3.1273137,51.6312453],[-3.1268514,51.6315873],[-3.1263844,51.6320511],[-3.1261649,51.6323671],[-3.1260575,51.6326975],[-3.1258567,51.6332657],[-3.1255531,51.6338686],[-3.1252729,51.6342918],[-3.1249507,51.6346193],[-3.1245211,51.6349381],[-3.1241661,51.6351497],[-3.1238206,51.6353352],[-3.1231247,51.6355961],[-3.1214155,51.6360686],[-3.1198651,51.6364309],[-3.1190338,51.6365178],[-3.1178336,51.6365004],[-3.1166241,51.6363903],[-3.1152302,51.6362235],[-3.1141573,51.6358905],[-3.1126124,51.635198],[-3.1118613,51.6348783],[-3.1111318,51.6347185]]}},{"type":"Feature","properties":{"bicycle":"designated","foot":"designated","highway":"cycleway","horse":"permissive","name":"Two Tunnels Greenway","old_name":"Somerset and Dorset Joint Railway","old_ref":"SAD","railway":"abandoned","segregated":"no","source":"NPE","surface":"asphalt","wikidata":"Q7559923","wikipedia":"en:Somerset and Dorset Joint Railway","source_id":"osm-way-215903966","dataset":"OpenStreetMap former/disused railway extract","publisher":"OpenStreetMap contributors","effective_date":"2026-09-07T10:02:26Z","licence":"ODbL-1.0"},"geometry":{"type":"LineString","coordinates":[[-2.3445129,51.339475],[-2.3442387,51.3400882],[-2.3440719,51.340734],[-2.3440197,51.3409971],[-2.3440044,51.3412453],[-2.3439958,51.3416097],[-2.3440359,51.3419571],[-2.3440516,51.3419953],[-2.3441305,51.3422832],[-2.3442324,51.3426031],[-2.3444948,51.3430757]]}},{"type":"Feature","properties":{"bicycle":"designated","foot":"designated","highway":"cycleway","horse":"permissive","old_name":"Somerset and Dorset Joint Railway","old_ref":"SAD","railway":"abandoned","segregated":"no","source":"NPE","surface":"compacted","wikidata":"Q7559923","wikipedia":"en:Somerset and Dorset Joint Railway","source_id":"osm-way-215903968","dataset":"OpenStreetMap former/disused railway extract","publisher":"OpenStreetMap contributors","effective_date":"2026-09-07T10:02:26Z","licence":"ODbL-1.0"},"geometry":{"type":"LineString","coordinates":[[-2.3566593,51.3258711],[-2.3561202,51.3262566],[-2.3547962,51.3272537],[-2.3535997,51.3281545],[-2.3531682,51.3285057],[-2.3528554,51.3288309],[-2.3522157,51.3296768],[-2.3518962,51.330215],[-2.351862,51.3302785],[-2.3517986,51.3304868],[-2.351549,51.3313329],[-2.3514028,51.3317547],[-2.3512831,51.3319897],[-2.350878,51.3325997],[-2.3507013,51.3328422],[-2.3505042,51.3330435],[-2.3503396,51.3332071],[-2.3502418,51.3332844],[-2.3501902,51.333322]]}},{"type":"Feature","properties":{"bicycle":"designated","cycleway":"shared","foot":"yes","highway":"cycleway","lit":"no","oneway":"no","railway":"abandoned","segregated":"no","surface":"compacted","source_id":"osm-way-217549173","dataset":"OpenStreetMap former/disused railway extract","publisher":"OpenStreetMap contributors","effective_date":"2026-09-07T10:02:26Z","licence":"ODbL-1.0"},"geometry":{"type":"LineString","coordinates":[[-2.447497,51.5003109],[-2.4472997,51.5004568],[-2.4471588,51.5005993],[-2.446762,51.5010393],[-2.4463267,51.5015032],[-2.446086,51.5017361],[-2.4458333,51.5019629],[-2.444397,51.5032001],[-2.4442333,51.5034022],[-2.4441482,51.5035623],[-2.4439645,51.5040695],[-2.4436006,51.5051297],[-2.4433595,51.5060516],[-2.4433647,51.5060933],[-2.4434001,51.5061289],[-2.4434625,51.5061572]]}},{"type":"Feature","properties":{"bicycle":"designated","bridge":"yes","cycleway":"shared","foot":"yes","highway":"cycleway","layer":"1","railway":"abandoned","segregated":"no","surface":"compacted","source_id":"osm-way-217549175","dataset":"OpenStreetMap former/disused railway extract","publisher":"OpenStreetMap contributors","effective_date":"2026-09-07T10:02:26Z","licence":"ODbL-1.0"},"geometry":{"type":"LineString","coordinates":[[-2.4476125,51.5002346],[-2.447497,51.5003109]]}},{"type":"Feature","properties":{"bicycle":"designated","cycleway":"shared","designation":"public_footpath","foot":"designated","highway":"cycleway","prow_ref":"LWE 63","railway":"abandoned","segregated":"no","surface":"gravel","source_id":"osm-way-217756404","dataset":"OpenStreetMap former/disused railway extract","publisher":"OpenStreetMap contributors","effective_date":"2026-09-07T10:02:26Z","licence":"ODbL-1.0"},"geometry":{"type":"LineString","coordinates":[[-2.4442834,51.5065841],[-2.4441233,51.5068674],[-2.4439306,51.5073355],[-2.4438007,51.5076066],[-2.4436727,51.5078528],[-2.4434128,51.5083366],[-2.443057,51.5089084],[-2.4430257,51.5089696],[-2.4430226,51.5090494],[-2.4430643,51.5091013],[-2.4431617,51.5091406],[-2.4432623,51.5091723],[-2.4433934,51.5091833],[-2.4435217,51.5091736],[-2.4436318,51.5091889],[-2.4438316,51.509269],[-2.4441365,51.509346],[-2.4442059,51.509396],[-2.4442217,51.509499],[-2.4442542,51.5096706],[-2.4442914,51.5098178],[-2.4443719,51.5100148],[-2.4444685,51.5101967],[-2.4446039,51.5103691],[-2.4446855,51.5104636]]}},{"type":"Feature","properties":{"bridge":"yes","bridge:ref":"6","highway":"cycleway","layer":"1","name":"Bristol & Bath Railway Path","railway":"abandoned","surface":"asphalt","width":"3","source_id":"osm-way-218735185","dataset":"OpenStreetMap former/disused railway extract","publisher":"OpenStreetMap contributors","effective_date":"2026-09-07T10:02:26Z","licence":"ODbL-1.0"},"geometry":{"type":"LineString","coordinates":[[-2.5633553,51.4606949],[-2.5639225,51.4603521]]}},{"type":"Feature","properties":{"highway":"cycleway","name":"Bristol & Bath Railway Path","railway":"abandoned","surface":"asphalt","width":"3","source_id":"osm-way-218735186","dataset":"OpenStreetMap former/disused railway extract","publisher":"OpenStreetMap contributors","effective_date":"2026-09-07T10:02:26Z","licence":"ODbL-1.0"},"geometry":{"type":"LineString","coordinates":[[-2.5631477,51.4608425],[-2.5632588,51.4607662],[-2.5633195,51.4607206],[-2.5633553,51.4606949]]}},{"type":"Feature","properties":{"abandoned:railway":"rail","name":"Avonmouth Branch","railway":"abandoned","ref":"AMB","source_id":"osm-way-223181936","dataset":"OpenStreetMap former/disused railway extract","publisher":"OpenStreetMap contributors","effective_date":"2026-09-07T10:02:26Z","licence":"ODbL-1.0"},"geometry":{"type":"LineString","coordinates":[[-2.6265344,51.5572709],[-2.6344633,51.5613505]]}},{"type":"Feature","properties":{"abandoned:railway":"rail","name":"Coalpit Heath Colliery Branch","railway":"abandoned","ref":"CHZ","source":"NPE","source_id":"osm-way-233850708","dataset":"OpenStreetMap former/disused railway extract","publisher":"OpenStreetMap contributors","effective_date":"2026-09-07T10:02:26Z","licence":"ODbL-1.0"},"geometry":{"type":"LineString","coordinates":[[-2.4621085,51.5141538],[-2.4594922,51.5138481],[-2.4587085,51.5137358],[-2.4562626,51.5133215],[-2.4511306,51.5125324],[-2.4473816,51.5119309],[-2.4469336,51.5118066],[-2.446244,51.5115856],[-2.4457419,51.511369],[-2.4454062,51.5111516],[-2.4450984,51.5109006],[-2.4448282,51.510674],[-2.4447297,51.5105357],[-2.4443889,51.5100753],[-2.4442601,51.5097422],[-2.4441817,51.5093709],[-2.4441904,51.5089918],[-2.4441904,51.5086886],[-2.4442495,51.5077514],[-2.4443088,51.506969],[-2.4443693,51.5063472],[-2.444458,51.5056747]]}},{"type":"Feature","properties":{"abandoned:railway":"rail","name":"Newport Monmouthshire Loop","railway":"abandoned","ref":"NML","source_id":"osm-way-234864090","dataset":"OpenStreetMap former/disused railway extract","publisher":"OpenStreetMap contributors","effective_date":"2026-09-07T10:02:26Z","licence":"ODbL-1.0"},"geometry":{"type":"LineString","coordinates":[[-2.9971885,51.5712841],[-2.9974162,51.5714869]]}},{"type":"Feature","properties":{"name":"Monmouthshire Bank Sidings","railway":"razed","razed:railway":"rail","service":"siding","source":"OS 1:25k","source_id":"osm-way-234864091","dataset":"OpenStreetMap former/disused railway extract","publisher":"OpenStreetMap contributors","effective_date":"2026-09-07T10:02:26Z","licence":"ODbL-1.0"},"geometry":{"type":"LineString","coordinates":[[-3.0004367,51.5760244],[-2.9999861,51.575611],[-2.999793,51.575291],[-2.9997286,51.5749309],[-2.9998359,51.5745842],[-2.9999647,51.5742775]]}},{"type":"Feature","properties":{"name":"Monmouthshire Bank Sidings","railway":"razed","razed:railway":"rail","service":"siding","source":"OS 1:25k","source_id":"osm-way-234864092","dataset":"OpenStreetMap former/disused railway extract","publisher":"OpenStreetMap contributors","effective_date":"2026-09-07T10:02:26Z","licence":"ODbL-1.0"},"geometry":{"type":"LineString","coordinates":[[-3.0037841,51.5769312],[-3.0042991,51.5768112],[-3.0050287,51.5765312],[-3.0057318,51.5762711]]}},{"type":"Feature","properties":{"name":"Monmouthshire Bank Sidings","railway":"razed","razed:railway":"rail","service":"siding","source":"OS 1:25k","source_id":"osm-way-234864098","dataset":"OpenStreetMap former/disused railway extract","publisher":"OpenStreetMap contributors","effective_date":"2026-09-07T10:02:26Z","licence":"ODbL-1.0"},"geometry":{"type":"LineString","coordinates":[[-3.0063698,51.5761045],[-3.0060731,51.5762157],[-3.0057318,51.5762711],[-3.0055222,51.5762912],[-3.0048345,51.5763498],[-3.0044525,51.5763633],[-3.0041257,51.5763428],[-3.0038485,51.5763045],[-3.0033335,51.5762111],[-3.0025213,51.5759163],[-3.00192,51.5756039],[-3.0003294,51.5746242],[-2.9999647,51.5742775],[-2.9992995,51.573664],[-2.998291,51.5725571],[-2.9979262,51.5721837],[-2.997112,51.5713097]]}},{"type":"Feature","properties":{"bridge":"yes","layer":"1","railway":"razed","razed:railway":"rail","source_id":"osm-way-234864100","dataset":"OpenStreetMap former/disused railway extract","publisher":"OpenStreetMap contributors","effective_date":"2026-09-07T10:02:26Z","licence":"ODbL-1.0"},"geometry":{"type":"LineString","coordinates":[[-3.0083802,51.5748805],[-3.0079,51.5752331],[-3.0077557,51.5753178],[-3.007597,51.5754032]]}},{"type":"Feature","properties":{"name":"Monmouthshire Bank Sidings","railway":"razed","razed:railway":"rail","service":"siding","source":"OS 1:25k","source_id":"osm-way-234864101","dataset":"OpenStreetMap former/disused railway extract","publisher":"OpenStreetMap contributors","effective_date":"2026-09-07T10:02:26Z","licence":"ODbL-1.0"},"geometry":{"type":"LineString","coordinates":[[-3.0060731,51.5762157],[-3.0055651,51.5764378],[-3.0048785,51.5767312],[-3.0042133,51.5769712],[-3.0035481,51.5771046],[-3.0032278,51.5771134],[-3.0029258,51.5770893],[-3.0026152,51.5770218],[-3.002325,51.5769179],[-3.0009517,51.5761445],[-3.0002865,51.5756777],[-3.000029,51.5753043],[-2.9999647,51.5748242],[-2.9999647,51.5742775]]}},{"type":"Feature","properties":{"railway":"razed","razed:railway":"rail","service":"siding","source":"OS 1:25k","source_id":"osm-way-234864111","dataset":"OpenStreetMap former/disused railway extract","publisher":"OpenStreetMap contributors","effective_date":"2026-09-07T10:02:26Z","licence":"ODbL-1.0"},"geometry":{"type":"LineString","coordinates":[[-2.9984011,51.5776671],[-2.9995285,51.5778259],[-2.9998334,51.5778492],[-3.0002436,51.5778647],[-3.0008203,51.577858],[-3.0015479,51.5777658]]}},{"type":"Feature","properties":{"railway":"razed","razed:railway":"rail","service":"siding","source":"OS 1:25k","source_id":"osm-way-234865651","dataset":"OpenStreetMap former/disused railway extract","publisher":"OpenStreetMap contributors","effective_date":"2026-09-07T10:02:26Z","licence":"ODbL-1.0"},"geometry":{"type":"LineString","coordinates":[[-2.9983848,51.5776947],[-2.9995221,51.577853],[-3.0001712,51.5778864],[-3.0004928,51.5778723],[-3.0008203,51.577858]]}},{"type":"Feature","properties":{"railway":"razed","razed:railway":"rail","service":"siding","source":"OS 1:25k","source_id":"osm-way-234865652","dataset":"OpenStreetMap former/disused railway extract","publisher":"OpenStreetMap contributors","effective_date":"2026-09-07T10:02:26Z","licence":"ODbL-1.0"},"geometry":{"type":"LineString","coordinates":[[-2.9983661,51.577763],[-2.9994792,51.5779047],[-3.0000237,51.5779197],[-3.0008203,51.577858]]}},{"type":"Feature","properties":{"name":"George Street Line","railway":"razed","razed:railway":"rail","ref":"NNM","source_id":"osm-way-234865653","dataset":"OpenStreetMap former/disused railway extract","publisher":"OpenStreetMap contributors","effective_date":"2026-09-07T10:02:26Z","licence":"ODbL-1.0"},"geometry":{"type":"LineString","coordinates":[[-2.9883692,51.582708],[-2.9887555,51.5827247],[-2.9891404,51.5827305],[-2.989407,51.5827142],[-2.9898858,51.5826433],[-2.9902334,51.5825605],[-2.990443,51.5825012],[-2.9906013,51.5824462],[-2.990747,51.582388],[-2.9910392,51.5822767],[-2.9915346,51.58206],[-2.9917874,51.581961],[-2.9921545,51.5818297],[-2.9923883,51.5817492],[-2.9930501,51.5814334],[-2.9933503,51.581265],[-2.9937312,51.5810011]]}},{"type":"Feature","properties":{"railway":"razed","razed:railway":"rail","service":"siding","source":"OS 1:25k","source_id":"osm-way-234865654","dataset":"OpenStreetMap former/disused railway extract","publisher":"OpenStreetMap contributors","effective_date":"2026-09-07T10:02:26Z","licence":"ODbL-1.0"},"geometry":{"type":"LineString","coordinates":[[-2.9983741,51.5777313],[-2.999498,51.5778797],[-3.000088,51.577903],[-3.0004928,51.5778723]]}},{"type":"Feature","properties":{"name":"Llanarth Branch","railway":"razed","razed:railway":"rail","ref":"LLH","source_id":"osm-way-234865655","dataset":"OpenStreetMap former/disused railway extract","publisher":"OpenStreetMap contributors","effective_date":"2026-09-07T10:02:26Z","licence":"ODbL-1.0"},"geometry":{"type":"LineString","coordinates":[[-2.9925528,51.5870072],[-2.9920065,51.5861606],[-2.9918429,51.5856583],[-2.991778,51.5852235],[-2.9918086,51.5845975],[-2.9918724,51.5841247],[-2.9919878,51.583555],[-2.9921479,51.582904],[-2.9923677,51.582463],[-2.9929792,51.5817842],[-2.9931793,51.5815649],[-2.9937312,51.5810011],[-2.9940205,51.5807779],[-2.9949058,51.5802029],[-2.9967538,51.5791578],[-2.9975472,51.5786987],[-2.998258,51.5782946],[-2.9986511,51.5781449],[-2.9990563,51.5780493],[-2.9995866,51.5779848]]}},{"type":"Feature","properties":{"railway":"razed","razed:railway":"rail","service":"siding","source":"OS 1:25k","source_id":"osm-way-234865656","dataset":"OpenStreetMap former/disused railway extract","publisher":"OpenStreetMap contributors","effective_date":"2026-09-07T10:02:26Z","licence":"ODbL-1.0"},"geometry":{"type":"LineString","coordinates":[[-2.9979584,51.5777664],[-2.9980576,51.5777831],[-2.9984331,51.5778464],[-2.9992566,51.577938],[-2.999455,51.577948],[-2.9998627,51.577958],[-3.0001229,51.5779514],[-3.0008519,51.5778967]]}},{"type":"Feature","properties":{"railway":"razed","razed:railway":"rail","service":"siding","source":"OS 1:25k","source_id":"osm-way-234865657","dataset":"OpenStreetMap former/disused railway extract","publisher":"OpenStreetMap contributors","effective_date":"2026-09-07T10:02:26Z","licence":"ODbL-1.0"},"geometry":{"type":"LineString","coordinates":[[-3.001003,51.5778732],[-2.9999512,51.5779414],[-2.9994711,51.5779264],[-2.9992547,51.5779122],[-2.9984567,51.577822],[-2.9980439,51.5777476],[-2.99794,51.5777311]]}},{"type":"Feature","properties":{"name":"Newport Town Dock East Side","railway":"razed","railway:track_ref":"NTD","razed:railway":"rail","service":"yard","source_id":"osm-way-244684495","dataset":"OpenStreetMap former/disused railway extract","publisher":"OpenStreetMap contributors","effective_date":"2026-09-07T10:02:26Z","licence":"ODbL-1.0"},"geometry":{"type":"LineString","coordinates":[[-2.9779855,51.5762012],[-2.9789044,51.5769596],[-2.9790414,51.5770727],[-2.9790646,51.5770918],[-2.9790975,51.577119],[-2.9793266,51.577308],[-2.9793701,51.5773394],[-2.980726,51.5783181],[-2.9827813,51.5798016],[-2.9830173,51.5799233],[-2.9832319,51.5800516],[-2.9835055,51.5801983],[-2.9836611,51.580265],[-2.98416,51.580475],[-2.9846803,51.5807416],[-2.9851148,51.5810317],[-2.9855064,51.5813184],[-2.9856488,51.5814862]]}},{"type":"Feature","properties":{"abandoned:railway":"rail","bridge":"yes","layer":"1","name":"Somerset and Dorset Line","railway":"abandoned","ref":"SAD","source":"NPE","source_id":"osm-way-249211848","dataset":"OpenStreetMap former/disused railway extract","publisher":"OpenStreetMap contributors","effective_date":"2026-09-07T10:02:26Z","licence":"ODbL-1.0"},"geometry":{"type":"LineString","coordinates":[[-2.3777346,51.3203531],[-2.3777772,51.3203238]]}},{"type":"Feature","properties":{"bicycle":"designated","foot":"designated","highway":"cycleway","horse":"no","lit":"no","name":"Linear Park","old_name":"Somerset and Dorset Joint Railway","old_ref":"SAD","railway":"abandoned","segregated":"no","surface":"asphalt","wikidata":"Q7559923","wikipedia":"en:Somerset and Dorset Joint Railway","source_id":"osm-way-266869949","dataset":"OpenStreetMap former/disused railway extract","publisher":"OpenStreetMap contributors","effective_date":"2026-09-07T10:02:26Z","licence":"ODbL-1.0"},"geometry":{"type":"LineString","coordinates":[[-2.3846465,51.3802742],[-2.3846621,51.3802567],[-2.3847167,51.38019],[-2.3847871,51.3800787],[-2.3848518,51.3799442],[-2.384893,51.379843]]}},{"type":"Feature","properties":{"abandoned:railway":"rail","electrified":"no","gauge":"1435","railway":"abandoned","service":"yard","source":"Bing","usage":"industrial","source_id":"osm-way-267049178","dataset":"OpenStreetMap former/disused railway extract","publisher":"OpenStreetMap contributors","effective_date":"2026-09-07T10:02:26Z","licence":"ODbL-1.0"},"geometry":{"type":"LineString","coordinates":[[-2.6902518,51.5231323],[-2.6900923,51.523589],[-2.6900168,51.5237597],[-2.6898809,51.5239153]]}},{"type":"Feature","properties":{"bicycle":"designated","foot":"designated","highway":"cycleway","horse":"no","lit":"no","name":"Linear Park","old_name":"Somerset and Dorset Joint Railway","old_ref":"SAD","railway":"abandoned","segregated":"no","surface":"asphalt","wikidata":"Q7559923","wikipedia":"en:Somerset and Dorset Joint Railway","source_id":"osm-way-272198834","dataset":"OpenStreetMap former/disused railway extract","publisher":"OpenStreetMap contributors","effective_date":"2026-09-07T10:02:26Z","licence":"ODbL-1.0"},"geometry":{"type":"LineString","coordinates":[[-2.3846465,51.3802742],[-2.3844782,51.3804434],[-2.3842953,51.3806451],[-2.3841275,51.3808431],[-2.3839907,51.3810179],[-2.3837635,51.3812323],[-2.3835586,51.3813772],[-2.3833616,51.3814903],[-2.3831715,51.3815857]]}},{"type":"Feature","properties":{"name":"Torpedo Launching Rails","railway":"disused","source_id":"osm-way-280316265","dataset":"OpenStreetMap former/disused railway extract","publisher":"OpenStreetMap contributors","effective_date":"2026-09-07T10:02:26Z","licence":"ODbL-1.0"},"geometry":{"type":"LineString","coordinates":[[-3.0351877,51.3284412],[-3.0349537,51.3283925],[-3.0348578,51.3283725]]}},{"type":"Feature","properties":{"bicycle":"designated","foot":"designated","highway":"cycleway","name":"Bristol & Bath Railway Path","oneway":"no","railway":"abandoned","smoothness":"excellent","surface":"asphalt","source_id":"osm-way-306261380","dataset":"OpenStreetMap former/disused railway extract","publisher":"OpenStreetMap contributors","effective_date":"2026-09-07T10:02:26Z","licence":"ODbL-1.0"},"geometry":{"type":"LineString","coordinates":[[-2.5142091,51.4792632],[-2.5140599,51.4792618],[-2.5136141,51.4792593],[-2.5131361,51.4792604],[-2.5130421,51.479251],[-2.5129034,51.4792316],[-2.5112404,51.4791903]]}},{"type":"Feature","properties":{"disused:railway":"rail","name":"Kingsland Road Sidings","railway":"disused","ref":"KRS","service":"yard","source_id":"osm-way-308647580","dataset":"OpenStreetMap former/disused railway extract","publisher":"OpenStreetMap contributors","effective_date":"2026-09-07T10:02:26Z","licence":"ODbL-1.0"},"geometry":{"type":"LineString","coordinates":[[-2.5709751,51.4514579],[-2.5701758,51.4514261],[-2.5697896,51.4514161],[-2.5697102,51.4514215]]}},{"type":"Feature","properties":{"disused:railway":"rail","railway":"disused","service":"yard","source_id":"osm-way-308647581","dataset":"OpenStreetMap former/disused railway extract","publisher":"OpenStreetMap contributors","effective_date":"2026-09-07T10:02:26Z","licence":"ODbL-1.0"},"geometry":{"type":"LineString","coordinates":[[-2.5730404,51.4515615],[-2.5725185,51.4515167]]}},{"type":"Feature","properties":{"bicycle":"designated","foot":"designated","highway":"cycleway","horse":"no","lit":"no","name":"Two Tunnels Greenway","old_name":"Somerset and Dorset Joint Railway","old_ref":"SAD","railway":"abandoned","segregated":"no","source":"survey","surface":"asphalt","wikidata":"Q7559923","wikipedia":"en:Somerset and Dorset Joint Railway","source_id":"osm-way-309840058","dataset":"OpenStreetMap former/disused railway extract","publisher":"OpenStreetMap contributors","effective_date":"2026-09-07T10:02:26Z","licence":"ODbL-1.0"},"geometry":{"type":"LineString","coordinates":[[-2.3601775,51.36941],[-2.3595767,51.3693618],[-2.3588815,51.3692713],[-2.358306,51.3691836]]}},{"type":"Feature","properties":{"abandoned:railway":"rail","railway":"abandoned","source_id":"osm-way-326964578","dataset":"OpenStreetMap former/disused railway extract","publisher":"OpenStreetMap contributors","effective_date":"2026-09-07T10:02:26Z","licence":"ODbL-1.0"},"geometry":{"type":"LineString","coordinates":[[-3.0358211,51.6408835],[-3.0372641,51.6412431],[-3.0377952,51.6413396],[-3.0384389,51.6413995],[-3.0391792,51.6413962],[-3.0416898,51.641333],[-3.0432133,51.6413396],[-3.0450694,51.6413729],[-3.0474404,51.6413529],[-3.0507503,51.6412864],[-3.054441,51.641303],[-3.056737,51.641313],[-3.0596338,51.6412764]]}},{"type":"Feature","properties":{"abandoned:railway":"rail","railway":"abandoned","service":"siding","usage":"military","source_id":"osm-way-335148793","dataset":"OpenStreetMap former/disused railway extract","publisher":"OpenStreetMap contributors","effective_date":"2026-09-07T10:02:26Z","licence":"ODbL-1.0"},"geometry":{"type":"LineString","coordinates":[[-2.7175618,51.4293256],[-2.7173722,51.4292777],[-2.7137722,51.427814],[-2.7138956,51.4278955],[-2.7170699,51.4291997],[-2.7173722,51.4292777]]}},{"type":"Feature","properties":{"abandoned:railway":"rail","railway":"abandoned","service":"siding","usage":"military","source_id":"osm-way-335148794","dataset":"OpenStreetMap former/disused railway extract","publisher":"OpenStreetMap contributors","effective_date":"2026-09-07T10:02:26Z","licence":"ODbL-1.0"},"geometry":{"type":"LineString","coordinates":[[-2.7173091,51.4292235],[-2.7170704,51.4290331],[-2.7141149,51.4278233],[-2.7134144,51.4275307]]}},{"type":"Feature","properties":{"abandoned:railway":"rail","railway":"abandoned","service":"siding","usage":"military","source_id":"osm-way-335148795","dataset":"OpenStreetMap former/disused railway extract","publisher":"OpenStreetMap contributors","effective_date":"2026-09-07T10:02:26Z","licence":"ODbL-1.0"},"geometry":{"type":"LineString","coordinates":[[-2.7171985,51.4291789],[-2.7170349,51.4290641],[-2.7139841,51.4278217],[-2.7138003,51.4277845]]}},{"type":"Feature","properties":{"highway":"cycleway","name":"Bristol & Bath Railway Path","railway":"abandoned","segregated":"no","surface":"asphalt","width":"3","source_id":"osm-way-340292786","dataset":"OpenStreetMap former/disused railway extract","publisher":"OpenStreetMap contributors","effective_date":"2026-09-07T10:02:26Z","licence":"ODbL-1.0"},"geometry":{"type":"LineString","coordinates":[[-2.5641975,51.4602019],[-2.5640542,51.4602968],[-2.5639646,51.4603783]]}},{"type":"Feature","properties":{"abandoned:railway":"rail","railway":"abandoned","service":"siding","usage":"military","source_id":"osm-way-340730948","dataset":"OpenStreetMap former/disused railway extract","publisher":"OpenStreetMap contributors","effective_date":"2026-09-07T10:02:26Z","licence":"ODbL-1.0"},"geometry":{"type":"LineString","coordinates":[[-2.7137722,51.427814],[-2.7128807,51.4274078],[-2.7127948,51.4273285]]}},{"type":"Feature","properties":{"abandoned:railway":"rail","railway":"abandoned","service":"siding","usage":"military","source_id":"osm-way-340730949","dataset":"OpenStreetMap former/disused railway extract","publisher":"OpenStreetMap contributors","effective_date":"2026-09-07T10:02:26Z","licence":"ODbL-1.0"},"geometry":{"type":"LineString","coordinates":[[-2.7129432,51.4273975],[-2.71283,51.427306],[-2.7122993,51.427053],[-2.7089277,51.4254478],[-2.7083102,51.4251618],[-2.7081922,51.425115],[-2.7080661,51.4250673],[-2.7079736,51.4250347],[-2.7078717,51.4250012],[-2.7078113,51.424982],[-2.7077349,51.4249586],[-2.7075546,51.424913],[-2.7073621,51.4248783],[-2.7071971,51.424849]]}},{"type":"Feature","properties":{"abandoned:railway":"rail","railway":"abandoned","service":"siding","usage":"military","source_id":"osm-way-340730951","dataset":"OpenStreetMap former/disused railway extract","publisher":"OpenStreetMap contributors","effective_date":"2026-09-07T10:02:26Z","licence":"ODbL-1.0"},"geometry":{"type":"LineString","coordinates":[[-2.7071971,51.424849],[-2.7074975,51.4249168],[-2.7075512,51.4249302],[-2.7075968,51.4249427],[-2.7076866,51.424972],[-2.7077912,51.4250113],[-2.7079106,51.4250614],[-2.7080514,51.4251275],[-2.7086141,51.4253888],[-2.7088936,51.4255214],[-2.709481,51.4258023],[-2.7101864,51.426136],[-2.7107805,51.4264178],[-2.7110848,51.4265635],[-2.7113814,51.4266979],[-2.7119299,51.4269538],[-2.7125401,51.427244],[-2.7128807,51.4274078]]}},{"type":"Feature","properties":{"foot":"yes","highway":"cycleway","incline":"up","name":"Bristol & Bath Railway Path","oneway":"no","railway":"abandoned","segregated":"no","surface":"asphalt","width":"2","source_id":"osm-way-350604936","dataset":"OpenStreetMap former/disused railway extract","publisher":"OpenStreetMap contributors","effective_date":"2026-09-07T10:02:26Z","licence":"ODbL-1.0"},"geometry":{"type":"LineString","coordinates":[[-2.4771453,51.4336057],[-2.4771467,51.4337686],[-2.4771287,51.4339973],[-2.4770991,51.4342895],[-2.4770354,51.4346801],[-2.4768731,51.435307],[-2.4767169,51.4357629],[-2.4764882,51.4362927],[-2.4763246,51.4365995],[-2.4761318,51.4369129],[-2.4755452,51.4376757]]}},{"type":"Feature","properties":{"name":"Weston, Clevedon and Portishead Railway","railway":"razed","razed:railway":"rail","ref":"WCA","source":"GPX + NPE","source_id":"osm-way-362269088","dataset":"OpenStreetMap former/disused railway extract","publisher":"OpenStreetMap contributors","effective_date":"2026-09-07T10:02:26Z","licence":"ODbL-1.0"},"geometry":{"type":"LineString","coordinates":[[-2.965378,51.3500703],[-2.9650836,51.3501008],[-2.9648756,51.3501167],[-2.9645789,51.3501395],[-2.9642724,51.3501599],[-2.9639804,51.3501725],[-2.9637067,51.3501821],[-2.9634575,51.3501846],[-2.9632671,51.3501805],[-2.9630557,51.3501599],[-2.9628324,51.3501338],[-2.9626342,51.3501038],[-2.9624888,51.3500786],[-2.9623232,51.3500416],[-2.9621899,51.3500075],[-2.962055,51.3499855],[-2.961888,51.3499626],[-2.9617008,51.3499457],[-2.9608055,51.3498531],[-2.9594704,51.3496892],[-2.9589001,51.3496226],[-2.9583965,51.3495739],[-2.95782,51.349517],[-2.9568316,51.3494564],[-2.9565327,51.3494448],[-2.956336,51.349449],[-2.9559522,51.3494449],[-2.9556176,51.3494548],[-2.9553377,51.349467],[-2.9550939,51.3494953],[-2.9548739,51.3495342],[-2.954559,51.349613],[-2.9539681,51.3497862],[-2.9534957,51.3499384],[-2.9533523,51.3499932],[-2.9528746,51.3502221],[-2.9528305,51.3502371],[-2.9525703,51.3503371],[-2.9523879,51.3503957],[-2.9522165,51.3504452],[-2.9508625,51.3508141],[-2.9494987,51.3512133],[-2.9474115,51.3518871],[-2.946709,51.3521339],[-2.9458167,51.3523881],[-2.9441372,51.3528282],[-2.9424206,51.3532248],[-2.9416481,51.3533951],[-2.9410763,51.3535111],[-2.9394165,51.3538895],[-2.9386917,51.3540308],[-2.9363867,51.3545381],[-2.9355455,51.3547096],[-2.9334856,51.3551438],[-2.9329706,51.3553046],[-2.931563,51.3557387],[-2.9296833,51.356323],[-2.9289194,51.3565588],[-2.9283615,51.356859],[-2.9271427,51.3575021],[-2.9259668,51.3581292],[-2.9244194,51.3591199],[-2.9241171,51.3592957],[-2.9232755,51.3597634],[-2.9229249,51.360011],[-2.9223652,51.3603794],[-2.9216321,51.3608999],[-2.9202967,51.3623088],[-2.9196762,51.3629421],[-2.9190252,51.3635091],[-2.9189575,51.3635701]]}},{"type":"Feature","properties":{"highway":"cycleway","name":"Bristol & Bath Railway Path","railway":"abandoned","surface":"asphalt","width":"2","source_id":"osm-way-367058582","dataset":"OpenStreetMap former/disused railway extract","publisher":"OpenStreetMap contributors","effective_date":"2026-09-07T10:02:26Z","licence":"ODbL-1.0"},"geometry":{"type":"LineString","coordinates":[[-2.5640542,51.4602968],[-2.5639225,51.4603521]]}},{"type":"Feature","properties":{"historic:bridge":"yes","name":"Weston, Clevedon and Portishead Railway","railway":"razed","razed:railway":"rail","ref":"WCA","source":"GPX + NPE;GPX + NPE;npe","source_id":"osm-way-367465291","dataset":"OpenStreetMap former/disused railway extract","publisher":"OpenStreetMap contributors","effective_date":"2026-09-07T10:02:26Z","licence":"ODbL-1.0"},"geometry":{"type":"LineString","coordinates":[[-2.8916816,51.3882536],[-2.8925869,51.3873858]]}},{"type":"Feature","properties":{"bridge":"yes","foot":"yes","highway":"cycleway","layer":"1","lit":"no","name":"Bristol & Bath Railway Path","railway":"abandoned","surface":"asphalt","source_id":"osm-way-367512883","dataset":"OpenStreetMap former/disused railway extract","publisher":"OpenStreetMap contributors","effective_date":"2026-09-07T10:02:26Z","licence":"ODbL-1.0"},"geometry":{"type":"LineString","coordinates":[[-2.4692944,51.4244327],[-2.4694418,51.4245348]]}},{"type":"Feature","properties":{"bridge":"yes","foot":"yes","highway":"cycleway","layer":"1","lit":"no","name":"Bristol & Bath Railway Path","railway":"abandoned","surface":"asphalt","source_id":"osm-way-367704729","dataset":"OpenStreetMap former/disused railway extract","publisher":"OpenStreetMap contributors","effective_date":"2026-09-07T10:02:26Z","licence":"ODbL-1.0"},"geometry":{"type":"LineString","coordinates":[[-2.4619146,51.4190839],[-2.4623337,51.419388]]}},{"type":"Feature","properties":{"foot":"yes","highway":"cycleway","lit":"no","name":"Bristol & Bath Railway Path","oneway":"no","railway":"abandoned","surface":"asphalt","source_id":"osm-way-371274086","dataset":"OpenStreetMap former/disused railway extract","publisher":"OpenStreetMap contributors","effective_date":"2026-09-07T10:02:26Z","licence":"ODbL-1.0"},"geometry":{"type":"LineString","coordinates":[[-2.4755452,51.4376757],[-2.4753622,51.4378923]]}},{"type":"Feature","properties":{"alt_name":"Dramway","name":"Avon and Gloucestershire Railway","railway":"razed","razed:railway":"rail","wikidata":"Q791301","wikipedia":"en:Avon and Gloucestershire Railway","source_id":"osm-way-371274091","dataset":"OpenStreetMap former/disused railway extract","publisher":"OpenStreetMap contributors","effective_date":"2026-09-07T10:02:26Z","licence":"ODbL-1.0"},"geometry":{"type":"LineString","coordinates":[[-2.4738051,51.4591314],[-2.4744319,51.4597367]]}},{"type":"Feature","properties":{"designation":"public_footpath","foot":"designated","highway":"footway","prow_ref":"PSN 52","railway":"abandoned","surface":"dirt","source_id":"osm-way-371274093","dataset":"OpenStreetMap former/disused railway extract","publisher":"OpenStreetMap contributors","effective_date":"2026-09-07T10:02:26Z","licence":"ODbL-1.0"},"geometry":{"type":"LineString","coordinates":[[-2.4738051,51.4591314],[-2.473495,51.4587926]]}},{"type":"Feature","properties":{"alt_name":"Dramway","name":"Avon and Gloucestershire Railway","railway":"razed","razed:railway":"rail","wikidata":"Q791301","wikipedia":"en:Avon and Gloucestershire Railway","source_id":"osm-way-371274094","dataset":"OpenStreetMap former/disused railway extract","publisher":"OpenStreetMap contributors","effective_date":"2026-09-07T10:02:26Z","licence":"ODbL-1.0"},"geometry":{"type":"LineString","coordinates":[[-2.4771191,51.4630822],[-2.4777099,51.463827],[-2.4779947,51.4641209],[-2.4783954,51.4644242],[-2.4786881,51.4646027],[-2.4791133,51.4648407],[-2.4804841,51.4653992],[-2.4807323,51.4655004],[-2.4809711,51.4655903],[-2.4811368,51.4656694],[-2.4828144,51.4663491]]}},{"type":"Feature","properties":{"alt_name":"Dramway","name":"Avon and Gloucestershire Railway","railway":"razed","razed:railway":"rail","wikidata":"Q791301","wikipedia":"en:Avon and Gloucestershire Railway","source_id":"osm-way-371274096","dataset":"OpenStreetMap former/disused railway extract","publisher":"OpenStreetMap contributors","effective_date":"2026-09-07T10:02:26Z","licence":"ODbL-1.0"},"geometry":{"type":"LineString","coordinates":[[-2.4659726,51.4529974],[-2.4653258,51.4524212]]}},{"type":"Feature","properties":{"alt_name":"Dramway","designation":"public_footpath","foot":"designated","highway":"footway","name":"Avon and Gloucestershire Railway","prow_ref":"PBN 64","railway":"abandoned","wikidata":"Q791301","wikipedia":"en:Avon and Gloucestershire Railway","source_id":"osm-way-371274097","dataset":"OpenStreetMap former/disused railway extract","publisher":"OpenStreetMap contributors","effective_date":"2026-09-07T10:02:26Z","licence":"ODbL-1.0"},"geometry":{"type":"LineString","coordinates":[[-2.4819673,51.4307845],[-2.4819478,51.4306273],[-2.4820223,51.4302895],[-2.4822396,51.4296874],[-2.4824354,51.4292334],[-2.4826969,51.4288036],[-2.482941,51.4286347],[-2.4832012,51.4285145],[-2.4832248,51.4285028],[-2.4832561,51.4284891],[-2.4838167,51.4283496],[-2.4842686,51.4282568],[-2.4849419,51.4281303],[-2.4853536,51.4279874],[-2.4856755,51.4278404],[-2.4861113,51.4277014],[-2.486523,51.4274933],[-2.4867483,51.4273144],[-2.4869509,51.4271656],[-2.4872164,51.4269573],[-2.4874262,51.4267654],[-2.4875611,51.4267098],[-2.4876429,51.4266672],[-2.4877072,51.4266087],[-2.4878098,51.4265752],[-2.4880865,51.426528]]}},{"type":"Feature","properties":{"alt_name":"Dramway","cutting":"yes","designation":"public_footpath","foot":"designated","highway":"footway","name":"Avon and Gloucestershire Railway","prow_ref":"PSN 49","railway":"abandoned","surface":"dirt","wikidata":"Q791301","wikipedia":"en:Avon and Gloucestershire Railway","source_id":"osm-way-371274098","dataset":"OpenStreetMap former/disused railway extract","publisher":"OpenStreetMap contributors","effective_date":"2026-09-07T10:02:26Z","licence":"ODbL-1.0"},"geometry":{"type":"LineString","coordinates":[[-2.4752662,51.4607941],[-2.4756032,51.4612473],[-2.4762076,51.4619777],[-2.476571,51.4624277],[-2.4766199,51.4624882]]}},{"type":"Feature","properties":{"bicycle":"designated","highway":"cycleway","railway":"abandoned","surface":"compacted","source_id":"osm-way-371274119","dataset":"OpenStreetMap former/disused railway extract","publisher":"OpenStreetMap contributors","effective_date":"2026-09-07T10:02:26Z","licence":"ODbL-1.0"},"geometry":{"type":"LineString","coordinates":[[-2.4540886,51.4961008],[-2.4533237,51.4965975],[-2.4528105,51.496957],[-2.4526065,51.4970738],[-2.4523288,51.4972812],[-2.4520052,51.4974556],[-2.4517336,51.497666],[-2.4511643,51.4980676],[-2.4503629,51.4985975],[-2.4500571,51.4987891]]}},{"type":"Feature","properties":{"abandoned:railway":"rail","name":"Cheddar Valley Branch","railway":"abandoned","ref":"CVB","source":"NPE","source_id":"osm-way-372266247","dataset":"OpenStreetMap former/disused railway extract","publisher":"OpenStreetMap contributors","effective_date":"2026-09-07T10:02:26Z","licence":"ODbL-1.0"},"geometry":{"type":"LineString","coordinates":[[-2.8396307,51.333164],[-2.8396439,51.3335897],[-2.8396541,51.334375],[-2.839598,51.335014],[-2.8395538,51.3353582],[-2.8393484,51.3362244],[-2.8392152,51.3367304],[-2.8387674,51.3377869],[-2.8386056,51.3381832],[-2.8384265,51.3385541],[-2.8380825,51.3390907],[-2.8375462,51.3398654],[-2.8370604,51.3405655]]}},{"type":"Feature","properties":{"abandoned:railway":"rail","bicycle":"permissive","branch:name":"Camerton & Limpley Stoke","branch:ref":"CMZ","designation":"public_footpath","foot":"designated","hazard":"pedestrians","highway":"service","lit":"no","maxheight:signed":"no","maxspeed":"10 mph","maxspeed:type":"sign","note":"A few traffic calming bumps & potholes","ownership":"private","railway":"abandoned","sidewalk":"no","surface":"asphalt","source_id":"osm-way-374758658","dataset":"OpenStreetMap former/disused railway extract","publisher":"OpenStreetMap contributors","effective_date":"2026-09-07T10:02:26Z","licence":"ODbL-1.0"},"geometry":{"type":"LineString","coordinates":[[-2.3204848,51.3579854],[-2.3202823,51.3579997],[-2.3199518,51.3580085],[-2.3195648,51.3580065],[-2.3192312,51.3579807],[-2.318665,51.357915],[-2.3183251,51.3578552],[-2.3176465,51.3577326],[-2.3167343,51.3575994],[-2.3147988,51.3574274]]}},{"type":"Feature","properties":{"bicycle":"designated","check_date:surface":"2026-06-01","designation":"public_footpath","foot":"designated","highway":"service","note":"A few traffic calming bumps & potholes","prow_ref":"BA16/17","railway":"abandoned","sidewalk":"no","surface":"asphalt","source_id":"osm-way-374758659","dataset":"OpenStreetMap former/disused railway extract","publisher":"OpenStreetMap contributors","effective_date":"2026-09-07T10:02:26Z","licence":"ODbL-1.0"},"geometry":{"type":"LineString","coordinates":[[-2.3206086,51.3579728],[-2.3204848,51.3579854]]}},{"type":"Feature","properties":{"abandoned:railway":"rail","name":"Clevedon Branch","railway":"abandoned","ref":"CDN","wikidata":"Q5132013","wikipedia":"en:Clevedon branch line","source_id":"osm-way-378054904","dataset":"OpenStreetMap former/disused railway extract","publisher":"OpenStreetMap contributors","effective_date":"2026-09-07T10:02:26Z","licence":"ODbL-1.0"},"geometry":{"type":"LineString","coordinates":[[-2.8366676,51.3938488],[-2.8378195,51.3950215],[-2.8387636,51.3960176],[-2.8397206,51.3971315],[-2.8405473,51.3980678],[-2.8411439,51.3987506],[-2.8414988,51.3992179],[-2.842067,51.3999043],[-2.8427591,51.4008952],[-2.8434111,51.4019066],[-2.8449788,51.4043425],[-2.8464011,51.4069456],[-2.8474127,51.409156],[-2.848162,51.4106734],[-2.8488909,51.4125393],[-2.849782,51.4143098],[-2.8503456,51.4153709]]}},{"type":"Feature","properties":{"name":"Clevedon Branch","railway":"razed","razed:railway":"rail","ref":"CDN","wikidata":"Q5132013","wikipedia":"en:Clevedon branch line","source_id":"osm-way-378054906","dataset":"OpenStreetMap former/disused railway extract","publisher":"OpenStreetMap contributors","effective_date":"2026-09-07T10:02:26Z","licence":"ODbL-1.0"},"geometry":{"type":"LineString","coordinates":[[-2.8503456,51.4153709],[-2.8508633,51.4165469]]}},{"type":"Feature","properties":{"embankment":"yes","foot":"yes","highway":"cycleway","lit":"no","name":"Bristol & Bath Railway Path","railway":"abandoned","surface":"asphalt","source_id":"osm-way-383679363","dataset":"OpenStreetMap former/disused railway extract","publisher":"OpenStreetMap contributors","effective_date":"2026-09-07T10:02:26Z","licence":"ODbL-1.0"},"geometry":{"type":"LineString","coordinates":[[-2.4595476,51.4171584],[-2.4602477,51.4177576]]}},{"type":"Feature","properties":{"foot":"yes","highway":"cycleway","lit":"no","name":"Bristol & Bath Railway Path","railway":"abandoned","surface":"asphalt","source_id":"osm-way-383679369","dataset":"OpenStreetMap former/disused railway extract","publisher":"OpenStreetMap contributors","effective_date":"2026-09-07T10:02:26Z","licence":"ODbL-1.0"},"geometry":{"type":"LineString","coordinates":[[-2.4584118,51.4161051],[-2.4588173,51.4164775]]}},{"type":"Feature","properties":{"disused:railway":"rail","note":"one rail is covered by bollards","railway":"disused","service":"siding","source_id":"osm-way-397358083","dataset":"OpenStreetMap former/disused railway extract","publisher":"OpenStreetMap contributors","effective_date":"2026-09-07T10:02:26Z","licence":"ODbL-1.0"},"geometry":{"type":"LineString","coordinates":[[-2.5968627,51.4479613],[-2.5980807,51.4475373],[-2.5988448,51.4472789],[-2.5990459,51.447214]]}},{"type":"Feature","properties":{"abandoned:railway":"rail","railway":"abandoned","service":"spur","source_id":"osm-way-397962183","dataset":"OpenStreetMap former/disused railway extract","publisher":"OpenStreetMap contributors","effective_date":"2026-09-07T10:02:26Z","licence":"ODbL-1.0"},"geometry":{"type":"LineString","coordinates":[[-3.02452,51.6488892],[-3.0251423,51.649901],[-3.0256358,51.6507065],[-3.0263259,51.6514325],[-3.0271413,51.6519384],[-3.0280425,51.6527545],[-3.0290939,51.6534867],[-3.0302097,51.6540857],[-3.0312826,51.6544984],[-3.0324842,51.6546715],[-3.0339433,51.6547866],[-3.0346873,51.6548259],[-3.0349518,51.6548399],[-3.0359174,51.654547]]}},{"type":"Feature","properties":{"abandoned:railway":"rail","name":"Ministry of Works Loop","railway":"abandoned","ref":"MYW","source":"NPE","source_id":"osm-way-402261105","dataset":"OpenStreetMap former/disused railway extract","publisher":"OpenStreetMap contributors","effective_date":"2026-09-07T10:02:26Z","licence":"ODbL-1.0"},"geometry":{"type":"LineString","coordinates":[[-2.4319276,51.5257654],[-2.4313793,51.5252464],[-2.4311411,51.5250487],[-2.430626,51.5246575],[-2.4300709,51.5243085],[-2.4293346,51.523925],[-2.4285997,51.5236379],[-2.4277736,51.5234009],[-2.4268723,51.5232174],[-2.4263787,51.5231407],[-2.4258866,51.5230735],[-2.425141,51.5230301],[-2.4244502,51.523042],[-2.4238566,51.5230694],[-2.4235153,51.5230947],[-2.4232165,51.5231333],[-2.4222906,51.5232789],[-2.420819,51.5235722]]}},{"type":"Feature","properties":{"abandoned:railway":"rail","bridge":"yes","layer":"1","name":"Portishead West Loop","railway":"abandoned","ref":"POW","source_id":"osm-way-402545057","dataset":"OpenStreetMap former/disused railway extract","publisher":"OpenStreetMap contributors","effective_date":"2026-09-07T10:02:26Z","licence":"ODbL-1.0"},"geometry":{"type":"LineString","coordinates":[[-2.6200854,51.4303203],[-2.6200051,51.4304538]]}},{"type":"Feature","properties":{"abandoned:railway":"rail","name":"Portishead West Loop","railway":"abandoned","ref":"POW","source_id":"osm-way-402545058","dataset":"OpenStreetMap former/disused railway extract","publisher":"OpenStreetMap contributors","effective_date":"2026-09-07T10:02:26Z","licence":"ODbL-1.0"},"geometry":{"type":"LineString","coordinates":[[-2.6225244,51.4289025],[-2.6217898,51.4291492],[-2.6214525,51.4293022],[-2.6209514,51.4295866],[-2.6206115,51.4298049],[-2.6202221,51.4301408],[-2.6200854,51.4303203]]}},{"type":"Feature","properties":{"abandoned:railway":"rail","alt_name":"Frome and North Somerset Line","name":"Bristol and North Somerset Railway","railway":"abandoned","ref":"FNS2","source":"NPE","wikidata":"Q917987","wikipedia":"en:Bristol and North Somerset Railway","source_id":"osm-way-407663136","dataset":"OpenStreetMap former/disused railway extract","publisher":"OpenStreetMap contributors","effective_date":"2026-09-07T10:02:26Z","licence":"ODbL-1.0"},"geometry":{"type":"LineString","coordinates":[[-2.4949468,51.2911836],[-2.4919266,51.2912138],[-2.4874849,51.2911702],[-2.4842608,51.2911132],[-2.4833543,51.2911434],[-2.4822277,51.2912306],[-2.4813741,51.2913834]]}},{"type":"Feature","properties":{"name":"Somerset and Dorset Line","railway":"razed","razed:railway":"rail","ref":"SAD","source_id":"osm-way-407663150","dataset":"OpenStreetMap former/disused railway extract","publisher":"OpenStreetMap contributors","effective_date":"2026-09-07T10:02:26Z","licence":"ODbL-1.0"},"geometry":{"type":"LineString","coordinates":[[-2.4819495,51.2817918],[-2.4827589,51.2811793]]}},{"type":"Feature","properties":{"name":"Frome and North Somerset Line","railway":"razed","razed:railway":"rail","ref":"FNS2","source_id":"osm-way-407663151","dataset":"OpenStreetMap former/disused railway extract","publisher":"OpenStreetMap contributors","effective_date":"2026-09-07T10:02:26Z","licence":"ODbL-1.0"},"geometry":{"type":"LineString","coordinates":[[-2.4813741,51.2913834],[-2.4801975,51.2915937],[-2.4783515,51.2919834],[-2.4774046,51.2921833]]}},{"type":"Feature","properties":{"name":"Frome and North Somerset Line","railway":"razed","razed:railway":"rail","ref":"FNS2","source_id":"osm-way-407663152","dataset":"OpenStreetMap former/disused railway extract","publisher":"OpenStreetMap contributors","effective_date":"2026-09-07T10:02:26Z","licence":"ODbL-1.0"},"geometry":{"type":"LineString","coordinates":[[-2.5555639,51.4150283],[-2.5554183,51.4157175],[-2.5553505,51.4160742]]}},{"type":"Feature","properties":{"bicycle":"designated","foot":"designated","highway":"cycleway","name":"Bristol & Bath Railway Path","railway":"abandoned","segregated":"no","smoothness":"excellent","surface":"asphalt","source_id":"osm-way-407664643","dataset":"OpenStreetMap former/disused railway extract","publisher":"OpenStreetMap contributors","effective_date":"2026-09-07T10:02:26Z","licence":"ODbL-1.0"},"geometry":{"type":"LineString","coordinates":[[-2.5497699,51.4690927],[-2.549236,51.4693035],[-2.548908,51.4694123],[-2.5487671,51.4694617]]}},{"type":"Feature","properties":{"name":"Frome and North Somerset Line","railway":"razed","razed:railway":"rail","ref":"FNS2","source_id":"osm-way-407664646","dataset":"OpenStreetMap former/disused railway extract","publisher":"OpenStreetMap contributors","effective_date":"2026-09-07T10:02:26Z","licence":"ODbL-1.0"},"geometry":{"type":"LineString","coordinates":[[-2.5569183,51.4229231],[-2.557274,51.4234152],[-2.5573857,51.4235765],[-2.5575943,51.4239526],[-2.5577376,51.4243206],[-2.5579466,51.4251551],[-2.5580022,51.4255898],[-2.558004,51.4259109],[-2.5579495,51.4265544],[-2.5578819,51.426867],[-2.5577102,51.4272315],[-2.557501,51.4275593],[-2.556632,51.4289474],[-2.5559078,51.4302952],[-2.5556181,51.4315026],[-2.5556879,51.4324156],[-2.5556235,51.4337634],[-2.5552752,51.4353872],[-2.5552158,51.4368634],[-2.5555001,51.4379368],[-2.5559185,51.4391674],[-2.5567393,51.4410366],[-2.5573537,51.4419946],[-2.5576915,51.4425212],[-2.5584371,51.4434608],[-2.5587644,51.4438787],[-2.5591989,51.4442766],[-2.561055,51.4456691],[-2.5619401,51.4465267],[-2.5623156,51.4474327],[-2.5623371,51.4478039],[-2.5622605,51.448148],[-2.5622429,51.4482272]]}},{"type":"Feature","properties":{"name":"Kingswood Branch","railway":"razed","razed:railway":"rail","ref":"KIG","source_id":"osm-way-407664647","dataset":"OpenStreetMap former/disused railway extract","publisher":"OpenStreetMap contributors","effective_date":"2026-09-07T10:02:26Z","licence":"ODbL-1.0"},"geometry":{"type":"LineString","coordinates":[[-2.5480868,51.4704388],[-2.5470524,51.4704177],[-2.5467429,51.4704435],[-2.5463956,51.4705104],[-2.5462062,51.4705656],[-2.5456814,51.4707321]]}},{"type":"Feature","properties":{"name":"Bristol and Gloucester Line","railway":"razed","razed:railway":"rail","ref":"BGL2","source_id":"osm-way-407664648","dataset":"OpenStreetMap former/disused railway extract","publisher":"OpenStreetMap contributors","effective_date":"2026-09-07T10:02:26Z","licence":"ODbL-1.0"},"geometry":{"type":"LineString","coordinates":[[-2.5497778,51.4691048],[-2.548458,51.4696943],[-2.5478165,51.4699034]]}},{"type":"Feature","properties":{"name":"Bristol Relief Line","railway":"razed","razed:railway":"rail","ref":"BRL","source_id":"osm-way-407664649","dataset":"OpenStreetMap former/disused railway extract","publisher":"OpenStreetMap contributors","effective_date":"2026-09-07T10:02:26Z","licence":"ODbL-1.0"},"geometry":{"type":"LineString","coordinates":[[-2.5590087,51.4496816],[-2.5597107,51.4496813],[-2.5604568,51.4495891],[-2.5608876,51.449502],[-2.5613071,51.4493066],[-2.5617497,51.4489573],[-2.5619937,51.4487249],[-2.562097,51.4485482]]}},{"type":"Feature","properties":{"abandoned:railway":"rail","alt_name":"WC&PR Wharf on Yeo","name":"Yeo Haven Branch","railway":"abandoned","service":"spur","source_id":"osm-way-421053011","dataset":"OpenStreetMap former/disused railway extract","publisher":"OpenStreetMap contributors","effective_date":"2026-09-07T10:02:26Z","licence":"ODbL-1.0"},"geometry":{"type":"LineString","coordinates":[[-2.8953793,51.3881665],[-2.8949689,51.3880895],[-2.8944191,51.3879355],[-2.8941537,51.3877768],[-2.8937593,51.3874635],[-2.8936252,51.3872744],[-2.8935156,51.3870352],[-2.8934641,51.3866043]]}},{"type":"Feature","properties":{"bicycle":"designated","designation":"public_footpath","foot":"designated","highway":"cycleway","horse":"no","name":"Two Tunnels Greenway","railway":"abandoned","segregated":"no","surface":"asphalt","source_id":"osm-way-432844779","dataset":"OpenStreetMap former/disused railway extract","publisher":"OpenStreetMap contributors","effective_date":"2026-09-07T10:02:26Z","licence":"ODbL-1.0"},"geometry":{"type":"LineString","coordinates":[[-2.3450598,51.3443981],[-2.3450245,51.3443837]]}},{"type":"Feature","properties":{"railway":"razed","razed:railway":"rail","service":"siding","source_id":"osm-way-434872711","dataset":"OpenStreetMap former/disused railway extract","publisher":"OpenStreetMap contributors","effective_date":"2026-09-07T10:02:26Z","licence":"ODbL-1.0"},"geometry":{"type":"LineString","coordinates":[[-2.9959796,51.5562468],[-2.9957454,51.5556769],[-2.9957132,51.5556168],[-2.9956596,51.5555301],[-2.995563,51.5554067],[-2.9954933,51.5553233],[-2.9952679,51.5550998],[-2.9945116,51.5544127],[-2.9940073,51.5539858],[-2.9939054,51.5539091],[-2.9938356,51.5538657],[-2.9937445,51.5538224],[-2.9936479,51.5537923],[-2.9934709,51.5537523],[-2.9933207,51.553729],[-2.9931544,51.5537156],[-2.9929881,51.5537123],[-2.9928701,51.5537156],[-2.9927306,51.553729],[-2.9926394,51.5537456],[-2.9925053,51.553779],[-2.9923926,51.5538124],[-2.9917953,51.553984]]}},{"type":"Feature","properties":{"railway":"razed","razed:railway":"rail","service":"siding","source_id":"osm-way-434872715","dataset":"OpenStreetMap former/disused railway extract","publisher":"OpenStreetMap contributors","effective_date":"2026-09-07T10:02:26Z","licence":"ODbL-1.0"},"geometry":{"type":"LineString","coordinates":[[-2.9959796,51.5562468],[-2.9956971,51.55541],[-2.9956435,51.5553166],[-2.9955576,51.5551832],[-2.9947485,51.5543269]]}},{"type":"Feature","properties":{"railway":"razed","razed:railway":"rail","service":"siding","source_id":"osm-way-434872717","dataset":"OpenStreetMap former/disused railway extract","publisher":"OpenStreetMap contributors","effective_date":"2026-09-07T10:02:26Z","licence":"ODbL-1.0"},"geometry":{"type":"LineString","coordinates":[[-2.9929572,51.5606764],[-2.9928978,51.5605337],[-2.9928589,51.5604483],[-2.9928072,51.5603622],[-2.9927438,51.5602925],[-2.9922298,51.5597893],[-2.9908862,51.5583659],[-2.9896538,51.5569771]]}},{"type":"Feature","properties":{"railway":"razed","razed:railway":"rail","service":"siding","source_id":"osm-way-434872719","dataset":"OpenStreetMap former/disused railway extract","publisher":"OpenStreetMap contributors","effective_date":"2026-09-07T10:02:26Z","licence":"ODbL-1.0"},"geometry":{"type":"LineString","coordinates":[[-2.9892464,51.5561405],[-2.9895495,51.5563839],[-2.9896016,51.5564222],[-2.9896675,51.5564707],[-2.9897801,51.5565507],[-2.9898982,51.5566341],[-2.989984,51.5567041],[-2.9900913,51.5568042],[-2.9902898,51.557001],[-2.9904614,51.5571844],[-2.9913412,51.5582417],[-2.9920493,51.5590888],[-2.9921298,51.5591955],[-2.9921673,51.5592722],[-2.9922102,51.5593923],[-2.9922424,51.5594556],[-2.9923497,51.5595957],[-2.9924302,51.5597124],[-2.992516,51.5598458],[-2.9926447,51.5600593],[-2.9927263,51.5602115],[-2.9928072,51.5603622]]}},{"type":"Feature","properties":{"railway":"razed","razed:railway":"rail","service":"siding","source_id":"osm-way-434872720","dataset":"OpenStreetMap former/disused railway extract","publisher":"OpenStreetMap contributors","effective_date":"2026-09-07T10:02:26Z","licence":"ODbL-1.0"},"geometry":{"type":"LineString","coordinates":[[-2.9922424,51.5594556],[-2.9921137,51.5593256],[-2.9918776,51.5591121],[-2.9915129,51.5587753],[-2.9913948,51.5586652],[-2.9912983,51.5585652],[-2.9911695,51.5584251],[-2.9902951,51.5574846],[-2.9902147,51.5573945],[-2.9901288,51.5572845],[-2.9900162,51.5571244],[-2.9897391,51.556741],[-2.9896514,51.5566241],[-2.9896299,51.5565607],[-2.9896246,51.556504],[-2.9896016,51.5564222]]}},{"type":"Feature","properties":{"railway":"razed","razed:railway":"rail","service":"siding","source_id":"osm-way-434872721","dataset":"OpenStreetMap former/disused railway extract","publisher":"OpenStreetMap contributors","effective_date":"2026-09-07T10:02:26Z","licence":"ODbL-1.0"},"geometry":{"type":"LineString","coordinates":[[-2.987908,51.5568109],[-2.9880689,51.5569443],[-2.9883532,51.5571911],[-2.9884981,51.5573211],[-2.9886,51.5574179],[-2.9887073,51.5575379],[-2.9887931,51.5576547],[-2.9888736,51.5577714],[-2.9889165,51.5578514],[-2.988954,51.5579315],[-2.9889809,51.5580149],[-2.989013,51.5581616],[-2.9890399,51.5583017],[-2.989056,51.5584184],[-2.9890613,51.5585718],[-2.9890506,51.5586786],[-2.9890345,51.5587719],[-2.9890077,51.558892],[-2.9889755,51.5589987],[-2.9889326,51.5591521],[-2.9888467,51.5593823],[-2.9887931,51.559509],[-2.9887502,51.5595924],[-2.9886751,51.5597191],[-2.9885517,51.5599159],[-2.9884981,51.5600093],[-2.9884498,51.560126],[-2.9883961,51.5602827],[-2.9883693,51.5603528],[-2.9883182,51.560475],[-2.9882996,51.5605195],[-2.9882084,51.5607363],[-2.9881762,51.560823],[-2.9881547,51.5609097],[-2.988144,51.5609864],[-2.988144,51.5610564],[-2.9881547,51.5611432],[-2.9881816,51.5612299],[-2.9882334,51.5613282]]}},{"type":"Feature","properties":{"railway":"razed","razed:railway":"rail","service":"siding","source_id":"osm-way-434872722","dataset":"OpenStreetMap former/disused railway extract","publisher":"OpenStreetMap contributors","effective_date":"2026-09-07T10:02:26Z","licence":"ODbL-1.0"},"geometry":{"type":"LineString","coordinates":[[-2.9887339,51.5617758],[-2.988557,51.5615528],[-2.9885088,51.5614766],[-2.9884551,51.5613833],[-2.988423,51.5612899],[-2.9883908,51.5611865],[-2.9883693,51.5610798],[-2.9883586,51.5609797],[-2.9883586,51.5608897],[-2.9883693,51.560793]]}},{"type":"Feature","properties":{"railway":"razed","razed:railway":"rail","service":"siding","source_id":"osm-way-434872723","dataset":"OpenStreetMap former/disused railway extract","publisher":"OpenStreetMap contributors","effective_date":"2026-09-07T10:02:26Z","licence":"ODbL-1.0"},"geometry":{"type":"LineString","coordinates":[[-2.983536,51.5586586],[-2.9838847,51.558912],[-2.9839919,51.5589787],[-2.9840831,51.5590154],[-2.9842012,51.5590588],[-2.9843621,51.5591055],[-2.984582,51.5591588],[-2.9849522,51.5592522],[-2.9851399,51.5592989],[-2.9852526,51.5593322],[-2.985376,51.5593756],[-2.9855101,51.5594223],[-2.985848,51.559544],[-2.9860599,51.5596282],[-2.986304,51.5597224],[-2.9864381,51.5597758],[-2.9865347,51.5598225],[-2.9866205,51.5598692],[-2.9866902,51.5599092],[-2.9867496,51.5599573]]}},{"type":"Feature","properties":{"railway":"razed","razed:railway":"rail","service":"siding","source_id":"osm-way-434872724","dataset":"OpenStreetMap former/disused railway extract","publisher":"OpenStreetMap contributors","effective_date":"2026-09-07T10:02:26Z","licence":"ODbL-1.0"},"geometry":{"type":"LineString","coordinates":[[-2.9860599,51.5596282],[-2.9854296,51.5593122],[-2.9852579,51.5592355],[-2.985097,51.5591755],[-2.9848878,51.5591055],[-2.9847161,51.5590588],[-2.9845606,51.5590254],[-2.9843675,51.5589921],[-2.9842012,51.5589654],[-2.9840563,51.5589454],[-2.9838847,51.558912]]}},{"type":"Feature","properties":{"railway":"razed","razed:railway":"rail","service":"siding","source_id":"osm-way-434872725","dataset":"OpenStreetMap former/disused railway extract","publisher":"OpenStreetMap contributors","effective_date":"2026-09-07T10:02:26Z","licence":"ODbL-1.0"},"geometry":{"type":"LineString","coordinates":[[-2.9893036,51.5626066],[-2.9886053,51.5620202],[-2.9884502,51.5618993],[-2.9883103,51.5617901],[-2.9880421,51.5616034],[-2.9878168,51.5614566],[-2.9876076,51.5613199],[-2.9874574,51.5612265],[-2.987334,51.5611532],[-2.9872428,51.5611098],[-2.9871476,51.5610731],[-2.9869746,51.5610298],[-2.9868244,51.5610031],[-2.9866849,51.5609864],[-2.986599,51.5609797],[-2.9864435,51.5609864],[-2.9863362,51.5610031],[-2.9862021,51.5610298],[-2.986068,51.5610631],[-2.9859768,51.5610898],[-2.9858615,51.5611215],[-2.9857327,51.5611665],[-2.9854296,51.5612599],[-2.9853491,51.5612849]]}},{"type":"Feature","properties":{"railway":"razed","razed:railway":"rail","service":"siding","source_id":"osm-way-434872726","dataset":"OpenStreetMap former/disused railway extract","publisher":"OpenStreetMap contributors","effective_date":"2026-09-07T10:02:26Z","licence":"ODbL-1.0"},"geometry":{"type":"LineString","coordinates":[[-2.9884502,51.5618993],[-2.9881219,51.5615821],[-2.9877953,51.5612665],[-2.9876827,51.5611698],[-2.98757,51.5610831],[-2.9874627,51.5610098],[-2.9872857,51.5608997],[-2.9872509,51.5608812],[-2.987173,51.5608397],[-2.9870604,51.5607863],[-2.9868941,51.5607163],[-2.98676,51.5606696],[-2.9866259,51.5606262],[-2.9863684,51.5605629],[-2.9862235,51.5605362],[-2.9861677,51.5605288],[-2.9860733,51.5605162],[-2.9859339,51.5605062],[-2.9857515,51.5604995],[-2.9855798,51.5604995],[-2.9854296,51.5605095],[-2.9852633,51.5605262],[-2.9851667,51.5605429],[-2.9850809,51.5605629],[-2.9849844,51.5605996],[-2.9845337,51.5608097]]}},{"type":"Feature","properties":{"railway":"razed","razed:railway":"rail","service":"siding","source_id":"osm-way-434872727","dataset":"OpenStreetMap former/disused railway extract","publisher":"OpenStreetMap contributors","effective_date":"2026-09-07T10:02:26Z","licence":"ODbL-1.0"},"geometry":{"type":"LineString","coordinates":[[-2.9877953,51.5612665],[-2.987244,51.5607166],[-2.9871033,51.5605762],[-2.9867761,51.5602561],[-2.9866795,51.5601693],[-2.9865937,51.5600993],[-2.986481,51.5600193],[-2.9863469,51.5599359],[-2.9861592,51.5598292],[-2.9859929,51.5597425],[-2.9858641,51.5596824],[-2.9857515,51.5596324],[-2.9855423,51.5595557],[-2.9851346,51.559429],[-2.9848556,51.5593589],[-2.9847054,51.5593289],[-2.9845606,51.5593089],[-2.9844426,51.5593056],[-2.9842923,51.5593089],[-2.9841368,51.5593256],[-2.9839544,51.5593556],[-2.9838042,51.5593856],[-2.9836272,51.5594323],[-2.9834823,51.5594857],[-2.9833214,51.559549],[-2.9832087,51.5595991],[-2.9831595,51.5596243],[-2.9831175,51.5596457],[-2.9830156,51.5597024],[-2.9829304,51.5597527],[-2.9829083,51.5597658],[-2.9828323,51.5598183],[-2.9828118,51.5598325]]}},{"type":"Feature","properties":{"railway":"razed","razed:railway":"rail","service":"siding","source_id":"osm-way-434872728","dataset":"OpenStreetMap former/disused railway extract","publisher":"OpenStreetMap contributors","effective_date":"2026-09-07T10:02:26Z","licence":"ODbL-1.0"},"geometry":{"type":"LineString","coordinates":[[-2.9857515,51.5596324],[-2.985435,51.5595757],[-2.9851667,51.559539],[-2.9848502,51.5595057],[-2.9846357,51.5594923],[-2.9844372,51.5594857],[-2.9842494,51.559489],[-2.984051,51.559499],[-2.9838578,51.5595157],[-2.9836915,51.5595357],[-2.983536,51.559559],[-2.9831595,51.5596243]]}},{"type":"Feature","properties":{"railway":"razed","razed:railway":"rail","service":"siding","source_id":"osm-way-434872729","dataset":"OpenStreetMap former/disused railway extract","publisher":"OpenStreetMap contributors","effective_date":"2026-09-07T10:02:26Z","licence":"ODbL-1.0"},"geometry":{"type":"LineString","coordinates":[[-2.9866795,51.5601693],[-2.9863898,51.5600293],[-2.986245,51.5599692],[-2.9860948,51.5599159],[-2.9859124,51.5598659],[-2.9857407,51.5598325],[-2.9855584,51.5598192],[-2.9853491,51.5598125],[-2.9851292,51.5598158],[-2.9849093,51.5598292],[-2.9846893,51.5598492],[-2.9845391,51.5598692],[-2.9843943,51.5598992],[-2.9842548,51.5599392],[-2.9841368,51.5599826],[-2.9840188,51.5600359],[-2.9839276,51.5600893],[-2.9838898,51.5601142],[-2.9838183,51.5601613],[-2.983654,51.5602694]]}},{"type":"Feature","properties":{"railway":"razed","razed:railway":"rail","service":"siding","source_id":"osm-way-434872730","dataset":"OpenStreetMap former/disused railway extract","publisher":"OpenStreetMap contributors","effective_date":"2026-09-07T10:02:26Z","licence":"ODbL-1.0"},"geometry":{"type":"LineString","coordinates":[[-2.9871033,51.5605762],[-2.9868565,51.5604228],[-2.9866344,51.560308],[-2.9865481,51.5602634],[-2.9864113,51.5601927],[-2.9862396,51.5601126],[-2.9860733,51.5600459],[-2.9859446,51.5600059],[-2.9858105,51.5599759],[-2.9856281,51.5599526],[-2.9854135,51.5599426],[-2.985215,51.5599426],[-2.985038,51.5599526],[-2.9848234,51.5599726],[-2.984641,51.5599993],[-2.9843943,51.5600459]]}},{"type":"Feature","properties":{"abandoned:railway":"rail","railway":"abandoned","service":"siding","source_id":"osm-way-434872731","dataset":"OpenStreetMap former/disused railway extract","publisher":"OpenStreetMap contributors","effective_date":"2026-09-07T10:02:26Z","licence":"ODbL-1.0"},"geometry":{"type":"LineString","coordinates":[[-2.987244,51.5607166],[-2.9868029,51.5604962],[-2.9866473,51.5604328],[-2.986481,51.5603861],[-2.9863201,51.5603528],[-2.9861549,51.5603353],[-2.9859607,51.5603294],[-2.9858212,51.5603394],[-2.9856495,51.5603661],[-2.9855262,51.5603961],[-2.9853921,51.5604395],[-2.9850809,51.5605629]]}},{"type":"Feature","properties":{"railway":"razed","razed:railway":"rail","service":"siding","source_id":"osm-way-434872732","dataset":"OpenStreetMap former/disused railway extract","publisher":"OpenStreetMap contributors","effective_date":"2026-09-07T10:02:26Z","licence":"ODbL-1.0"},"geometry":{"type":"LineString","coordinates":[[-2.9840939,51.5600893],[-2.9846142,51.5603694],[-2.9847751,51.5604595],[-2.9848717,51.5605162],[-2.985097,51.5606729],[-2.9851989,51.560763],[-2.9852991,51.5608612],[-2.9853384,51.5608997],[-2.986008,51.5614972],[-2.9860411,51.5615267],[-2.9864596,51.5618935],[-2.9865669,51.5619836],[-2.9866742,51.5620603],[-2.9867975,51.5621303],[-2.9869638,51.5622137],[-2.9871248,51.562287],[-2.9872374,51.5623337],[-2.9873447,51.5623737],[-2.9874535,51.5624128],[-2.9876803,51.5624785]]}},{"type":"Feature","properties":{"railway":"razed","razed:railway":"rail","service":"siding","source_id":"osm-way-434872733","dataset":"OpenStreetMap former/disused railway extract","publisher":"OpenStreetMap contributors","effective_date":"2026-09-07T10:02:26Z","licence":"ODbL-1.0"},"geometry":{"type":"LineString","coordinates":[[-2.9891083,51.5627945],[-2.9889332,51.5627398],[-2.9884981,51.5626038],[-2.988321,51.5625505],[-2.988144,51.5625005],[-2.9878972,51.5624338],[-2.9874842,51.5623204],[-2.9872213,51.5622403],[-2.9870818,51.562197],[-2.9869477,51.5621503],[-2.986819,51.5621003],[-2.9865669,51.5619836]]}},{"type":"Feature","properties":{"railway":"razed","razed:railway":"rail","service":"siding","source_id":"osm-way-434872734","dataset":"OpenStreetMap former/disused railway extract","publisher":"OpenStreetMap contributors","effective_date":"2026-09-07T10:02:26Z","licence":"ODbL-1.0"},"geometry":{"type":"LineString","coordinates":[[-2.9889332,51.5627398],[-2.9884498,51.5625171],[-2.9881655,51.5623804],[-2.9879616,51.5622737],[-2.9877041,51.5621303],[-2.9873983,51.5619535],[-2.9861806,51.5612265]]}},{"type":"Feature","properties":{"railway":"razed","razed:railway":"rail","service":"siding","source_id":"osm-way-434876765","dataset":"OpenStreetMap former/disused railway extract","publisher":"OpenStreetMap contributors","effective_date":"2026-09-07T10:02:26Z","licence":"ODbL-1.0"},"geometry":{"type":"LineString","coordinates":[[-2.988144,51.5625005],[-2.9878382,51.5623637],[-2.9876076,51.5622503],[-2.9873501,51.5621136],[-2.9870658,51.5619569],[-2.9866688,51.5617134],[-2.9860626,51.5613366]]}},{"type":"Feature","properties":{"railway":"razed","razed:railway":"rail","service":"siding","source_id":"osm-way-434876766","dataset":"OpenStreetMap former/disused railway extract","publisher":"OpenStreetMap contributors","effective_date":"2026-09-07T10:02:26Z","licence":"ODbL-1.0"},"geometry":{"type":"LineString","coordinates":[[-2.9893377,51.5628677],[-2.9890023,51.5626839],[-2.988705,51.562526],[-2.9884498,51.5623904],[-2.9882835,51.562297],[-2.9880904,51.5621836],[-2.9878972,51.5620569],[-2.9876666,51.5618935],[-2.9873393,51.5616667],[-2.9866849,51.5611999]]}},{"type":"Feature","properties":{"railway":"razed","razed:railway":"rail","service":"siding","source_id":"osm-way-434876767","dataset":"OpenStreetMap former/disused railway extract","publisher":"OpenStreetMap contributors","effective_date":"2026-09-07T10:02:26Z","licence":"ODbL-1.0"},"geometry":{"type":"LineString","coordinates":[[-2.988705,51.562526],[-2.986819,51.5611632]]}},{"type":"Feature","properties":{"railway":"razed","razed:railway":"rail","service":"siding","source_id":"osm-way-434876768","dataset":"OpenStreetMap former/disused railway extract","publisher":"OpenStreetMap contributors","effective_date":"2026-09-07T10:02:26Z","licence":"ODbL-1.0"},"geometry":{"type":"LineString","coordinates":[[-2.9890023,51.5626839],[-2.9886804,51.5624271],[-2.9885463,51.562307],[-2.9883371,51.5621003],[-2.9882245,51.5619902],[-2.9881065,51.5618868],[-2.9879723,51.5617801],[-2.9878221,51.5616734],[-2.9876451,51.5615567],[-2.9875003,51.56146],[-2.9872052,51.5612699]]}},{"type":"Feature","properties":{"railway":"razed","razed:railway":"rail","service":"spur","source_id":"osm-way-434876769","dataset":"OpenStreetMap former/disused railway extract","publisher":"OpenStreetMap contributors","effective_date":"2026-09-07T10:02:26Z","licence":"ODbL-1.0"},"geometry":{"type":"LineString","coordinates":[[-2.988874,51.5619057],[-2.9890525,51.5620706],[-2.9913734,51.5642145],[-2.9918508,51.5646681],[-2.9927306,51.565465],[-2.9938893,51.5665221],[-2.9948388,51.5673657]]}},{"type":"Feature","properties":{"railway":"razed","razed:railway":"rail","service":"spur","source_id":"osm-way-434876770","dataset":"OpenStreetMap former/disused railway extract","publisher":"OpenStreetMap contributors","effective_date":"2026-09-07T10:02:26Z","licence":"ODbL-1.0"},"geometry":{"type":"LineString","coordinates":[[-2.9962429,51.5700891],[-2.996078,51.5697165],[-2.9960458,51.5696165],[-2.9959278,51.5692063],[-2.9958849,51.5690696],[-2.9958473,51.5689829],[-2.9957937,51.5688962],[-2.9956596,51.5687095],[-2.9954074,51.5683961],[-2.9953653,51.568352],[-2.9951875,51.568166],[-2.994989,51.5679893],[-2.9945228,51.5675822],[-2.9943796,51.5674572],[-2.9938625,51.5670056],[-2.9929657,51.5662134],[-2.9926686,51.5659509],[-2.9924999,51.5658018],[-2.9922178,51.565543],[-2.9918406,51.5651969],[-2.991632,51.5650056],[-2.9913841,51.5647781],[-2.9907779,51.5642679],[-2.9906921,51.5642112],[-2.9905064,51.5640936],[-2.9903488,51.5640145],[-2.9902226,51.56396],[-2.989984,51.5638544],[-2.9898123,51.563781],[-2.9896782,51.5637243],[-2.9895173,51.5636643],[-2.9894207,51.563631],[-2.9892759,51.5635976],[-2.9891418,51.5635743],[-2.9890155,51.5635588],[-2.9887931,51.5635476],[-2.9886429,51.5635509],[-2.9884873,51.5635676],[-2.9883532,51.5635943],[-2.9882191,51.5636343],[-2.9881279,51.5636643],[-2.987908,51.5637543]]}},{"type":"Feature","properties":{"railway":"razed","razed:railway":"rail","service":"siding","source_id":"osm-way-434876771","dataset":"OpenStreetMap former/disused railway extract","publisher":"OpenStreetMap contributors","effective_date":"2026-09-07T10:02:26Z","licence":"ODbL-1.0"},"geometry":{"type":"LineString","coordinates":[[-2.991632,51.5650056],[-2.9915419,51.5649496],[-2.9912446,51.5647648],[-2.9911266,51.5646914],[-2.9905473,51.5643879],[-2.9904078,51.5643346],[-2.9902951,51.5642946],[-2.9901932,51.5642679],[-2.9900591,51.5642379],[-2.9898982,51.5642112],[-2.9897694,51.5641979],[-2.9895763,51.5641879]]}},{"type":"Feature","properties":{"railway":"razed","razed:railway":"rail","service":"siding","source_id":"osm-way-434876772","dataset":"OpenStreetMap former/disused railway extract","publisher":"OpenStreetMap contributors","effective_date":"2026-09-07T10:02:26Z","licence":"ODbL-1.0"},"geometry":{"type":"LineString","coordinates":[[-2.9913841,51.5647781],[-2.990794,51.564418],[-2.9906599,51.5643379],[-2.9905204,51.5642546],[-2.9903676,51.5641629],[-2.9901932,51.5640645],[-2.9900376,51.5639828],[-2.989925,51.5639278],[-2.9898016,51.5638777],[-2.9896568,51.5638277],[-2.9895388,51.5637877],[-2.9893778,51.5637477],[-2.9892598,51.563721],[-2.989122,51.5637011],[-2.9890989,51.5636943],[-2.9889969,51.563681],[-2.9888736,51.5636743],[-2.9887555,51.5636776],[-2.9886268,51.5636943],[-2.9883264,51.5637543]]}},{"type":"Feature","properties":{"railway":"razed","razed:railway":"rail","service":"siding","source_id":"osm-way-434876773","dataset":"OpenStreetMap former/disused railway extract","publisher":"OpenStreetMap contributors","effective_date":"2026-09-07T10:02:26Z","licence":"ODbL-1.0"},"geometry":{"type":"LineString","coordinates":[[-2.9905204,51.5642546],[-2.9902469,51.5641412],[-2.9901288,51.5641012],[-2.9900269,51.5640745],[-2.9898767,51.5640445],[-2.9896943,51.5640211],[-2.9895388,51.5640078],[-2.9893993,51.5640078],[-2.9892652,51.5640211],[-2.9891364,51.5640411],[-2.989013,51.5640711],[-2.9888789,51.5641178],[-2.9884712,51.5642812]]}},{"type":"Feature","properties":{"railway":"razed","razed:railway":"rail","service":"siding","source_id":"osm-way-434876774","dataset":"OpenStreetMap former/disused railway extract","publisher":"OpenStreetMap contributors","effective_date":"2026-09-07T10:02:26Z","licence":"ODbL-1.0"},"geometry":{"type":"LineString","coordinates":[[-2.9912446,51.5647648],[-2.9909228,51.5646414],[-2.990676,51.5645613],[-2.9905151,51.5645213],[-2.990338,51.564488],[-2.9901127,51.5644513],[-2.9899947,51.564438],[-2.9898445,51.5644313],[-2.9897158,51.5644346],[-2.9895817,51.5644513],[-2.9894583,51.5644713],[-2.9893403,51.5645013],[-2.9891847,51.5645547],[-2.9889379,51.5646481]]}},{"type":"Feature","properties":{"railway":"razed","razed:railway":"rail","service":"siding","source_id":"osm-way-434876775","dataset":"OpenStreetMap former/disused railway extract","publisher":"OpenStreetMap contributors","effective_date":"2026-09-07T10:02:26Z","licence":"ODbL-1.0"},"geometry":{"type":"LineString","coordinates":[[-2.9893671,51.5646214],[-2.9896782,51.564618],[-2.9900376,51.5646147],[-2.9901449,51.564618],[-2.9903166,51.564628],[-2.9904292,51.5646414],[-2.9905526,51.5646647],[-2.990676,51.5646914],[-2.990873,51.5647464],[-2.991011,51.5647881],[-2.9911266,51.5648365],[-2.9912124,51.5648748],[-2.9913305,51.5649282],[-2.9914753,51.5650015],[-2.9918406,51.5651969]]}},{"type":"Feature","properties":{"railway":"razed","razed:railway":"rail","service":"siding","source_id":"osm-way-434876776","dataset":"OpenStreetMap former/disused railway extract","publisher":"OpenStreetMap contributors","effective_date":"2026-09-07T10:02:26Z","licence":"ODbL-1.0"},"geometry":{"type":"LineString","coordinates":[[-2.9922178,51.565543],[-2.9917178,51.5652539],[-2.9916148,51.5651983],[-2.9915021,51.5651449],[-2.991368,51.5650782],[-2.9912967,51.5650466],[-2.9911427,51.5649782],[-2.9910012,51.5649168],[-2.9908316,51.5648515],[-2.9907243,51.5648114],[-2.9905848,51.5647748],[-2.9904829,51.5647581],[-2.9903273,51.5647381],[-2.9901718,51.5647281],[-2.9897801,51.5647247]]}},{"type":"Feature","properties":{"railway":"razed","razed:railway":"rail","service":"siding","source_id":"osm-way-434876777","dataset":"OpenStreetMap former/disused railway extract","publisher":"OpenStreetMap contributors","effective_date":"2026-09-07T10:02:26Z","licence":"ODbL-1.0"},"geometry":{"type":"LineString","coordinates":[[-2.9926686,51.5659509],[-2.9915826,51.5654717],[-2.9912285,51.565335],[-2.9910193,51.565265],[-2.9908745,51.5652283],[-2.9907082,51.5652016],[-2.9905902,51.5651949],[-2.9904722,51.5651983],[-2.9903595,51.5652183],[-2.9899733,51.5653217]]}},{"type":"Feature","properties":{"railway":"razed","razed:railway":"rail","service":"siding","source_id":"osm-way-434876778","dataset":"OpenStreetMap former/disused railway extract","publisher":"OpenStreetMap contributors","effective_date":"2026-09-07T10:02:26Z","licence":"ODbL-1.0"},"geometry":{"type":"LineString","coordinates":[[-2.9926686,51.5659509],[-2.9922273,51.5657059],[-2.9916255,51.5653717],[-2.9913412,51.5652249],[-2.9909603,51.5650482],[-2.9907994,51.5649815],[-2.9906331,51.5649215],[-2.9904936,51.5648848],[-2.9903434,51.5648581],[-2.9902093,51.5648448],[-2.9900698,51.5648415],[-2.9899196,51.5648448],[-2.9897909,51.5648615],[-2.9896836,51.5648815],[-2.9895441,51.5649182]]}},{"type":"Feature","properties":{"railway":"razed","razed:railway":"rail","service":"siding","source_id":"osm-way-434876779","dataset":"OpenStreetMap former/disused railway extract","publisher":"OpenStreetMap contributors","effective_date":"2026-09-07T10:02:26Z","licence":"ODbL-1.0"},"geometry":{"type":"LineString","coordinates":[[-2.9916255,51.5653717],[-2.9912124,51.5652149],[-2.990971,51.5651349],[-2.9908369,51.5651049],[-2.9907082,51.5650782],[-2.9905955,51.5650649],[-2.9904883,51.5650649],[-2.9903756,51.5650816],[-2.9902254,51.5651149],[-2.9898553,51.5652049]]}},{"type":"Feature","properties":{"railway":"razed","razed:railway":"rail","service":"siding","source_id":"osm-way-434876780","dataset":"OpenStreetMap former/disused railway extract","publisher":"OpenStreetMap contributors","effective_date":"2026-09-07T10:02:26Z","licence":"ODbL-1.0"},"geometry":{"type":"LineString","coordinates":[[-2.9929657,51.5662134],[-2.9918991,51.5657452],[-2.9917167,51.5656751],[-2.9915976,51.5656343],[-2.991427,51.5655851],[-2.9912983,51.5655651],[-2.9911588,51.5655484],[-2.9910086,51.5655417],[-2.9908638,51.5655484],[-2.9907136,51.5655651],[-2.990558,51.5655918],[-2.9903059,51.5656484]]}},{"type":"Feature","properties":{"railway":"razed","razed:railway":"rail","service":"siding","source_id":"osm-way-434876781","dataset":"OpenStreetMap former/disused railway extract","publisher":"OpenStreetMap contributors","effective_date":"2026-09-07T10:02:26Z","licence":"ODbL-1.0"},"geometry":{"type":"LineString","coordinates":[[-2.9938625,51.5670056],[-2.9931919,51.5665154],[-2.9930954,51.5664487],[-2.9930203,51.5663987],[-2.9927467,51.566252],[-2.9925267,51.5661486],[-2.9922263,51.5660253],[-2.9919742,51.5659386],[-2.9918347,51.5659019],[-2.9916845,51.5658752],[-2.9915289,51.5658619],[-2.9913734,51.5658552],[-2.9912339,51.5658552],[-2.991132,51.5658652],[-2.9909059,51.5659124],[-2.9905365,51.5660319]]}},{"type":"Feature","properties":{"railway":"razed","razed:railway":"rail","service":"siding","source_id":"osm-way-434876782","dataset":"OpenStreetMap former/disused railway extract","publisher":"OpenStreetMap contributors","effective_date":"2026-09-07T10:02:26Z","licence":"ODbL-1.0"},"geometry":{"type":"LineString","coordinates":[[-2.9906814,51.5660986],[-2.9912983,51.5661186],[-2.991545,51.566132],[-2.9917006,51.5661436],[-2.9918347,51.5661553],[-2.9920332,51.566182],[-2.9922102,51.5662153],[-2.9923658,51.5662553],[-2.9924945,51.5662987],[-2.9926447,51.5663554],[-2.9928057,51.5664254],[-2.9929344,51.5664854],[-2.9931168,51.5665821],[-2.9934816,51.5668155],[-2.9936157,51.5669106],[-2.9936962,51.5669656],[-2.9937911,51.5670347],[-2.9943796,51.5674572]]}},{"type":"Feature","properties":{"railway":"razed","razed:railway":"rail","service":"siding","source_id":"osm-way-434876783","dataset":"OpenStreetMap former/disused railway extract","publisher":"OpenStreetMap contributors","effective_date":"2026-09-07T10:02:26Z","licence":"ODbL-1.0"},"geometry":{"type":"LineString","coordinates":[[-2.9936157,51.5669106],[-2.9930203,51.5666055],[-2.9928701,51.5665388],[-2.9927413,51.5664888],[-2.9926018,51.5664521],[-2.9924731,51.5664287],[-2.9923122,51.5664054],[-2.9921673,51.5663887],[-2.9920278,51.5663854],[-2.9918454,51.5663887],[-2.9916631,51.5664054],[-2.9915129,51.5664287],[-2.991368,51.5664588],[-2.9911213,51.5665254],[-2.9910193,51.5665571],[-2.9907457,51.5666555]]}},{"type":"Feature","properties":{"railway":"razed","razed:railway":"rail","service":"siding","source_id":"osm-way-434876784","dataset":"OpenStreetMap former/disused railway extract","publisher":"OpenStreetMap contributors","effective_date":"2026-09-07T10:02:26Z","licence":"ODbL-1.0"},"geometry":{"type":"LineString","coordinates":[[-2.9923122,51.5664054],[-2.9919742,51.5663387],[-2.9917543,51.5662987],[-2.9915826,51.566272]]}},{"type":"Feature","properties":{"railway":"razed","razed:railway":"rail","service":"siding","source_id":"osm-way-434876785","dataset":"OpenStreetMap former/disused railway extract","publisher":"OpenStreetMap contributors","effective_date":"2026-09-07T10:02:26Z","licence":"ODbL-1.0"},"geometry":{"type":"LineString","coordinates":[[-2.9945228,51.5675822],[-2.994018,51.5672657],[-2.993546,51.5669789],[-2.9933904,51.5668989],[-2.9931866,51.5668122],[-2.9929452,51.5667188],[-2.992693,51.5666388],[-2.9924999,51.5665855],[-2.9923551,51.5665588],[-2.992178,51.5665388],[-2.9920386,51.5665321],[-2.9918454,51.5665354],[-2.9916461,51.5665439],[-2.9913734,51.5665555]]}},{"type":"Feature","properties":{"railway":"razed","razed:railway":"rail","service":"spur","source_id":"osm-way-434876786","dataset":"OpenStreetMap former/disused railway extract","publisher":"OpenStreetMap contributors","effective_date":"2026-09-07T10:02:26Z","licence":"ODbL-1.0"},"geometry":{"type":"LineString","coordinates":[[-2.9916461,51.5665439],[-2.9918615,51.5665855],[-2.9920064,51.5666288],[-2.9921137,51.5666688],[-2.9922263,51.5667255],[-2.9923282,51.5667855],[-2.9924248,51.5668489],[-2.992516,51.5669223],[-2.9926179,51.5670123],[-2.9928969,51.5672724],[-2.9932348,51.5676292],[-2.9934521,51.5678209],[-2.9934977,51.5678592],[-2.9936372,51.5679526],[-2.9937713,51.5680293],[-2.9939805,51.568146],[-2.9942541,51.5683194],[-2.9943882,51.5684094],[-2.9945277,51.5685161],[-2.9950051,51.5689396],[-2.9951285,51.5690563],[-2.9952304,51.5691763],[-2.9960619,51.5700466],[-2.9963955,51.570421]]}},{"type":"Feature","properties":{"railway":"razed","razed:railway":"rail","service":"siding","source_id":"osm-way-434876787","dataset":"OpenStreetMap former/disused railway extract","publisher":"OpenStreetMap contributors","effective_date":"2026-09-07T10:02:26Z","licence":"ODbL-1.0"},"geometry":{"type":"LineString","coordinates":[[-2.9934521,51.5678209],[-2.9925804,51.567179]]}},{"type":"Feature","properties":{"railway":"razed","razed:railway":"rail","service":"siding","source_id":"osm-way-434876788","dataset":"OpenStreetMap former/disused railway extract","publisher":"OpenStreetMap contributors","effective_date":"2026-09-07T10:02:26Z","licence":"ODbL-1.0"},"geometry":{"type":"LineString","coordinates":[[-2.9961853,51.5706568],[-2.9958741,51.5705501],[-2.9957025,51.5704967],[-2.9952733,51.5704034],[-2.9949836,51.57037],[-2.994651,51.57037],[-2.994415,51.5703834],[-2.9941361,51.5704234],[-2.9939108,51.5704834],[-2.9937176,51.5705434],[-2.9935674,51.5706034],[-2.9927091,51.5710169]]}},{"type":"Feature","properties":{"railway":"razed","razed:railway":"rail","service":"siding","source_id":"osm-way-434876789","dataset":"OpenStreetMap former/disused railway extract","publisher":"OpenStreetMap contributors","effective_date":"2026-09-07T10:02:26Z","licence":"ODbL-1.0"},"geometry":{"type":"LineString","coordinates":[[-2.9941361,51.5704234],[-2.9924838,51.5705567]]}},{"type":"Feature","properties":{"railway":"razed","razed:railway":"rail","service":"siding","source_id":"osm-way-434876790","dataset":"OpenStreetMap former/disused railway extract","publisher":"OpenStreetMap contributors","effective_date":"2026-09-07T10:02:26Z","licence":"ODbL-1.0"},"geometry":{"type":"LineString","coordinates":[[-2.9937176,51.5705434],[-2.9931597,51.5706234],[-2.9928915,51.5706434],[-2.9924624,51.5706568]]}},{"type":"Feature","properties":{"railway":"razed","razed:railway":"rail","service":"siding","source_id":"osm-way-434876791","dataset":"OpenStreetMap former/disused railway extract","publisher":"OpenStreetMap contributors","effective_date":"2026-09-07T10:02:26Z","licence":"ODbL-1.0"},"geometry":{"type":"LineString","coordinates":[[-2.9957025,51.5704967],[-2.9949464,51.5702561],[-2.9948012,51.57021],[-2.9945008,51.5701166],[-2.9941682,51.5700233],[-2.9940395,51.5699899],[-2.9937605,51.5699366],[-2.9935889,51.5699099],[-2.9932777,51.5698699]]}},{"type":"Feature","properties":{"railway":"razed","razed:railway":"rail","service":"siding","source_id":"osm-way-434876792","dataset":"OpenStreetMap former/disused railway extract","publisher":"OpenStreetMap contributors","effective_date":"2026-09-07T10:02:26Z","licence":"ODbL-1.0"},"geometry":{"type":"LineString","coordinates":[[-2.9949464,51.5702561],[-2.9946832,51.5702555],[-2.9942971,51.5702546],[-2.9923336,51.57025]]}},{"type":"Feature","properties":{"railway":"razed","razed:railway":"rail","service":"siding","source_id":"osm-way-434876793","dataset":"OpenStreetMap former/disused railway extract","publisher":"OpenStreetMap contributors","effective_date":"2026-09-07T10:02:26Z","licence":"ODbL-1.0"},"geometry":{"type":"LineString","coordinates":[[-2.9946832,51.5702555],[-2.9940273,51.5700981],[-2.9939136,51.5700803],[-2.993467,51.5700103],[-2.9932456,51.5699899],[-2.992894,51.5699713]]}},{"type":"Feature","properties":{"railway":"razed","razed:railway":"rail","service":"siding","source_id":"osm-way-434876794","dataset":"OpenStreetMap former/disused railway extract","publisher":"OpenStreetMap contributors","effective_date":"2026-09-07T10:02:26Z","licence":"ODbL-1.0"},"geometry":{"type":"LineString","coordinates":[[-2.9942971,51.5702546],[-2.9940114,51.57021],[-2.9937981,51.5701766],[-2.9935889,51.57015],[-2.9934333,51.5701333],[-2.9933099,51.5701233],[-2.9930508,51.5701183],[-2.992752,51.5701333],[-2.9917918,51.57019]]}},{"type":"Feature","properties":{"abandoned:railway":"rail","railway":"abandoned","source_id":"osm-way-434876795","dataset":"OpenStreetMap former/disused railway extract","publisher":"OpenStreetMap contributors","effective_date":"2026-09-07T10:02:26Z","licence":"ODbL-1.0"},"geometry":{"type":"LineString","coordinates":[[-2.9969409,51.5709926],[-2.9961853,51.5706568],[-2.9955737,51.5703734],[-2.9954021,51.5702933],[-2.9952733,51.57024],[-2.9950051,51.5701366],[-2.9945759,51.5700199],[-2.9941629,51.5699199],[-2.993782,51.5698399],[-2.9935084,51.5697932],[-2.9932295,51.5697565],[-2.9928861,51.5697198],[-2.9926072,51.5696965],[-2.992275,51.5696711],[-2.991828,51.5697214],[-2.9914914,51.5697832],[-2.9913251,51.5698232],[-2.9909442,51.5699299],[-2.9892598,51.57045]]}},{"type":"Feature","properties":{"abandoned:railway":"rail","railway":"abandoned","service":"siding","source_id":"osm-way-434876796","dataset":"OpenStreetMap former/disused railway extract","publisher":"OpenStreetMap contributors","effective_date":"2026-09-07T10:02:26Z","licence":"ODbL-1.0"},"geometry":{"type":"LineString","coordinates":[[-2.9919686,51.5696476],[-2.9915236,51.5696765],[-2.9914324,51.5696832],[-2.9912715,51.5697032],[-2.9910998,51.5697332],[-2.9893027,51.5700433]]}},{"type":"Feature","properties":{"railway":"razed","razed:railway":"rail","source_id":"osm-way-434878327","dataset":"OpenStreetMap former/disused railway extract","publisher":"OpenStreetMap contributors","effective_date":"2026-09-07T10:02:26Z","licence":"ODbL-1.0"},"geometry":{"type":"LineString","coordinates":[[-2.991828,51.5697214],[-2.9913599,51.5697701],[-2.9910247,51.5698132],[-2.9908423,51.5698432],[-2.9905687,51.5698999],[-2.9899786,51.5700299],[-2.989689,51.5700999],[-2.9895173,51.57015],[-2.989351,51.5702033],[-2.9891602,51.5702662],[-2.989013,51.57033],[-2.9888092,51.57044],[-2.9887309,51.5704833],[-2.9886643,51.5705201],[-2.9885719,51.5705692],[-2.9884766,51.5706301],[-2.9883757,51.5707117],[-2.988262,51.5708201],[-2.9881811,51.570935],[-2.9873823,51.5720338],[-2.9870497,51.5725272],[-2.9865561,51.5732641],[-2.9864757,51.5733974],[-2.9864285,51.573504],[-2.9864167,51.5735308],[-2.9862933,51.5739542],[-2.9862557,51.5740809],[-2.9862504,51.5741309],[-2.9862611,51.5741809],[-2.9863523,51.5743276],[-2.9864488,51.5744576],[-2.9865669,51.5746043],[-2.9866312,51.5746744],[-2.9867332,51.574751],[-2.9868887,51.5748511],[-2.9872803,51.5751078],[-2.9874681,51.5752278],[-2.9877578,51.5753945],[-2.9878651,51.5754445],[-2.9879938,51.5754878],[-2.9881273,51.5755255],[-2.9881708,51.5755378],[-2.988718,51.5756712],[-2.9914753,51.5763213],[-2.9915826,51.576348],[-2.9916899,51.5763813],[-2.9918202,51.5764282],[-2.9920685,51.5765485]]}},{"type":"Feature","properties":{"railway":"razed","razed:railway":"rail","source_id":"osm-way-434878328","dataset":"OpenStreetMap former/disused railway extract","publisher":"OpenStreetMap contributors","effective_date":"2026-09-07T10:02:26Z","licence":"ODbL-1.0"},"geometry":{"type":"LineString","coordinates":[[-2.9874681,51.5752278],[-2.9873018,51.5751778],[-2.9872052,51.5751611],[-2.9871033,51.5751511],[-2.986996,51.5751578],[-2.9868887,51.5751611],[-2.9867868,51.5751511],[-2.9866849,51.5751278],[-2.9859714,51.5749311],[-2.9858427,51.5748944],[-2.9856335,51.5748144],[-2.9854833,51.5747544],[-2.9853921,51.5747144],[-2.984979,51.5744977]]}},{"type":"Feature","properties":{"name":"Pillgwenlly Wharf","railway":"razed","razed:railway":"rail","service":"yard","source_id":"osm-way-434878329","dataset":"OpenStreetMap former/disused railway extract","publisher":"OpenStreetMap contributors","effective_date":"2026-09-07T10:02:26Z","licence":"ODbL-1.0"},"geometry":{"type":"LineString","coordinates":[[-2.985893,51.5751542],[-2.9856296,51.5750651],[-2.9854628,51.5749993],[-2.9852419,51.5749011],[-2.9851346,51.5748411],[-2.9850702,51.574801],[-2.9848985,51.574661],[-2.9848288,51.5745943],[-2.9847805,51.574541],[-2.9847108,51.574431],[-2.984684,51.5743676]]}},{"type":"Feature","properties":{"name":"Pillgwenlly Wharf","railway":"razed","razed:railway":"rail","service":"yard","source_id":"osm-way-434878330","dataset":"OpenStreetMap former/disused railway extract","publisher":"OpenStreetMap contributors","effective_date":"2026-09-07T10:02:26Z","licence":"ODbL-1.0"},"geometry":{"type":"LineString","coordinates":[[-2.9852419,51.5749011],[-2.9848824,51.5747677],[-2.9847644,51.5747344],[-2.9845552,51.5746944],[-2.984346,51.574651],[-2.9841797,51.5745943],[-2.9838471,51.574471],[-2.9837827,51.574441],[-2.9837291,51.5743876],[-2.9837023,51.574341],[-2.9836915,51.5742743],[-2.9836969,51.5742176]]}},{"type":"Feature","properties":{"name":"Newport Town Dock West Side","railway":"razed","railway:track_ref":"NTD","razed:railway":"rail","service":"yard","source_id":"osm-way-434878331","dataset":"OpenStreetMap former/disused railway extract","publisher":"OpenStreetMap contributors","effective_date":"2026-09-07T10:02:26Z","licence":"ODbL-1.0"},"geometry":{"type":"LineString","coordinates":[[-2.9848205,51.5789142],[-2.9845659,51.5787083],[-2.9844694,51.5786449],[-2.9843514,51.5785816],[-2.984228,51.5785249],[-2.9840295,51.5784582],[-2.9838739,51.5784116],[-2.9834972,51.5782962]]}},{"type":"Feature","properties":{"name":"Newport Town Dock West Side","railway":"razed","razed:railway":"rail","ref":"NTD","service":"yard","source_id":"osm-way-434878332","dataset":"OpenStreetMap former/disused railway extract","publisher":"OpenStreetMap contributors","effective_date":"2026-09-07T10:02:26Z","licence":"ODbL-1.0"},"geometry":{"type":"LineString","coordinates":[[-2.9848205,51.5789142],[-2.984368,51.5784869],[-2.9839836,51.578124],[-2.9839598,51.5781015],[-2.9826347,51.5770947],[-2.9821198,51.5767514],[-2.9818033,51.5765647],[-2.9814953,51.5763913],[-2.9814009,51.576348],[-2.9813339,51.5763196],[-2.981063,51.576238]]}},{"type":"Feature","properties":{"name":"Newport Town Dock West Side","railway":"razed","railway:track_ref":"NTD","razed:railway":"rail","service":"yard","source_id":"osm-way-434878333","dataset":"OpenStreetMap former/disused railway extract","publisher":"OpenStreetMap contributors","effective_date":"2026-09-07T10:02:26Z","licence":"ODbL-1.0"},"geometry":{"type":"LineString","coordinates":[[-2.9850648,51.5796183],[-2.9849138,51.5790043]]}},{"type":"Feature","properties":{"railway":"razed","razed:railway":"rail","service":"yard","source_id":"osm-way-434879178","dataset":"OpenStreetMap former/disused railway extract","publisher":"OpenStreetMap contributors","effective_date":"2026-09-07T10:02:26Z","licence":"ODbL-1.0"},"geometry":{"type":"LineString","coordinates":[[-2.9885571,51.5791183],[-2.9881052,51.5792352],[-2.9875646,51.579375]]}},{"type":"Feature","properties":{"railway":"razed","razed:railway":"rail","service":"yard","source_id":"osm-way-434879179","dataset":"OpenStreetMap former/disused railway extract","publisher":"OpenStreetMap contributors","effective_date":"2026-09-07T10:02:26Z","licence":"ODbL-1.0"},"geometry":{"type":"LineString","coordinates":[[-2.9881052,51.5792352],[-2.9876022,51.5794717],[-2.9874949,51.5795117],[-2.9873608,51.579555],[-2.9871945,51.5795883],[-2.9866849,51.579695],[-2.9863577,51.5797717],[-2.9861377,51.5798384],[-2.9859178,51.579925],[-2.985789,51.579975],[-2.9857043,51.5800146],[-2.9856335,51.580075],[-2.9855852,51.580135],[-2.985501,51.580257]]}},{"type":"Feature","properties":{"railway":"razed","razed:railway":"rail","service":"yard","source_id":"osm-way-434879180","dataset":"OpenStreetMap former/disused railway extract","publisher":"OpenStreetMap contributors","effective_date":"2026-09-07T10:02:26Z","licence":"ODbL-1.0"},"geometry":{"type":"LineString","coordinates":[[-2.985789,51.579975],[-2.986186,51.5795883],[-2.9862691,51.5795224],[-2.986363,51.5794583],[-2.986481,51.5793983],[-2.9866044,51.5793483],[-2.9867653,51.5792916],[-2.9869316,51.5792333],[-2.9878919,51.5789483]]}},{"type":"Feature","properties":{"railway":"razed","razed:railway":"rail","service":"yard","source_id":"osm-way-434879181","dataset":"OpenStreetMap former/disused railway extract","publisher":"OpenStreetMap contributors","effective_date":"2026-09-07T10:02:26Z","licence":"ODbL-1.0"},"geometry":{"type":"LineString","coordinates":[[-2.9883318,51.5785849],[-2.9868244,51.5790216],[-2.986664,51.5790746],[-2.9866527,51.5790783],[-2.9865132,51.579135],[-2.9863898,51.5791983],[-2.9862665,51.5792683],[-2.9862021,51.579315],[-2.9860787,51.5794183],[-2.9859663,51.5795417],[-2.9858614,51.5797076],[-2.9857304,51.5799148],[-2.9856335,51.580075]]}},{"type":"Feature","properties":{"railway":"razed","razed:railway":"rail","service":"yard","source_id":"osm-way-434879182","dataset":"OpenStreetMap former/disused railway extract","publisher":"OpenStreetMap contributors","effective_date":"2026-09-07T10:02:26Z","licence":"ODbL-1.0"},"geometry":{"type":"LineString","coordinates":[[-2.9860787,51.5794183],[-2.986304,51.5791783],[-2.9863469,51.5791383],[-2.9863898,51.5791016],[-2.9864649,51.5790583],[-2.9865827,51.5789971],[-2.9867922,51.5788883],[-2.986878,51.5788383],[-2.9869304,51.5788036],[-2.9869585,51.5787849],[-2.9871194,51.5786449],[-2.9876558,51.5781049]]}},{"type":"Feature","properties":{"railway":"razed","razed:railway":"rail","service":"yard","source_id":"osm-way-434879183","dataset":"OpenStreetMap former/disused railway extract","publisher":"OpenStreetMap contributors","effective_date":"2026-09-07T10:02:26Z","licence":"ODbL-1.0"},"geometry":{"type":"LineString","coordinates":[[-2.9871194,51.5786449],[-2.9873232,51.5785349],[-2.9873911,51.5785018],[-2.9874305,51.5784816],[-2.9875968,51.5784116],[-2.9877631,51.5783516],[-2.9879348,51.5782982],[-2.9884102,51.5781633]]}},{"type":"Feature","properties":{"railway":"razed","razed:railway":"rail","service":"yard","source_id":"osm-way-434879184","dataset":"OpenStreetMap former/disused railway extract","publisher":"OpenStreetMap contributors","effective_date":"2026-09-07T10:02:26Z","licence":"ODbL-1.0"},"geometry":{"type":"LineString","coordinates":[[-2.987849,51.5786016],[-2.9864649,51.5790583]]}},{"type":"Feature","properties":{"name":"Newport Town Dock West Side","railway":"razed","railway:track_ref":"NTD","razed:railway":"rail","service":"yard","source_id":"osm-way-434879185","dataset":"OpenStreetMap former/disused railway extract","publisher":"OpenStreetMap contributors","effective_date":"2026-09-07T10:02:26Z","licence":"ODbL-1.0"},"geometry":{"type":"LineString","coordinates":[[-2.9868565,51.5782349],[-2.9864274,51.5785049],[-2.986304,51.5785816],[-2.9860948,51.5787416],[-2.9860197,51.5788116],[-2.9858909,51.5789583],[-2.9858373,51.5790283],[-2.9857622,51.5791483],[-2.9856442,51.579345],[-2.9855101,51.579625],[-2.9854833,51.5797183],[-2.9854594,51.5798226],[-2.9854355,51.5800035]]}},{"type":"Feature","properties":{"name":"Newport Town Dock West Side","railway":"razed","railway:track_ref":"NTD","razed:railway":"rail","service":"yard","source_id":"osm-way-434879186","dataset":"OpenStreetMap former/disused railway extract","publisher":"OpenStreetMap contributors","effective_date":"2026-09-07T10:02:26Z","licence":"ODbL-1.0"},"geometry":{"type":"LineString","coordinates":[[-2.9862986,51.5783949],[-2.9862469,51.5784477],[-2.9859929,51.5786983],[-2.985848,51.5788583],[-2.9857783,51.578935],[-2.9856925,51.5790583],[-2.985612,51.5791916],[-2.9854993,51.5794017],[-2.9854379,51.579551],[-2.9853872,51.5797337]]}},{"type":"Feature","properties":{"name":"Newport Town Dock West Side","railway":"razed","railway:track_ref":"NTD","razed:railway":"rail","service":"yard","source_id":"osm-way-434879187","dataset":"OpenStreetMap former/disused railway extract","publisher":"OpenStreetMap contributors","effective_date":"2026-09-07T10:02:26Z","licence":"ODbL-1.0"},"geometry":{"type":"LineString","coordinates":[[-2.9854993,51.5794017],[-2.9855369,51.5791416],[-2.9855637,51.5790483],[-2.985612,51.5789216],[-2.9856817,51.5788083],[-2.9859553,51.5784982]]}},{"type":"Feature","properties":{"name":"Newport Town Dock West Side","railway":"razed","railway:track_ref":"NTD","razed:railway":"rail","service":"yard","source_id":"osm-way-434879188","dataset":"OpenStreetMap former/disused railway extract","publisher":"OpenStreetMap contributors","effective_date":"2026-09-07T10:02:26Z","licence":"ODbL-1.0"},"geometry":{"type":"LineString","coordinates":[[-2.9856925,51.5785883],[-2.9855771,51.5787216],[-2.9855262,51.5788083],[-2.9854564,51.5789383],[-2.9854242,51.579015],[-2.9854028,51.5791083]]}},{"type":"Feature","properties":{"name":"Newport Town Dock West Side","railway":"razed","railway:track_ref":"NTD","razed:railway":"rail","service":"yard","source_id":"osm-way-434879189","dataset":"OpenStreetMap former/disused railway extract","publisher":"OpenStreetMap contributors","effective_date":"2026-09-07T10:02:26Z","licence":"ODbL-1.0"},"geometry":{"type":"LineString","coordinates":[[-2.9854379,51.579551],[-2.9854028,51.5791083],[-2.9853921,51.5789583],[-2.985376,51.5788516],[-2.9853491,51.5787949],[-2.9853009,51.5787216],[-2.9850073,51.5783328],[-2.984682,51.5779022],[-2.9844372,51.5775781]]}},{"type":"Feature","properties":{"name":"Newport Town Dock West Side","railway":"razed","railway:track_ref":"NTD","razed:railway":"rail","service":"yard","source_id":"osm-way-434879190","dataset":"OpenStreetMap former/disused railway extract","publisher":"OpenStreetMap contributors","effective_date":"2026-09-07T10:02:26Z","licence":"ODbL-1.0"},"geometry":{"type":"LineString","coordinates":[[-2.984228,51.5776381],[-2.9844728,51.5779648],[-2.9847869,51.5783986],[-2.9849629,51.5786416],[-2.9850756,51.5788049],[-2.9851131,51.5788716],[-2.9851714,51.5789916],[-2.9852043,51.5790866],[-2.9852311,51.579175],[-2.9853172,51.5794643]]}},{"type":"Feature","properties":{"name":"Newport Town Dock East Side","railway":"razed","razed:railway":"rail","ref":"NTD","service":"yard","source_id":"osm-way-434879191","dataset":"OpenStreetMap former/disused railway extract","publisher":"OpenStreetMap contributors","effective_date":"2026-09-07T10:02:26Z","licence":"ODbL-1.0"},"geometry":{"type":"LineString","coordinates":[[-2.976176,51.5761979],[-2.9773353,51.5765716],[-2.9776081,51.5766842],[-2.977839,51.5767514],[-2.9780759,51.5768194],[-2.9785792,51.5769514],[-2.9787882,51.5770063],[-2.9790414,51.5770727]]}},{"type":"Feature","properties":{"name":"Newport Town Dock East Side","railway":"razed","razed:railway":"rail","ref":"NTD","service":"yard","source_id":"osm-way-434879192","dataset":"OpenStreetMap former/disused railway extract","publisher":"OpenStreetMap contributors","effective_date":"2026-09-07T10:02:26Z","licence":"ODbL-1.0"},"geometry":{"type":"LineString","coordinates":[[-2.98416,51.580475],[-2.9819266,51.5788916],[-2.9817872,51.5787783],[-2.9815726,51.5785849],[-2.9814546,51.5784649],[-2.9809932,51.5781182],[-2.9804516,51.5776943],[-2.9803993,51.5776534],[-2.9797943,51.5771799],[-2.9796486,51.5770659],[-2.9791146,51.576648],[-2.9783861,51.5760779]]}},{"type":"Feature","properties":{"name":"Newport Town Dock East Side","railway":"razed","razed:railway":"rail","ref":"NTD","service":"yard","source_id":"osm-way-434879193","dataset":"OpenStreetMap former/disused railway extract","publisher":"OpenStreetMap contributors","effective_date":"2026-09-07T10:02:26Z","licence":"ODbL-1.0"},"geometry":{"type":"LineString","coordinates":[[-2.9803993,51.5776534],[-2.9800062,51.5771581],[-2.9798882,51.5770381],[-2.9795341,51.5767514],[-2.9785614,51.5759744]]}},{"type":"Feature","properties":{"name":"Newport Town Dock East Side","railway":"razed","razed:railway":"rail","ref":"NTD","service":"yard","source_id":"osm-way-434880718","dataset":"OpenStreetMap former/disused railway extract","publisher":"OpenStreetMap contributors","effective_date":"2026-09-07T10:02:26Z","licence":"ODbL-1.0"},"geometry":{"type":"LineString","coordinates":[[-2.9773353,51.5765716],[-2.976294,51.5759246]]}},{"type":"Feature","properties":{"name":"Newport Town Dock East Side","railway":"razed","razed:railway":"rail","ref":"NTD","service":"yard","source_id":"osm-way-434880719","dataset":"OpenStreetMap former/disused railway extract","publisher":"OpenStreetMap contributors","effective_date":"2026-09-07T10:02:26Z","licence":"ODbL-1.0"},"geometry":{"type":"LineString","coordinates":[[-2.9773353,51.5765716],[-2.9760902,51.576398]]}},{"type":"Feature","properties":{"name":"Newport Town Dock East Side","railway":"razed","razed:railway":"rail","ref":"NTD","service":"yard","source_id":"osm-way-434880720","dataset":"OpenStreetMap former/disused railway extract","publisher":"OpenStreetMap contributors","effective_date":"2026-09-07T10:02:26Z","licence":"ODbL-1.0"},"geometry":{"type":"LineString","coordinates":[[-2.9782681,51.5761979],[-2.9795009,51.5771343],[-2.9809718,51.5782515],[-2.9811756,51.5784316],[-2.9813687,51.5786316],[-2.981594,51.5788516],[-2.9817872,51.5790183],[-2.9827813,51.5798016]]}},{"type":"Feature","properties":{"railway":"razed","razed:railway":"rail","source_id":"osm-way-434880721","dataset":"OpenStreetMap former/disused railway extract","publisher":"OpenStreetMap contributors","effective_date":"2026-09-07T10:02:26Z","licence":"ODbL-1.0"},"geometry":{"type":"LineString","coordinates":[[-2.9827813,51.5798016],[-2.9816906,51.5788449],[-2.9816155,51.5787516],[-2.9814546,51.5784649]]}},{"type":"Feature","properties":{"name":"Newport Town Dock East Side","railway":"razed","razed:railway":"rail","ref":"NTD","service":"yard","source_id":"osm-way-434880722","dataset":"OpenStreetMap former/disused railway extract","publisher":"OpenStreetMap contributors","effective_date":"2026-09-07T10:02:26Z","licence":"ODbL-1.0"},"geometry":{"type":"LineString","coordinates":[[-2.9795844,51.5769953],[-2.9792083,51.5764323],[-2.9789226,51.5760046]]}},{"type":"Feature","properties":{"name":"Newport Town Dock East Side","railway":"razed","razed:railway":"rail","ref":"NTD","service":"yard","source_id":"osm-way-434880723","dataset":"OpenStreetMap former/disused railway extract","publisher":"OpenStreetMap contributors","effective_date":"2026-09-07T10:02:26Z","licence":"ODbL-1.0"},"geometry":{"type":"LineString","coordinates":[[-2.9804461,51.5772314],[-2.9797427,51.576665],[-2.9789226,51.5760046],[-2.9786651,51.5757845]]}},{"type":"Feature","properties":{"name":"Newport Town Dock East Side","railway":"razed","razed:railway":"rail","ref":"NTD","service":"yard","source_id":"osm-way-434880724","dataset":"OpenStreetMap former/disused railway extract","publisher":"OpenStreetMap contributors","effective_date":"2026-09-07T10:02:26Z","licence":"ODbL-1.0"},"geometry":{"type":"LineString","coordinates":[[-2.9787882,51.5770063],[-2.9783861,51.5768047],[-2.9781715,51.5766847],[-2.9779679,51.576565],[-2.9777538,51.5764236],[-2.9776458,51.5763046],[-2.9775707,51.5761846],[-2.9775278,51.5760779]]}},{"type":"Feature","properties":{"name":"Newport Town Dock East Side","railway":"razed","razed:railway":"rail","ref":"NTD","service":"yard","source_id":"osm-way-434880725","dataset":"OpenStreetMap former/disused railway extract","publisher":"OpenStreetMap contributors","effective_date":"2026-09-07T10:02:26Z","licence":"ODbL-1.0"},"geometry":{"type":"LineString","coordinates":[[-2.9785792,51.5769514],[-2.9781286,51.5769114],[-2.9772489,51.5768847]]}},{"type":"Feature","properties":{"name":"Newport Town Dock East Side","railway":"razed","razed:railway":"rail","ref":"NTD","service":"yard","source_id":"osm-way-434880726","dataset":"OpenStreetMap former/disused railway extract","publisher":"OpenStreetMap contributors","effective_date":"2026-09-07T10:02:26Z","licence":"ODbL-1.0"},"geometry":{"type":"LineString","coordinates":[[-2.9781286,51.5769114],[-2.9777209,51.5769447],[-2.9776029,51.5769647],[-2.9774634,51.5770181],[-2.9773025,51.5770981],[-2.977045,51.5772381]]}},{"type":"Feature","properties":{"name":"Newport Town Dock East Side","railway":"razed","razed:railway":"rail","ref":"NTD","service":"yard","source_id":"osm-way-434880727","dataset":"OpenStreetMap former/disused railway extract","publisher":"OpenStreetMap contributors","effective_date":"2026-09-07T10:02:26Z","licence":"ODbL-1.0"},"geometry":{"type":"LineString","coordinates":[[-2.9785792,51.5769514],[-2.978193,51.5769647],[-2.9780535,51.5769847],[-2.9778604,51.5770781],[-2.9777424,51.5771648]]}},{"type":"Feature","properties":{"name":"Newport Town Dock West Side","railway":"razed","razed:railway":"rail","ref":"NTD","service":"yard","source_id":"osm-way-434880728","dataset":"OpenStreetMap former/disused railway extract","publisher":"OpenStreetMap contributors","effective_date":"2026-09-07T10:02:26Z","licence":"ODbL-1.0"},"geometry":{"type":"LineString","coordinates":[[-2.9827675,51.5749346],[-2.9813283,51.5751381],[-2.9799096,51.5753311]]}},{"type":"Feature","properties":{"name":"Newport Town Dock West Side","railway":"razed","razed:railway":"rail","ref":"NTD","service":"yard","source_id":"osm-way-434880729","dataset":"OpenStreetMap former/disused railway extract","publisher":"OpenStreetMap contributors","effective_date":"2026-09-07T10:02:26Z","licence":"ODbL-1.0"},"geometry":{"type":"LineString","coordinates":[[-2.9840831,51.5771114],[-2.982742,51.5753778],[-2.9826347,51.5752978],[-2.9824953,51.5752378],[-2.9821443,51.5751233],[-2.9819002,51.5750977],[-2.9816342,51.5751067],[-2.9813283,51.5751381]]}},{"type":"Feature","properties":{"railway":"razed","razed:railway":"rail","source_id":"osm-way-434880730","dataset":"OpenStreetMap former/disused railway extract","publisher":"OpenStreetMap contributors","effective_date":"2026-09-07T10:02:26Z","licence":"ODbL-1.0"},"geometry":{"type":"LineString","coordinates":[[-2.9866032,51.5750932],[-2.9848449,51.5739175]]}},{"type":"Feature","properties":{"railway":"razed","razed:railway":"rail","source_id":"osm-way-434880731","dataset":"OpenStreetMap former/disused railway extract","publisher":"OpenStreetMap contributors","effective_date":"2026-09-07T10:02:26Z","licence":"ODbL-1.0"},"geometry":{"type":"LineString","coordinates":[[-2.9867332,51.574751],[-2.9854438,51.5739345],[-2.985038,51.5736775]]}},{"type":"Feature","properties":{"railway":"razed","razed:railway":"rail","service":"siding","source_id":"osm-way-434979987","dataset":"OpenStreetMap former/disused railway extract","publisher":"OpenStreetMap contributors","effective_date":"2026-09-07T10:02:26Z","licence":"ODbL-1.0"},"geometry":{"type":"LineString","coordinates":[[-2.9932375,51.5656298],[-2.9944169,51.5667039],[-2.994715,51.5669753]]}},{"type":"Feature","properties":{"railway":"razed","razed:railway":"rail","service":"siding","source_id":"osm-way-434979988","dataset":"OpenStreetMap former/disused railway extract","publisher":"OpenStreetMap contributors","effective_date":"2026-09-07T10:02:26Z","licence":"ODbL-1.0"},"geometry":{"type":"LineString","coordinates":[[-2.9944169,51.5667039],[-2.9941709,51.5662701],[-2.9941172,51.5661234],[-2.9940743,51.5659166],[-2.993967,51.5654298],[-2.9939026,51.5652764],[-2.9938061,51.5651296]]}},{"type":"Feature","properties":{"disused:railway":"rail","electrified":"no","gauge":"1435","railway":"disused","service":"spur","source_id":"osm-way-434989093","dataset":"OpenStreetMap former/disused railway extract","publisher":"OpenStreetMap contributors","effective_date":"2026-09-07T10:02:26Z","licence":"ODbL-1.0"},"geometry":{"type":"LineString","coordinates":[[-2.9618454,51.5596445],[-2.9620566,51.5572143],[-2.9621844,51.5557314]]}},{"type":"Feature","properties":{"abandoned:railway":"rail","electrified":"no","gauge":"1435","railway":"abandoned","service":"spur","source_id":"osm-way-434989094","dataset":"OpenStreetMap former/disused railway extract","publisher":"OpenStreetMap contributors","effective_date":"2026-09-07T10:02:26Z","licence":"ODbL-1.0"},"geometry":{"type":"LineString","coordinates":[[-2.9618205,51.5598468],[-2.9617721,51.559977],[-2.9617614,51.5600104],[-2.961756,51.5600504],[-2.9617265,51.5603372],[-2.9616783,51.5608291],[-2.9616729,51.5609025],[-2.9616729,51.5609375],[-2.9616783,51.5609658],[-2.9616919,51.5610033],[-2.961719,51.5610709]]}},{"type":"Feature","properties":{"abandoned:railway":"rail","name":"Redcliffe Tunnel","railway":"abandoned","ref":"BHB","tunnel":"yes","tunnel:name":"Redcliffe Tunnel","wikidata":"Q116741074","source_id":"osm-way-437269059","dataset":"OpenStreetMap former/disused railway extract","publisher":"OpenStreetMap contributors","effective_date":"2026-09-07T10:02:26Z","licence":"ODbL-1.0"},"geometry":{"type":"LineString","coordinates":[[-2.5927148,51.447593],[-2.5924313,51.4475772],[-2.5919838,51.4475719],[-2.591392,51.4475698],[-2.591137,51.4475813],[-2.5907115,51.4475971],[-2.5903708,51.4476278],[-2.5900859,51.4476474],[-2.5897639,51.4476937],[-2.5893936,51.4477585],[-2.5891057,51.4478289],[-2.5889829,51.4478645]]}},{"type":"Feature","properties":{"name":"Somerset and Dorset Joint Railway","railway":"razed","razed:railway":"rail","ref":"SAD","wikidata":"Q7559923","wikipedia":"en:Somerset and Dorset Joint Railway","source_id":"osm-way-444401408","dataset":"OpenStreetMap former/disused railway extract","publisher":"OpenStreetMap contributors","effective_date":"2026-09-07T10:02:26Z","licence":"ODbL-1.0"},"geometry":{"type":"LineString","coordinates":[[-2.3825953,51.3818284],[-2.3818079,51.3821126],[-2.3806931,51.3822998],[-2.3786267,51.3824474]]}},{"type":"Feature","properties":{"name":"Mangotsfield and Bath Branch Line","railway":"razed","razed:railway":"rail","ref":"MBL","wikidata":"Q12061467","wikipedia":"en:Mangotsfield and Bath branch line","source_id":"osm-way-444401409","dataset":"OpenStreetMap former/disused railway extract","publisher":"OpenStreetMap contributors","effective_date":"2026-09-07T10:02:26Z","licence":"ODbL-1.0"},"geometry":{"type":"LineString","coordinates":[[-2.3885813,51.3835074],[-2.3870221,51.3834903],[-2.3851982,51.38342],[-2.3841843,51.3833111],[-2.3833291,51.3831601]]}},{"type":"Feature","properties":{"abandoned:railway":"rail","name":"Mangotsfield and Bath Branch Line","railway":"abandoned","ref":"MBL","wikidata":"Q12061467","wikipedia":"en:Mangotsfield and Bath branch line","source_id":"osm-way-444401410","dataset":"OpenStreetMap former/disused railway extract","publisher":"OpenStreetMap contributors","effective_date":"2026-09-07T10:02:26Z","licence":"ODbL-1.0"},"geometry":{"type":"LineString","coordinates":[[-2.3885813,51.3835074],[-2.3897641,51.3835208],[-2.3909898,51.3835568],[-2.3918742,51.3835966],[-2.3937302,51.3838008],[-2.3946789,51.3839394]]}},{"type":"Feature","properties":{"name":"Mangotsfield and Bath Branch Line","railway":"razed","razed:railway":"rail","ref":"MBL","wikidata":"Q12061467","wikipedia":"en:Mangotsfield and Bath branch line","source_id":"osm-way-444401411","dataset":"OpenStreetMap former/disused railway extract","publisher":"OpenStreetMap contributors","effective_date":"2026-09-07T10:02:26Z","licence":"ODbL-1.0"},"geometry":{"type":"LineString","coordinates":[[-2.370093,51.3813797],[-2.3706137,51.3813597],[-2.3712839,51.3813819],[-2.3719993,51.3814849],[-2.3767543,51.3821948],[-2.3786267,51.3824474],[-2.3824179,51.3830269]]}},{"type":"Feature","properties":{"bicycle":"designated","foot":"designated","highway":"cycleway","horse":"designated","railway":"abandoned","source":"survey","surface":"asphalt","source_id":"osm-way-533891548","dataset":"OpenStreetMap former/disused railway extract","publisher":"OpenStreetMap contributors","effective_date":"2026-09-07T10:02:26Z","licence":"ODbL-1.0"},"geometry":{"type":"LineString","coordinates":[[-2.441331,51.2878936],[-2.4421165,51.2882955],[-2.4421763,51.2883204]]}},{"type":"Feature","properties":{"disused:railway":"rail","electrified":"no","gauge":"1435","maxspeed":"25 mph","name":"Radstock Frome","railway":"abandoned","ref":"FNS2","source":"OS_OpenData_Streetview;survey","usage":"branch","source_id":"osm-way-533905889","dataset":"OpenStreetMap former/disused railway extract","publisher":"OpenStreetMap contributors","effective_date":"2026-09-07T10:02:26Z","licence":"ODbL-1.0"},"geometry":{"type":"LineString","coordinates":[[-2.4369761,51.2810834],[-2.4372857,51.2817523],[-2.4374999,51.2821971],[-2.4376786,51.2825898],[-2.4378177,51.2829213],[-2.4379448,51.2833129],[-2.4381599,51.2841048],[-2.4382666,51.2846861],[-2.4382974,51.2848127],[-2.4383729,51.285041],[-2.4384804,51.285309],[-2.4387183,51.2857428],[-2.4388482,51.2859208],[-2.4392058,51.2863727],[-2.4395055,51.2866852],[-2.439731,51.2868935],[-2.440077,51.2871698],[-2.4405583,51.2874801],[-2.4411296,51.2878009]]}},{"type":"Feature","properties":{"bicycle":"designated","bridge":"yes","foot":"designated","highway":"cycleway","horse":"designated","layer":"1","railway":"abandoned","source":"survey","surface":"asphalt","source_id":"osm-way-533905890","dataset":"OpenStreetMap former/disused railway extract","publisher":"OpenStreetMap contributors","effective_date":"2026-09-07T10:02:26Z","licence":"ODbL-1.0"},"geometry":{"type":"LineString","coordinates":[[-2.4370281,51.2810194],[-2.4370508,51.281071]]}},{"type":"Feature","properties":{"bridge":"yes","disused:railway":"rail","electrified":"no","gauge":"1435","layer":"1","maxspeed":"25 mph","name":"Radstock Frome","railway":"abandoned","ref":"FNS2","source":"OS_OpenData_Streetview;survey","usage":"branch","source_id":"osm-way-533905891","dataset":"OpenStreetMap former/disused railway extract","publisher":"OpenStreetMap contributors","effective_date":"2026-09-07T10:02:26Z","licence":"ODbL-1.0"},"geometry":{"type":"LineString","coordinates":[[-2.436937,51.2810062],[-2.4369761,51.2810834]]}},{"type":"Feature","properties":{"bicycle":"designated","foot":"designated","highway":"cycleway","horse":"designated","railway":"abandoned","source":"survey","surface":"asphalt","source_id":"osm-way-533905892","dataset":"OpenStreetMap former/disused railway extract","publisher":"OpenStreetMap contributors","effective_date":"2026-09-07T10:02:26Z","licence":"ODbL-1.0"},"geometry":{"type":"LineString","coordinates":[[-2.4370508,51.281071],[-2.4371662,51.2813333],[-2.4376686,51.2824051],[-2.4378651,51.282847],[-2.4380925,51.2835231],[-2.4382149,51.2840115],[-2.4382917,51.2844493],[-2.4383818,51.2849201],[-2.4385492,51.2853401],[-2.4387395,51.2856914],[-2.4389794,51.2860138],[-2.4392204,51.2863584],[-2.4393641,51.2865194],[-2.4395586,51.2867015],[-2.4397291,51.2868607],[-2.4398681,51.2869832],[-2.4399861,51.2870784],[-2.4402765,51.2872858],[-2.4404949,51.2874263],[-2.4408327,51.2876096],[-2.441331,51.2878936]]}},{"type":"Feature","properties":{"disused:railway":"rail","electrified":"no","gauge":"1435","maxspeed":"25 mph","name":"Radstock Frome","railway":"abandoned","ref":"FNS2","source":"OS_OpenData_Streetview;survey","usage":"branch","source_id":"osm-way-533906806","dataset":"OpenStreetMap former/disused railway extract","publisher":"OpenStreetMap contributors","effective_date":"2026-09-07T10:02:26Z","licence":"ODbL-1.0"},"geometry":{"type":"LineString","coordinates":[[-2.4351919,51.2765501],[-2.4354961,51.2773103],[-2.4359266,51.2783921],[-2.436937,51.2810062]]}},{"type":"Feature","properties":{"bicycle":"designated","foot":"designated","highway":"cycleway","horse":"designated","railway":"abandoned","source":"survey","surface":"asphalt","source_id":"osm-way-533906807","dataset":"OpenStreetMap former/disused railway extract","publisher":"OpenStreetMap contributors","effective_date":"2026-09-07T10:02:26Z","licence":"ODbL-1.0"},"geometry":{"type":"LineString","coordinates":[[-2.4346308,51.2728556],[-2.4347919,51.2732991],[-2.4348591,51.273627],[-2.4348936,51.2739125],[-2.4349015,51.2742371],[-2.4348969,51.2749321],[-2.4349216,51.2752581],[-2.4349544,51.2754413],[-2.4350137,51.2758819],[-2.4350806,51.2761665],[-2.4352148,51.2765374],[-2.4358954,51.2781224],[-2.4370215,51.2810045],[-2.4370281,51.2810194]]}},{"type":"Feature","properties":{"abandoned:railway":"rail","name":"Thornbury Branch Line","railway":"abandoned","ref":"THO","source":"Bing;NLS-OS-1st_Series","wikidata":"Q7796331","wikipedia":"en:Thornbury branch line","source_id":"osm-way-575077241","dataset":"OpenStreetMap former/disused railway extract","publisher":"OpenStreetMap contributors","effective_date":"2026-09-07T10:02:26Z","licence":"ODbL-1.0"},"geometry":{"type":"LineString","coordinates":[[-2.5259131,51.605342],[-2.5214325,51.6040135],[-2.5191807,51.6033388],[-2.5161434,51.6026144],[-2.5141068,51.6022454],[-2.5123057,51.6019887],[-2.5106905,51.6018608]]}},{"type":"Feature","properties":{"disused:railway":"rail","electrified":"no","gauge":"1435","maxspeed":"25 mph","name":"Ludlows Colliery Lines","railway":"disused","usage":"branch","source_id":"osm-way-586342117","dataset":"OpenStreetMap former/disused railway extract","publisher":"OpenStreetMap contributors","effective_date":"2026-09-07T10:02:26Z","licence":"ODbL-1.0"},"geometry":{"type":"LineString","coordinates":[[-2.4443765,51.2911995],[-2.4442574,51.2914116],[-2.4441646,51.2915769]]}},{"type":"Feature","properties":{"abandoned:railway":"rail","bridge":"yes","layer":"1","name":"Camerton & Limpleystoke","railway":"abandoned","ref":"CMZ","source_id":"osm-way-588404005","dataset":"OpenStreetMap former/disused railway extract","publisher":"OpenStreetMap contributors","effective_date":"2026-09-07T10:02:26Z","licence":"ODbL-1.0"},"geometry":{"type":"LineString","coordinates":[[-2.3667839,51.3424804],[-2.3666246,51.3424349]]}},{"type":"Feature","properties":{"abandoned:railway":"rail","name":"Camerton & Limpleystoke","railway":"abandoned","ref":"CMZ","source_id":"osm-way-588404006","dataset":"OpenStreetMap former/disused railway extract","publisher":"OpenStreetMap contributors","effective_date":"2026-09-07T10:02:26Z","licence":"ODbL-1.0"},"geometry":{"type":"LineString","coordinates":[[-2.3666246,51.3424349],[-2.3662965,51.3423309],[-2.3657493,51.3421097],[-2.3652343,51.3418818]]}},{"type":"Feature","properties":{"abandoned:railway":"rail","cutting":"yes","electrified":"no","gauge":"1435","name":"Caerwent Branch","railway":"abandoned","ref":"CWT","source":"OS OpenMan Local April 2022","source_id":"osm-way-593498790","dataset":"OpenStreetMap former/disused railway extract","publisher":"OpenStreetMap contributors","effective_date":"2026-09-07T10:02:26Z","licence":"ODbL-1.0"},"geometry":{"type":"LineString","coordinates":[[-2.7385866,51.5963648],[-2.7393582,51.5971848],[-2.7396477,51.5975341],[-2.7403076,51.5984364],[-2.7404931,51.5988713],[-2.7406555,51.5994462],[-2.7407377,51.5999653],[-2.7407495,51.6002425],[-2.7407239,51.6005012],[-2.7406834,51.6008945]]}},{"type":"Feature","properties":{"foot":"yes","highway":"cycleway","name":"Bristol & Bath Railway Path","railway":"abandoned","surface":"asphalt","website":"http://www.bristolbathrailwaypath.org.uk/","wikidata":"Q4969083","wikipedia":"en:Bristol and Bath Railway Path","source_id":"osm-way-618071889","dataset":"OpenStreetMap former/disused railway extract","publisher":"OpenStreetMap contributors","effective_date":"2026-09-07T10:02:26Z","licence":"ODbL-1.0"},"geometry":{"type":"LineString","coordinates":[[-2.4062736,51.3879354],[-2.4062295,51.3879282]]}},{"type":"Feature","properties":{"bicycle":"designated","designation":"public_footpath","foot":"designated","highway":"cycleway","name":"Bristol & Bath Railway Path","prow_ref":"BA17/4","railway":"abandoned","surface":"asphalt","website":"http://www.bristolbathrailwaypath.org.uk/","wikidata":"Q4969083","wikipedia":"en:Bristol and Bath Railway Path","source_id":"osm-way-618071890","dataset":"OpenStreetMap former/disused railway extract","publisher":"OpenStreetMap contributors","effective_date":"2026-09-07T10:02:26Z","licence":"ODbL-1.0"},"geometry":{"type":"LineString","coordinates":[[-2.4063939,51.3880052],[-2.4063546,51.3879824],[-2.4062736,51.3879354]]}},{"type":"Feature","properties":{"abandoned:railway":"rail","bridge":"yes","layer":"1","name":"East Usk Branch","railway":"abandoned","ref":"EUB","source_id":"osm-way-621712568","dataset":"OpenStreetMap former/disused railway extract","publisher":"OpenStreetMap contributors","effective_date":"2026-09-07T10:02:26Z","licence":"ODbL-1.0"},"geometry":{"type":"LineString","coordinates":[[-2.9654565,51.5755871],[-2.9649818,51.5758046]]}},{"type":"Feature","properties":{"abandoned:railway":"rail","railway":"abandoned","source_id":"osm-way-621712910","dataset":"OpenStreetMap former/disused railway extract","publisher":"OpenStreetMap contributors","effective_date":"2026-09-07T10:02:26Z","licence":"ODbL-1.0"},"geometry":{"type":"LineString","coordinates":[[-2.9625225,51.5770027],[-2.9621834,51.5771696],[-2.9619125,51.5773213],[-2.9616496,51.5774763],[-2.9613948,51.5776447],[-2.9611695,51.5777997],[-2.9610217,51.5779362],[-2.9607883,51.5781646],[-2.9606328,51.5783246],[-2.960386,51.5786046],[-2.9602385,51.5787996],[-2.9601017,51.5790463],[-2.9599944,51.5792447],[-2.9598818,51.5795047],[-2.9597771,51.5797831],[-2.9595987,51.5803651],[-2.9595301,51.5805741],[-2.9594728,51.5807219]]}},{"type":"Feature","properties":{"abandoned:railway":"rail","bridge":"yes","layer":"1","railway":"abandoned","source_id":"osm-way-621714879","dataset":"OpenStreetMap former/disused railway extract","publisher":"OpenStreetMap contributors","effective_date":"2026-09-07T10:02:26Z","licence":"ODbL-1.0"},"geometry":{"type":"LineString","coordinates":[[-2.9692544,51.5739306],[-2.9689323,51.5740738]]}},{"type":"Feature","properties":{"name":"Bristol Wapping Wharf Branch","railway":"razed","razed:railway":"rail","ref":"BWW","source_id":"osm-way-626003240","dataset":"OpenStreetMap former/disused railway extract","publisher":"OpenStreetMap contributors","effective_date":"2026-09-07T10:02:26Z","licence":"ODbL-1.0"},"geometry":{"type":"LineString","coordinates":[[-2.6252213,51.4413223],[-2.625147,51.4407832]]}},{"type":"Feature","properties":{"name":"Bristol Wapping Wharf Branch","railway":"razed","razed:railway":"rail","ref":"BWW","source_id":"osm-way-626003242","dataset":"OpenStreetMap former/disused railway extract","publisher":"OpenStreetMap contributors","effective_date":"2026-09-07T10:02:26Z","licence":"ODbL-1.0"},"geometry":{"type":"LineString","coordinates":[[-2.6180128,51.4460007],[-2.618141,51.446026],[-2.6182815,51.4460576],[-2.6183958,51.4460892],[-2.618594,51.4461529],[-2.6186711,51.4461856]]}},{"type":"Feature","properties":{"disused:railway":"rail","railway":"disused","source_id":"osm-way-626515802","dataset":"OpenStreetMap former/disused railway extract","publisher":"OpenStreetMap contributors","effective_date":"2026-09-07T10:02:26Z","licence":"ODbL-1.0"},"geometry":{"type":"LineString","coordinates":[[-2.7591093,51.48657],[-2.7578098,51.4858685]]}},{"type":"Feature","properties":{"disused:railway":"rail","railway":"disused","source_id":"osm-way-626515803","dataset":"OpenStreetMap former/disused railway extract","publisher":"OpenStreetMap contributors","effective_date":"2026-09-07T10:02:26Z","licence":"ODbL-1.0"},"geometry":{"type":"LineString","coordinates":[[-2.7590878,51.4866043],[-2.7589859,51.4865483],[-2.7577367,51.485876]]}},{"type":"Feature","properties":{"disused:railway":"rail","name":"Avonside Branch","operator":"St Phillips Waste Transfer Station","railway":"disused","ref":"BAW","service":"spur","source_id":"osm-way-679271708","dataset":"OpenStreetMap former/disused railway extract","publisher":"OpenStreetMap contributors","effective_date":"2026-09-07T10:02:26Z","licence":"ODbL-1.0"},"geometry":{"type":"LineString","coordinates":[[-2.5637177,51.4617114],[-2.5637182,51.4615769],[-2.563703,51.4614656],[-2.5636854,51.4612501],[-2.563681,51.4610908],[-2.563692,51.4609849],[-2.5637045,51.4608994],[-2.5637232,51.460769],[-2.5637568,51.4605424],[-2.5638081,51.4603643],[-2.5638541,51.4602675],[-2.5638983,51.460197],[-2.5639814,51.4600886],[-2.5641905,51.4599179],[-2.5644169,51.4597826],[-2.5648028,51.4596279],[-2.5650917,51.4594783],[-2.5659675,51.4589621],[-2.5662663,51.4588205],[-2.5668104,51.4585693],[-2.567714,51.4580611],[-2.568359,51.4576984],[-2.5692826,51.4571806],[-2.5698073,51.4569037],[-2.5707578,51.4564022],[-2.5742893,51.4545388]]}},{"type":"Feature","properties":{"bicycle":"designated","designation":"public_footpath","foot":"designated","highway":"cycleway","horse":"no","lit":"no","name":"Two Tunnels Greenway","old_name":"Somerset and Dorset Joint Railway","old_ref":"SAD","oneway":"no","prow_ref":"BA22/19","railway":"abandoned","segregated":"no","source":"survey","surface":"asphalt","wikidata":"Q7559923","wikipedia":"en:Somerset and Dorset Joint Railway","source_id":"osm-way-686624159","dataset":"OpenStreetMap former/disused railway extract","publisher":"OpenStreetMap contributors","effective_date":"2026-09-07T10:02:26Z","licence":"ODbL-1.0"},"geometry":{"type":"LineString","coordinates":[[-2.3405948,51.3525612],[-2.340645,51.3522639],[-2.3407599,51.3518844],[-2.3408932,51.3515745],[-2.3410579,51.3513146],[-2.3412107,51.3510909],[-2.3413928,51.3508496],[-2.3416748,51.3505659],[-2.3422005,51.3500895],[-2.3431197,51.3492554],[-2.3436374,51.3486862],[-2.343873,51.3483634],[-2.3441395,51.3479857]]}},{"type":"Feature","properties":{"abandoned:railway":"rail","name":"Avonmouth Branch","railway":"abandoned","ref":"AMB","source_id":"osm-way-710376282","dataset":"OpenStreetMap former/disused railway extract","publisher":"OpenStreetMap contributors","effective_date":"2026-09-07T10:02:26Z","licence":"ODbL-1.0"},"geometry":{"type":"LineString","coordinates":[[-2.6451165,51.5671804],[-2.6456122,51.5674863],[-2.6463879,51.5680134],[-2.6466951,51.5682012],[-2.6470951,51.5683756],[-2.6475221,51.5685475],[-2.6477771,51.5686256],[-2.6482842,51.5687839]]}},{"type":"Feature","properties":{"name":"Avonmouth Branch","railway":"razed","razed:railway":"rail","ref":"AMB","source_id":"osm-way-710376283","dataset":"OpenStreetMap former/disused railway extract","publisher":"OpenStreetMap contributors","effective_date":"2026-09-07T10:02:26Z","licence":"ODbL-1.0"},"geometry":{"type":"LineString","coordinates":[[-2.6344633,51.5613505],[-2.6382049,51.5633424],[-2.6410835,51.5648494],[-2.6421642,51.5654569],[-2.6451165,51.5671804]]}},{"type":"Feature","properties":{"abandoned:railway":"rail","alt_name":"Pilning and New Passage Pier Line","name":"New Passage Pier Line","railway":"abandoned","ref":"PNZ","source_id":"osm-way-710376284","dataset":"OpenStreetMap former/disused railway extract","publisher":"OpenStreetMap contributors","effective_date":"2026-09-07T10:02:26Z","licence":"ODbL-1.0"},"geometry":{"type":"LineString","coordinates":[[-2.6515437,51.5708343],[-2.653467,51.5716943],[-2.6554316,51.5725218],[-2.6556932,51.572632],[-2.6584699,51.5737361],[-2.6592787,51.5740661]]}},{"type":"Feature","properties":{"abandoned:railway":"rail","name":"Avonmouth Branch","railway":"abandoned","ref":"AMB","source_id":"osm-way-710376285","dataset":"OpenStreetMap former/disused railway extract","publisher":"OpenStreetMap contributors","effective_date":"2026-09-07T10:02:26Z","licence":"ODbL-1.0"},"geometry":{"type":"LineString","coordinates":[[-2.6189194,51.554029],[-2.6197926,51.5543961],[-2.6217761,51.5552079],[-2.6241395,51.5562043]]}},{"type":"Feature","properties":{"abandoned:railway":"rail","name":"Avonmouth Branch","railway":"abandoned","ref":"AMB","source_id":"osm-way-710376286","dataset":"OpenStreetMap former/disused railway extract","publisher":"OpenStreetMap contributors","effective_date":"2026-09-07T10:02:26Z","licence":"ODbL-1.0"},"geometry":{"type":"LineString","coordinates":[[-2.624271,51.5562541],[-2.6253086,51.5567189]]}},{"type":"Feature","properties":{"name":"Avonmouth Branch","railway":"razed","razed:railway":"rail","ref":"AMB","source_id":"osm-way-710684575","dataset":"OpenStreetMap former/disused railway extract","publisher":"OpenStreetMap contributors","effective_date":"2026-09-07T10:02:26Z","licence":"ODbL-1.0"},"geometry":{"type":"LineString","coordinates":[[-2.6482842,51.5687839],[-2.6490837,51.5689611],[-2.6498616,51.5690578],[-2.6506448,51.5690944],[-2.6514012,51.5690878],[-2.6520181,51.5690611],[-2.6525599,51.5689544],[-2.653032,51.5687943],[-2.6534451,51.568605],[-2.6541708,51.5682373],[-2.6555975,51.5674709],[-2.6570134,51.5666995],[-2.6581049,51.5661177],[-2.6588553,51.5657239]]}},{"type":"Feature","properties":{"name":"Avonmouth Branch","railway":"razed","razed:railway":"rail","ref":"AMB","source_id":"osm-way-710684577","dataset":"OpenStreetMap former/disused railway extract","publisher":"OpenStreetMap contributors","effective_date":"2026-09-07T10:02:26Z","licence":"ODbL-1.0"},"geometry":{"type":"LineString","coordinates":[[-2.659834,51.5652131],[-2.6603896,51.5649471],[-2.6613951,51.5642327],[-2.6620281,51.5636991],[-2.6629722,51.5628921],[-2.6634765,51.5622185],[-2.6636992,51.5619129],[-2.6640451,51.5614381],[-2.6642704,51.5607378],[-2.6644794,51.5598996]]}},{"type":"Feature","properties":{"abandoned:railway":"rail","railway":"abandoned","service":"siding","source_id":"osm-way-710684578","dataset":"OpenStreetMap former/disused railway extract","publisher":"OpenStreetMap contributors","effective_date":"2026-09-07T10:02:26Z","licence":"ODbL-1.0"},"geometry":{"type":"LineString","coordinates":[[-2.6642569,51.5601079],[-2.6648401,51.5579667]]}},{"type":"Feature","properties":{"abandoned:railway":"rail","railway":"abandoned","service":"spur","source_id":"osm-way-711705309","dataset":"OpenStreetMap former/disused railway extract","publisher":"OpenStreetMap contributors","effective_date":"2026-09-07T10:02:26Z","licence":"ODbL-1.0"},"geometry":{"type":"LineString","coordinates":[[-2.6584699,51.5737361],[-2.658763,51.5737827],[-2.6590135,51.5738024],[-2.6592133,51.5738014],[-2.6595766,51.5736939],[-2.6596874,51.573653],[-2.6613995,51.5730761],[-2.662619,51.5726657],[-2.6634299,51.5721497],[-2.6640836,51.5714599],[-2.6641821,51.5708937],[-2.664223,51.5701675]]}},{"type":"Feature","properties":{"abandoned:railway":"rail","name":"New Passage Pier Line","railway":"abandoned","ref":"PNZ","source_id":"osm-way-711705310","dataset":"OpenStreetMap former/disused railway extract","publisher":"OpenStreetMap contributors","effective_date":"2026-09-07T10:02:26Z","licence":"ODbL-1.0"},"geometry":{"type":"LineString","coordinates":[[-2.6606862,51.5747321],[-2.6606297,51.5747017],[-2.6604279,51.574597]]}},{"type":"Feature","properties":{"access":"private","alt_name":"Dramway","highway":"track","layer":"-1","name":"Avon and Gloucestershire Railway","railway":"abandoned","tunnel":"yes","wikidata":"Q791301","wikipedia":"en:Avon and Gloucestershire Railway","source_id":"osm-way-808811092","dataset":"OpenStreetMap former/disused railway extract","publisher":"OpenStreetMap contributors","effective_date":"2026-09-07T10:02:26Z","licence":"ODbL-1.0"},"geometry":{"type":"LineString","coordinates":[[-2.4819308,51.4346679],[-2.4819741,51.4345644],[-2.4819938,51.43444],[-2.4819902,51.4334106]]}},{"type":"Feature","properties":{"access":"private","alt_name":"Dramway","cutting":"yes","highway":"track","name":"Avon and Gloucestershire Railway","railway":"abandoned","wikidata":"Q791301","wikipedia":"en:Avon and Gloucestershire Railway","source_id":"osm-way-808811093","dataset":"OpenStreetMap former/disused railway extract","publisher":"OpenStreetMap contributors","effective_date":"2026-09-07T10:02:26Z","licence":"ODbL-1.0"},"geometry":{"type":"LineString","coordinates":[[-2.4808249,51.4355241],[-2.4812351,51.4353386],[-2.4814671,51.4351914],[-2.4816817,51.4350221],[-2.4817836,51.4348969],[-2.4818493,51.4348106],[-2.4819308,51.4346679]]}},{"type":"Feature","properties":{"cutting":"yes","highway":"track","name":"Gloucester and Avon Tramway","railway":"abandoned","source_id":"osm-way-808813095","dataset":"OpenStreetMap former/disused railway extract","publisher":"OpenStreetMap contributors","effective_date":"2026-09-07T10:02:26Z","licence":"ODbL-1.0"},"geometry":{"type":"LineString","coordinates":[[-2.4808249,51.4355241],[-2.480803,51.4355342]]}},{"type":"Feature","properties":{"abandoned:railway":"rail","name":"Tyntesfield Sidings","railway":"abandoned","service":"siding","usage":"military","source_id":"osm-way-909668839","dataset":"OpenStreetMap former/disused railway extract","publisher":"OpenStreetMap contributors","effective_date":"2026-09-07T10:02:26Z","licence":"ODbL-1.0"},"geometry":{"type":"LineString","coordinates":[[-2.7129033,51.4247156],[-2.7100661,51.4247743],[-2.7069258,51.4248081],[-2.7067219,51.4247895],[-2.7064755,51.4247658]]}},{"type":"Feature","properties":{"abandoned:railway":"rail","name":"Tyntesfield Sidings","railway":"abandoned","service":"siding","usage":"military","source_id":"osm-way-909668840","dataset":"OpenStreetMap former/disused railway extract","publisher":"OpenStreetMap contributors","effective_date":"2026-09-07T10:02:26Z","licence":"ODbL-1.0"},"geometry":{"type":"LineString","coordinates":[[-2.7071971,51.424849],[-2.7069258,51.4248081]]}},{"type":"Feature","properties":{"disused:railway":"rail","electrified":"no","gauge":"1435","name":"RAF Caerwent","railway":"disused","service":"yard","usage":"military","source_id":"osm-way-915408253","dataset":"OpenStreetMap former/disused railway extract","publisher":"OpenStreetMap contributors","effective_date":"2026-09-07T10:02:26Z","licence":"ODbL-1.0"},"geometry":{"type":"LineString","coordinates":[[-2.7446001,51.6091663],[-2.7449481,51.6094842],[-2.7450966,51.6095931],[-2.7453049,51.6097268],[-2.7456421,51.6099399],[-2.7458995,51.6100661],[-2.7461455,51.6101839],[-2.7464277,51.6102891],[-2.7467005,51.6103706],[-2.7470508,51.6104692],[-2.7496185,51.6109638],[-2.7499473,51.6110542],[-2.750347,51.6111706],[-2.7506781,51.6112957],[-2.7510527,51.6115345],[-2.751422,51.6118356],[-2.751719,51.6121299],[-2.752076,51.6125775],[-2.7524733,51.613102],[-2.7529264,51.6135308],[-2.7536982,51.6140059],[-2.7546595,51.6143577],[-2.7550918,51.6144672],[-2.7553118,51.6145229],[-2.7558353,51.6146775],[-2.7563761,51.6148427],[-2.7569597,51.6151358],[-2.7578524,51.6156101],[-2.7585476,51.6159885],[-2.7591055,51.6162337],[-2.7598179,51.6164309],[-2.7604747,51.6165422],[-2.7611248,51.6166559],[-2.7615609,51.6167272],[-2.7630714,51.6169932],[-2.7635248,51.617037],[-2.763825,51.6170482],[-2.7644026,51.6171495]]}},{"type":"Feature","properties":{"abandoned:railway":"rail","electrified":"no","gauge":"1435","operator":"CAF Rail UK Ltd","railway":"abandoned","service":"yard","usage":"industrial","source_id":"osm-way-939793667","dataset":"OpenStreetMap former/disused railway extract","publisher":"OpenStreetMap contributors","effective_date":"2026-09-07T10:02:26Z","licence":"ODbL-1.0"},"geometry":{"type":"LineString","coordinates":[[-2.913098,51.580591],[-2.9132806,51.5806418],[-2.9134207,51.5806718],[-2.9137622,51.580729]]}},{"type":"Feature","properties":{"disused:railway":"rail","electrified":"no","gauge":"1435","operator":"CAF Rail UK Ltd","railway":"disused","service":"yard","usage":"industrial","source_id":"osm-way-939793668","dataset":"OpenStreetMap former/disused railway extract","publisher":"OpenStreetMap contributors","effective_date":"2026-09-07T10:02:26Z","licence":"ODbL-1.0"},"geometry":{"type":"LineString","coordinates":[[-2.9129637,51.5805391],[-2.913098,51.580591]]}},{"type":"Feature","properties":{"name":"Monmouthshire Eastern Valleys Line","railway":"razed","razed:railway":"rail","ref":"EVY","source_id":"osm-way-942206243","dataset":"OpenStreetMap former/disused railway extract","publisher":"OpenStreetMap contributors","effective_date":"2026-09-07T10:02:26Z","licence":"ODbL-1.0"},"geometry":{"type":"LineString","coordinates":[[-3.0214763,51.6711645],[-3.0215429,51.6707421]]}},{"type":"Feature","properties":{"abandoned:railway":"rail","name":"Monmouthshire Eastern Valleys Line","railway":"abandoned","ref":"EVY","source_id":"osm-way-942206244","dataset":"OpenStreetMap former/disused railway extract","publisher":"OpenStreetMap contributors","effective_date":"2026-09-07T10:02:26Z","licence":"ODbL-1.0"},"geometry":{"type":"LineString","coordinates":[[-3.0308336,51.6964342],[-3.030324,51.6961316],[-3.0298251,51.6958091],[-3.0293155,51.6954001],[-3.0282372,51.6944624],[-3.0264723,51.6927998],[-3.0258018,51.6922212],[-3.0252828,51.6917203],[-3.0246445,51.6909621],[-3.024328,51.6904999],[-3.0241241,51.6901807],[-3.0238023,51.6895056],[-3.0227025,51.6867786],[-3.0220258,51.6851594],[-3.0217852,51.6845835],[-3.0215193,51.6839684],[-3.0206265,51.681813],[-3.0203637,51.6812209],[-3.0201813,51.6803661],[-3.0201062,51.6796842],[-3.0201974,51.6789824],[-3.020589,51.676624],[-3.0207024,51.6759225],[-3.0208962,51.6748728],[-3.0209289,51.6745354],[-3.0210059,51.673781],[-3.0210666,51.6731844],[-3.0212722,51.6724562],[-3.0213485,51.6720341],[-3.0213811,51.671814],[-3.0214763,51.6711645]]}},{"type":"Feature","properties":{"name":"Monmouthshire Eastern Valleys Line","railway":"razed","razed:railway":"rail","ref":"EVY","source_id":"osm-way-942211679","dataset":"OpenStreetMap former/disused railway extract","publisher":"OpenStreetMap contributors","effective_date":"2026-09-07T10:02:26Z","licence":"ODbL-1.0"},"geometry":{"type":"LineString","coordinates":[[-3.022005,51.6676744],[-3.0220992,51.6670878]]}},{"type":"Feature","properties":{"abandoned:railway":"rail","name":"Monmouthshire Eastern Valleys Line","railway":"abandoned","ref":"EVY","source_id":"osm-way-942211680","dataset":"OpenStreetMap former/disused railway extract","publisher":"OpenStreetMap contributors","effective_date":"2026-09-07T10:02:26Z","licence":"ODbL-1.0"},"geometry":{"type":"LineString","coordinates":[[-3.0215429,51.6707421],[-3.0219646,51.6679319],[-3.022005,51.6676744]]}},{"type":"Feature","properties":{"name":"Clevedon Branch","railway":"razed","razed:railway":"rail","ref":"CDN","wikidata":"Q5132013","wikipedia":"en:Clevedon branch line","source_id":"osm-way-965711123","dataset":"OpenStreetMap former/disused railway extract","publisher":"OpenStreetMap contributors","effective_date":"2026-09-07T10:02:26Z","licence":"ODbL-1.0"},"geometry":{"type":"LineString","coordinates":[[-2.8338209,51.3915542],[-2.8341407,51.3917244],[-2.8347207,51.3921241],[-2.8352924,51.3925753],[-2.8358581,51.3930803],[-2.8366676,51.3938488]]}},{"type":"Feature","properties":{"alt_name":"Bristol and Gloucester Line","name":"Bristol and Gloucestershire Railway","railway":"razed","razed:railway":"rail","ref":"BGL2","wikidata":"Q16985307","wikipedia":"en:Bristol and Gloucestershire Railway","source_id":"osm-way-965906468","dataset":"OpenStreetMap former/disused railway extract","publisher":"OpenStreetMap contributors","effective_date":"2026-09-07T10:02:26Z","licence":"ODbL-1.0"},"geometry":{"type":"LineString","coordinates":[[-2.4735787,51.4792533],[-2.4743071,51.4787129],[-2.4747348,51.4785164],[-2.4754325,51.4782379]]}},{"type":"Feature","properties":{"abandoned:railway":"rail","name":"Kingswood Branch","railway":"abandoned","ref":"KIG","source_id":"osm-way-965907928","dataset":"OpenStreetMap former/disused railway extract","publisher":"OpenStreetMap contributors","effective_date":"2026-09-07T10:02:26Z","licence":"ODbL-1.0"},"geometry":{"type":"LineString","coordinates":[[-2.5480868,51.4704388],[-2.5482826,51.4704372],[-2.54887,51.4704739],[-2.5491999,51.4705174],[-2.5499,51.4706226],[-2.5502782,51.4706895],[-2.5505304,51.4707562]]}},{"type":"Feature","properties":{"abandoned:railway":"rail","name":"Kingswood Branch","railway":"abandoned","ref":"KIG","source_id":"osm-way-965907929","dataset":"OpenStreetMap former/disused railway extract","publisher":"OpenStreetMap contributors","effective_date":"2026-09-07T10:02:26Z","licence":"ODbL-1.0"},"geometry":{"type":"LineString","coordinates":[[-2.5645781,51.4746273],[-2.5661337,51.474487],[-2.5686818,51.4741813]]}},{"type":"Feature","properties":{"name":"Kingswood Branch","railway":"razed","razed:railway":"rail","ref":"KIG","source_id":"osm-way-965907930","dataset":"OpenStreetMap former/disused railway extract","publisher":"OpenStreetMap contributors","effective_date":"2026-09-07T10:02:26Z","licence":"ODbL-1.0"},"geometry":{"type":"LineString","coordinates":[[-2.5686818,51.4741813],[-2.5739873,51.4735581],[-2.574639,51.4734294]]}},{"type":"Feature","properties":{"abandoned:railway":"rail","name":"Kingswood Branch","railway":"abandoned","ref":"KIG","source_id":"osm-way-965907931","dataset":"OpenStreetMap former/disused railway extract","publisher":"OpenStreetMap contributors","effective_date":"2026-09-07T10:02:26Z","licence":"ODbL-1.0"},"geometry":{"type":"LineString","coordinates":[[-2.574639,51.4734294],[-2.5753498,51.4732908],[-2.5765514,51.4730302],[-2.5774419,51.4727829],[-2.5782251,51.4725289],[-2.5790809,51.4721551],[-2.5803684,51.4713896]]}},{"type":"Feature","properties":{"name":"Kingswood Branch","railway":"razed","razed:railway":"rail","ref":"KIG","source_id":"osm-way-965907932","dataset":"OpenStreetMap former/disused railway extract","publisher":"OpenStreetMap contributors","effective_date":"2026-09-07T10:02:26Z","licence":"ODbL-1.0"},"geometry":{"type":"LineString","coordinates":[[-2.5536186,51.4720962],[-2.5546311,51.4726225],[-2.5555203,51.4730786],[-2.5562525,51.4733994],[-2.5573495,51.4737135],[-2.5582185,51.4739824],[-2.5591493,51.474233],[-2.5600934,51.4744202],[-2.5611556,51.4745672],[-2.5622499,51.4746206],[-2.5631189,51.474654],[-2.5645781,51.4746273]]}},{"type":"Feature","properties":{"name":"Avonmouth Branch","railway":"razed","razed:railway":"rail","ref":"AMB","source_id":"osm-way-965911130","dataset":"OpenStreetMap former/disused railway extract","publisher":"OpenStreetMap contributors","effective_date":"2026-09-07T10:02:26Z","licence":"ODbL-1.0"},"geometry":{"type":"LineString","coordinates":[[-2.6253086,51.5567189],[-2.6258826,51.5569691],[-2.6265344,51.5572709]]}},{"type":"Feature","properties":{"name":"Avonmouth Branch","railway":"razed","razed:railway":"rail","ref":"AMB","source_id":"osm-way-965911131","dataset":"OpenStreetMap former/disused railway extract","publisher":"OpenStreetMap contributors","effective_date":"2026-09-07T10:02:26Z","licence":"ODbL-1.0"},"geometry":{"type":"LineString","coordinates":[[-2.624271,51.5562541],[-2.6242167,51.5562376],[-2.6241395,51.5562043]]}},{"type":"Feature","properties":{"abandoned:railway":"rail","name":"Avonmouth Branch","railway":"abandoned","ref":"AMB","source_id":"osm-way-965911132","dataset":"OpenStreetMap former/disused railway extract","publisher":"OpenStreetMap contributors","effective_date":"2026-09-07T10:02:26Z","licence":"ODbL-1.0"},"geometry":{"type":"LineString","coordinates":[[-2.6588553,51.5657239],[-2.659834,51.5652131]]}},{"type":"Feature","properties":{"bicycle":"designated","designation":"public_footpath","foot":"designated","highway":"cycleway","horse":"no","name":"Two Tunnels Greenway","prow_ref":"BA22/19","railway":"abandoned","segregated":"no","surface":"asphalt","source_id":"osm-way-966313867","dataset":"OpenStreetMap former/disused railway extract","publisher":"OpenStreetMap contributors","effective_date":"2026-09-07T10:02:26Z","licence":"ODbL-1.0"},"geometry":{"type":"LineString","coordinates":[[-2.3450901,51.3446333],[-2.3450827,51.3446775],[-2.3450499,51.3447752]]}},{"type":"Feature","properties":{"name":"Somerset and Dorset Line","railway":"razed","razed:railway":"rail","ref":"SAD","source_id":"osm-way-966313868","dataset":"OpenStreetMap former/disused railway extract","publisher":"OpenStreetMap contributors","effective_date":"2026-09-07T10:02:26Z","licence":"ODbL-1.0"},"geometry":{"type":"LineString","coordinates":[[-2.3450245,51.3443837],[-2.3450398,51.3445027],[-2.3450499,51.3447752]]}},{"type":"Feature","properties":{"abandoned:railway":"rail","layer":"-1","name":"Portnalls No.1 Tunnel","railway":"abandoned","ref":"HAA","tunnel":"yes","tunnel:name":"Portnalls No.1 Tunnel","source_id":"osm-way-966869683","dataset":"OpenStreetMap former/disused railway extract","publisher":"OpenStreetMap contributors","effective_date":"2026-09-07T10:02:26Z","licence":"ODbL-1.0"},"geometry":{"type":"LineString","coordinates":[[-2.6290275,51.4573279],[-2.6288103,51.457068],[-2.6285595,51.4568248]]}},{"type":"Feature","properties":{"abandoned:railway":"rail","layer":"-1","name":"Portnalls No.2 Tunnel","railway":"abandoned","ref":"HAA","tunnel":"yes","tunnel:name":"Portnalls No.2 Tunnel","source_id":"osm-way-966869684","dataset":"OpenStreetMap former/disused railway extract","publisher":"OpenStreetMap contributors","effective_date":"2026-09-07T10:02:26Z","licence":"ODbL-1.0"},"geometry":{"type":"LineString","coordinates":[[-2.6296403,51.4589772],[-2.6296029,51.4585419],[-2.6295172,51.4582438],[-2.6294572,51.4580498],[-2.6293392,51.4577486],[-2.6292197,51.4575886]]}},{"type":"Feature","properties":{"abandoned:railway":"rail","name":"Bristol Port Railway","railway":"abandoned","ref":"HAA","wikidata":"Q12053591","wikipedia":"en:Bristol Port Railway and Pier","source_id":"osm-way-977861429","dataset":"OpenStreetMap former/disused railway extract","publisher":"OpenStreetMap contributors","effective_date":"2026-09-07T10:02:26Z","licence":"ODbL-1.0"},"geometry":{"type":"LineString","coordinates":[[-2.6292197,51.4575886],[-2.6290275,51.4573279]]}},{"type":"Feature","properties":{"foot":"yes","highway":"cycleway","name":"Bristol & Bath Railway Path","railway":"abandoned","surface":"asphalt","website":"http://www.bristolbathrailwaypath.org.uk/","source_id":"osm-way-978832095","dataset":"OpenStreetMap former/disused railway extract","publisher":"OpenStreetMap contributors","effective_date":"2026-09-07T10:02:26Z","licence":"ODbL-1.0"},"geometry":{"type":"LineString","coordinates":[[-2.4502415,51.405415],[-2.4502958,51.4054944]]}},{"type":"Feature","properties":{"abandoned:railway":"rail","access":"private","highway":"track","railway":"abandoned","railway:name":"Wrington Vale Light Railway","railway:ref":"WRI","source_id":"osm-way-990568465","dataset":"OpenStreetMap former/disused railway extract","publisher":"OpenStreetMap contributors","effective_date":"2026-09-07T10:02:26Z","licence":"ODbL-1.0"},"geometry":{"type":"LineString","coordinates":[[-2.813751,51.3618323],[-2.8128954,51.3608334],[-2.8127887,51.3607307],[-2.8127354,51.3606529]]}},{"type":"Feature","properties":{"foot":"yes","highway":"cycleway","name":"Bristol & Bath Railway Path","railway":"abandoned","surface":"asphalt","source_id":"osm-way-993049591","dataset":"OpenStreetMap former/disused railway extract","publisher":"OpenStreetMap contributors","effective_date":"2026-09-07T10:02:26Z","licence":"ODbL-1.0"},"geometry":{"type":"LineString","coordinates":[[-2.4756336,51.4607198],[-2.4758514,51.4609681],[-2.4770573,51.4620058],[-2.4779922,51.4626616],[-2.4785706,51.4630987],[-2.479386,51.4637149]]}},{"type":"Feature","properties":{"alt_name":"Dramway","cutting":"yes","designation":"public_footpath","foot":"designated","highway":"footway","lit":"no","name":"Avon and Gloucestershire Railway","prow_ref":"PSN 49","railway":"abandoned","surface":"compacted","wikidata":"Q791301","wikipedia":"en:Avon and Gloucestershire Railway","source_id":"osm-way-993049593","dataset":"OpenStreetMap former/disused railway extract","publisher":"OpenStreetMap contributors","effective_date":"2026-09-07T10:02:26Z","licence":"ODbL-1.0"},"geometry":{"type":"LineString","coordinates":[[-2.4744319,51.4597367],[-2.4749021,51.4603623],[-2.4749699,51.4604428],[-2.4752662,51.4607941]]}},{"type":"Feature","properties":{"alt_name":"Dramway","foot":"yes","highway":"footway","name":"Avon and Gloucestershire Railway","railway":"abandoned","wikidata":"Q791301","wikipedia":"en:Avon and Gloucestershire Railway","source_id":"osm-way-993125286","dataset":"OpenStreetMap former/disused railway extract","publisher":"OpenStreetMap contributors","effective_date":"2026-09-07T10:02:26Z","licence":"ODbL-1.0"},"geometry":{"type":"LineString","coordinates":[[-2.4776784,51.4365747],[-2.4777988,51.4365346],[-2.4784496,51.4363179]]}},{"type":"Feature","properties":{"foot":"yes","highway":"cycleway","lit":"no","name":"Bristol & Bath Railway Path","railway":"abandoned","segregated":"no","surface":"asphalt","source_id":"osm-way-996338313","dataset":"OpenStreetMap former/disused railway extract","publisher":"OpenStreetMap contributors","effective_date":"2026-09-07T10:02:26Z","licence":"ODbL-1.0"},"geometry":{"type":"LineString","coordinates":[[-2.4655925,51.4497086],[-2.4656049,51.4497523],[-2.4655844,51.4498042],[-2.4656425,51.4498464],[-2.4659074,51.4503992],[-2.4661546,51.4508451],[-2.4663957,51.4512585]]}},{"type":"Feature","properties":{"disused:railway":"rail","railway":"disused","service":"siding","source_id":"osm-way-999745834","dataset":"OpenStreetMap former/disused railway extract","publisher":"OpenStreetMap contributors","effective_date":"2026-09-07T10:02:26Z","licence":"ODbL-1.0"},"geometry":{"type":"LineString","coordinates":[[-2.5802107,51.4469087],[-2.5802819,51.4470002],[-2.5803778,51.4471251],[-2.580584,51.4473895],[-2.5806271,51.4474475]]}},{"type":"Feature","properties":{"name":"Cheddar Valley Branch","railway":"razed","razed:railway":"rail","ref":"CVB","source_id":"osm-way-1012419324","dataset":"OpenStreetMap former/disused railway extract","publisher":"OpenStreetMap contributors","effective_date":"2026-09-07T10:02:26Z","licence":"ODbL-1.0"},"geometry":{"type":"LineString","coordinates":[[-2.8370604,51.3405655],[-2.8357132,51.3420935]]}},{"type":"Feature","properties":{"name":"Cheddar Valley Branch","railway":"razed","razed:railway":"rail","ref":"CVB","source_id":"osm-way-1012419326","dataset":"OpenStreetMap former/disused railway extract","publisher":"OpenStreetMap contributors","effective_date":"2026-09-07T10:02:26Z","licence":"ODbL-1.0"},"geometry":{"type":"LineString","coordinates":[[-2.818252,51.3723523],[-2.8180327,51.3716396]]}},{"type":"Feature","properties":{"abandoned:railway":"rail","bridge":"yes","layer":"1","railway":"abandoned","source_id":"osm-way-1013334598","dataset":"OpenStreetMap former/disused railway extract","publisher":"OpenStreetMap contributors","effective_date":"2026-09-07T10:02:26Z","licence":"ODbL-1.0"},"geometry":{"type":"LineString","coordinates":[[-2.834873,51.3142979],[-2.8349253,51.3144396]]}},{"type":"Feature","properties":{"abandoned:railway":"rail","alt_name":"Frome and North Somerset Line","name":"Bristol and North Somerset Railway","railway":"abandoned","ref":"FNS2","source":"NPE","wikidata":"Q917987","wikipedia":"en:Bristol and North Somerset Railway","source_id":"osm-way-1013578384","dataset":"OpenStreetMap former/disused railway extract","publisher":"OpenStreetMap contributors","effective_date":"2026-09-07T10:02:26Z","licence":"ODbL-1.0"},"geometry":{"type":"LineString","coordinates":[[-2.5130441,51.29375],[-2.5086995,51.2929227],[-2.5077059,51.2927261],[-2.5040019,51.2920458]]}},{"type":"Feature","properties":{"alt_name":"Frome and North Somerset Line","name":"Bristol and North Somerset Railway","railway":"razed","razed:railway":"rail","ref":"FNS2","source":"NPE","wikidata":"Q917987","wikipedia":"en:Bristol and North Somerset Railway","source_id":"osm-way-1013578385","dataset":"OpenStreetMap former/disused railway extract","publisher":"OpenStreetMap contributors","effective_date":"2026-09-07T10:02:26Z","licence":"ODbL-1.0"},"geometry":{"type":"LineString","coordinates":[[-2.5040019,51.2920458],[-2.501545,51.2916365],[-2.5008544,51.2915321],[-2.4992598,51.291291],[-2.4986053,51.2912541],[-2.4949468,51.2911836]]}},{"type":"Feature","properties":{"name":"Wrington Vale Light Railway","railway":"razed","razed:railway":"rail","ref":"WRI","source_id":"osm-way-1013579820","dataset":"OpenStreetMap former/disused railway extract","publisher":"OpenStreetMap contributors","effective_date":"2026-09-07T10:02:26Z","licence":"ODbL-1.0"},"geometry":{"type":"LineString","coordinates":[[-2.7445026,51.3343338],[-2.7460389,51.3347646],[-2.7490894,51.335552],[-2.7511764,51.3360703],[-2.7528369,51.3365232],[-2.7544484,51.3370852],[-2.7551597,51.3374246],[-2.7556683,51.337697],[-2.7562621,51.3381594],[-2.7564364,51.3383061],[-2.7567359,51.3386713],[-2.7569347,51.3389674],[-2.7570583,51.3392568],[-2.7571577,51.3395722],[-2.7572503,51.3399539],[-2.7574077,51.3404274],[-2.7576014,51.3408628],[-2.757928,51.3414887],[-2.7581819,51.3419432],[-2.758419,51.3422246],[-2.758656,51.342486],[-2.7587716,51.3426072]]}},{"type":"Feature","properties":{"abandoned:railway":"rail","name":"Yeo Pumping Station Branch","railway":"abandoned","service":"spur","source_id":"osm-way-1013581221","dataset":"OpenStreetMap former/disused railway extract","publisher":"OpenStreetMap contributors","effective_date":"2026-09-07T10:02:26Z","licence":"ODbL-1.0"},"geometry":{"type":"LineString","coordinates":[[-2.7172957,51.337],[-2.7221793,51.3374504]]}},{"type":"Feature","properties":{"abandoned:railway":"rail","name":"Wrington Vale Light Railway","railway":"abandoned","ref":"WRI","source_id":"osm-way-1013581222","dataset":"OpenStreetMap former/disused railway extract","publisher":"OpenStreetMap contributors","effective_date":"2026-09-07T10:02:26Z","licence":"ODbL-1.0"},"geometry":{"type":"LineString","coordinates":[[-2.7587716,51.3426072],[-2.7597033,51.343584],[-2.7607707,51.3447508],[-2.7621619,51.3469126],[-2.7623861,51.347413],[-2.7626237,51.3479271],[-2.762782,51.3484831],[-2.7628882,51.3492449],[-2.7627899,51.3504087],[-2.7627231,51.3506651],[-2.7626205,51.35092]]}},{"type":"Feature","properties":{"name":"Wrington Vale Light Railway","railway":"razed","razed:railway":"rail","ref":"WRI","source_id":"osm-way-1013581223","dataset":"OpenStreetMap former/disused railway extract","publisher":"OpenStreetMap contributors","effective_date":"2026-09-07T10:02:26Z","licence":"ODbL-1.0"},"geometry":{"type":"LineString","coordinates":[[-2.7626205,51.35092],[-2.7623051,51.3515569],[-2.761826,51.352632]]}},{"type":"Feature","properties":{"abandoned:railway":"rail","bridge":"yes","layer":"1","name":"Wrington Vale Light Railway","railway":"abandoned","ref":"WRI","source_id":"osm-way-1013581224","dataset":"OpenStreetMap former/disused railway extract","publisher":"OpenStreetMap contributors","effective_date":"2026-09-07T10:02:26Z","licence":"ODbL-1.0"},"geometry":{"type":"LineString","coordinates":[[-2.761504,51.3533546],[-2.7614542,51.3534548]]}},{"type":"Feature","properties":{"abandoned:railway":"rail","name":"Wrington Vale Light Railway","railway":"abandoned","ref":"WRI","source_id":"osm-way-1013581225","dataset":"OpenStreetMap former/disused railway extract","publisher":"OpenStreetMap contributors","effective_date":"2026-09-07T10:02:26Z","licence":"ODbL-1.0"},"geometry":{"type":"LineString","coordinates":[[-2.7614542,51.3534548],[-2.7611461,51.3541638]]}},{"type":"Feature","properties":{"abandoned:railway":"rail","bridge":"yes","layer":"1","name":"Wrington Vale Light Railway","railway":"abandoned","ref":"WRI","source_id":"osm-way-1013581226","dataset":"OpenStreetMap former/disused railway extract","publisher":"OpenStreetMap contributors","effective_date":"2026-09-07T10:02:26Z","licence":"ODbL-1.0"},"geometry":{"type":"LineString","coordinates":[[-2.7611461,51.3541638],[-2.7611034,51.3542661]]}},{"type":"Feature","properties":{"abandoned:railway":"rail","name":"Wrington Vale Light Railway","railway":"abandoned","ref":"WRI","source_id":"osm-way-1013581227","dataset":"OpenStreetMap former/disused railway extract","publisher":"OpenStreetMap contributors","effective_date":"2026-09-07T10:02:26Z","licence":"ODbL-1.0"},"geometry":{"type":"LineString","coordinates":[[-2.761826,51.352632],[-2.761504,51.3533546]]}},{"type":"Feature","properties":{"name":"Wrington Vale Light Railway","railway":"razed","razed:railway":"rail","ref":"WRI","source_id":"osm-way-1013581228","dataset":"OpenStreetMap former/disused railway extract","publisher":"OpenStreetMap contributors","effective_date":"2026-09-07T10:02:26Z","licence":"ODbL-1.0"},"geometry":{"type":"LineString","coordinates":[[-2.7611034,51.3542661],[-2.7609802,51.3546824],[-2.760797,51.3553089],[-2.7606804,51.355904],[-2.7606555,51.3562276],[-2.7606546,51.356343],[-2.7607006,51.3565042],[-2.7607659,51.3566523],[-2.7608401,51.356813],[-2.7609601,51.3570038],[-2.7610462,51.357131],[-2.7611585,51.3573116],[-2.7614033,51.3576317],[-2.7617042,51.3578996],[-2.7620406,51.358131],[-2.7624054,51.3583272],[-2.7626791,51.358469],[-2.7630703,51.358601],[-2.7635977,51.3587349],[-2.7641103,51.3588202],[-2.7648366,51.3589415],[-2.7669259,51.3593058]]}},{"type":"Feature","properties":{"abandoned:railway":"rail","name":"Fry's Bottom Siding","railway":"abandoned","source":"NPE","source_id":"osm-way-1013584206","dataset":"OpenStreetMap former/disused railway extract","publisher":"OpenStreetMap contributors","effective_date":"2026-09-07T10:02:26Z","licence":"ODbL-1.0"},"geometry":{"type":"LineString","coordinates":[[-2.5379819,51.3384112],[-2.5382158,51.338024],[-2.5385567,51.3373209],[-2.5387668,51.336714],[-2.5388602,51.3360547],[-2.5388229,51.3356199],[-2.5387201,51.3351239],[-2.5385614,51.3346805],[-2.5377289,51.3329463],[-2.5374115,51.3323088],[-2.5373869,51.3316042]]}},{"type":"Feature","properties":{"abandoned:railway":"rail","railway":"abandoned","service":"siding","source":"NPE","source_id":"osm-way-1013584207","dataset":"OpenStreetMap former/disused railway extract","publisher":"OpenStreetMap contributors","effective_date":"2026-09-07T10:02:26Z","licence":"ODbL-1.0"},"geometry":{"type":"LineString","coordinates":[[-2.5371665,51.3316814],[-2.5370576,51.3310011],[-2.5370891,51.3306632],[-2.5371277,51.3305299],[-2.5371616,51.3304513],[-2.5373052,51.3302386],[-2.5373518,51.3301418],[-2.5374363,51.3299074],[-2.5378752,51.3283346]]}},{"type":"Feature","properties":{"abandoned:railway":"rail","alt_name":"Frome and North Somerset Line","name":"Bristol and North Somerset Railway","railway":"abandoned","ref":"FNS2","source":"NPE","wikidata":"Q917987","wikipedia":"en:Bristol and North Somerset Railway","source_id":"osm-way-1013584208","dataset":"OpenStreetMap former/disused railway extract","publisher":"OpenStreetMap contributors","effective_date":"2026-09-07T10:02:26Z","licence":"ODbL-1.0"},"geometry":{"type":"LineString","coordinates":[[-2.5374845,51.3299934],[-2.5375432,51.3297473],[-2.5377012,51.3291696],[-2.5378642,51.3286635],[-2.5380419,51.3280364],[-2.5380994,51.3274384],[-2.5380252,51.3266472],[-2.5379143,51.3260704],[-2.5377699,51.3257451],[-2.5375898,51.3253776],[-2.5373909,51.325025],[-2.5370882,51.3246182]]}},{"type":"Feature","properties":{"alt_name":"Frome and North Somerset Line","name":"Bristol and North Somerset Railway","railway":"razed","razed:railway":"rail","ref":"FNS2","source":"NPE","wikidata":"Q917987","wikipedia":"en:Bristol and North Somerset Railway","source_id":"osm-way-1013584209","dataset":"OpenStreetMap former/disused railway extract","publisher":"OpenStreetMap contributors","effective_date":"2026-09-07T10:02:26Z","licence":"ODbL-1.0"},"geometry":{"type":"LineString","coordinates":[[-2.5374478,51.3301355],[-2.5374845,51.3299934]]}},{"type":"Feature","properties":{"abandoned:railway":"rail","railway":"abandoned","source":"NPE","source_id":"osm-way-1013584212","dataset":"OpenStreetMap former/disused railway extract","publisher":"OpenStreetMap contributors","effective_date":"2026-09-07T10:02:26Z","licence":"ODbL-1.0"},"geometry":{"type":"LineString","coordinates":[[-2.5374115,51.3323088],[-2.5371665,51.3316814]]}},{"type":"Feature","properties":{"abandoned:railway":"rail","alt_name":"Frome and North Somerset Line","bridge":"yes","layer":"1","name":"Bristol and North Somerset Railway","railway":"abandoned","ref":"FNS2","source":"NPE","wikidata":"Q917987","wikipedia":"en:Bristol and North Somerset Railway","source_id":"osm-way-1013584213","dataset":"OpenStreetMap former/disused railway extract","publisher":"OpenStreetMap contributors","effective_date":"2026-09-07T10:02:26Z","licence":"ODbL-1.0"},"geometry":{"type":"LineString","coordinates":[[-2.5280273,51.3175055],[-2.5280066,51.3173267]]}},{"type":"Feature","properties":{"abandoned:railway":"rail","alt_name":"Frome and North Somerset Line","name":"Bristol and North Somerset Railway","railway":"abandoned","ref":"FNS2","source":"NPE","wikidata":"Q917987","wikipedia":"en:Bristol and North Somerset Railway","source_id":"osm-way-1013584216","dataset":"OpenStreetMap former/disused railway extract","publisher":"OpenStreetMap contributors","effective_date":"2026-09-07T10:02:26Z","licence":"ODbL-1.0"},"geometry":{"type":"LineString","coordinates":[[-2.5177918,51.2947408],[-2.5174261,51.2946314],[-2.5159737,51.2942985],[-2.5130441,51.29375]]}},{"type":"Feature","properties":{"alt_name":"Frome and North Somerset Line","name":"Bristol and North Somerset Railway","railway":"razed","razed:railway":"rail","ref":"FNS2","source":"NPE","wikidata":"Q917987","wikipedia":"en:Bristol and North Somerset Railway","source_id":"osm-way-1013584217","dataset":"OpenStreetMap former/disused railway extract","publisher":"OpenStreetMap contributors","effective_date":"2026-09-07T10:02:26Z","licence":"ODbL-1.0"},"geometry":{"type":"LineString","coordinates":[[-2.520996,51.2962742],[-2.5206475,51.2960353],[-2.5202778,51.2957987],[-2.5193797,51.2953601],[-2.5189239,51.2951601],[-2.5186543,51.2950432],[-2.5180705,51.2948242],[-2.5177918,51.2947408]]}},{"type":"Feature","properties":{"abandoned:railway":"rail","historic:operator":"Midland Railway","name":"Mangotsfield South Loop","railway":"abandoned","ref":"MAP","wikidata":"Q12061467","wikipedia":"en:Mangotsfield and Bath branch line","source_id":"osm-way-1013696251","dataset":"OpenStreetMap former/disused railway extract","publisher":"OpenStreetMap contributors","effective_date":"2026-09-07T10:02:26Z","licence":"ODbL-1.0"},"geometry":{"type":"LineString","coordinates":[[-2.4850713,51.4759463],[-2.4847497,51.4758773],[-2.4842393,51.4757555],[-2.4838978,51.4756634],[-2.483696,51.4756087],[-2.4834633,51.475529],[-2.4831907,51.4754101],[-2.4829765,51.4752978],[-2.4826653,51.4750992],[-2.4823834,51.4749303],[-2.4822402,51.4748276],[-2.4819238,51.4745586],[-2.4817333,51.4743431],[-2.4814678,51.4739588],[-2.4813498,51.4737149],[-2.4812854,51.4734543],[-2.4812141,51.4730503]]}},{"type":"Feature","properties":{"abandoned:railway":"rail","alt_name":"Bristol and Gloucester Line","bridge":"yes","layer":"1","name":"Bristol and Gloucestershire Railway","railway":"abandoned","ref":"BGL2","wikidata":"Q16985307","wikipedia":"en:Bristol and Gloucestershire Railway","source_id":"osm-way-1013696252","dataset":"OpenStreetMap former/disused railway extract","publisher":"OpenStreetMap contributors","effective_date":"2026-09-07T10:02:26Z","licence":"ODbL-1.0"},"geometry":{"type":"LineString","coordinates":[[-2.4897527,51.4771899],[-2.4899656,51.4772486]]}},{"type":"Feature","properties":{"historic:operator":"Midland Railway","name":"Mangotsfield South Loop","railway":"razed","razed:railway":"rail","ref":"MAP","wikidata":"Q12061467","wikipedia":"en:Mangotsfield and Bath branch line","source_id":"osm-way-1013696253","dataset":"OpenStreetMap former/disused railway extract","publisher":"OpenStreetMap contributors","effective_date":"2026-09-07T10:02:26Z","licence":"ODbL-1.0"},"geometry":{"type":"LineString","coordinates":[[-2.4818495,51.4712069],[-2.4817191,51.4713848],[-2.4812914,51.471991],[-2.4811715,51.4723406],[-2.4812141,51.4730503]]}},{"type":"Feature","properties":{"name":"Castle Works","railway":"razed","razed:railway":"rail","service":"spur","source_id":"osm-way-1014312605","dataset":"OpenStreetMap former/disused railway extract","publisher":"OpenStreetMap contributors","effective_date":"2026-09-07T10:02:26Z","licence":"ODbL-1.0"},"geometry":{"type":"LineString","coordinates":[[-3.0482174,51.5806497],[-3.048106,51.5805767],[-3.0462618,51.5796714]]}},{"type":"Feature","properties":{"abandoned:railway":"rail","railway":"abandoned","source_id":"osm-way-1014592637","dataset":"OpenStreetMap former/disused railway extract","publisher":"OpenStreetMap contributors","effective_date":"2026-09-07T10:02:26Z","licence":"ODbL-1.0"},"geometry":{"type":"LineString","coordinates":[[-3.0174626,51.6772788],[-3.0175575,51.6777895],[-3.01763,51.6782768],[-3.017697,51.6786909]]}},{"type":"Feature","properties":{"name":"Newport Old Dock Branch","railway":"razed","razed:railway":"rail","ref":"NOD","source_id":"osm-way-1015815455","dataset":"OpenStreetMap former/disused railway extract","publisher":"OpenStreetMap contributors","effective_date":"2026-09-07T10:02:26Z","licence":"ODbL-1.0"},"geometry":{"type":"LineString","coordinates":[[-2.9936661,51.5768846],[-2.9920685,51.5765485],[-2.985893,51.5751542],[-2.9856852,51.5751073],[-2.9845486,51.5749162],[-2.9843555,51.5748932],[-2.9841785,51.5748817],[-2.9838084,51.5748836],[-2.9835235,51.5748949],[-2.9833328,51.5749139],[-2.9830885,51.5749429],[-2.9824041,51.5750578]]}},{"type":"Feature","properties":{"alt_name":"Newport Neutral Mile","name":"Newport Dock Street Branch","railway":"razed","razed:railway":"rail","ref":"NNM","source_id":"osm-way-1015822017","dataset":"OpenStreetMap former/disused railway extract","publisher":"OpenStreetMap contributors","effective_date":"2026-09-07T10:02:26Z","licence":"ODbL-1.0"},"geometry":{"type":"LineString","coordinates":[[-2.9855634,51.5811504],[-2.9858077,51.5813218],[-2.9861702,51.5816067],[-2.986771,51.5821134],[-2.9870915,51.5823482],[-2.9873718,51.5825134],[-2.9875941,51.5825851],[-2.9878117,51.582637],[-2.9880785,51.5826842],[-2.9883692,51.582708]]}},{"type":"Feature","properties":{"abandoned:railway":"rail","railway":"abandoned","service":"siding","source_id":"osm-way-1015822221","dataset":"OpenStreetMap former/disused railway extract","publisher":"OpenStreetMap contributors","effective_date":"2026-09-07T10:02:26Z","licence":"ODbL-1.0"},"geometry":{"type":"LineString","coordinates":[[-2.992275,51.5696711],[-2.9919686,51.5696476],[-2.9915611,51.5696165],[-2.9913519,51.5695998],[-2.9912124,51.5695931],[-2.9910569,51.5695931],[-2.9908545,51.5696001],[-2.9907089,51.5696116],[-2.9889326,51.5697565]]}},{"type":"Feature","properties":{"abandoned:railway":"rail","name":"Portishead Branch Line","railway":"abandoned","ref":"POD","source":"Bing","source_id":"osm-way-1019667297","dataset":"OpenStreetMap former/disused railway extract","publisher":"OpenStreetMap contributors","effective_date":"2026-09-07T10:02:26Z","licence":"ODbL-1.0"},"geometry":{"type":"LineString","coordinates":[[-2.7612613,51.4845513],[-2.7614993,51.484603],[-2.762222,51.4847619],[-2.762554,51.4848454],[-2.7629068,51.4849437]]}},{"type":"Feature","properties":{"name":"Portishead Branch Line","railway":"razed","razed:railway":"rail","ref":"POD","source":"Bing","source_id":"osm-way-1019671345","dataset":"OpenStreetMap former/disused railway extract","publisher":"OpenStreetMap contributors","effective_date":"2026-09-07T10:02:26Z","licence":"ODbL-1.0"},"geometry":{"type":"LineString","coordinates":[[-2.7629068,51.4849437],[-2.7634838,51.4851407],[-2.7640324,51.4854496],[-2.7644484,51.4858525],[-2.7647072,51.4862573],[-2.7647658,51.4864386],[-2.7648397,51.4867964],[-2.7648612,51.4871667],[-2.7648181,51.4873586],[-2.7647349,51.4875523],[-2.7646849,51.4876344]]}},{"type":"Feature","properties":{"abandoned:railway":"rail","name":"Portishead Branch Line","railway":"abandoned","ref":"POD","source":"GPX + NPE;GPX + NPE;npe","source_id":"osm-way-1019671346","dataset":"OpenStreetMap former/disused railway extract","publisher":"OpenStreetMap contributors","effective_date":"2026-09-07T10:02:26Z","licence":"ODbL-1.0"},"geometry":{"type":"LineString","coordinates":[[-2.7637169,51.4885039],[-2.7646849,51.4876344]]}},{"type":"Feature","properties":{"disused:railway":"rail","maxspeed":"20 mph","railway":"disused","service":"siding","source_id":"osm-way-1019671352","dataset":"OpenStreetMap former/disused railway extract","publisher":"OpenStreetMap contributors","effective_date":"2026-09-07T10:02:26Z","licence":"ODbL-1.0"},"geometry":{"type":"LineString","coordinates":[[-2.7013866,51.4884719],[-2.7010648,51.4884235]]}},{"type":"Feature","properties":{"abandoned:railway":"rail","name":"Bristol and Gloucester Line","railway":"abandoned","ref":"BGL2","source_id":"osm-way-1019816778","dataset":"OpenStreetMap former/disused railway extract","publisher":"OpenStreetMap contributors","effective_date":"2026-09-07T10:02:26Z","licence":"ODbL-1.0"},"geometry":{"type":"LineString","coordinates":[[-2.5497778,51.4691048],[-2.5499892,51.4689783],[-2.5503567,51.4687544],[-2.5515141,51.4680609],[-2.5527707,51.467299],[-2.5535257,51.4668328],[-2.5548816,51.4659781],[-2.555469,51.4656105],[-2.5557007,51.4654564],[-2.5561985,51.4651493],[-2.5572459,51.4645085],[-2.5576067,51.4642595],[-2.5587453,51.4635711],[-2.5594749,51.4631358],[-2.5605544,51.4624757],[-2.5617668,51.4617387],[-2.5621998,51.4614604],[-2.5623358,51.4613636],[-2.5633919,51.4607172]]}},{"type":"Feature","properties":{"abandoned:railway":"rail","name":"Bristol and Gloucester Line","railway":"abandoned","ref":"BGL2","source_id":"osm-way-1019816779","dataset":"OpenStreetMap former/disused railway extract","publisher":"OpenStreetMap contributors","effective_date":"2026-09-07T10:02:26Z","licence":"ODbL-1.0"},"geometry":{"type":"LineString","coordinates":[[-2.5639583,51.4603742],[-2.5646585,51.4598943],[-2.5649189,51.4597175],[-2.5653006,51.4594898],[-2.5663381,51.4588651]]}},{"type":"Feature","properties":{"abandoned:railway":"rail","bridge":"yes","bridge:ref":"6","layer":"1","name":"Bristol and Gloucester Line","railway":"abandoned","ref":"BGL2","source_id":"osm-way-1019816780","dataset":"OpenStreetMap former/disused railway extract","publisher":"OpenStreetMap contributors","effective_date":"2026-09-07T10:02:26Z","licence":"ODbL-1.0"},"geometry":{"type":"LineString","coordinates":[[-2.5633919,51.4607172],[-2.5639583,51.4603742]]}},{"type":"Feature","properties":{"abandoned:railway":"rail","bridge":"yes","bridge:ref":"6","layer":"1","name":"Bristol and Gloucester Line","railway":"abandoned","ref":"BGL2","source_id":"osm-way-1019816781","dataset":"OpenStreetMap former/disused railway extract","publisher":"OpenStreetMap contributors","effective_date":"2026-09-07T10:02:26Z","licence":"ODbL-1.0"},"geometry":{"type":"LineString","coordinates":[[-2.5639173,51.460348],[-2.5633509,51.4606915]]}},{"type":"Feature","properties":{"abandoned:railway":"rail","name":"Frampton Cotterell Branch","railway":"abandoned","ref":"FCZ","source_id":"osm-way-1020636202","dataset":"OpenStreetMap former/disused railway extract","publisher":"OpenStreetMap contributors","effective_date":"2026-09-07T10:02:26Z","licence":"ODbL-1.0"},"geometry":{"type":"LineString","coordinates":[[-2.4751943,51.5459903],[-2.4749929,51.5463032],[-2.4748088,51.5465673],[-2.4745505,51.5468315],[-2.4742744,51.5470361],[-2.4739062,51.5472456],[-2.4733775,51.547463],[-2.4729366,51.5475858],[-2.4724215,51.5477188],[-2.4716977,51.5478234],[-2.4714222,51.5478524],[-2.4710766,51.5478437],[-2.4705162,51.5477885],[-2.4699278,51.5476898]]}},{"type":"Feature","properties":{"name":"Frampton Cotterell Branch","railway":"razed","razed:railway":"rail","ref":"FCZ","source_id":"osm-way-1020636203","dataset":"OpenStreetMap former/disused railway extract","publisher":"OpenStreetMap contributors","effective_date":"2026-09-07T10:02:26Z","licence":"ODbL-1.0"},"geometry":{"type":"LineString","coordinates":[[-2.4699278,51.5476898],[-2.4694047,51.5475591],[-2.4685268,51.54726],[-2.4678477,51.5469562]]}},{"type":"Feature","properties":{"name":"Frampton Cotterell Branch","railway":"razed","razed:railway":"rail","ref":"FCZ","source_id":"osm-way-1020636204","dataset":"OpenStreetMap former/disused railway extract","publisher":"OpenStreetMap contributors","effective_date":"2026-09-07T10:02:26Z","licence":"ODbL-1.0"},"geometry":{"type":"LineString","coordinates":[[-2.4780079,51.5360202],[-2.478013,51.5364976],[-2.4780215,51.536872],[-2.4778677,51.5377226],[-2.4777213,51.5383346],[-2.4775099,51.5397228],[-2.47727,51.5409391],[-2.4769002,51.5421416],[-2.4765218,51.5430281],[-2.4763413,51.5434023],[-2.4760511,51.5440516],[-2.475637,51.5450377],[-2.4751943,51.5459903]]}},{"type":"Feature","properties":{"abandoned:railway":"rail","name":"Thornbury Branch Line","railway":"abandoned","ref":"THO","wikidata":"Q7796331","wikipedia":"en:Thornbury branch line","source_id":"osm-way-1020637976","dataset":"OpenStreetMap former/disused railway extract","publisher":"OpenStreetMap contributors","effective_date":"2026-09-07T10:02:26Z","licence":"ODbL-1.0"},"geometry":{"type":"LineString","coordinates":[[-2.5018213,51.5988823],[-2.501856,51.5989154]]}},{"type":"Feature","properties":{"abandoned:railway":"rail","name":"Thornbury Branch Line","railway":"abandoned","ref":"THO","source:track":"Bing","wikidata":"Q7796331","wikipedia":"en:Thornbury branch line","source_id":"osm-way-1020637977","dataset":"OpenStreetMap former/disused railway extract","publisher":"OpenStreetMap contributors","effective_date":"2026-09-07T10:02:26Z","licence":"ODbL-1.0"},"geometry":{"type":"LineString","coordinates":[[-2.5018084,51.5988701],[-2.5018213,51.5988823]]}},{"type":"Feature","properties":{"abandoned:railway":"rail","name":"Thornbury Branch Line","railway":"abandoned","ref":"THO","source":"Bing;NLS-OS-1st_Series","wikidata":"Q7796331","wikipedia":"en:Thornbury branch line","source_id":"osm-way-1020637978","dataset":"OpenStreetMap former/disused railway extract","publisher":"OpenStreetMap contributors","effective_date":"2026-09-07T10:02:26Z","licence":"ODbL-1.0"},"geometry":{"type":"LineString","coordinates":[[-2.5083983,51.6016537],[-2.5077357,51.6015142],[-2.5070812,51.6013876],[-2.5066186,51.6012893],[-2.5059561,51.6011327],[-2.505551,51.6010078],[-2.505138,51.6008562],[-2.5045238,51.6005996],[-2.5038398,51.600293],[-2.5034621,51.6000777],[-2.5032729,51.5999698]]}},{"type":"Feature","properties":{"name":"Thornbury Branch Line","railway":"razed","razed:railway":"rail","ref":"THO","source":"Bing;NLS-OS-1st_Series","wikidata":"Q7796331","wikipedia":"en:Thornbury branch line","source_id":"osm-way-1020637979","dataset":"OpenStreetMap former/disused railway extract","publisher":"OpenStreetMap contributors","effective_date":"2026-09-07T10:02:26Z","licence":"ODbL-1.0"},"geometry":{"type":"LineString","coordinates":[[-2.5106905,51.6018608],[-2.5090753,51.6017328],[-2.5083983,51.6016537]]}},{"type":"Feature","properties":{"name":"Yate Branch (Down Loop Line)","railway":"razed","razed:railway":"rail","ref":"YBZ","source_id":"osm-way-1020641932","dataset":"OpenStreetMap former/disused railway extract","publisher":"OpenStreetMap contributors","effective_date":"2026-09-07T10:02:26Z","licence":"ODbL-1.0"},"geometry":{"type":"LineString","coordinates":[[-2.4341921,51.5380404],[-2.4356392,51.5368315],[-2.4369994,51.535585],[-2.4377637,51.534796],[-2.4379414,51.5345432],[-2.4381083,51.5342369],[-2.4381959,51.5339329],[-2.4381906,51.533658],[-2.4382,51.5333923],[-2.4381987,51.5330865],[-2.4381543,51.5327016],[-2.4379703,51.5323234],[-2.4378044,51.5320496],[-2.4376554,51.531858],[-2.4374527,51.5316664]]}},{"type":"Feature","properties":{"name":"Yate Branch (Down Loop Line)","railway":"razed","razed:railway":"rail","ref":"YBZ","source_id":"osm-way-1020641933","dataset":"OpenStreetMap former/disused railway extract","publisher":"OpenStreetMap contributors","effective_date":"2026-09-07T10:02:26Z","licence":"ODbL-1.0"},"geometry":{"type":"LineString","coordinates":[[-2.4369496,51.5311692],[-2.436243,51.5304642],[-2.4352751,51.5293833]]}},{"type":"Feature","properties":{"bridge":"yes","layer":"1","name":"Yate Branch (Down Loop Line)","railway":"razed","razed:railway":"rail","ref":"YBZ","source_id":"osm-way-1020641934","dataset":"OpenStreetMap former/disused railway extract","publisher":"OpenStreetMap contributors","effective_date":"2026-09-07T10:02:26Z","licence":"ODbL-1.0"},"geometry":{"type":"LineString","coordinates":[[-2.4374527,51.5316664],[-2.4371925,51.5314186]]}},{"type":"Feature","properties":{"abandoned:railway":"rail","name":"Yate Branch (Down Loop Line)","railway":"abandoned","ref":"YBZ","source_id":"osm-way-1020641935","dataset":"OpenStreetMap former/disused railway extract","publisher":"OpenStreetMap contributors","effective_date":"2026-09-07T10:02:26Z","licence":"ODbL-1.0"},"geometry":{"type":"LineString","coordinates":[[-2.4371925,51.5314186],[-2.4369496,51.5311692]]}},{"type":"Feature","properties":{"disused:railway":"rail","railway":"disused","service":"siding","source_id":"osm-way-1020654945","dataset":"OpenStreetMap former/disused railway extract","publisher":"OpenStreetMap contributors","effective_date":"2026-09-07T10:02:26Z","licence":"ODbL-1.0"},"geometry":{"type":"LineString","coordinates":[[-2.5371637,51.5136453],[-2.5377389,51.5136333]]}},{"type":"Feature","properties":{"abandoned:railway":"rail","electrified":"no","railway":"abandoned","service":"siding","source":"Bing","source_id":"osm-way-1020654946","dataset":"OpenStreetMap former/disused railway extract","publisher":"OpenStreetMap contributors","effective_date":"2026-09-07T10:02:26Z","licence":"ODbL-1.0"},"geometry":{"type":"LineString","coordinates":[[-2.5358153,51.5139211],[-2.5359698,51.5139407],[-2.5362874,51.5139751]]}},{"type":"Feature","properties":{"disused:railway":"rail","railway":"disused","service":"siding","source_id":"osm-way-1020654950","dataset":"OpenStreetMap former/disused railway extract","publisher":"OpenStreetMap contributors","effective_date":"2026-09-07T10:02:26Z","licence":"ODbL-1.0"},"geometry":{"type":"LineString","coordinates":[[-2.5422262,51.5135257],[-2.5418475,51.5134671],[-2.5416828,51.513445]]}},{"type":"Feature","properties":{"name":"New Passage Pier Line","railway":"razed","razed:railway":"rail","ref":"PNZ","source_id":"osm-way-1020659141","dataset":"OpenStreetMap former/disused railway extract","publisher":"OpenStreetMap contributors","effective_date":"2026-09-07T10:02:26Z","licence":"ODbL-1.0"},"geometry":{"type":"LineString","coordinates":[[-2.6604279,51.574597],[-2.6592787,51.5740661]]}},{"type":"Feature","properties":{"name":"New Passage Pier Line","railway":"razed","razed:railway":"rail","ref":"PNZ","source_id":"osm-way-1020672327","dataset":"OpenStreetMap former/disused railway extract","publisher":"OpenStreetMap contributors","effective_date":"2026-09-07T10:02:26Z","licence":"ODbL-1.0"},"geometry":{"type":"LineString","coordinates":[[-2.6515437,51.5708343],[-2.6490471,51.5696212],[-2.6472701,51.5685483],[-2.6466951,51.5682012]]}},{"type":"Feature","properties":{"disused:railway":"rail","railway":"disused","service":"siding","source_id":"osm-way-1020672348","dataset":"OpenStreetMap former/disused railway extract","publisher":"OpenStreetMap contributors","effective_date":"2026-09-07T10:02:26Z","licence":"ODbL-1.0"},"geometry":{"type":"LineString","coordinates":[[-2.6684348,51.5431686],[-2.6681848,51.5430353],[-2.6680242,51.5429651],[-2.6676898,51.5428185]]}},{"type":"Feature","properties":{"disused:railway":"rail","railway":"disused","service":"siding","source_id":"osm-way-1020672349","dataset":"OpenStreetMap former/disused railway extract","publisher":"OpenStreetMap contributors","effective_date":"2026-09-07T10:02:26Z","licence":"ODbL-1.0"},"geometry":{"type":"LineString","coordinates":[[-2.6677853,51.5428861],[-2.6680242,51.5429651]]}},{"type":"Feature","properties":{"disused:railway":"rail","electrified":"no","railway":"disused","service":"siding","source_id":"osm-way-1020672352","dataset":"OpenStreetMap former/disused railway extract","publisher":"OpenStreetMap contributors","effective_date":"2026-09-07T10:02:26Z","licence":"ODbL-1.0"},"geometry":{"type":"LineString","coordinates":[[-2.6835424,51.5286592],[-2.6833946,51.5288396]]}},{"type":"Feature","properties":{"disused:railway":"rail","railway":"disused","service":"siding","source_id":"osm-way-1020672353","dataset":"OpenStreetMap former/disused railway extract","publisher":"OpenStreetMap contributors","effective_date":"2026-09-07T10:02:26Z","licence":"ODbL-1.0"},"geometry":{"type":"LineString","coordinates":[[-2.6824263,51.5279295],[-2.6814936,51.5279758],[-2.6810499,51.5279918],[-2.6808234,51.527986],[-2.6806786,51.5279831]]}},{"type":"Feature","properties":{"disused:railway":"rail","railway":"disused","service":"siding","source_id":"osm-way-1020672354","dataset":"OpenStreetMap former/disused railway extract","publisher":"OpenStreetMap contributors","effective_date":"2026-09-07T10:02:26Z","licence":"ODbL-1.0"},"geometry":{"type":"LineString","coordinates":[[-2.6819381,51.5280213],[-2.6821661,51.5279646],[-2.6822841,51.5279429],[-2.6823646,51.5279345],[-2.6824263,51.5279295],[-2.6826408,51.5279139]]}},{"type":"Feature","properties":{"disused:railway":"rail","railway":"disused","service":"siding","source_id":"osm-way-1020672355","dataset":"OpenStreetMap former/disused railway extract","publisher":"OpenStreetMap contributors","effective_date":"2026-09-07T10:02:26Z","licence":"ODbL-1.0"},"geometry":{"type":"LineString","coordinates":[[-2.6842577,51.5277704],[-2.6845209,51.5276908]]}},{"type":"Feature","properties":{"abandoned:railway":"rail","railway":"abandoned","service":"siding","source_id":"osm-way-1020672356","dataset":"OpenStreetMap former/disused railway extract","publisher":"OpenStreetMap contributors","effective_date":"2026-09-07T10:02:26Z","licence":"ODbL-1.0"},"geometry":{"type":"LineString","coordinates":[[-2.6845209,51.5276908],[-2.6846947,51.5276374]]}},{"type":"Feature","properties":{"disused:railway":"rail","electrified":"no","railway":"disused","service":"siding","source_id":"osm-way-1020672357","dataset":"OpenStreetMap former/disused railway extract","publisher":"OpenStreetMap contributors","effective_date":"2026-09-07T10:02:26Z","licence":"ODbL-1.0"},"geometry":{"type":"LineString","coordinates":[[-2.6840847,51.5280776],[-2.6839947,51.5281523],[-2.683911,51.5282304],[-2.6838132,51.5283319],[-2.6835424,51.5286592],[-2.6834493,51.5288229],[-2.6834007,51.5288976],[-2.683269,51.5290591],[-2.6829347,51.5294631]]}},{"type":"Feature","properties":{"abandoned:railway":"rail","railway":"abandoned","service":"siding","source_id":"osm-way-1020672358","dataset":"OpenStreetMap former/disused railway extract","publisher":"OpenStreetMap contributors","effective_date":"2026-09-07T10:02:26Z","licence":"ODbL-1.0"},"geometry":{"type":"LineString","coordinates":[[-2.684853,51.5275313],[-2.6846947,51.5276374],[-2.6841714,51.5280161],[-2.6840847,51.5280776]]}},{"type":"Feature","properties":{"disused:railway":"rail","electrified":"no","gauge":"1435","railway":"disused","service":"yard","source":"Bing","source_id":"osm-way-1020681312","dataset":"OpenStreetMap former/disused railway extract","publisher":"OpenStreetMap contributors","effective_date":"2026-09-07T10:02:26Z","licence":"ODbL-1.0"},"geometry":{"type":"LineString","coordinates":[[-2.6898809,51.5239153],[-2.6897108,51.5240942]]}},{"type":"Feature","properties":{"abandoned:railway":"rail","electrified":"no","gauge":"1435","railway":"abandoned","service":"yard","source":"Bing","source_id":"osm-way-1020681313","dataset":"OpenStreetMap former/disused railway extract","publisher":"OpenStreetMap contributors","effective_date":"2026-09-07T10:02:26Z","licence":"ODbL-1.0"},"geometry":{"type":"LineString","coordinates":[[-2.6902072,51.523128],[-2.6900219,51.5236445],[-2.6899259,51.5237992],[-2.6898178,51.5239305]]}},{"type":"Feature","properties":{"railway":"razed","razed:railway":"rail","source_id":"osm-way-1020681315","dataset":"OpenStreetMap former/disused railway extract","publisher":"OpenStreetMap contributors","effective_date":"2026-09-07T10:02:26Z","licence":"ODbL-1.0"},"geometry":{"type":"LineString","coordinates":[[-2.7013813,51.503863],[-2.7024135,51.5026071],[-2.7026564,51.5023019],[-2.7027684,51.5020344],[-2.7028712,51.5016623],[-2.7029179,51.501267],[-2.7028432,51.5008658],[-2.7026937,51.5005256],[-2.7023715,51.5001186],[-2.7022769,51.5000208],[-2.7020679,51.4998483],[-2.7015636,51.4994616],[-2.7005876,51.4989093],[-2.6998637,51.4985953]]}},{"type":"Feature","properties":{"abandoned:railway":"rail","name":"Hotwells and Avonmouth Line","railway":"abandoned","ref":"HAA","source_id":"osm-way-1020687069","dataset":"OpenStreetMap former/disused railway extract","publisher":"OpenStreetMap contributors","effective_date":"2026-09-07T10:02:26Z","licence":"ODbL-1.0"},"geometry":{"type":"LineString","coordinates":[[-2.6285595,51.4568248],[-2.6280074,51.4563226],[-2.6273739,51.455822]]}},{"type":"Feature","properties":{"construction":"track","disused:railway":"rail","electrified":"no","gauge":"1435","maxspeed":"30 mph","name":"Portishead Branch Line","note":"Reopening approved, construction to begin. Old tracks all in situ.","railway":"disused","ref":"POD","source":"Bing","usage":"branch","source_id":"osm-way-1042231185","dataset":"OpenStreetMap former/disused railway extract","publisher":"OpenStreetMap contributors","effective_date":"2026-09-07T10:02:26Z","licence":"ODbL-1.0"},"geometry":{"type":"LineString","coordinates":[[-2.7571921,51.4836585],[-2.7591228,51.4840578],[-2.7606771,51.4844278],[-2.7612613,51.4845513]]}},{"type":"Feature","properties":{"abandoned:railway":"rail","name":"Sudbrook Branch","railway":"abandoned","ref":"SBK2","source_id":"osm-way-1047502041","dataset":"OpenStreetMap former/disused railway extract","publisher":"OpenStreetMap contributors","effective_date":"2026-09-07T10:02:26Z","licence":"ODbL-1.0"},"geometry":{"type":"LineString","coordinates":[[-2.7194764,51.5849172],[-2.7188053,51.5848169],[-2.7184092,51.5847539]]}},{"type":"Feature","properties":{"disused:railway":"rail","name":"Sudbrook Branch","railway":"disused","ref":"SBK2","source_id":"osm-way-1047502042","dataset":"OpenStreetMap former/disused railway extract","publisher":"OpenStreetMap contributors","effective_date":"2026-09-07T10:02:26Z","licence":"ODbL-1.0"},"geometry":{"type":"LineString","coordinates":[[-2.7203916,51.5850706],[-2.7194764,51.5849172]]}},{"type":"Feature","properties":{"disused:railway":"rail","name":"Sudbrook Branch","railway":"disused","ref":"SBK2","source_id":"osm-way-1047502043","dataset":"OpenStreetMap former/disused railway extract","publisher":"OpenStreetMap contributors","effective_date":"2026-09-07T10:02:26Z","licence":"ODbL-1.0"},"geometry":{"type":"LineString","coordinates":[[-2.720369,51.5851229],[-2.7194637,51.5849676]]}},{"type":"Feature","properties":{"abandoned:railway":"rail","name":"Sudbrook Branch","railway":"abandoned","ref":"SBK2","source_id":"osm-way-1047502044","dataset":"OpenStreetMap former/disused railway extract","publisher":"OpenStreetMap contributors","effective_date":"2026-09-07T10:02:26Z","licence":"ODbL-1.0"},"geometry":{"type":"LineString","coordinates":[[-2.7231102,51.5854955],[-2.7223278,51.5854116],[-2.7218763,51.585356],[-2.7211934,51.5852597],[-2.720369,51.5851229]]}},{"type":"Feature","properties":{"name":"Sudbrook Branch","railway":"razed","razed:railway":"rail","ref":"SBK1","source_id":"osm-way-1047502045","dataset":"OpenStreetMap former/disused railway extract","publisher":"OpenStreetMap contributors","effective_date":"2026-09-07T10:02:26Z","licence":"ODbL-1.0"},"geometry":{"type":"LineString","coordinates":[[-2.7237135,51.5855432],[-2.7231102,51.5854955]]}},{"type":"Feature","properties":{"abandoned:railway":"rail","name":"Sudbrook Branch","railway":"abandoned","ref":"SBK2","source_id":"osm-way-1047502046","dataset":"OpenStreetMap former/disused railway extract","publisher":"OpenStreetMap contributors","effective_date":"2026-09-07T10:02:26Z","licence":"ODbL-1.0"},"geometry":{"type":"LineString","coordinates":[[-2.7194637,51.5849676],[-2.7193108,51.5849373],[-2.7186259,51.5848018],[-2.7184092,51.5847539],[-2.7177863,51.5846163],[-2.7161182,51.5842158],[-2.71522,51.5839846],[-2.7143221,51.5837425],[-2.7139738,51.5836405]]}},{"type":"Feature","properties":{"alt_name":"Strawberry Line","name":"Cheddar Valley Line","railway":"razed","razed:railway":"rail","ref":"CVB","source_id":"osm-way-1065099873","dataset":"OpenStreetMap former/disused railway extract","publisher":"OpenStreetMap contributors","effective_date":"2026-09-07T10:02:26Z","licence":"ODbL-1.0"},"geometry":{"type":"LineString","coordinates":[[-2.777441,51.2720185],[-2.7816227,51.2746239],[-2.7818212,51.2747216],[-2.7823734,51.2749443],[-2.7867331,51.2767032],[-2.7871907,51.276941],[-2.787553,51.2771736],[-2.7883298,51.2777603]]}},{"type":"Feature","properties":{"abandoned:railway":"rail","access":"no","bridge":"yes","layer":"1","name":"Wye Valley Railway","ncn":"proposed","railway":"abandoned","ref":"WYE","source":"OS 1:25k","source_id":"osm-way-1078042975","dataset":"OpenStreetMap former/disused railway extract","publisher":"OpenStreetMap contributors","effective_date":"2026-09-07T10:02:26Z","licence":"ODbL-1.0"},"geometry":{"type":"LineString","coordinates":[[-2.6501358,51.6503244],[-2.650373,51.6501465]]}},{"type":"Feature","properties":{"abandoned:railway":"rail","embankment":"yes","name":"Wye Valley Railway","railway":"abandoned","ref":"WYE","source":"OS 1:25k","source_id":"osm-way-1078042976","dataset":"OpenStreetMap former/disused railway extract","publisher":"OpenStreetMap contributors","effective_date":"2026-09-07T10:02:26Z","licence":"ODbL-1.0"},"geometry":{"type":"LineString","coordinates":[[-2.6494578,51.6508771],[-2.6501358,51.6503244]]}},{"type":"Feature","properties":{"abandoned:railway":"rail","alt_name":"Strawberry Line","name":"Cheddar Valley Line","railway":"abandoned","ref":"CVB","source_id":"osm-way-1080012529","dataset":"OpenStreetMap former/disused railway extract","publisher":"OpenStreetMap contributors","effective_date":"2026-09-07T10:02:26Z","licence":"ODbL-1.0"},"geometry":{"type":"LineString","coordinates":[[-2.7956722,51.2843409],[-2.7955551,51.2842666],[-2.7943052,51.2832029],[-2.7926014,51.2815998],[-2.7924652,51.2814716],[-2.7902566,51.2794793],[-2.78923,51.2784604],[-2.7885153,51.2779111],[-2.7883298,51.2777603]]}},{"type":"Feature","properties":{"abandoned:railway":"rail","alt_name":"Strawberry Line","name":"Cheddar Valley Line","railway":"abandoned","ref":"CVB","source_id":"osm-way-1080012530","dataset":"OpenStreetMap former/disused railway extract","publisher":"OpenStreetMap contributors","effective_date":"2026-09-07T10:02:26Z","licence":"ODbL-1.0"},"geometry":{"type":"LineString","coordinates":[[-2.8267654,51.2895147],[-2.8252902,51.288941],[-2.8241744,51.2886257],[-2.8233912,51.2884579],[-2.8223237,51.2883371],[-2.8212401,51.2882499],[-2.820183,51.2882692],[-2.8178535,51.2883988],[-2.8155705,51.2885109],[-2.8122919,51.2886734],[-2.8107917,51.2887141],[-2.8090598,51.2886607],[-2.8078402,51.2885565],[-2.8058603,51.288259],[-2.8037503,51.2879234],[-2.803253,51.2878062],[-2.8015096,51.2872425],[-2.8001631,51.286746],[-2.7989078,51.2862159],[-2.7972127,51.2853503],[-2.7963061,51.284743],[-2.7956722,51.2843409]]}},{"type":"Feature","properties":{"abandoned:railway":"rail","alt_name":"Strawberry Line","name":"Cheddar Valley Line","railway":"abandoned","ref":"CVB","source_id":"osm-way-1080014715","dataset":"OpenStreetMap former/disused railway extract","publisher":"OpenStreetMap contributors","effective_date":"2026-09-07T10:02:26Z","licence":"ODbL-1.0"},"geometry":{"type":"LineString","coordinates":[[-2.8306368,51.2934432],[-2.8304347,51.2928828],[-2.8301826,51.2923629],[-2.8297749,51.2917758],[-2.829335,51.2912659],[-2.8287878,51.2907358],[-2.8281672,51.2902929]]}},{"type":"Feature","properties":{"alt_name":"Strawberry Line","name":"Cheddar Valley Line","railway":"razed","razed:railway":"rail","ref":"CVB","source_id":"osm-way-1080014716","dataset":"OpenStreetMap former/disused railway extract","publisher":"OpenStreetMap contributors","effective_date":"2026-09-07T10:02:26Z","licence":"ODbL-1.0"},"geometry":{"type":"LineString","coordinates":[[-2.8281672,51.2902929],[-2.8278383,51.2900582],[-2.8267654,51.2895147]]}},{"type":"Feature","properties":{"abandoned:railway":"rail","alt_name":"Strawberry Line","name":"Cheddar Valley Line","railway":"abandoned","ref":"CVB","source_id":"osm-way-1080014717","dataset":"OpenStreetMap former/disused railway extract","publisher":"OpenStreetMap contributors","effective_date":"2026-09-07T10:02:26Z","licence":"ODbL-1.0"},"geometry":{"type":"LineString","coordinates":[[-2.8308153,51.2945262],[-2.8307591,51.2967058],[-2.8307876,51.2991737],[-2.8307965,51.3003906]]}},{"type":"Feature","properties":{"abandoned:railway":"rail","alt_name":"Strawberry Line","layer":"-1","name":"Cheddar Valley Line","railway":"abandoned","ref":"CVB","tunnel":"yes","tunnel:name":"Shute Shelve Tunnel","wikidata":"Q116732913","source_id":"osm-way-1080014718","dataset":"OpenStreetMap former/disused railway extract","publisher":"OpenStreetMap contributors","effective_date":"2026-09-07T10:02:26Z","licence":"ODbL-1.0"},"geometry":{"type":"LineString","coordinates":[[-2.8307965,51.3003906],[-2.8307804,51.3021405]]}},{"type":"Feature","properties":{"abandoned:railway":"rail","alt_name":"Strawberry Line","name":"Cheddar Valley Line","railway":"abandoned","ref":"CVB","source_id":"osm-way-1080014719","dataset":"OpenStreetMap former/disused railway extract","publisher":"OpenStreetMap contributors","effective_date":"2026-09-07T10:02:26Z","licence":"ODbL-1.0"},"geometry":{"type":"LineString","coordinates":[[-2.8307804,51.3021405],[-2.8307591,51.3036085],[-2.8307762,51.3048967],[-2.8307856,51.3056933],[-2.8308776,51.3062331],[-2.8310758,51.3072509],[-2.8313448,51.308304],[-2.8315784,51.3089766],[-2.8317766,51.3094589],[-2.8322367,51.3102996],[-2.8327959,51.31122],[-2.8333055,51.3119235],[-2.8340488,51.3129411],[-2.8344805,51.3134765],[-2.834873,51.3142979]]}},{"type":"Feature","properties":{"name":"Cheddar Valley Branch","railway":"razed","razed:railway":"rail","ref":"CVB","source":"NPE","source_id":"osm-way-1080014720","dataset":"OpenStreetMap former/disused railway extract","publisher":"OpenStreetMap contributors","effective_date":"2026-09-07T10:02:26Z","licence":"ODbL-1.0"},"geometry":{"type":"LineString","coordinates":[[-2.8364691,51.3200615],[-2.83692,51.3217579]]}},{"type":"Feature","properties":{"name":"Cheddar Valley Branch","railway":"razed","razed:railway":"rail","ref":"CVB","source":"NPE","source_id":"osm-way-1080014721","dataset":"OpenStreetMap former/disused railway extract","publisher":"OpenStreetMap contributors","effective_date":"2026-09-07T10:02:26Z","licence":"ODbL-1.0"},"geometry":{"type":"LineString","coordinates":[[-2.839001,51.3301097],[-2.8394172,51.3319038]]}},{"type":"Feature","properties":{"name":"Cheddar Valley Branch","railway":"razed","razed:railway":"rail","ref":"CVB","source":"NPE","source_id":"osm-way-1080014722","dataset":"OpenStreetMap former/disused railway extract","publisher":"OpenStreetMap contributors","effective_date":"2026-09-07T10:02:26Z","licence":"ODbL-1.0"},"geometry":{"type":"LineString","coordinates":[[-2.8395353,51.3325062],[-2.8395747,51.3326989],[-2.8396307,51.333164]]}},{"type":"Feature","properties":{"abandoned:railway":"rail","electrified":"no","gauge":"1435","name":"Caerwent Branch","railway":"abandoned","ref":"CWT","source":"OS OpenMan Local April 2022","source_id":"osm-way-1081740023","dataset":"OpenStreetMap former/disused railway extract","publisher":"OpenStreetMap contributors","effective_date":"2026-09-07T10:02:26Z","licence":"ODbL-1.0"},"geometry":{"type":"LineString","coordinates":[[-2.7406834,51.6008945],[-2.7406496,51.6011393],[-2.740613,51.6014043],[-2.7405878,51.6017678],[-2.7406217,51.6021231],[-2.7406951,51.6025237],[-2.7408242,51.6030298],[-2.741543,51.6042404]]}},{"type":"Feature","properties":{"disused:railway":"rail","electrified":"no","gauge":"1435","maxspeed":"25 mph","name":"Radstock Frome","railway":"abandoned","ref":"FNS2","source":"OS_OpenData_Streetview;survey","usage":"branch","source_id":"osm-way-1082406219","dataset":"OpenStreetMap former/disused railway extract","publisher":"OpenStreetMap contributors","effective_date":"2026-09-07T10:02:26Z","licence":"ODbL-1.0"},"geometry":{"type":"LineString","coordinates":[[-2.4345798,51.2728613],[-2.434656,51.2730297],[-2.4347578,51.2733341],[-2.4348076,51.2736151],[-2.4348347,51.2739376],[-2.4348425,51.2741787],[-2.4348396,51.2744097],[-2.4348712,51.2752472],[-2.4349039,51.2754415],[-2.4349926,51.2759006],[-2.4350608,51.2761796],[-2.4351678,51.2764835]]}},{"type":"Feature","properties":{"bridge":"yes","disused:railway":"rail","electrified":"no","gauge":"1435","layer":"1","maxspeed":"25 mph","name":"Radstock Frome","railway":"abandoned","ref":"FNS2","source":"OS_OpenData_Streetview;survey","usage":"branch","source_id":"osm-way-1082406220","dataset":"OpenStreetMap former/disused railway extract","publisher":"OpenStreetMap contributors","effective_date":"2026-09-07T10:02:26Z","licence":"ODbL-1.0"},"geometry":{"type":"LineString","coordinates":[[-2.4351678,51.2764835],[-2.4351919,51.2765501]]}},{"type":"Feature","properties":{"abandoned:railway":"rail","name":"Frome and North Somerset Line","railway":"abandoned","ref":"FNS2","usage":"branch","source_id":"osm-way-1082406246","dataset":"OpenStreetMap former/disused railway extract","publisher":"OpenStreetMap contributors","effective_date":"2026-09-07T10:02:26Z","licence":"ODbL-1.0"},"geometry":{"type":"LineString","coordinates":[[-2.4411296,51.2878009],[-2.4421566,51.288427],[-2.4433428,51.2892594],[-2.4439123,51.2897032],[-2.4448145,51.2904108]]}},{"type":"Feature","properties":{"disused:railway":"rail","electrified":"no","gauge":"1435","maxspeed":"25 mph","name":"Ludlows Colliery Lines","railway":"disused","usage":"branch","source_id":"osm-way-1082406247","dataset":"OpenStreetMap former/disused railway extract","publisher":"OpenStreetMap contributors","effective_date":"2026-09-07T10:02:26Z","licence":"ODbL-1.0"},"geometry":{"type":"LineString","coordinates":[[-2.4442574,51.2914116],[-2.4444447,51.2912029],[-2.4444844,51.2910802],[-2.4444867,51.2909575],[-2.4444774,51.2908831],[-2.4444027,51.2905866]]}},{"type":"Feature","properties":{"disused:railway":"rail","electrified":"no","gauge":"1435","maxspeed":"25 mph","railway":"disused","usage":"branch","source_id":"osm-way-1082411021","dataset":"OpenStreetMap former/disused railway extract","publisher":"OpenStreetMap contributors","effective_date":"2026-09-07T10:02:26Z","licence":"ODbL-1.0"},"geometry":{"type":"LineString","coordinates":[[-2.444363,51.2905896],[-2.444391,51.2907093],[-2.444391,51.2908115],[-2.4443723,51.2908743]]}},{"type":"Feature","properties":{"abandoned:railway":"rail","name":"Ludlows Colliery Lines","railway":"abandoned","usage":"branch","source_id":"osm-way-1082411022","dataset":"OpenStreetMap former/disused railway extract","publisher":"OpenStreetMap contributors","effective_date":"2026-09-07T10:02:26Z","licence":"ODbL-1.0"},"geometry":{"type":"LineString","coordinates":[[-2.4444027,51.2905866],[-2.4442229,51.2901924],[-2.4441061,51.2899602],[-2.4439123,51.2897032]]}},{"type":"Feature","properties":{"name":"Frome and North Somerset Line","railway":"razed","razed:railway":"rail","ref":"FNS2","source_id":"osm-way-1082411023","dataset":"OpenStreetMap former/disused railway extract","publisher":"OpenStreetMap contributors","effective_date":"2026-09-07T10:02:26Z","licence":"ODbL-1.0"},"geometry":{"type":"LineString","coordinates":[[-2.4448145,51.2904108],[-2.4452176,51.2907064],[-2.4461146,51.2914934],[-2.4463692,51.2917167],[-2.4468082,51.2921022],[-2.4472752,51.2924088],[-2.4477515,51.2926133],[-2.4481952,51.2927476],[-2.448424,51.2927943]]}},{"type":"Feature","properties":{"name":"Ludlows Colliery Lines","railway":"razed","razed:railway":"rail","source_id":"osm-way-1082411024","dataset":"OpenStreetMap former/disused railway extract","publisher":"OpenStreetMap contributors","effective_date":"2026-09-07T10:02:26Z","licence":"ODbL-1.0"},"geometry":{"type":"LineString","coordinates":[[-2.4441646,51.2915769],[-2.4440295,51.2917372],[-2.443796,51.2919357],[-2.4435439,51.2921051],[-2.4424417,51.292806],[-2.4420401,51.293025],[-2.4415082,51.2932598]]}},{"type":"Feature","properties":{"abandoned:railway":"rail","name":"Frome and North Somerset Line","railway":"abandoned","ref":"FNS2","source_id":"osm-way-1082549365","dataset":"OpenStreetMap former/disused railway extract","publisher":"OpenStreetMap contributors","effective_date":"2026-09-07T10:02:26Z","licence":"ODbL-1.0"},"geometry":{"type":"LineString","coordinates":[[-2.448424,51.2927943],[-2.4487836,51.2928586],[-2.4491152,51.2928907],[-2.4496297,51.2929211],[-2.4498526,51.292909],[-2.4516924,51.292616],[-2.4537605,51.2922928],[-2.4551623,51.292098],[-2.4565024,51.2919281],[-2.4569552,51.2918873],[-2.4578064,51.2918488],[-2.4585997,51.2918148],[-2.4593096,51.291842],[-2.4604288,51.2919304],[-2.4611464,51.2920098],[-2.4662673,51.2929326],[-2.4672259,51.2930864],[-2.468052,51.2931969],[-2.4687836,51.29326],[-2.4696539,51.2933033],[-2.4703791,51.2932954],[-2.4716783,51.2932363],[-2.4726558,51.2931416],[-2.4738288,51.2929484],[-2.4774046,51.2921833]]}},{"type":"Feature","properties":{"abandoned:railway":"rail","name":"Somerset and Dorset Line","railway":"abandoned","ref":"SAD","source_id":"osm-way-1082549366","dataset":"OpenStreetMap former/disused railway extract","publisher":"OpenStreetMap contributors","effective_date":"2026-09-07T10:02:26Z","licence":"ODbL-1.0"},"geometry":{"type":"LineString","coordinates":[[-2.4583773,51.2919471],[-2.4578067,51.292037],[-2.4568866,51.2921357],[-2.4557515,51.2922328],[-2.4548888,51.292309],[-2.4543679,51.2923912],[-2.4530463,51.292569],[-2.4515576,51.2928306],[-2.4510677,51.2929486],[-2.4507594,51.2930114],[-2.4504535,51.2930607],[-2.4500592,51.2930891],[-2.4496263,51.2931178],[-2.4488957,51.2931126],[-2.4483446,51.2930834],[-2.4478787,51.2930328]]}},{"type":"Feature","properties":{"abandoned:railway":"rail","bridge":"yes","layer":"1","name":"Somerset and Dorset Line","railway":"abandoned","ref":"SAD","source_id":"osm-way-1082550504","dataset":"OpenStreetMap former/disused railway extract","publisher":"OpenStreetMap contributors","effective_date":"2026-09-07T10:02:26Z","licence":"ODbL-1.0"},"geometry":{"type":"LineString","coordinates":[[-2.4595396,51.2916831],[-2.4583773,51.2919471]]}},{"type":"Feature","properties":{"abandoned:railway":"rail","name":"Somerset and Dorset Line","railway":"abandoned","ref":"SAD","source_id":"osm-way-1082550505","dataset":"OpenStreetMap former/disused railway extract","publisher":"OpenStreetMap contributors","effective_date":"2026-09-07T10:02:26Z","licence":"ODbL-1.0"},"geometry":{"type":"LineString","coordinates":[[-2.439956,51.2935744],[-2.4391739,51.2936495],[-2.4383833,51.2937422],[-2.4379057,51.2938332],[-2.4372304,51.2940134],[-2.4364178,51.2943104],[-2.4357014,51.2946211],[-2.4345539,51.2951085],[-2.4336947,51.2954192],[-2.4328273,51.2956647],[-2.4320861,51.2958192],[-2.4313422,51.2959307],[-2.4300356,51.2960423],[-2.429536,51.2961196],[-2.4288497,51.2962449],[-2.4270709,51.2966723],[-2.4255748,51.2970722],[-2.425089,51.2971941],[-2.4243835,51.2972936],[-2.4238451,51.2973613],[-2.4235469,51.2973904],[-2.4229169,51.2974338],[-2.4222628,51.29748],[-2.4217831,51.2975372],[-2.4211956,51.2976338],[-2.4207647,51.2977215],[-2.4201386,51.2978728],[-2.4194434,51.2980558],[-2.4191703,51.2981568]]}},{"type":"Feature","properties":{"name":"Somerset and Dorset Line","railway":"razed","razed:railway":"rail","ref":"SAD","source_id":"osm-way-1082552618","dataset":"OpenStreetMap former/disused railway extract","publisher":"OpenStreetMap contributors","effective_date":"2026-09-07T10:02:26Z","licence":"ODbL-1.0"},"geometry":{"type":"LineString","coordinates":[[-2.4023036,51.3039648],[-2.4023769,51.3038999]]}},{"type":"Feature","properties":{"name":"Somerset and Dorset Line","railway":"razed","razed:railway":"rail","ref":"SAD","source":"NPE","source_id":"osm-way-1082552621","dataset":"OpenStreetMap former/disused railway extract","publisher":"OpenStreetMap contributors","effective_date":"2026-09-07T10:02:26Z","licence":"ODbL-1.0"},"geometry":{"type":"LineString","coordinates":[[-2.378828,51.3194737],[-2.3794932,51.31883],[-2.38033,51.3182935],[-2.3810167,51.3179583],[-2.3819393,51.3175828]]}},{"type":"Feature","properties":{"abandoned:railway":"rail","name":"Somerset and Dorset Line","railway":"abandoned","ref":"SAD","source":"NPE","source_id":"osm-way-1082552622","dataset":"OpenStreetMap former/disused railway extract","publisher":"OpenStreetMap contributors","effective_date":"2026-09-07T10:02:26Z","licence":"ODbL-1.0"},"geometry":{"type":"LineString","coordinates":[[-2.3777772,51.3203238],[-2.378828,51.3194737]]}},{"type":"Feature","properties":{"railway":"razed","razed:railway":"rail","ref":"CMZ","source_id":"osm-way-1082553021","dataset":"OpenStreetMap former/disused railway extract","publisher":"OpenStreetMap contributors","effective_date":"2026-09-07T10:02:26Z","licence":"ODbL-1.0"},"geometry":{"type":"LineString","coordinates":[[-2.3431429,51.3450581],[-2.3432625,51.3449239]]}},{"type":"Feature","properties":{"name":"Hallatrow & Camerton","railway":"razed","razed:railway":"rail","ref":"CMZ","source":"NPE","source_id":"osm-way-1082554045","dataset":"OpenStreetMap former/disused railway extract","publisher":"OpenStreetMap contributors","effective_date":"2026-09-07T10:02:26Z","licence":"ODbL-1.0"},"geometry":{"type":"LineString","coordinates":[[-2.4702026,51.3186183],[-2.4693041,51.3185194],[-2.4688749,51.3185127],[-2.4684887,51.318506],[-2.4682038,51.3185139],[-2.4678314,51.3185604],[-2.4674211,51.3186417]]}},{"type":"Feature","properties":{"name":"Hallatrow & Camerton Branch","railway":"razed","razed:railway":"rail","ref":"CMZ","source":"NPE","source_id":"osm-way-1082554865","dataset":"OpenStreetMap former/disused railway extract","publisher":"OpenStreetMap contributors","effective_date":"2026-09-07T10:02:26Z","licence":"ODbL-1.0"},"geometry":{"type":"LineString","coordinates":[[-2.5214569,51.3157768],[-2.520899,51.3156293],[-2.5203304,51.3154348],[-2.5196008,51.3151532],[-2.5186599,51.3146324],[-2.5179608,51.3142077],[-2.5175302,51.3139126]]}},{"type":"Feature","properties":{"name":"Hallatrow & Camerton","railway":"razed","razed:railway":"rail","ref":"CMZ","source_id":"osm-way-1082556404","dataset":"OpenStreetMap former/disused railway extract","publisher":"OpenStreetMap contributors","effective_date":"2026-09-07T10:02:26Z","licence":"ODbL-1.0"},"geometry":{"type":"LineString","coordinates":[[-2.4593611,51.3192302],[-2.4584097,51.3190784],[-2.4580529,51.3190348],[-2.4574334,51.3189795],[-2.4553605,51.3189949]]}},{"type":"Feature","properties":{"abandoned:railway":"rail","name":"Camerton & Limpley Stoke Railway","railway":"abandoned","ref":"CMZ","source":"NPE","source_id":"osm-way-1082556577","dataset":"OpenStreetMap former/disused railway extract","publisher":"OpenStreetMap contributors","effective_date":"2026-09-07T10:02:26Z","licence":"ODbL-1.0"},"geometry":{"type":"LineString","coordinates":[[-2.4553605,51.3189949],[-2.4548704,51.3190511],[-2.4543048,51.3191504],[-2.4538732,51.3192275]]}},{"type":"Feature","properties":{"abandoned:railway":"rail","bridge":"yes","layer":"1","name":"Camerton & Limpley Stoke Railway","railway":"abandoned","ref":"CMZ","source":"NPE","source_id":"osm-way-1082556578","dataset":"OpenStreetMap former/disused railway extract","publisher":"OpenStreetMap contributors","effective_date":"2026-09-07T10:02:26Z","licence":"ODbL-1.0"},"geometry":{"type":"LineString","coordinates":[[-2.4538732,51.3192275],[-2.4537019,51.3192573]]}},{"type":"Feature","properties":{"name":"Camerton & Limpley Stoke Railway","railway":"razed","razed:railway":"rail","ref":"CMZ","source_id":"osm-way-1082556579","dataset":"OpenStreetMap former/disused railway extract","publisher":"OpenStreetMap contributors","effective_date":"2026-09-07T10:02:26Z","licence":"ODbL-1.0"},"geometry":{"type":"LineString","coordinates":[[-2.4511202,51.3203559],[-2.452267,51.3197721]]}},{"type":"Feature","properties":{"name":"Somerset Coal Canal Tramway","railway":"razed","razed:railway":"rail","source_id":"osm-way-1082558600","dataset":"OpenStreetMap former/disused railway extract","publisher":"OpenStreetMap contributors","effective_date":"2026-09-07T10:02:26Z","licence":"ODbL-1.0"},"geometry":{"type":"LineString","coordinates":[[-2.3447003,51.3425823],[-2.3442774,51.3425174],[-2.3439922,51.3424349]]}},{"type":"Feature","properties":{"name":"Somerset Coal Canal Tramway","railway":"razed","razed:railway":"rail","source_id":"osm-way-1082558601","dataset":"OpenStreetMap former/disused railway extract","publisher":"OpenStreetMap contributors","effective_date":"2026-09-07T10:02:26Z","licence":"ODbL-1.0"},"geometry":{"type":"LineString","coordinates":[[-2.3472578,51.3426949],[-2.3460629,51.3426628]]}},{"type":"Feature","properties":{"alt_name":"Frome and North Somerset Line","name":"Bristol and North Somerset Railway","railway":"razed","razed:railway":"rail","ref":"FNS2","source_id":"osm-way-1082558967","dataset":"OpenStreetMap former/disused railway extract","publisher":"OpenStreetMap contributors","effective_date":"2026-09-07T10:02:26Z","licence":"ODbL-1.0"},"geometry":{"type":"LineString","coordinates":[[-2.5407196,51.3551238],[-2.5399562,51.3544351]]}},{"type":"Feature","properties":{"name":"Bristol Harbour Branch","railway":"razed","razed:railway":"rail","ref":"BHB","source_id":"osm-way-1082570748","dataset":"OpenStreetMap former/disused railway extract","publisher":"OpenStreetMap contributors","effective_date":"2026-09-07T10:02:26Z","licence":"ODbL-1.0"},"geometry":{"type":"LineString","coordinates":[[-2.5945897,51.4476584],[-2.5958144,51.4476785],[-2.5966738,51.447677],[-2.5969035,51.4476459],[-2.5972124,51.4475796],[-2.5978383,51.4474339],[-2.5990459,51.447214]]}},{"type":"Feature","properties":{"abandoned:railway":"rail","railway":"abandoned","service":"siding","source_id":"osm-way-1082570751","dataset":"OpenStreetMap former/disused railway extract","publisher":"OpenStreetMap contributors","effective_date":"2026-09-07T10:02:26Z","licence":"ODbL-1.0"},"geometry":{"type":"LineString","coordinates":[[-2.5966704,51.4482806],[-2.5965935,51.4482834],[-2.5946421,51.4482315]]}},{"type":"Feature","properties":{"abandoned:railway":"rail","railway":"abandoned","source_id":"osm-way-1082570752","dataset":"OpenStreetMap former/disused railway extract","publisher":"OpenStreetMap contributors","effective_date":"2026-09-07T10:02:26Z","licence":"ODbL-1.0"},"geometry":{"type":"LineString","coordinates":[[-2.5966751,51.448327],[-2.5965793,51.4483341],[-2.5945445,51.4482834]]}},{"type":"Feature","properties":{"abandoned:railway":"rail","name":"Bristol Harbour Branch","railway":"abandoned","ref":"BHB","source_id":"osm-way-1082570753","dataset":"OpenStreetMap former/disused railway extract","publisher":"OpenStreetMap contributors","effective_date":"2026-09-07T10:02:26Z","licence":"ODbL-1.0"},"geometry":{"type":"LineString","coordinates":[[-2.5889829,51.4478645],[-2.5888976,51.4478882]]}},{"type":"Feature","properties":{"name":"Bristol Wapping Wharf Branch","railway":"razed","razed:railway":"rail","ref":"BWW","source_id":"osm-way-1082570757","dataset":"OpenStreetMap former/disused railway extract","publisher":"OpenStreetMap contributors","effective_date":"2026-09-07T10:02:26Z","licence":"ODbL-1.0"},"geometry":{"type":"LineString","coordinates":[[-2.6186711,51.4461856],[-2.6188162,51.4462546],[-2.6190499,51.446394],[-2.6191963,51.4464776],[-2.6193711,51.4465561],[-2.6196211,51.4466309],[-2.619924,51.4466841],[-2.6200907,51.4466993],[-2.6202106,51.4467044],[-2.6204037,51.4467031],[-2.6208783,51.4466457],[-2.6210649,51.4466019],[-2.621288,51.4465422],[-2.6214811,51.4464434],[-2.6215522,51.4464003],[-2.6222149,51.4458023],[-2.622471,51.4455743],[-2.623339,51.4447432],[-2.6235646,51.4444543],[-2.6238573,51.4440578],[-2.6244692,51.4431988],[-2.6250363,51.4424208],[-2.625142,51.4422498],[-2.6252193,51.4420356],[-2.6252477,51.4417797],[-2.6252477,51.4415694],[-2.6252213,51.4413223]]}},{"type":"Feature","properties":{"railway":"razed","razed:railway":"rail","service":"siding","source_id":"osm-way-1082570758","dataset":"OpenStreetMap former/disused railway extract","publisher":"OpenStreetMap contributors","effective_date":"2026-09-07T10:02:26Z","licence":"ODbL-1.0"},"geometry":{"type":"LineString","coordinates":[[-2.6214302,51.4466283],[-2.6205033,51.4467284],[-2.6202777,51.4467335],[-2.6201415,51.4467234],[-2.6199321,51.4467056],[-2.6196211,51.4466309]]}},{"type":"Feature","properties":{"abandoned:railway":"rail","name":"Canons Marsh Branch","railway":"abandoned","ref":"CMH","source_id":"osm-way-1082570759","dataset":"OpenStreetMap former/disused railway extract","publisher":"OpenStreetMap contributors","effective_date":"2026-09-07T10:02:26Z","licence":"ODbL-1.0"},"geometry":{"type":"LineString","coordinates":[[-2.6190621,51.4469375],[-2.6208783,51.4466457]]}},{"type":"Feature","properties":{"abandoned:railway":"rail","name":"Avonside Branch","railway":"abandoned","ref":"BAW","source_id":"osm-way-1082575187","dataset":"OpenStreetMap former/disused railway extract","publisher":"OpenStreetMap contributors","effective_date":"2026-09-07T10:02:26Z","licence":"ODbL-1.0"},"geometry":{"type":"LineString","coordinates":[[-2.5775219,51.4527555],[-2.5767789,51.4532202],[-2.5757355,51.4537801],[-2.5751696,51.454086],[-2.5742893,51.4545388]]}},{"type":"Feature","properties":{"abandoned:railway":"rail","name":"Bristol St Philips Branch","railway":"abandoned","ref":"BPS","source_id":"osm-way-1082575188","dataset":"OpenStreetMap former/disused railway extract","publisher":"OpenStreetMap contributors","effective_date":"2026-09-07T10:02:26Z","licence":"ODbL-1.0"},"geometry":{"type":"LineString","coordinates":[[-2.5746807,51.4558271],[-2.5724866,51.4561781],[-2.5709506,51.4565779],[-2.570895,51.4565865],[-2.5703677,51.4567296],[-2.5698073,51.4569037]]}},{"type":"Feature","properties":{"name":"Bristol St Philips Branch","railway":"razed","razed:railway":"rail","ref":"BPS","source_id":"osm-way-1082575189","dataset":"OpenStreetMap former/disused railway extract","publisher":"OpenStreetMap contributors","effective_date":"2026-09-07T10:02:26Z","licence":"ODbL-1.0"},"geometry":{"type":"LineString","coordinates":[[-2.5778571,51.4554849],[-2.5770893,51.4556566],[-2.5764402,51.4557903],[-2.5759089,51.455809],[-2.5746807,51.4558271]]}},{"type":"Feature","properties":{"name":"Bristol and Gloucester Line","railway":"razed","razed:railway":"rail","ref":"BGL2","source_id":"osm-way-1082575190","dataset":"OpenStreetMap former/disused railway extract","publisher":"OpenStreetMap contributors","effective_date":"2026-09-07T10:02:26Z","licence":"ODbL-1.0"},"geometry":{"type":"LineString","coordinates":[[-2.567714,51.4580611],[-2.5687852,51.4571574],[-2.5691821,51.4566126],[-2.5694933,51.4561379],[-2.5702282,51.4544866],[-2.5702723,51.4543942],[-2.5705232,51.4538682],[-2.5707378,51.4535273],[-2.5710811,51.4532197],[-2.5717681,51.4527317]]}},{"type":"Feature","properties":{"abandoned:railway":"rail","name":"Bristol and Gloucester Line","railway":"abandoned","ref":"BGL2","source_id":"osm-way-1082576074","dataset":"OpenStreetMap former/disused railway extract","publisher":"OpenStreetMap contributors","effective_date":"2026-09-07T10:02:26Z","licence":"ODbL-1.0"},"geometry":{"type":"LineString","coordinates":[[-2.5478165,51.4699034],[-2.5456814,51.4707321],[-2.5449841,51.4710094],[-2.5441284,51.4714087],[-2.5433962,51.4717563],[-2.5426693,51.4721338],[-2.5419317,51.4726133],[-2.5413711,51.4729876],[-2.5402017,51.4737494],[-2.5386326,51.4749205],[-2.5381176,51.4752898],[-2.5374712,51.4757024],[-2.5366719,51.47611],[-2.5363286,51.4762721],[-2.5359718,51.4764324],[-2.53543,51.4766413],[-2.5347246,51.4768802],[-2.5340272,51.4771007],[-2.5334586,51.4772209],[-2.5329892,51.4773195],[-2.5325654,51.4773847],[-2.5321873,51.4774181],[-2.5307684,51.4775283],[-2.5292786,51.4776923],[-2.5284778,51.4778023],[-2.5271957,51.4779493],[-2.5233206,51.478367],[-2.5220562,51.4784986],[-2.5167548,51.4790304],[-2.5151449,51.4791747],[-2.5139781,51.4792329],[-2.5136366,51.4792354],[-2.5136077,51.4792347],[-2.5112276,51.4791731]]}},{"type":"Feature","properties":{"abandoned:railway":"rail","railway":"abandoned","service":"yard","source_id":"osm-way-1082583933","dataset":"OpenStreetMap former/disused railway extract","publisher":"OpenStreetMap contributors","effective_date":"2026-09-07T10:02:26Z","licence":"ODbL-1.0"},"geometry":{"type":"LineString","coordinates":[[-2.6298383,51.4278856],[-2.6274258,51.428145],[-2.6258453,51.4283543],[-2.6240358,51.4286342]]}},{"type":"Feature","properties":{"name":"Weston, Clevedon and Portishead Railway","railway":"razed","razed:railway":"rail","ref":"WCA","source":"GPX + NPE","source_id":"osm-way-1082677206","dataset":"OpenStreetMap former/disused railway extract","publisher":"OpenStreetMap contributors","effective_date":"2026-09-07T10:02:26Z","licence":"ODbL-1.0"},"geometry":{"type":"LineString","coordinates":[[-2.8972244,51.3831142],[-2.897279,51.3830601],[-2.8977543,51.3826754],[-2.8987499,51.3818076],[-2.9000039,51.3806288],[-2.9004541,51.3802293],[-2.901136,51.3796487],[-2.9025866,51.3782666],[-2.9033247,51.3775915],[-2.9041315,51.3768576],[-2.9042727,51.3767261]]}},{"type":"Feature","properties":{"abandoned:railway":"rail","name":"Weston, Clevedon and Portishead Railway","railway":"abandoned","ref":"WCA","source":"GPX + NPE","source_id":"osm-way-1082677208","dataset":"OpenStreetMap former/disused railway extract","publisher":"OpenStreetMap contributors","effective_date":"2026-09-07T10:02:26Z","licence":"ODbL-1.0"},"geometry":{"type":"LineString","coordinates":[[-2.8925869,51.3873858],[-2.8929306,51.3870732],[-2.8931346,51.3868939],[-2.8934641,51.3866043],[-2.8941494,51.3860019],[-2.8950592,51.3852038],[-2.8958231,51.3845021],[-2.8971473,51.3831906],[-2.8972244,51.3831142]]}},{"type":"Feature","properties":{"abandoned:railway":"rail","name":"Bristol and Gloucester Line","railway":"abandoned","ref":"BGL2","wikidata":"Q16985307","wikipedia":"en:Bristol and Gloucestershire Railway","source_id":"osm-way-1082834259","dataset":"OpenStreetMap former/disused railway extract","publisher":"OpenStreetMap contributors","effective_date":"2026-09-07T10:02:26Z","licence":"ODbL-1.0"},"geometry":{"type":"LineString","coordinates":[[-2.4585324,51.4933088],[-2.4570701,51.4941646]]}},{"type":"Feature","properties":{"abandoned:railway":"rail","bridge":"yes","layer":"1","name":"Bristol and Gloucester Line","railway":"abandoned","ref":"BGL2","wikidata":"Q16985307","wikipedia":"en:Bristol and Gloucestershire Railway","source_id":"osm-way-1082834260","dataset":"OpenStreetMap former/disused railway extract","publisher":"OpenStreetMap contributors","effective_date":"2026-09-07T10:02:26Z","licence":"ODbL-1.0"},"geometry":{"type":"LineString","coordinates":[[-2.4570701,51.4941646],[-2.4568104,51.4943277]]}},{"type":"Feature","properties":{"abandoned:railway":"rail","bridge":"yes","layer":"1","name":"East Usk Branch","railway":"abandoned","ref":"EUB","source_id":"osm-way-1085882009","dataset":"OpenStreetMap former/disused railway extract","publisher":"OpenStreetMap contributors","effective_date":"2026-09-07T10:02:26Z","licence":"ODbL-1.0"},"geometry":{"type":"LineString","coordinates":[[-2.9658949,51.5639568],[-2.9657253,51.5638782]]}},{"type":"Feature","properties":{"disused:railway":"rail","gauge":"1435","railway":"disused","service":"spur","usage":"industrial","source_id":"osm-way-1085882010","dataset":"OpenStreetMap former/disused railway extract","publisher":"OpenStreetMap contributors","effective_date":"2026-09-07T10:02:26Z","licence":"ODbL-1.0"},"geometry":{"type":"LineString","coordinates":[[-2.9768025,51.5463796],[-2.9765526,51.5464476],[-2.9763513,51.5465018],[-2.976073,51.5465561]]}},{"type":"Feature","properties":{"abandoned:railway":"rail","railway":"abandoned","service":"siding","source_id":"osm-way-1085976432","dataset":"OpenStreetMap former/disused railway extract","publisher":"OpenStreetMap contributors","effective_date":"2026-09-07T10:02:26Z","licence":"ODbL-1.0"},"geometry":{"type":"LineString","coordinates":[[-2.6700628,51.5443674],[-2.6696928,51.5440514],[-2.6694245,51.543863],[-2.6684348,51.5431686],[-2.6678248,51.5427315]]}},{"type":"Feature","properties":{"abandoned:railway":"rail","railway":"abandoned","service":"siding","source_id":"osm-way-1085976433","dataset":"OpenStreetMap former/disused railway extract","publisher":"OpenStreetMap contributors","effective_date":"2026-09-07T10:02:26Z","licence":"ODbL-1.0"},"geometry":{"type":"LineString","coordinates":[[-2.668085,51.5433927],[-2.668787,51.5435834],[-2.6688574,51.5436026],[-2.669018,51.5436569],[-2.6692172,51.543753],[-2.6694245,51.543863]]}},{"type":"Feature","properties":{"abandoned:railway":"rail","railway":"abandoned","service":"siding","source_id":"osm-way-1085976434","dataset":"OpenStreetMap former/disused railway extract","publisher":"OpenStreetMap contributors","effective_date":"2026-09-07T10:02:26Z","licence":"ODbL-1.0"},"geometry":{"type":"LineString","coordinates":[[-2.6679732,51.5434509],[-2.6683838,51.5435191],[-2.6685708,51.5435432],[-2.668787,51.5435834]]}},{"type":"Feature","properties":{"abandoned:railway":"rail","railway":"abandoned","service":"siding","source_id":"osm-way-1085976435","dataset":"OpenStreetMap former/disused railway extract","publisher":"OpenStreetMap contributors","effective_date":"2026-09-07T10:02:26Z","licence":"ODbL-1.0"},"geometry":{"type":"LineString","coordinates":[[-2.6680646,51.543509],[-2.6683838,51.5435191]]}},{"type":"Feature","properties":{"name":"Portishead Branch Line","railway":"razed","razed:railway":"rail","ref":"POD","source_id":"osm-way-1085984497","dataset":"OpenStreetMap former/disused railway extract","publisher":"OpenStreetMap contributors","effective_date":"2026-09-07T10:02:26Z","licence":"ODbL-1.0"},"geometry":{"type":"LineString","coordinates":[[-2.7571921,51.4836585],[-2.7567967,51.4835749]]}},{"type":"Feature","properties":{"abandoned:railway":"rail","name":"Western Valleys Line","railway":"abandoned","ref":"WVL","source_id":"osm-way-1098049999","dataset":"OpenStreetMap former/disused railway extract","publisher":"OpenStreetMap contributors","effective_date":"2026-09-07T10:02:26Z","licence":"ODbL-1.0"},"geometry":{"type":"LineString","coordinates":[[-3.0168976,51.5713919],[-3.0152668,51.5717119],[-3.0141939,51.5719253],[-3.0133167,51.5720873]]}},{"type":"Feature","properties":{"abandoned:railway":"rail","name":"Park Mile to Alexandra Docks","railway":"abandoned","source_id":"osm-way-1098050000","dataset":"OpenStreetMap former/disused railway extract","publisher":"OpenStreetMap contributors","effective_date":"2026-09-07T10:02:26Z","licence":"ODbL-1.0"},"geometry":{"type":"LineString","coordinates":[[-3.0187996,51.5706833],[-3.0192701,51.5706024],[-3.0201884,51.5705064],[-3.0213591,51.5704289],[-3.0220045,51.5703543]]}},{"type":"Feature","properties":{"abandoned:railway":"rail","name":"Frome and North Somerset Line","railway":"abandoned","ref":"FNS2","source_id":"osm-way-1098821631","dataset":"OpenStreetMap former/disused railway extract","publisher":"OpenStreetMap contributors","effective_date":"2026-09-07T10:02:26Z","licence":"ODbL-1.0"},"geometry":{"type":"LineString","coordinates":[[-2.5553505,51.4160742],[-2.5552833,51.416424],[-2.5552444,51.4168931],[-2.555193,51.4173919],[-2.5551614,51.4179613],[-2.5551319,51.4182842],[-2.5551346,51.418709],[-2.5551668,51.4189784],[-2.5552419,51.4195119],[-2.5553706,51.4200689],[-2.5555986,51.4207647],[-2.5556576,51.4209521],[-2.5559178,51.4214672],[-2.5562209,51.4220209],[-2.5568151,51.4227821],[-2.5569183,51.4229231]]}},{"type":"Feature","properties":{"abandoned:railway":"rail","bridge":"yes","bridge:ref":"209","layer":"1","name":"Mangotsfield and Bath Branch Line","railway":"abandoned","ref":"MBL","wikidata":"Q12061467","wikipedia":"en:Mangotsfield and Bath branch line","source_id":"osm-way-1098830160","dataset":"OpenStreetMap former/disused railway extract","publisher":"OpenStreetMap contributors","effective_date":"2026-09-07T10:02:26Z","licence":"ODbL-1.0"},"geometry":{"type":"LineString","coordinates":[[-2.4273301,51.3916536],[-2.4265864,51.3915258]]}},{"type":"Feature","properties":{"abandoned:railway":"rail","name":"Mangotsfield and Bath Branch Line","railway":"abandoned","ref":"MBL","wikidata":"Q12061467","wikipedia":"en:Mangotsfield and Bath branch line","source_id":"osm-way-1098830162","dataset":"OpenStreetMap former/disused railway extract","publisher":"OpenStreetMap contributors","effective_date":"2026-09-07T10:02:26Z","licence":"ODbL-1.0"},"geometry":{"type":"LineString","coordinates":[[-2.4062287,51.3879245],[-2.4072124,51.3881983],[-2.4075457,51.3882757],[-2.4086556,51.3885154],[-2.409302,51.388622],[-2.4115868,51.3889949],[-2.4145195,51.3894948],[-2.4159861,51.3897486],[-2.4185711,51.3901716],[-2.4217261,51.3906907],[-2.4245144,51.3911367],[-2.4261324,51.3914142],[-2.4266095,51.3914728]]}},{"type":"Feature","properties":{"abandoned:railway":"rail","bridge":"yes","bridge:ref":"209","layer":"1","name":"Mangotsfield and Bath Branch Line","railway":"abandoned","ref":"MBL","wikidata":"Q12061467","wikipedia":"en:Mangotsfield and Bath branch line","source_id":"osm-way-1098830163","dataset":"OpenStreetMap former/disused railway extract","publisher":"OpenStreetMap contributors","effective_date":"2026-09-07T10:02:26Z","licence":"ODbL-1.0"},"geometry":{"type":"LineString","coordinates":[[-2.4266095,51.3914728],[-2.4273559,51.3915943]]}},{"type":"Feature","properties":{"abandoned:railway":"rail","name":"Mangotsfield and Bath Branch Line","railway":"abandoned","ref":"MBL","wikidata":"Q12061467","wikipedia":"en:Mangotsfield and Bath branch line","source_id":"osm-way-1098830165","dataset":"OpenStreetMap former/disused railway extract","publisher":"OpenStreetMap contributors","effective_date":"2026-09-07T10:02:26Z","licence":"ODbL-1.0"},"geometry":{"type":"LineString","coordinates":[[-2.4005127,51.3856832],[-2.4008906,51.3858502],[-2.4020147,51.3863729],[-2.4027769,51.3867294],[-2.4035555,51.3870351],[-2.4042568,51.3873053],[-2.4048463,51.3874867],[-2.4052223,51.3876123]]}},{"type":"Feature","properties":{"abandoned:railway":"rail","bridge":"yes","bridge:ref":"207","layer":"1","name":"Mangotsfield and Bath Branch Line","railway":"abandoned","ref":"MBL","wikidata":"Q12061467","wikipedia":"en:Mangotsfield and Bath branch line","source_id":"osm-way-1098830166","dataset":"OpenStreetMap former/disused railway extract","publisher":"OpenStreetMap contributors","effective_date":"2026-09-07T10:02:26Z","licence":"ODbL-1.0"},"geometry":{"type":"LineString","coordinates":[[-2.4052223,51.3876123],[-2.4062287,51.3879245]]}},{"type":"Feature","properties":{"abandoned:railway":"rail","bridge":"yes","bridge:ref":"207","layer":"1","name":"Mangotsfield and Bath Branch Line","railway":"abandoned","ref":"MBL","wikidata":"Q12061467","wikipedia":"en:Mangotsfield and Bath branch line","source_id":"osm-way-1098830167","dataset":"OpenStreetMap former/disused railway extract","publisher":"OpenStreetMap contributors","effective_date":"2026-09-07T10:02:26Z","licence":"ODbL-1.0"},"geometry":{"type":"LineString","coordinates":[[-2.4061944,51.3879693],[-2.4051839,51.3876616]]}},{"type":"Feature","properties":{"abandoned:railway":"rail","name":"Mangotsfield and Bath Branch Line","railway":"abandoned","ref":"MBL","wikidata":"Q12061467","wikipedia":"en:Mangotsfield and Bath branch line","source_id":"osm-way-1098830168","dataset":"OpenStreetMap former/disused railway extract","publisher":"OpenStreetMap contributors","effective_date":"2026-09-07T10:02:26Z","licence":"ODbL-1.0"},"geometry":{"type":"LineString","coordinates":[[-2.3977298,51.3846604],[-2.3991703,51.385153],[-2.3998167,51.3853971]]}},{"type":"Feature","properties":{"name":"Mangotsfield and Bath Branch Line","railway":"razed","razed:railway":"rail","ref":"MBL","wikidata":"Q12061467","wikipedia":"en:Mangotsfield and Bath branch line","source_id":"osm-way-1098830169","dataset":"OpenStreetMap former/disused railway extract","publisher":"OpenStreetMap contributors","effective_date":"2026-09-07T10:02:26Z","licence":"ODbL-1.0"},"geometry":{"type":"LineString","coordinates":[[-2.3998167,51.3853971],[-2.4005127,51.3856832]]}},{"type":"Feature","properties":{"name":"Mangotsfield and Bath Branch Line","railway":"razed","razed:railway":"rail","ref":"MBL","wikidata":"Q12061467","wikipedia":"en:Mangotsfield and Bath branch line","source_id":"osm-way-1098830170","dataset":"OpenStreetMap former/disused railway extract","publisher":"OpenStreetMap contributors","effective_date":"2026-09-07T10:02:26Z","licence":"ODbL-1.0"},"geometry":{"type":"LineString","coordinates":[[-2.3946789,51.3839394],[-2.39486,51.3839659],[-2.3953959,51.3840669],[-2.396619,51.3843449],[-2.3977298,51.3846604]]}},{"type":"Feature","properties":{"abandoned:railway":"rail","name":"Mangotsfield and Bath Branch Line","railway":"abandoned","ref":"MBL","wikidata":"Q12061467","wikipedia":"en:Mangotsfield and Bath branch line","source_id":"osm-way-1098830171","dataset":"OpenStreetMap former/disused railway extract","publisher":"OpenStreetMap contributors","effective_date":"2026-09-07T10:02:26Z","licence":"ODbL-1.0"},"geometry":{"type":"LineString","coordinates":[[-2.4497424,51.4044478],[-2.450291,51.4055343],[-2.4503527,51.4056531],[-2.4509696,51.4068159],[-2.4515624,51.4077746],[-2.4526085,51.4091499],[-2.4534292,51.4102072],[-2.4541936,51.4111959],[-2.4549769,51.4122014],[-2.4557574,51.4132135],[-2.456426,51.4140488],[-2.4564967,51.4141448]]}},{"type":"Feature","properties":{"abandoned:railway":"rail","bridge":"yes","bridge:ref":"210","layer":"1","name":"Mangotsfield and Bath Branch Line","railway":"abandoned","ref":"MBL","wikidata":"Q12061467","wikipedia":"en:Mangotsfield and Bath branch line","source_id":"osm-way-1098830172","dataset":"OpenStreetMap former/disused railway extract","publisher":"OpenStreetMap contributors","effective_date":"2026-09-07T10:02:26Z","licence":"ODbL-1.0"},"geometry":{"type":"LineString","coordinates":[[-2.4495106,51.4040024],[-2.4497424,51.4044478]]}},{"type":"Feature","properties":{"abandoned:railway":"rail","alt_name":"Dramway","name":"Avon and Gloucestershire Railway","railway":"abandoned","wikidata":"Q791301","wikipedia":"en:Avon and Gloucestershire Railway","source_id":"osm-way-1098830177","dataset":"OpenStreetMap former/disused railway extract","publisher":"OpenStreetMap contributors","effective_date":"2026-09-07T10:02:26Z","licence":"ODbL-1.0"},"geometry":{"type":"LineString","coordinates":[[-2.4653258,51.4524212],[-2.465195,51.4522509],[-2.4647747,51.4516878],[-2.464296,51.4509006],[-2.463822,51.4499955]]}},{"type":"Feature","properties":{"abandoned:railway":"rail","alt_name":"Dramway","name":"Avon and Gloucestershire Railway","railway":"abandoned","wikidata":"Q791301","wikipedia":"en:Avon and Gloucestershire Railway","source_id":"osm-way-1098830178","dataset":"OpenStreetMap former/disused railway extract","publisher":"OpenStreetMap contributors","effective_date":"2026-09-07T10:02:26Z","licence":"ODbL-1.0"},"geometry":{"type":"LineString","coordinates":[[-2.4691561,51.4548957],[-2.4686764,51.4546133],[-2.4671844,51.4537409],[-2.4661967,51.4531487],[-2.4659726,51.4529974]]}},{"type":"Feature","properties":{"railway":"razed","razed:railway":"rail","source_id":"osm-way-1098830179","dataset":"OpenStreetMap former/disused railway extract","publisher":"OpenStreetMap contributors","effective_date":"2026-09-07T10:02:26Z","licence":"ODbL-1.0"},"geometry":{"type":"LineString","coordinates":[[-2.4817854,51.4662734],[-2.4815521,51.4660077],[-2.481375,51.465849],[-2.4811368,51.4656694]]}},{"type":"Feature","properties":{"name":"Pensford Colliery Incline","railway":"razed","razed:railway":"rail","source":"NPE","source_id":"osm-way-1098830475","dataset":"OpenStreetMap former/disused railway extract","publisher":"OpenStreetMap contributors","effective_date":"2026-09-07T10:02:26Z","licence":"ODbL-1.0"},"geometry":{"type":"LineString","coordinates":[[-2.5489309,51.3606554],[-2.5500831,51.3630028]]}},{"type":"Feature","properties":{"abandoned:railway":"rail","historic:operator":"Midland Railway","name":"Mangotsfield and Bath Branch Line","railway":"abandoned","ref":"MBL","wikidata":"Q12061467","wikipedia":"en:Mangotsfield and Bath branch line","source_id":"osm-way-1098831915","dataset":"OpenStreetMap former/disused railway extract","publisher":"OpenStreetMap contributors","effective_date":"2026-09-07T10:02:26Z","licence":"ODbL-1.0"},"geometry":{"type":"LineString","coordinates":[[-2.4815176,51.4655468],[-2.4812621,51.4652714],[-2.4804616,51.4645404],[-2.4795205,51.4638426],[-2.4792298,51.463621],[-2.4785706,51.4630987],[-2.4780412,51.4627136],[-2.4773711,51.4622404],[-2.4769243,51.4619083],[-2.4765592,51.4615935],[-2.4760462,51.4611568],[-2.4757366,51.4608621],[-2.4755009,51.4605732],[-2.4751188,51.4601279],[-2.4748739,51.4598322]]}},{"type":"Feature","properties":{"name":"Mangotsfield and Bath Branch Line","railway":"razed","razed:railway":"rail","ref":"MBL","wikidata":"Q12061467","wikipedia":"en:Mangotsfield and Bath branch line","source_id":"osm-way-1098832509","dataset":"OpenStreetMap former/disused railway extract","publisher":"OpenStreetMap contributors","effective_date":"2026-09-07T10:02:26Z","licence":"ODbL-1.0"},"geometry":{"type":"LineString","coordinates":[[-2.3666074,51.3814927],[-2.3693478,51.3814034]]}},{"type":"Feature","properties":{"abandoned:railway":"rail","bridge":"yes","layer":"1","name":"Mangotsfield and Bath Branch Line","railway":"abandoned","ref":"MBL","wikidata":"Q12061467","wikipedia":"en:Mangotsfield and Bath branch line","source_id":"osm-way-1098832510","dataset":"OpenStreetMap former/disused railway extract","publisher":"OpenStreetMap contributors","effective_date":"2026-09-07T10:02:26Z","licence":"ODbL-1.0"},"geometry":{"type":"LineString","coordinates":[[-2.3693478,51.3814034],[-2.370093,51.3813797]]}},{"type":"Feature","properties":{"abandoned:railway":"rail","railway":"abandoned","source":"NPE","source_id":"osm-way-1098845818","dataset":"OpenStreetMap former/disused railway extract","publisher":"OpenStreetMap contributors","effective_date":"2026-09-07T10:02:26Z","licence":"ODbL-1.0"},"geometry":{"type":"LineString","coordinates":[[-2.4551291,51.281977],[-2.4555708,51.2819108],[-2.4563472,51.2817604],[-2.4573438,51.2815305],[-2.4585884,51.2811815]]}},{"type":"Feature","properties":{"abandoned:railway":"rail","railway":"abandoned","source":"NPE","source_id":"osm-way-1098845819","dataset":"OpenStreetMap former/disused railway extract","publisher":"OpenStreetMap contributors","effective_date":"2026-09-07T10:02:26Z","licence":"ODbL-1.0"},"geometry":{"type":"LineString","coordinates":[[-2.4414222,51.2860668],[-2.4429736,51.2851757],[-2.4441953,51.2844349],[-2.4453854,51.2839073],[-2.4464373,51.2835329]]}},{"type":"Feature","properties":{"abandoned:railway":"rail","layer":"-1","name":"Bristol and Gloucester Line","railway":"abandoned","ref":"BGL2","tunnel":"yes","source_id":"osm-way-1103903006","dataset":"OpenStreetMap former/disused railway extract","publisher":"OpenStreetMap contributors","effective_date":"2026-09-07T10:02:26Z","licence":"ODbL-1.0"},"geometry":{"type":"LineString","coordinates":[[-2.5112276,51.4791731],[-2.5090139,51.4791238],[-2.5067931,51.4790669],[-2.5045002,51.4790049]]}},{"type":"Feature","properties":{"abandoned:railway":"rail","name":"Bristol and Gloucester Line","railway":"abandoned","ref":"BGL2","source_id":"osm-way-1103903007","dataset":"OpenStreetMap former/disused railway extract","publisher":"OpenStreetMap contributors","effective_date":"2026-09-07T10:02:26Z","licence":"ODbL-1.0"},"geometry":{"type":"LineString","coordinates":[[-2.5045002,51.4790049],[-2.5032967,51.478985],[-2.5020992,51.4789563],[-2.5004857,51.4789171],[-2.4993812,51.4788807],[-2.4983655,51.478872],[-2.4973007,51.4788487],[-2.4969435,51.4788254],[-2.4966423,51.4787949],[-2.4960188,51.4787324],[-2.4957059,51.4786771],[-2.4953977,51.4786088],[-2.4946832,51.4784342],[-2.4935507,51.4781507],[-2.4924183,51.47787],[-2.4912321,51.4775733],[-2.4905619,51.4774221],[-2.4899656,51.4772486]]}},{"type":"Feature","properties":{"name":"Clevedon Branch","railway":"razed","razed:railway":"rail","ref":"CDN","wikidata":"Q5132013","wikipedia":"en:Clevedon branch line","source_id":"osm-way-1104963021","dataset":"OpenStreetMap former/disused railway extract","publisher":"OpenStreetMap contributors","effective_date":"2026-09-07T10:02:26Z","licence":"ODbL-1.0"},"geometry":{"type":"LineString","coordinates":[[-2.8551708,51.4246933],[-2.8550607,51.4244877]]}},{"type":"Feature","properties":{"abandoned:railway":"rail","railway":"abandoned","source_id":"osm-way-1104993595","dataset":"OpenStreetMap former/disused railway extract","publisher":"OpenStreetMap contributors","effective_date":"2026-09-07T10:02:26Z","licence":"ODbL-1.0"},"geometry":{"type":"LineString","coordinates":[[-3.060941,51.6412704],[-3.0613174,51.641323],[-3.0623737,51.641513],[-3.0717732,51.6433279]]}},{"type":"Feature","properties":{"railway":"razed","razed:railway":"rail","source_id":"osm-way-1104993596","dataset":"OpenStreetMap former/disused railway extract","publisher":"OpenStreetMap contributors","effective_date":"2026-09-07T10:02:26Z","licence":"ODbL-1.0"},"geometry":{"type":"LineString","coordinates":[[-3.0596338,51.6412764],[-3.0606612,51.6412558],[-3.060941,51.6412704]]}},{"type":"Feature","properties":{"abandoned:railway":"rail","name":"Sudbrook Branch","railway":"abandoned","ref":"SBK1","source_id":"osm-way-1105003148","dataset":"OpenStreetMap former/disused railway extract","publisher":"OpenStreetMap contributors","effective_date":"2026-09-07T10:02:26Z","licence":"ODbL-1.0"},"geometry":{"type":"LineString","coordinates":[[-2.7368896,51.5851066],[-2.7363371,51.585146],[-2.7360625,51.5851658],[-2.7355648,51.5852374],[-2.7345958,51.5854091],[-2.7336198,51.5855896]]}},{"type":"Feature","properties":{"abandoned:railway":"rail","name":"Frome and North Somerset Line","railway":"abandoned","ref":"FNS2","source_id":"osm-way-1105237438","dataset":"OpenStreetMap former/disused railway extract","publisher":"OpenStreetMap contributors","effective_date":"2026-09-07T10:02:26Z","licence":"ODbL-1.0"},"geometry":{"type":"LineString","coordinates":[[-2.5565496,51.4098931],[-2.5564939,51.4103428],[-2.5564617,51.4105369],[-2.5563737,51.4109678],[-2.55626,51.4113399],[-2.5561205,51.4117735],[-2.5559489,51.4123062],[-2.5558308,51.412701],[-2.5557708,51.4129192],[-2.5557021,51.413314],[-2.555672,51.4136445],[-2.5556205,51.4145572],[-2.5555639,51.4150283]]}},{"type":"Feature","properties":{"alt_name":"East Usk Wharf Siding","name":"Nettlefolds Branch","railway":"razed","razed:railway":"rail","source":"NPE","source_id":"osm-way-1105659291","dataset":"OpenStreetMap former/disused railway extract","publisher":"OpenStreetMap contributors","effective_date":"2026-09-07T10:02:26Z","licence":"ODbL-1.0"},"geometry":{"type":"LineString","coordinates":[[-2.9864089,51.5860803],[-2.9858081,51.5858137],[-2.9851644,51.5855737],[-2.9842462,51.5852501],[-2.9834478,51.584987],[-2.9827544,51.5848048],[-2.9824891,51.5847116],[-2.9819466,51.58444],[-2.9818001,51.5843477],[-2.9814061,51.5840995],[-2.9809552,51.5838452]]}},{"type":"Feature","properties":{"abandoned:railway":"rail","name":"Nettlefolds Branch","railway":"abandoned","source":"NPE","source_id":"osm-way-1105659292","dataset":"OpenStreetMap former/disused railway extract","publisher":"OpenStreetMap contributors","effective_date":"2026-09-07T10:02:26Z","licence":"ODbL-1.0"},"geometry":{"type":"LineString","coordinates":[[-2.9809552,51.5838452],[-2.9805803,51.5837202],[-2.9803009,51.583653],[-2.9799567,51.5836015],[-2.9797726,51.5835886]]}},{"type":"Feature","properties":{"abandoned:railway":"rail","name":"Wye Valley Railway","railway":"abandoned","ref":"WYE","source_id":"osm-way-1106825255","dataset":"OpenStreetMap former/disused railway extract","publisher":"OpenStreetMap contributors","effective_date":"2026-09-07T10:02:26Z","licence":"ODbL-1.0"},"geometry":{"type":"LineString","coordinates":[[-2.6494578,51.6508771],[-2.6493367,51.6509969]]}},{"type":"Feature","properties":{"railway":"razed","razed:railway":"rail","service":"spur","source":"NPE","source_id":"osm-way-1110769732","dataset":"OpenStreetMap former/disused railway extract","publisher":"OpenStreetMap contributors","effective_date":"2026-09-07T10:02:26Z","licence":"ODbL-1.0"},"geometry":{"type":"LineString","coordinates":[[-2.4558277,51.5250031],[-2.4546021,51.5264696],[-2.4538028,51.5271438],[-2.4531215,51.5276428],[-2.4525368,51.5282335],[-2.4520621,51.5289276],[-2.451885,51.5292363],[-2.4517483,51.5297686],[-2.4516732,51.5307798],[-2.4516195,51.5315056],[-2.4514854,51.5322114],[-2.4509624,51.5330373],[-2.4502194,51.5337815],[-2.449286,51.5344188],[-2.448433,51.5350328],[-2.4479663,51.5353348]]}},{"type":"Feature","properties":{"abandoned:railway":"rail","railway":"abandoned","service":"spur","source_id":"osm-way-1110769733","dataset":"OpenStreetMap former/disused railway extract","publisher":"OpenStreetMap contributors","effective_date":"2026-09-07T10:02:26Z","licence":"ODbL-1.0"},"geometry":{"type":"LineString","coordinates":[[-2.4614782,51.5207902],[-2.4599505,51.5209307],[-2.459355,51.5210476],[-2.4588561,51.5212445],[-2.4584299,51.5214695],[-2.4580467,51.5219867]]}},{"type":"Feature","properties":{"bridge":"yes","layer":"1","name":"Newport Monmouthshire Loop","railway":"razed","razed:railway":"rail","ref":"NML","source":"OS 1:25k","source_id":"osm-way-1115204065","dataset":"OpenStreetMap former/disused railway extract","publisher":"OpenStreetMap contributors","effective_date":"2026-09-07T10:02:26Z","licence":"ODbL-1.0"},"geometry":{"type":"LineString","coordinates":[[-3.0072173,51.5755814],[-3.0068792,51.5756577]]}},{"type":"Feature","properties":{"abandoned:railway":"rail","name":"Kingswood Branch","railway":"abandoned","ref":"KIG","source_id":"osm-way-1123425724","dataset":"OpenStreetMap former/disused railway extract","publisher":"OpenStreetMap contributors","effective_date":"2026-09-07T10:02:26Z","licence":"ODbL-1.0"},"geometry":{"type":"LineString","coordinates":[[-2.5524381,51.4715639],[-2.5536186,51.4720962]]}},{"type":"Feature","properties":{"abandoned:railway":"rail","bridge":"viaduct","layer":"1","name":"Kingswood Branch","railway":"abandoned","ref":"KIG","source_id":"osm-way-1123425725","dataset":"OpenStreetMap former/disused railway extract","publisher":"OpenStreetMap contributors","effective_date":"2026-09-07T10:02:26Z","licence":"ODbL-1.0"},"geometry":{"type":"LineString","coordinates":[[-2.5510856,51.4709471],[-2.5512465,51.4710102],[-2.5516649,51.4712007],[-2.5524381,51.4715639]]}},{"type":"Feature","properties":{"abandoned:railway":"rail","name":"Kingswood Branch","railway":"abandoned","ref":"KIG","source_id":"osm-way-1123425726","dataset":"OpenStreetMap former/disused railway extract","publisher":"OpenStreetMap contributors","effective_date":"2026-09-07T10:02:26Z","licence":"ODbL-1.0"},"geometry":{"type":"LineString","coordinates":[[-2.5506379,51.4707904],[-2.550989,51.4709117],[-2.5510856,51.4709471]]}},{"type":"Feature","properties":{"abandoned:railway":"rail","bridge":"yes","layer":"1","name":"Kingswood Branch","railway":"abandoned","ref":"KIG","source_id":"osm-way-1123425727","dataset":"OpenStreetMap former/disused railway extract","publisher":"OpenStreetMap contributors","effective_date":"2026-09-07T10:02:26Z","licence":"ODbL-1.0"},"geometry":{"type":"LineString","coordinates":[[-2.5505304,51.4707562],[-2.5506379,51.4707904]]}},{"type":"Feature","properties":{"abandoned:railway":"rail","railway":"abandoned","ref":"CMZ","source_id":"osm-way-1125634171","dataset":"OpenStreetMap former/disused railway extract","publisher":"OpenStreetMap contributors","effective_date":"2026-09-07T10:02:26Z","licence":"ODbL-1.0"},"geometry":{"type":"LineString","coordinates":[[-2.3450649,51.3434674],[-2.345555,51.3432026]]}},{"type":"Feature","properties":{"abandoned:railway":"rail","railway":"abandoned","ref":"CMZ","wikidata":"Q117313445","source_id":"osm-way-1125656412","dataset":"OpenStreetMap former/disused railway extract","publisher":"OpenStreetMap contributors","effective_date":"2026-09-07T10:02:26Z","licence":"ODbL-1.0"},"geometry":{"type":"LineString","coordinates":[[-2.3445399,51.3437405],[-2.3450649,51.3434674]]}},{"type":"Feature","properties":{"abandoned:railway":"rail","railway":"abandoned","ref":"CMZ","source":"NPE","source_id":"osm-way-1125656413","dataset":"OpenStreetMap former/disused railway extract","publisher":"OpenStreetMap contributors","effective_date":"2026-09-07T10:02:26Z","licence":"ODbL-1.0"},"geometry":{"type":"LineString","coordinates":[[-2.3257297,51.3558756],[-2.3260955,51.3556859],[-2.326868,51.3552839],[-2.3277049,51.3549221],[-2.3287354,51.3546264]]}},{"type":"Feature","properties":{"abandoned:railway":"rail","railway":"razed","ref":"CMZ","source":"NPE","source_id":"osm-way-1125656414","dataset":"OpenStreetMap former/disused railway extract","publisher":"OpenStreetMap contributors","effective_date":"2026-09-07T10:02:26Z","licence":"ODbL-1.0"},"geometry":{"type":"LineString","coordinates":[[-2.3240703,51.3567539],[-2.3257297,51.3558756]]}},{"type":"Feature","properties":{"abandoned:railway":"rail","bicycle":"designated","designation":"public_footpath","foot":"yes","highway":"cycleway","historic:railway":"rail","horse":"designated","motor_vehicle":"no","name":"Bristol and Gloucestershire Railway","prow_ref":"LPU 35","railway":"abandoned","segregated":"no","surface":"asphalt","width":"2","wikidata":"Q16985307","wikipedia":"en:Bristol and Gloucestershire Railway","source_id":"osm-way-1149478155","dataset":"OpenStreetMap former/disused railway extract","publisher":"OpenStreetMap contributors","effective_date":"2026-09-07T10:02:26Z","licence":"ODbL-1.0"},"geometry":{"type":"LineString","coordinates":[[-2.4618628,51.4916277],[-2.4620199,51.491559],[-2.4628626,51.4911424],[-2.4634643,51.490845],[-2.4651027,51.4900262],[-2.4651477,51.4900045]]}},{"type":"Feature","properties":{"alt_name":"Dramway","designation":"public_footpath","foot":"designated","highway":"footway","historic:railway":"rail","name":"Avon and Gloucestershire Railway","prow_ref":"PSN 7","railway":"abandoned","surface":"unpaved","wikidata":"Q791301","wikipedia":"en:Avon and Gloucestershire Railway","source_id":"osm-way-1150526258","dataset":"OpenStreetMap former/disused railway extract","publisher":"OpenStreetMap contributors","effective_date":"2026-09-07T10:02:26Z","licence":"ODbL-1.0"},"geometry":{"type":"LineString","coordinates":[[-2.4843151,51.4690778],[-2.4841804,51.4692746],[-2.4837898,51.4696852],[-2.4835713,51.469864]]}},{"type":"Feature","properties":{"alt_name":"Dramway","cutting":"yes","designation":"public_footpath","foot":"designated","highway":"footway","name":"Avon and Gloucestershire Railway","railway":"abandoned","surface":"dirt","wikidata":"Q791301","wikipedia":"en:Avon and Gloucestershire Railway","source_id":"osm-way-1153896138","dataset":"OpenStreetMap former/disused railway extract","publisher":"OpenStreetMap contributors","effective_date":"2026-09-07T10:02:26Z","licence":"ODbL-1.0"},"geometry":{"type":"LineString","coordinates":[[-2.4766199,51.4624882],[-2.4769759,51.4629289]]}},{"type":"Feature","properties":{"bicycle":"designated","cycleway:width":"2.5","foot":"designated","footway:surface":"asphalt","highway":"cycleway","name":"Bristol & Bath Railway Path","railway":"abandoned","segregated":"yes","smoothness":"excellent","surface":"asphalt","source_id":"osm-way-1206360156","dataset":"OpenStreetMap former/disused railway extract","publisher":"OpenStreetMap contributors","effective_date":"2026-09-07T10:02:26Z","licence":"ODbL-1.0"},"geometry":{"type":"LineString","coordinates":[[-2.5487671,51.4694617],[-2.5484512,51.469519],[-2.5483129,51.4695347],[-2.5482347,51.4695461],[-2.5481556,51.4695737],[-2.5480921,51.4696131],[-2.5480546,51.469656],[-2.5480227,51.469691],[-2.5480153,51.4697227],[-2.5479983,51.4697749],[-2.5479777,51.4698159],[-2.5479333,51.469853],[-2.5478807,51.4698921],[-2.547785,51.4699323]]}},{"type":"Feature","properties":{"abandoned:railway":"rail","historic:bridge":"yes","railway":"dismantled","ref":"CMZ","source":"NPE","source_id":"osm-way-1222716942","dataset":"OpenStreetMap former/disused railway extract","publisher":"OpenStreetMap contributors","effective_date":"2026-09-07T10:02:26Z","licence":"ODbL-1.0"},"geometry":{"type":"LineString","coordinates":[[-2.3337834,51.3519389],[-2.3339896,51.3518369]]}},{"type":"Feature","properties":{"abandoned:railway":"rail","name":"Camerton & Limpley Stoke Railway","railway":"abandoned","ref":"CMZ","source":"NPE","source_id":"osm-way-1222716944","dataset":"OpenStreetMap former/disused railway extract","publisher":"OpenStreetMap contributors","effective_date":"2026-09-07T10:02:26Z","licence":"ODbL-1.0"},"geometry":{"type":"LineString","coordinates":[[-2.4090565,51.3340828],[-2.4085681,51.3339728],[-2.4073558,51.3335036],[-2.4063365,51.3331684],[-2.4050169,51.3329405],[-2.4040993,51.3328061],[-2.403665,51.3327863],[-2.4029033,51.3327662],[-2.4003391,51.3329807],[-2.3972921,51.3331349],[-2.3964123,51.3331684],[-2.3960368,51.3332086],[-2.3956506,51.3332958],[-2.3950712,51.3334902],[-2.3946421,51.333765],[-2.3941524,51.3342388],[-2.3933654,51.3352531],[-2.3928718,51.3359971],[-2.3921315,51.3371902],[-2.3917203,51.3376357],[-2.3910801,51.3379811],[-2.3907367,51.338109]]}},{"type":"Feature","properties":{"abandoned:railway":"rail","name":"Camerton & Limpley Stoke Railway","railway":"dismantled","ref":"CMZ","source":"NPE","source_id":"osm-way-1222716945","dataset":"OpenStreetMap former/disused railway extract","publisher":"OpenStreetMap contributors","effective_date":"2026-09-07T10:02:26Z","licence":"ODbL-1.0"},"geometry":{"type":"LineString","coordinates":[[-2.4094251,51.3341659],[-2.4090565,51.3340828]]}},{"type":"Feature","properties":{"abandoned:railway":"rail","railway":"abandoned","ref":"CMZ","source":"NPE","source_id":"osm-way-1222716947","dataset":"OpenStreetMap former/disused railway extract","publisher":"OpenStreetMap contributors","effective_date":"2026-09-07T10:02:26Z","licence":"ODbL-1.0"},"geometry":{"type":"LineString","coordinates":[[-2.3339896,51.3518369],[-2.334178,51.3517438],[-2.3350092,51.3513599],[-2.3366081,51.3507811],[-2.3379332,51.3502257],[-2.338575,51.3498449],[-2.3390393,51.349465],[-2.3395967,51.3489957],[-2.340367,51.3482427],[-2.3409837,51.3475759]]}},{"type":"Feature","properties":{"abandoned:railway":"rail","name":"Frome and North Somerset Line","railway":"abandoned","ref":"FNS2","source":"npe","source_id":"osm-way-1222798834","dataset":"OpenStreetMap former/disused railway extract","publisher":"OpenStreetMap contributors","effective_date":"2026-09-07T10:02:26Z","licence":"ODbL-1.0"},"geometry":{"type":"LineString","coordinates":[[-2.5511854,51.3748631],[-2.5513074,51.3745584],[-2.5513202,51.3745262],[-2.5513573,51.3744336],[-2.5517006,51.3735228],[-2.5517061,51.3733353],[-2.5516575,51.3724505],[-2.5516428,51.3721833]]}},{"type":"Feature","properties":{"abandoned:railway":"rail","name":"Frome and North Somerset Line","railway":"dismantled","ref":"FNS2","source":"npe","source_id":"osm-way-1222798836","dataset":"OpenStreetMap former/disused railway extract","publisher":"OpenStreetMap contributors","effective_date":"2026-09-07T10:02:26Z","licence":"ODbL-1.0"},"geometry":{"type":"LineString","coordinates":[[-2.5510794,51.3751279],[-2.5511854,51.3748631]]}},{"type":"Feature","properties":{"abandoned:railway":"rail","name":"Somerset and Dorset Line","railway":"dismantled","ref":"SAD","source":"NPE","source_id":"osm-way-1223323424","dataset":"OpenStreetMap former/disused railway extract","publisher":"OpenStreetMap contributors","effective_date":"2026-09-07T10:02:26Z","licence":"ODbL-1.0"},"geometry":{"type":"LineString","coordinates":[[-2.3731986,51.3225869],[-2.3734208,51.3225196],[-2.3738215,51.3224032],[-2.3741799,51.3222692],[-2.3747661,51.3219946],[-2.3754123,51.3216807],[-2.3759058,51.3214348],[-2.3762222,51.3212772]]}},{"type":"Feature","properties":{"abandoned:railway":"rail","name":"Somerset and Dorset Line","railway":"abandoned","ref":"SAD","source":"NPE","source_id":"osm-way-1223323426","dataset":"OpenStreetMap former/disused railway extract","publisher":"OpenStreetMap contributors","effective_date":"2026-09-07T10:02:26Z","licence":"ODbL-1.0"},"geometry":{"type":"LineString","coordinates":[[-2.3762222,51.3212772],[-2.3765176,51.3211301],[-2.3770631,51.3208131],[-2.3777346,51.3203531]]}},{"type":"Feature","properties":{"railway":"razed","source_id":"osm-way-1225143866","dataset":"OpenStreetMap former/disused railway extract","publisher":"OpenStreetMap contributors","effective_date":"2026-09-07T10:02:26Z","licence":"ODbL-1.0"},"geometry":{"type":"LineString","coordinates":[[-2.5417608,51.5144369],[-2.5413747,51.5144059],[-2.5408021,51.5143622],[-2.5404165,51.5143178],[-2.5398705,51.5142701],[-2.5394509,51.5142334],[-2.5390007,51.5141843],[-2.538393,51.5141122],[-2.5379609,51.514077],[-2.537439,51.5140197]]}},{"type":"Feature","properties":{"railway":"razed","source_id":"osm-way-1225143867","dataset":"OpenStreetMap former/disused railway extract","publisher":"OpenStreetMap contributors","effective_date":"2026-09-07T10:02:26Z","licence":"ODbL-1.0"},"geometry":{"type":"LineString","coordinates":[[-2.5359859,51.5148134],[-2.5361551,51.5146434],[-2.5363995,51.5144572],[-2.5365791,51.514344],[-2.5368163,51.5142395],[-2.5370607,51.5141696],[-2.5372984,51.5141243],[-2.5375518,51.5140993],[-2.5378625,51.5140831],[-2.5379609,51.514077]]}},{"type":"Feature","properties":{"railway":"razed","source_id":"osm-way-1225149484","dataset":"OpenStreetMap former/disused railway extract","publisher":"OpenStreetMap contributors","effective_date":"2026-09-07T10:02:26Z","licence":"ODbL-1.0"},"geometry":{"type":"LineString","coordinates":[[-2.5353875,51.5141977],[-2.5351785,51.5141974],[-2.535091,51.5141909],[-2.5349214,51.5141657],[-2.5348547,51.5141566],[-2.5346595,51.5141469]]}},{"type":"Feature","properties":{"railway":"razed","source_id":"osm-way-1225149485","dataset":"OpenStreetMap former/disused railway extract","publisher":"OpenStreetMap contributors","effective_date":"2026-09-07T10:02:26Z","licence":"ODbL-1.0"},"geometry":{"type":"LineString","coordinates":[[-2.5346574,51.5143837],[-2.5344352,51.5142674],[-2.5342843,51.5141964],[-2.5341716,51.5141647],[-2.5340201,51.5141323]]}},{"type":"Feature","properties":{"railway":"razed","source_id":"osm-way-1225149486","dataset":"OpenStreetMap former/disused railway extract","publisher":"OpenStreetMap contributors","effective_date":"2026-09-07T10:02:26Z","licence":"ODbL-1.0"},"geometry":{"type":"LineString","coordinates":[[-2.534647,51.5153872],[-2.5345984,51.5155473],[-2.5345707,51.5156735],[-2.5345653,51.515794],[-2.534604,51.5158676],[-2.5346661,51.5159424]]}},{"type":"Feature","properties":{"railway":"razed","source_id":"osm-way-1225149487","dataset":"OpenStreetMap former/disused railway extract","publisher":"OpenStreetMap contributors","effective_date":"2026-09-07T10:02:26Z","licence":"ODbL-1.0"},"geometry":{"type":"LineString","coordinates":[[-2.5343696,51.5152394],[-2.5343337,51.5153511],[-2.5343229,51.5154251],[-2.5343268,51.515498],[-2.5343506,51.5156186],[-2.5343985,51.5157429]]}},{"type":"Feature","properties":{"railway":"razed","source_id":"osm-way-1225149488","dataset":"OpenStreetMap former/disused railway extract","publisher":"OpenStreetMap contributors","effective_date":"2026-09-07T10:02:26Z","licence":"ODbL-1.0"},"geometry":{"type":"LineString","coordinates":[[-2.5358903,51.5144908],[-2.5356965,51.5144484],[-2.535347,51.5143751],[-2.5351886,51.514344],[-2.5350296,51.5143236],[-2.5349491,51.5143103],[-2.5348151,51.5142765]]}},{"type":"Feature","properties":{"railway":"razed","source_id":"osm-way-1225149489","dataset":"OpenStreetMap former/disused railway extract","publisher":"OpenStreetMap contributors","effective_date":"2026-09-07T10:02:26Z","licence":"ODbL-1.0"},"geometry":{"type":"LineString","coordinates":[[-2.5357185,51.5153045],[-2.5357242,51.5151757],[-2.5357128,51.515074],[-2.5356821,51.5150031],[-2.5356247,51.5149227],[-2.5353936,51.5146595],[-2.5352852,51.5145474],[-2.5351984,51.5144755],[-2.5350963,51.5144066],[-2.5349489,51.5143314],[-2.5348151,51.5142765],[-2.5346546,51.5142207],[-2.5345291,51.5141863],[-2.5342371,51.5141442],[-2.5340201,51.5141323],[-2.5337686,51.5141185]]}},{"type":"Feature","properties":{"railway":"razed","source_id":"osm-way-1225149490","dataset":"OpenStreetMap former/disused railway extract","publisher":"OpenStreetMap contributors","effective_date":"2026-09-07T10:02:26Z","licence":"ODbL-1.0"},"geometry":{"type":"LineString","coordinates":[[-2.5357185,51.5153045],[-2.5356753,51.5155155],[-2.535601,51.5158475],[-2.5355759,51.5159772],[-2.5355833,51.5160626],[-2.5356168,51.5161411],[-2.5357181,51.5162573]]}},{"type":"Feature","properties":{"railway":"razed","source_id":"osm-way-1225149491","dataset":"OpenStreetMap former/disused railway extract","publisher":"OpenStreetMap contributors","effective_date":"2026-09-07T10:02:26Z","licence":"ODbL-1.0"},"geometry":{"type":"LineString","coordinates":[[-2.5358513,51.5163414],[-2.5357587,51.5163109],[-2.5356202,51.5162743],[-2.5354945,51.5162349],[-2.5353886,51.5161988],[-2.5352901,51.5161468],[-2.5352088,51.516097],[-2.5351314,51.5160343],[-2.5350775,51.5159786],[-2.5350331,51.5159212],[-2.5350006,51.5158532],[-2.5349932,51.5157673],[-2.5350114,51.5156835],[-2.5350788,51.5154296]]}},{"type":"Feature","properties":{"railway":"razed","source_id":"osm-way-1225149492","dataset":"OpenStreetMap former/disused railway extract","publisher":"OpenStreetMap contributors","effective_date":"2026-09-07T10:02:26Z","licence":"ODbL-1.0"},"geometry":{"type":"LineString","coordinates":[[-2.5353011,51.5141393],[-2.5349809,51.5141396],[-2.5346595,51.5141469],[-2.5342371,51.5141442]]}},{"type":"Feature","properties":{"railway":"razed","source_id":"osm-way-1225149494","dataset":"OpenStreetMap former/disused railway extract","publisher":"OpenStreetMap contributors","effective_date":"2026-09-07T10:02:26Z","licence":"ODbL-1.0"},"geometry":{"type":"LineString","coordinates":[[-2.5353936,51.5146595],[-2.5355064,51.51484],[-2.53553,51.5149136],[-2.5355365,51.5149724],[-2.5354807,51.5151868],[-2.5353764,51.5156098],[-2.5353683,51.5156844],[-2.5353857,51.5157714],[-2.5354195,51.5158669],[-2.535459,51.5159557],[-2.5355364,51.5160813],[-2.5356053,51.5161628],[-2.5357181,51.5162573],[-2.5358513,51.5163414],[-2.5360422,51.5164371],[-2.5363624,51.5166161]]}},{"type":"Feature","properties":{"railway":"razed","source_id":"osm-way-1225149495","dataset":"OpenStreetMap former/disused railway extract","publisher":"OpenStreetMap contributors","effective_date":"2026-09-07T10:02:26Z","licence":"ODbL-1.0"},"geometry":{"type":"LineString","coordinates":[[-2.5359859,51.5148134],[-2.5358275,51.5150813],[-2.5357185,51.5153045]]}},{"type":"Feature","properties":{"railway":"razed","source_id":"osm-way-1225149496","dataset":"OpenStreetMap former/disused railway extract","publisher":"OpenStreetMap contributors","effective_date":"2026-09-07T10:02:26Z","licence":"ODbL-1.0"},"geometry":{"type":"LineString","coordinates":[[-2.534881,51.5148191],[-2.5346213,51.5148641],[-2.5345075,51.5148998],[-2.5344235,51.5149387],[-2.5343745,51.5149789],[-2.5343232,51.5150565],[-2.5342901,51.5151735],[-2.5342462,51.5154003],[-2.5342525,51.5155193],[-2.5342831,51.5155983],[-2.5343985,51.5157429],[-2.5344739,51.5158258],[-2.5346661,51.5159424],[-2.5348449,51.5160356],[-2.5350344,51.5160992],[-2.5353886,51.5161988]]}},{"type":"Feature","properties":{"railway":"razed","source_id":"osm-way-1225149497","dataset":"OpenStreetMap former/disused railway extract","publisher":"OpenStreetMap contributors","effective_date":"2026-09-07T10:02:26Z","licence":"ODbL-1.0"},"geometry":{"type":"LineString","coordinates":[[-2.5358813,51.514236],[-2.535066,51.5142453],[-2.5349361,51.514242],[-2.5348227,51.5142292],[-2.5345291,51.5141863]]}},{"type":"Feature","properties":{"highway":"footway","railway":"abandoned","surface":"dirt","source_id":"osm-way-1236105692","dataset":"OpenStreetMap former/disused railway extract","publisher":"OpenStreetMap contributors","effective_date":"2026-09-07T10:02:26Z","licence":"ODbL-1.0"},"geometry":{"type":"LineString","coordinates":[[-2.3886171,51.3834954],[-2.3879006,51.3834795],[-2.3878778,51.3834929],[-2.3878684,51.3835121]]}},{"type":"Feature","properties":{"electrified":"no","gauge":"1435","name":"Portbury Terminal Sidings","railway":"abandoned","service":"yard","usage":"industrial","source_id":"osm-way-1253274354","dataset":"OpenStreetMap former/disused railway extract","publisher":"OpenStreetMap contributors","effective_date":"2026-09-07T10:02:26Z","licence":"ODbL-1.0"},"geometry":{"type":"LineString","coordinates":[[-2.6944559,51.5155634],[-2.6942937,51.5158548]]}},{"type":"Feature","properties":{"railway":"abandoned","source_id":"osm-way-1253274355","dataset":"OpenStreetMap former/disused railway extract","publisher":"OpenStreetMap contributors","effective_date":"2026-09-07T10:02:26Z","licence":"ODbL-1.0"},"geometry":{"type":"LineString","coordinates":[[-2.692042,51.5153411],[-2.6920364,51.5152771],[-2.6920299,51.5152142]]}},{"type":"Feature","properties":{"abandoned:railway":"rail","highway":"track","name":"Wrington Vale Light Railway","railway":"abandoned","ref":"WRI","source_id":"osm-way-1263204148","dataset":"OpenStreetMap former/disused railway extract","publisher":"OpenStreetMap contributors","effective_date":"2026-09-07T10:02:26Z","licence":"ODbL-1.0"},"geometry":{"type":"LineString","coordinates":[[-2.7738193,51.3595089],[-2.7777288,51.3594289]]}},{"type":"Feature","properties":{"abandoned:railway":"rail","name":"Wrington Vale Light Railway","railway":"abandoned","ref":"WRI","source_id":"osm-way-1263204149","dataset":"OpenStreetMap former/disused railway extract","publisher":"OpenStreetMap contributors","effective_date":"2026-09-07T10:02:26Z","licence":"ODbL-1.0"},"geometry":{"type":"LineString","coordinates":[[-2.8140595,51.362239],[-2.8142875,51.3625506],[-2.8160966,51.36468],[-2.8165836,51.3656931],[-2.8169715,51.3671163],[-2.8173544,51.3685663]]}},{"type":"Feature","properties":{"abandoned:railway":"rail","highway":"track","name":"Wrington Vale Light Railway","railway":"abandoned","ref":"WRI","source_id":"osm-way-1263204150","dataset":"OpenStreetMap former/disused railway extract","publisher":"OpenStreetMap contributors","effective_date":"2026-09-07T10:02:26Z","licence":"ODbL-1.0"},"geometry":{"type":"LineString","coordinates":[[-2.8039106,51.3589609],[-2.8078036,51.3588892],[-2.8084849,51.3589054],[-2.8090029,51.3589972],[-2.8093046,51.3590506],[-2.8096565,51.3591327]]}},{"type":"Feature","properties":{"abandoned:railway":"rail","name":"Wrington Vale Light Railway","railway":"abandoned","ref":"WRI","source_id":"osm-way-1263204152","dataset":"OpenStreetMap former/disused railway extract","publisher":"OpenStreetMap contributors","effective_date":"2026-09-07T10:02:26Z","licence":"ODbL-1.0"},"geometry":{"type":"LineString","coordinates":[[-2.8096565,51.3591327],[-2.8099186,51.3591939],[-2.8105676,51.3593771],[-2.811124,51.3596352],[-2.8116176,51.3598893],[-2.8120851,51.3601924],[-2.8125448,51.360518],[-2.8127354,51.3606529]]}},{"type":"Feature","properties":{"abandoned:railway":"rail","name":"Wrington Vale Light Railway","railway":"abandoned","ref":"WRI","source_id":"osm-way-1263204154","dataset":"OpenStreetMap former/disused railway extract","publisher":"OpenStreetMap contributors","effective_date":"2026-09-07T10:02:26Z","licence":"ODbL-1.0"},"geometry":{"type":"LineString","coordinates":[[-2.7721308,51.3595457],[-2.7738193,51.3595089]]}},{"type":"Feature","properties":{"abandoned:railway":"rail","name":"Wrington Vale Light Railway","railway":"abandoned","ref":"WRI","source_id":"osm-way-1263204155","dataset":"OpenStreetMap former/disused railway extract","publisher":"OpenStreetMap contributors","effective_date":"2026-09-07T10:02:26Z","licence":"ODbL-1.0"},"geometry":{"type":"LineString","coordinates":[[-2.7777288,51.3594289],[-2.7784414,51.3594149],[-2.8039106,51.3589609]]}},{"type":"Feature","properties":{"bicycle":"designated","foot":"designated","highway":"cycleway","name":"Bristol & Bath Railway Path","railway":"abandoned","segregated":"no","smoothness":"good","surface":"asphalt","width":"3","source_id":"osm-way-1307705917","dataset":"OpenStreetMap former/disused railway extract","publisher":"OpenStreetMap contributors","effective_date":"2026-09-07T10:02:26Z","licence":"ODbL-1.0"},"geometry":{"type":"LineString","coordinates":[[-2.5674299,51.4582723],[-2.5669455,51.4585583],[-2.5668077,51.4586358],[-2.5663504,51.4588718],[-2.5648705,51.45974],[-2.564492,51.4600021],[-2.5641975,51.4602019]]}},{"type":"Feature","properties":{"bicycle":"designated","foot":"designated","highway":"cycleway","layer":"-1","lit":"24/7","name":"Bristol & Bath Railway Path","railway":"abandoned","segregated":"no","smoothness":"good","surface":"asphalt","source_id":"osm-way-1307705918","dataset":"OpenStreetMap former/disused railway extract","publisher":"OpenStreetMap contributors","effective_date":"2026-09-07T10:02:26Z","licence":"ODbL-1.0"},"geometry":{"type":"LineString","coordinates":[[-2.5677689,51.4580906],[-2.5674299,51.4582723]]}},{"type":"Feature","properties":{"designation":"public_footpath","foot":"designated","highway":"footway","prow_ref":"BC25/11","railway":"abandoned","surface":"grass","source_id":"osm-way-1316949401","dataset":"OpenStreetMap former/disused railway extract","publisher":"OpenStreetMap contributors","effective_date":"2026-09-07T10:02:26Z","licence":"ODbL-1.0"},"geometry":{"type":"LineString","coordinates":[[-2.3984039,51.3849048],[-2.3977248,51.3846702]]}},{"type":"Feature","properties":{"bicycle":"designated","foot":"designated","highway":"cycleway","name":"Ring Road Path","railway":"abandoned","rcn_ref":"16","segregated":"yes","surface":"asphalt","source_id":"osm-way-1361726995","dataset":"OpenStreetMap former/disused railway extract","publisher":"OpenStreetMap contributors","effective_date":"2026-09-07T10:02:26Z","licence":"ODbL-1.0"},"geometry":{"type":"LineString","coordinates":[[-2.4752285,51.478486],[-2.4754808,51.4783937],[-2.4757281,51.478294],[-2.476052,51.4781817],[-2.476632,51.4779706],[-2.4798397,51.4768028],[-2.4808149,51.4764425],[-2.4812313,51.4762716],[-2.4814416,51.4762197],[-2.4817393,51.4761592],[-2.4819964,51.4761163],[-2.4825659,51.4760225]]}},{"type":"Feature","properties":{"abandoned:railway":"rail","name":"Somerset and Dorset Joint Railway","railway":"abandoned","ref":"SAD","wikidata":"Q7559923","wikipedia":"en:Somerset and Dorset Joint Railway","source_id":"osm-way-1361969050","dataset":"OpenStreetMap former/disused railway extract","publisher":"OpenStreetMap contributors","effective_date":"2026-09-07T10:02:26Z","licence":"ODbL-1.0"},"geometry":{"type":"LineString","coordinates":[[-2.3831715,51.3815857],[-2.3826849,51.3817961],[-2.3825953,51.3818284]]}},{"type":"Feature","properties":{"railway":"disused","service":"siding","source_id":"osm-way-1373881335","dataset":"OpenStreetMap former/disused railway extract","publisher":"OpenStreetMap contributors","effective_date":"2026-09-07T10:02:26Z","licence":"ODbL-1.0"},"geometry":{"type":"LineString","coordinates":[[-2.5990459,51.447214],[-2.5992411,51.4471648],[-2.5994762,51.4471173],[-2.5996515,51.4470766]]}},{"type":"Feature","properties":{"disused:railway":"rail","gauge":"1435","railway":"abandoned","service":"siding","source_id":"osm-way-1423636972","dataset":"OpenStreetMap former/disused railway extract","publisher":"OpenStreetMap contributors","effective_date":"2026-09-07T10:02:26Z","licence":"ODbL-1.0"},"geometry":{"type":"LineString","coordinates":[[-2.3747345,51.3786038],[-2.374333,51.3785503],[-2.3741559,51.3785286]]}},{"type":"Feature","properties":{"abandoned:railway":"rail","bicycle":"designated","designation":"public_footpath","foot":"designated","highway":"bridleway","historic:railway":"rail","name":"Bristol and Gloucestershire Railway","prow_ref":"LPU 36","railway":"abandoned","surface":"dirt","wikidata":"Q16985307","wikipedia":"en:Bristol and Gloucestershire Railway","source_id":"osm-way-1430468619","dataset":"OpenStreetMap former/disused railway extract","publisher":"OpenStreetMap contributors","effective_date":"2026-09-07T10:02:26Z","licence":"ODbL-1.0"},"geometry":{"type":"LineString","coordinates":[[-2.4585324,51.4933088],[-2.4584148,51.4933487]]}},{"type":"Feature","properties":{"railway":"razed","ref":"BHB","source_id":"osm-way-1430806690","dataset":"OpenStreetMap former/disused railway extract","publisher":"OpenStreetMap contributors","effective_date":"2026-09-07T10:02:26Z","licence":"ODbL-1.0"},"geometry":{"type":"LineString","coordinates":[[-2.5798348,51.450713],[-2.5809878,51.4503581],[-2.5830048,51.4495942],[-2.5850755,51.4491579],[-2.5863066,51.4489022],[-2.587173,51.4486247],[-2.5879321,51.4483138],[-2.5888976,51.4478882]]}},{"type":"Feature","properties":{"abandoned:railway":"rail","name":"Taff Vale Extension","railway":"abandoned","ref":"VON","source_id":"osm-way-1433339526","dataset":"OpenStreetMap former/disused railway extract","publisher":"OpenStreetMap contributors","effective_date":"2026-09-07T10:02:26Z","licence":"ODbL-1.0"},"geometry":{"type":"LineString","coordinates":[[-3.1159613,51.6835825],[-3.1144997,51.683829],[-3.1125192,51.6839341],[-3.1102726,51.6838636],[-3.1084905,51.6837],[-3.107242,51.6834126],[-3.1063286,51.6831346],[-3.1049671,51.6824714],[-3.1037516,51.6821674],[-3.1027788,51.6820423],[-3.1022226,51.6819927],[-3.1015543,51.6819778],[-3.1009166,51.6820072],[-3.100437,51.6820307],[-3.0997747,51.6821168],[-3.0992134,51.6822614],[-3.0984879,51.682494],[-3.0979836,51.6826869],[-3.0974327,51.6829319],[-3.0966855,51.6833853],[-3.0947543,51.6845827],[-3.0935741,51.6851813],[-3.0925173,51.6857394],[-3.091128,51.6863919],[-3.0891753,51.6871901],[-3.0874158,51.6877621],[-3.0853559,51.6883075],[-3.0839182,51.6886667],[-3.0823732,51.6893185],[-3.0806137,51.6902629],[-3.0785752,51.691061],[-3.0764509,51.6918059],[-3.0737043,51.6927902],[-3.0713869,51.6937745],[-3.0695201,51.6945592],[-3.0682755,51.6948917],[-3.0643917,51.6955568],[-3.0609236,51.6963157],[-3.0598614,51.6964886],[-3.0574045,51.6966681],[-3.0499587,51.6972201],[-3.0409732,51.6978715],[-3.0397771,51.6979582],[-3.0362918,51.6982407],[-3.0351957,51.6982679],[-3.034332,51.6982878],[-3.0335327,51.6982779],[-3.0327146,51.6982396],[-3.0324384,51.698208],[-3.0315801,51.6980983],[-3.0309376,51.6979639],[-3.030365,51.6978257],[-3.0299359,51.6976893],[-3.0295201,51.6975447],[-3.0285628,51.6971328],[-3.0276616,51.6966307],[-3.0259986,51.6952907],[-3.0254354,51.6948185],[-3.0249043,51.6944927],[-3.0242928,51.6942433],[-3.0234881,51.693974]]}},{"type":"Feature","properties":{"disused:railway":"rail","railway":"disused","service":"spur","source_id":"osm-way-1478847808","dataset":"OpenStreetMap former/disused railway extract","publisher":"OpenStreetMap contributors","effective_date":"2026-09-07T10:02:26Z","licence":"ODbL-1.0"},"geometry":{"type":"LineString","coordinates":[[-2.9620566,51.5572143],[-2.9620571,51.5571572],[-2.962052,51.557111],[-2.9620401,51.5570368],[-2.9620239,51.5569871]]}},{"type":"Feature","properties":{"abandoned:railway":"rail","name":"Hallatrow & Camerton Branch","railway":"abandoned","ref":"CMZ","source":"NPE","source_id":"osm-way-1485009734","dataset":"OpenStreetMap former/disused railway extract","publisher":"OpenStreetMap contributors","effective_date":"2026-09-07T10:02:26Z","licence":"ODbL-1.0"},"geometry":{"type":"LineString","coordinates":[[-2.5281541,51.3147923],[-2.5277762,51.3151532],[-2.527508,51.315361],[-2.5271647,51.3155555],[-2.5269649,51.3156431]]}},{"type":"Feature","properties":{"abandoned:railway":"rail","bridge":"yes","layer":"1","name":"Hallatrow & Camerton Branch","railway":"abandoned","ref":"CMZ","source":"NPE","source_id":"osm-way-1485009735","dataset":"OpenStreetMap former/disused railway extract","publisher":"OpenStreetMap contributors","effective_date":"2026-09-07T10:02:26Z","licence":"ODbL-1.0"},"geometry":{"type":"LineString","coordinates":[[-2.5269649,51.3156431],[-2.5268234,51.3157093]]}},{"type":"Feature","properties":{"disused:railway":"rail","electrified":"no","gauge":"1435","railway":"disused","service":"yard","source_id":"osm-way-1488603706","dataset":"OpenStreetMap former/disused railway extract","publisher":"OpenStreetMap contributors","effective_date":"2026-09-07T10:02:26Z","licence":"ODbL-1.0"},"geometry":{"type":"LineString","coordinates":[[-2.9870915,51.5934111],[-2.9870576,51.5934468],[-2.9870266,51.5934775]]}},{"type":"Feature","properties":{"disused:railway":"rail","gauge":"1435","railway":"disused","source_id":"osm-way-1488603707","dataset":"OpenStreetMap former/disused railway extract","publisher":"OpenStreetMap contributors","effective_date":"2026-09-07T10:02:26Z","licence":"ODbL-1.0"},"geometry":{"type":"LineString","coordinates":[[-2.9801397,51.5887717],[-2.9802104,51.5887924],[-2.9802785,51.5888114],[-2.9804024,51.5888465]]}},{"type":"Feature","properties":{"bicycle":"designated","foot":"designated","highway":"cycleway","horse":"no","lit":"no","name":"Two Tunnels Greenway","old_name":"Somerset and Dorset Joint Railway","old_ref":"SAD","oneway":"no","railway":"abandoned","segregated":"no","source":"survey","surface":"asphalt","wikidata":"Q7559923","wikipedia":"en:Somerset and Dorset Joint Railway","source_id":"osm-way-1525153171","dataset":"OpenStreetMap former/disused railway extract","publisher":"OpenStreetMap contributors","effective_date":"2026-09-07T10:02:26Z","licence":"ODbL-1.0"},"geometry":{"type":"LineString","coordinates":[[-2.3415025,51.3559244],[-2.3413639,51.3556997]]}},{"type":"Feature","properties":{"bicycle":"designated","foot":"designated","highway":"cycleway","horse":"no","lit":"no","name":"Two Tunnels Greenway","old_name":"Somerset and Dorset Joint Railway","old_ref":"SAD","oneway":"no","railway":"abandoned","segregated":"no","source":"survey","surface":"asphalt","wikidata":"Q7559923","wikipedia":"en:Somerset and Dorset Joint Railway","source_id":"osm-way-1525153172","dataset":"OpenStreetMap former/disused railway extract","publisher":"OpenStreetMap contributors","effective_date":"2026-09-07T10:02:26Z","licence":"ODbL-1.0"},"geometry":{"type":"LineString","coordinates":[[-2.3413639,51.3556997],[-2.3413335,51.3556503],[-2.3412833,51.3555384]]}},{"type":"Feature","properties":{"bicycle":"designated","foot":"yes","highway":"service","note":"A few traffic calming bumps & potholes","railway":"abandoned","sidewalk":"no","surface":"asphalt","source_id":"osm-way-1525170040","dataset":"OpenStreetMap former/disused railway extract","publisher":"OpenStreetMap contributors","effective_date":"2026-09-07T10:02:26Z","licence":"ODbL-1.0"},"geometry":{"type":"LineString","coordinates":[[-2.3237757,51.3569195],[-2.3225993,51.3574853]]}},{"type":"Feature","properties":{"disused:railway":"miniature","gauge":"241.3","name":"Clevedon Miniature Railway","note":"Observed mostly grassed over 29/12/2025.   Although efforts are being made to reopen it,  https://n-somerset.gov.uk/news/miniature-railway-set-return-clevedon","railway":"disused","usage":"tourism","source_id":"osm-way-1533073530","dataset":"OpenStreetMap former/disused railway extract","publisher":"OpenStreetMap contributors","effective_date":"2026-09-07T10:02:26Z","licence":"ODbL-1.0"},"geometry":{"type":"LineString","coordinates":[[-2.8681434,51.4352743],[-2.8676014,51.4356095],[-2.8675263,51.435643],[-2.8674611,51.4356677],[-2.8673914,51.4356842],[-2.8673018,51.4357048]]}},{"type":"Feature","properties":{"abandoned:railway":"miniature","gauge":"241.3","name":"Clevedon Miniature Railway","note":"the trackbed still exists but the track has already been removed","railway":"abandoned","usage":"tourism","source_id":"osm-way-1533073531","dataset":"OpenStreetMap former/disused railway extract","publisher":"OpenStreetMap contributors","effective_date":"2026-09-07T10:02:26Z","licence":"ODbL-1.0"},"geometry":{"type":"LineString","coordinates":[[-2.8673018,51.4357048],[-2.8672086,51.4357124],[-2.8671005,51.4357054],[-2.867016,51.4356916],[-2.8669385,51.4356667],[-2.8667548,51.4355949],[-2.8661112,51.4353085],[-2.8660666,51.4352796],[-2.8660291,51.435249],[-2.8659989,51.4352169],[-2.8659834,51.4351628],[-2.8659704,51.4351066],[-2.8659721,51.4350524],[-2.8659843,51.4349929],[-2.8660059,51.434929],[-2.8660296,51.4348844],[-2.8660802,51.4348373],[-2.8661362,51.4348054],[-2.8663327,51.434726],[-2.8665563,51.4346568],[-2.8673961,51.434451],[-2.8674733,51.4344416],[-2.8675571,51.4344362],[-2.8676449,51.4344384],[-2.8677135,51.4344547],[-2.8677737,51.4344757],[-2.8678203,51.434495],[-2.8678723,51.4345297],[-2.8679351,51.4345902],[-2.8681253,51.4348017],[-2.8682018,51.4348883],[-2.8682434,51.4349312],[-2.8682763,51.4349831],[-2.8682912,51.4350167],[-2.868301,51.4350621],[-2.8683021,51.4350955],[-2.8682948,51.4351238],[-2.8682732,51.4351588],[-2.8682463,51.4351875],[-2.8682241,51.4352098],[-2.8681811,51.435251]]}}]}
